x,y,z
33.17540740966797,769.5090942382812,-7.646422386169434
33.886962890625,769.0619506835938,-7.672011375427246
34.59778594970703,768.6163940429688,-7.69838285446167
35.30820846557617,768.1722412109375,-7.724865913391113
36.01813888549805,767.7296142578125,-7.750283241271973
36.727333068847656,767.2885131835938,-7.774648189544678
37.435176849365234,766.8482666015625,-7.797997951507568
38.141845703125,766.4094848632812,-7.821022987365723
38.84736633300781,765.971923828125,-7.843939304351807
39.55183792114258,765.53564453125,-7.866765975952148
40.25551223754883,765.1006469726562,-7.889593601226807
40.95838165283203,764.666748046875,-7.91234302520752
41.660404205322266,764.2339477539062,-7.934998035430908
42.36150741577149,763.8021240234375,-7.957517623901367
43.06145858764648,763.3710327148438,-7.979804515838623
43.76016616821289,762.9405517578125,-8.001945495605469
44.457645416259766,762.5109252929688,-8.024369239807129
45.15380859375,762.0818481445312,-8.046832084655762
45.84867858886719,761.6531372070312,-8.069252967834473
46.542476654052734,761.2251586914062,-8.09185791015625
47.2352180480957,760.7977905273438,-8.11496353149414
47.92667007446289,760.3710327148438,-8.139056205749512
48.61684036254883,759.9445190429688,-8.16372299194336
49.30599212646485,759.518798828125,-8.188435554504395
49.9940185546875,759.0933227539062,-8.213295936584473
50.68071746826172,758.6678466796875,-8.238007545471191
51.3663330078125,758.2428588867188,-8.261598587036133
52.05116271972656,757.8189086914062,-8.284164428710938
52.7347526550293,757.3955688476562,-8.306893348693848
53.417015075683594,756.9727172851562,-8.329146385192871
54.09812545776367,756.5504150390625,-8.35033130645752
54.77815628051758,756.1287231445312,-8.371082305908203
55.456993103027344,755.7075805664062,-8.392330169677734
56.13450622558594,755.2869873046875,-8.414230346679688
56.81078338623047,754.866943359375,-8.437387466430664
57.4862174987793,754.447509765625,-8.463272094726562
58.16089630126953,754.0286254882812,-8.490411758422852
58.83504486083984,753.6103515625,-8.516801834106445
59.5090446472168,753.1926879882812,-8.541683197021484
60.18274688720703,752.7756958007812,-8.563834190368652
60.8547477722168,752.3589477539062,-8.584017753601074
61.52538299560547,751.943115234375,-8.603952407836914
62.19487380981445,751.5279541015625,-8.623963356018066
62.86304473876953,751.1133422851562,-8.644344329833984
63.530025482177734,750.6989135742188,-8.665878295898438
64.19624328613281,750.2847290039062,-8.68840217590332
64.86177825927734,749.8707885742188,-8.711346626281738
65.5263900756836,749.4566040039062,-8.734808921813965
66.18990325927734,749.0421752929688,-8.760068893432617
66.85279083251953,748.6287841796875,-8.785149574279785
67.51468658447266,748.2155151367188,-8.808833122253418
68.17532348632812,747.8016967773438,-8.8313570022583
68.83467102050781,747.387939453125,-8.853524208068848
69.4925765991211,746.9743041992188,-8.875261306762695
70.14911651611328,746.560791015625,-8.896918296813965
70.80486297607422,746.147705078125,-8.917634963989258
71.45984649658203,745.7348022460938,-8.936619758605957
72.11376953125,745.3217163085938,-8.954360961914062
72.7667236328125,744.9091186523438,-8.972311019897461
73.41869354248047,744.4972534179688,-8.990842819213867
74.06927490234375,744.0857543945312,-9.010363578796388
74.71879577636719,743.674560546875,-9.031245231628418
75.36735534667969,743.263671875,-9.053204536437988
76.0146484375,742.8521728515625,-9.077203750610352
76.66107177734375,742.440673828125,-9.10209846496582
77.30657958984375,742.0293579101562,-9.126486778259276
77.95136260986328,741.6183471679688,-9.149968147277832
78.59559631347656,741.2078857421875,-9.171957015991213
79.23866271972656,740.7972412109375,-9.191231727600098
79.8796157836914,740.3859252929688,-9.209418296813965
80.51903533935547,739.9749755859375,-9.227533340454102
81.15737915039062,739.5648803710938,-9.24547290802002
81.794677734375,739.1550903320312,-9.262161254882812
82.4307632446289,738.7449340820312,-9.278491020202637
83.0658187866211,738.3345947265625,-9.295453071594238
83.70025634765625,737.9248657226562,-9.313223838806152
84.33421325683594,737.515869140625,-9.332080841064451
84.96791076660156,737.1073608398438,-9.351739883422852
85.60182189941406,736.6990966796875,-9.37125015258789
86.23653411865234,736.290771484375,-9.390138626098633
86.87261199951172,735.8822021484375,-9.408031463623049
87.51072692871094,735.47412109375,-9.425082206726074
88.15118408203125,735.0656127929688,-9.441635131835938
88.7948226928711,734.6558837890625,-9.45781135559082
89.44278717041016,734.244873046875,-9.473671913146973
90.09585571289062,733.8325805664062,-9.489754676818848
90.7545166015625,733.4190673828125,-9.506868362426758
91.41950988769533,733.0039672851562,-9.524930000305176
92.09162902832033,732.5870971679688,-9.543575286865234
92.77140045166016,732.1683959960938,-9.56303596496582
93.45950317382812,731.7477416992188,-9.58286476135254
94.15682983398438,731.3250732421875,-9.601640701293944
94.86341857910156,730.900146484375,-9.619051933288574
95.57879638671876,730.472900390625,-9.635612487792969
96.30289459228516,730.0433959960938,-9.651189804077148
97.03475189208984,729.611328125,-9.6670503616333
97.77422332763672,729.1768188476562,-9.683349609375
98.52117156982422,728.740234375,-9.699918746948242
99.27433776855467,728.3007202148438,-9.717443466186523
100.0329360961914,727.8587036132812,-9.73592758178711
100.7957992553711,727.4147338867188,-9.755699157714844
101.56129455566406,726.968017578125,-9.778616905212402
102.3291473388672,726.51953125,-9.80459213256836
103.09932708740234,726.0693969726562,-9.83173656463623
103.87074279785156,725.616943359375,-9.859027862548828
104.64263153076172,725.1626586914062,-9.885290145874023
105.41424560546876,724.7068481445312,-9.910235404968262
106.1845474243164,724.2488403320312,-9.933494567871094
106.95272064208984,723.788330078125,-9.954365730285645
107.7177505493164,723.3250732421875,-9.973596572875977
108.47909545898438,722.8592529296875,-9.993427276611328
109.2367935180664,722.3915405273438,-10.01385498046875
109.99044036865234,721.9212036132812,-10.034490585327148
110.7398681640625,721.4481201171875,-10.055450439453123
111.48495483398438,720.97216796875,-10.076807975769045
112.22569274902344,720.4935302734375,-10.098249435424805
112.9620361328125,720.0125732421875,-10.119298934936523
113.6940689086914,719.5294189453125,-10.139714241027832
114.42181396484376,719.0445556640625,-10.159297943115234
115.14534759521484,718.55859375,-10.178221702575684
115.86498260498048,718.0720825195312,-10.19594955444336
116.58108520507812,717.58544921875,-10.212358474731444
117.29344177246094,717.0985107421875,-10.228760719299316
118.00262451171876,716.6119995117188,-10.245931625366213
118.70909118652344,716.1265258789062,-10.263455390930176
119.41307830810548,715.6420288085938,-10.280089378356934
120.11467742919922,715.1583251953125,-10.295870780944824
120.81420135498048,714.6759033203125,-10.311087608337402
121.51161193847656,714.1953735351562,-10.325776100158691
122.20646667480467,713.7161254882812,-10.34003448486328
122.89905548095705,713.238037109375,-10.35318088531494
123.58975219726562,712.761474609375,-10.3650541305542
124.27799987792967,712.2858276367188,-10.376782417297363
124.96400451660156,711.8111572265625,-10.388938903808594
125.64859008789062,711.3382568359375,-10.400690078735352
126.33185577392578,710.8665771484375,-10.41168975830078
127.01284790039062,710.395263671875,-10.423163414001465
127.692138671875,709.9254150390625,-10.435951232910156
128.3700714111328,709.4577026367188,-10.45075798034668
129.0467529296875,708.9922485351562,-10.467262268066406
129.72271728515625,708.529052734375,-10.48386287689209
130.3981170654297,708.0682983398438,-10.499353408813477
131.07290649414062,707.6102294921875,-10.514594078063965
131.7470703125,707.1560668945312,-10.530489921569824
132.41998291015625,706.705078125,-10.54595947265625
133.09156799316406,706.2567749023438,-10.559910774230955
133.76223754882812,705.8111572265625,-10.57065486907959
134.4315185546875,705.36767578125,-10.579096794128418
135.10003662109375,704.9274291992188,-10.586259841918944
135.7662353515625,704.4893188476562,-10.593347549438477
136.43043518066406,704.0532836914062,-10.601298332214355
137.0933074951172,703.6200561523438,-10.610161781311035
137.755126953125,703.1900634765625,-10.619041442871094
138.4156951904297,702.7626953125,-10.628626823425291
139.07504272460938,702.3379516601562,-10.640074729919434
139.73361206054688,701.916259765625,-10.653236389160156
140.39173889160156,701.4981689453125,-10.667426109313965
141.04916381835938,701.0827026367188,-10.682908058166504
141.70587158203125,700.6702880859375,-10.698846817016602
142.3619842529297,700.2614135742188,-10.713772773742676
143.01718139648438,699.8554077148438,-10.727120399475098
143.6709442138672,699.4518432617188,-10.739947319030762
144.3233642578125,699.0514526367188,-10.752277374267578
144.97439575195312,698.6537475585938,-10.764256477355955
145.6241455078125,698.2584228515625,-10.776180267333984
146.27281188964844,697.8654174804688,-10.788318634033203
146.92074584960938,697.4747314453125,-10.8008451461792
147.5679168701172,697.0859375,-10.813623428344728
148.21383666992188,696.6985473632812,-10.827348709106444
148.85848999023438,696.3120727539062,-10.843255043029783
149.50323486328125,695.9282836914062,-10.858174324035645
150.1475372314453,695.5457153320312,-10.86906909942627
150.79112243652344,695.1630249023438,-10.876173973083496
151.43325805664062,694.7807006835938,-10.88341999053955
152.0739288330078,694.3991088867188,-10.891629219055176
152.7135009765625,694.0180053710938,-10.900239944458008
153.35232543945312,693.6372680664062,-10.908594131469728
153.9906005859375,693.2551879882812,-10.916404724121094
154.6284942626953,692.8717041015625,-10.924193382263184
155.26658630371094,692.48779296875,-10.93256378173828
155.9050750732422,692.1038818359375,-10.942182540893556
156.5441131591797,691.7199096679688,-10.953112602233888
157.18394470214844,691.3356323242188,-10.965020179748535
157.8248748779297,690.950927734375,-10.977212905883787
158.4669952392578,690.5657958984375,-10.98923110961914
159.11068725585938,690.18115234375,-11.00052547454834
159.75584411621094,689.7968139648438,-11.010977745056152
160.40223693847656,689.411865234375,-11.020360946655272
161.0497589111328,689.0262451171875,-11.028800010681152
161.69834899902344,688.6408081054688,-11.036555290222168
162.34754943847656,688.2555541992188,-11.04391384124756
162.99708557128906,687.8704223632812,-11.05069065093994
163.64662170410156,687.4852294921875,-11.057221412658691
164.29598999023438,687.1001586914062,-11.064208984375
164.94512939453125,686.71533203125,-11.071386337280272
165.59385681152344,686.3307495117188,-11.078606605529783
166.24197387695312,685.9461669921875,-11.08616542816162
166.88937377929688,685.5614013671875,-11.094027519226074
167.53590393066406,685.1764526367188,-11.101946830749512
168.1814727783203,684.7911376953125,-11.110017776489258
168.82594299316406,684.4053955078125,-11.118043899536133
169.4694061279297,684.019287109375,-11.125357627868652
170.11170959472656,683.6326904296875,-11.131352424621582
170.75230407714844,683.2450561523438,-11.136845588684082
171.39120483398438,682.8568115234375,-11.142603874206545
172.02842712402344,682.468017578125,-11.149076461791992
172.66378784179688,682.0786743164062,-11.156486511230469
173.29713439941406,681.6884155273438,-11.165046691894531
173.92884826660156,681.2974243164062,-11.174985885620115
174.5590362548828,680.906005859375,-11.18531894683838
175.18746948242188,680.5137939453125,-11.195738792419434
175.8140869140625,680.121337890625,-11.207016944885254
176.4391632080078,679.7293701171875,-11.218666076660156
177.06243896484375,679.337646484375,-11.22913646697998
177.68418884277344,678.94580078125,-11.23762321472168
178.30458068847656,678.5540161132812,-11.24375343322754
178.9229278564453,678.161865234375,-11.249671936035156
179.5392303466797,677.7699584960938,-11.25639820098877
180.1536865234375,677.3787231445312,-11.263568878173828
180.76658630371097,676.9882202148438,-11.270746231079102
181.3779296875,676.5980224609375,-11.27736759185791
181.9878692626953,676.20751953125,-11.28422737121582
182.59671020507812,675.8174438476562,-11.291726112365724
183.20460510253903,675.4280395507812,-11.299959182739258
183.8114776611328,675.039306640625,-11.30881404876709
184.4174346923828,674.6512451171875,-11.317774772644045
185.0225372314453,674.2638549804688,-11.326530456542969
185.62693786621097,673.8770141601562,-11.334996223449709
186.23077392578125,673.4910278320312,-11.343351364135742
186.83401489257812,673.105712890625,-11.351393699645996
187.4366912841797,672.72119140625,-11.359216690063477
188.0389404296875,672.337158203125,-11.36691951751709
188.6409912109375,671.9534912109375,-11.374433517456056
189.2430419921875,671.5702514648438,-11.381813049316406
189.8450164794922,671.1871948242188,-11.389092445373535
190.44699096679688,670.8043212890625,-11.396284103393556
191.04904174804688,670.4218139648438,-11.403656005859377
191.6511688232422,670.0392456054688,-11.411384582519531
192.2532958984375,669.6565551757812,-11.419569969177246
192.8557891845703,669.2738037109375,-11.428418159484863
193.4590759277344,668.8911743164062,-11.437599182128906
194.0633087158203,668.5082397460938,-11.44650173187256
194.66873168945312,668.125,-11.45449447631836
195.2755584716797,667.7416381835938,-11.461252212524414
195.8833465576172,667.3577880859375,-11.467538833618164
196.49220275878903,666.9738159179688,-11.47383975982666
197.10243225097656,666.58984375,-11.480085372924805
197.71435546875,666.2059936523438,-11.486078262329102
198.32801818847656,665.8209228515625,-11.491756439208984
198.94384765625,665.4346923828125,-11.49747371673584
199.56271362304688,665.0475463867188,-11.503559112548828
200.18508911132812,664.659423828125,-11.5103759765625
200.8115997314453,664.2697143554688,-11.517830848693848
201.44308471679688,663.8782958984375,-11.526093482971191
202.08026123046875,663.4848022460938,-11.535313606262209
202.72396850585935,663.0886840820312,-11.54523754119873
203.3752899169922,662.6901245117188,-11.555026054382324
204.03526306152344,662.290283203125,-11.56382179260254
204.7038116455078,661.8881225585938,-11.57136344909668
205.38084411621097,661.4829711914062,-11.577656745910645
206.06605529785156,661.0756225585938,-11.583090782165527
206.7586212158203,660.6668090820312,-11.58786392211914
207.4569091796875,660.2570190429688,-11.592570304870604
208.15924072265625,659.8467407226562,-11.597731590270996
208.8640289306641,659.435302734375,-11.604207992553713
209.57020568847656,659.0233764648438,-11.612579345703123
210.27667236328125,658.6103515625,-11.622217178344728
210.98255920410156,658.196533203125,-11.632431030273438
211.6869354248047,657.7819213867188,-11.642910957336426
212.38900756835935,657.3662719726562,-11.65346908569336
213.08819580078125,656.9495239257812,-11.664241790771484
213.7839813232422,656.5315551757812,-11.67529010772705
214.4761505126953,656.1121826171875,-11.686196327209473
215.1646728515625,655.691650390625,-11.69677734375
215.8492889404297,655.2695922851562,-11.70681858062744
216.5297088623047,654.845947265625,-11.717327117919922
217.2061462402344,654.4213256835938,-11.728796005249023
217.8787841796875,653.9961547851562,-11.741236686706545
218.5477600097656,653.570556640625,-11.754107475280762
219.2132110595703,653.1444702148438,-11.766790390014648
219.8751983642578,652.7178955078125,-11.77955150604248
220.53399658203125,652.2913818359375,-11.792558670043944
221.18994140625,651.86572265625,-11.805543899536133
221.84291076660156,651.4407348632812,-11.817160606384276
222.4930725097656,651.0162963867188,-11.826019287109377
223.14007568359375,650.5924072265625,-11.83320426940918
223.783447265625,650.16845703125,-11.841113090515137
224.42384338378903,649.7455444335938,-11.849732398986816
225.06158447265625,649.3240966796875,-11.85801887512207
225.69664001464844,648.9031372070312,-11.864728927612305
226.3283843994141,648.4813842773438,-11.871173858642578
226.9576110839844,648.0599975585938,-11.878363609313965
227.58448791503903,647.6397705078125,-11.886693954467772
228.20899963378903,647.2205810546875,-11.89618968963623
228.8312225341797,646.8025512695312,-11.906317710876465
229.45159912109375,646.3855590820312,-11.916075706481934
230.0703125,645.9697265625,-11.925010681152344
230.6874542236328,645.5557250976562,-11.933930397033691
231.3027801513672,645.1437377929688,-11.94274616241455
231.9160919189453,644.73388671875,-11.951016426086426
232.5274200439453,644.3258666992188,-11.9581880569458
233.13702392578125,643.9196166992188,-11.963858604431152
233.7450408935547,643.5152587890625,-11.96914005279541
234.3512725830078,643.1123657226562,-11.975152969360352
234.95559692382812,642.7113037109375,-11.981724739074709
235.5581817626953,642.3121948242188,-11.988768577575684
236.15914916992188,641.914794921875,-11.99609088897705
236.7585906982422,641.5189208984375,-12.003718376159668
237.3567047119141,641.1248168945312,-12.011311531066896
237.9533843994141,640.7326049804688,-12.018543243408203
238.548583984375,640.342529296875,-12.025606155395508
239.14207458496097,639.954345703125,-12.032830238342283
239.7337646484375,639.5679321289062,-12.0402250289917
240.3236389160156,639.183349609375,-12.047682762145996
240.9118194580078,638.8005981445312,-12.055059432983398
241.49835205078125,638.4193725585938,-12.062159538269045
242.0833282470703,638.039794921875,-12.068791389465332
242.6664581298828,637.6615600585938,-12.074626922607422
243.2474365234375,637.28466796875,-12.08034896850586
243.8264617919922,636.9091186523438,-12.086496353149414
244.40367126464844,636.5349731445312,-12.093460083007812
244.9790954589844,636.1622314453125,-12.10150146484375
245.5529022216797,635.7908935546875,-12.110224723815918
246.1253662109375,635.4207763671875,-12.119023323059082
246.6964874267578,635.0516967773438,-12.128110885620115
247.266357421875,634.6838989257812,-12.138197898864746
247.8352203369141,634.31787109375,-12.148027420043944
248.40296936035156,633.9537963867188,-12.157126426696776
248.96987915039065,633.5914306640625,-12.165895462036133
249.53610229492188,633.230712890625,-12.173670768737791
250.10150146484375,632.8714599609375,-12.1798095703125
250.66574096679688,632.5133056640625,-12.18539333343506
251.22911071777344,632.15673828125,-12.191021919250488
251.79193115234375,631.802001953125,-12.196914672851562
252.3540802001953,631.4488525390625,-12.202266693115234
252.91552734375,631.0965576171875,-12.207244873046877
253.4766387939453,630.7454223632812,-12.212904930114746
254.03773498535156,630.3961181640625,-12.219494819641112
254.5988006591797,630.048583984375,-12.226624488830566
255.1597137451172,629.70263671875,-12.23362922668457
255.72042846679688,629.3580322265625,-12.240428924560549
256.28057861328125,629.0137329101562,-12.248006820678713
256.8409423828125,628.6707153320312,-12.256644248962402
257.4018249511719,628.329345703125,-12.266002655029297
257.963134765625,627.9889526367188,-12.275918960571287
258.52490234375,627.6497802734375,-12.285388946533203
259.08721923828125,627.311767578125,-12.294099807739258
259.6501159667969,626.9746704101562,-12.302197456359863
260.2135314941406,626.6383666992188,-12.310062408447266
260.7774353027344,626.3026733398438,-12.317943572998049
261.34185791015625,625.9677734375,-12.326064109802246
261.90692138671875,625.6336059570312,-12.33452320098877
262.4727783203125,625.2996215820312,-12.343238830566406
263.0397033691406,624.9656372070312,-12.351991653442385
263.60784912109375,624.6314086914062,-12.36076831817627
264.1775817871094,624.296875,-12.369874954223633
264.7490539550781,623.9617309570312,-12.378836631774902
265.3223876953125,623.6256713867188,-12.387243270874023
265.89788818359375,623.288818359375,-12.395248413085938
266.4759216308594,622.951171875,-12.40296745300293
267.0567932128906,622.612548828125,-12.409255027770996
267.6405029296875,622.272705078125,-12.414426803588867
268.2270812988281,621.9317626953125,-12.4195556640625
268.8170166015625,621.5902709960938,-12.424711227416992
269.41058349609375,621.2479858398438,-12.429311752319336
270.0074462890625,620.904052734375,-12.433267593383787
270.6071472167969,620.558349609375,-12.43709945678711
271.2095031738281,620.21142578125,-12.441862106323242
271.8143615722656,619.863525390625,-12.447665214538574
272.42108154296875,619.5140991210938,-12.454346656799316
273.0295715332031,619.1634521484375,-12.461959838867188
273.63983154296875,618.8115234375,-12.470096588134766
274.2514343261719,618.4578247070312,-12.478436470031738
274.8641052246094,618.1024169921875,-12.48633861541748
275.477294921875,617.7454223632812,-12.493311882019045
276.0904541015625,617.3876953125,-12.499122619628906
276.70263671875,617.0287475585938,-12.50351905822754
277.3128662109375,616.6680297851562,-12.506275177001951
277.9208068847656,616.3056640625,-12.50783920288086
278.5262451171875,615.942138671875,-12.508838653564451
279.1288757324219,615.57763671875,-12.51016616821289
279.7282409667969,615.2120971679688,-12.511771202087402
280.3243103027344,614.8456420898438,-12.513338088989258
280.9169921875,614.4783325195312,-12.514481544494627
281.5062255859375,614.1094360351562,-12.515941619873049
282.09210205078125,613.739501953125,-12.518239974975586
282.6746520996094,613.36865234375,-12.520910263061523
283.2536926269531,612.996826171875,-12.524103164672852
283.8294372558594,612.6241455078125,-12.528019905090332
284.4016418457031,612.250732421875,-12.533167839050291
284.96942138671875,611.8754272460938,-12.542583465576172
285.535400390625,611.5013427734375,-12.555181503295898
286.10040283203125,611.1307373046875,-12.562134742736816
286.66192626953125,610.7582397460938,-12.560773849487305
287.2210388183594,610.384033203125,-12.560395240783691
287.77984619140625,610.0137329101562,-12.561174392700195
288.33489990234375,609.6461791992188,-12.561863899230955
288.8870849609375,609.2811279296875,-12.56295680999756
289.4375,608.91845703125,-12.561705589294434
289.9847412109375,608.5557250976562,-12.559950828552246
290.5307922363281,608.1944580078125,-12.561195373535156
291.0758972167969,607.8350219726562,-12.565363883972168
291.61956787109375,607.4777221679688,-12.569894790649414
292.16131591796875,607.1211547851562,-12.575005531311035
292.7017822265625,606.765625,-12.581469535827637
293.2416687011719,606.412841796875,-12.58823013305664
293.7802429199219,606.0626220703125,-12.594237327575684
294.317138671875,605.71484375,-12.599300384521484
294.8523254394531,605.3690185546875,-12.60391330718994
295.3858337402344,605.0250244140625,-12.60841464996338
295.9176330566406,604.682861328125,-12.612792015075684
296.44775390625,604.34228515625,-12.617445945739746
296.97613525390625,604.0029907226562,-12.623026847839355
297.5026550292969,603.664794921875,-12.62962818145752
298.02728271484375,603.32763671875,-12.636530876159668
298.5501708984375,602.9915771484375,-12.64355182647705
299.0715026855469,602.6565551757812,-12.651043891906738
299.5912170410156,602.3225708007812,-12.658734321594238
300.10931396484375,601.9896850585938,-12.666300773620604
300.625732421875,601.6578369140625,-12.673535346984863
301.140625,601.3270263671875,-12.680365562438965
301.65423583984375,600.997314453125,-12.686979293823242
302.166748046875,600.66845703125,-12.693499565124512
302.67840576171875,600.34033203125,-12.700033187866213
303.1896057128906,600.012451171875,-12.706463813781738
303.7006530761719,599.6848754882812,-12.712567329406738
304.2117614746094,599.3572998046875,-12.718400955200195
304.7231750488281,599.02978515625,-12.724220275878906
305.23516845703125,598.7021484375,-12.730036735534668
305.7479553222656,598.3739624023438,-12.735745429992676
306.2618408203125,598.0451049804688,-12.74134922027588
306.7772216796875,597.7156372070312,-12.747100830078123
307.2942810058594,597.38525390625,-12.753113746643066
307.8133544921875,597.0535278320312,-12.759076118469238
308.3348083496094,596.7203979492188,-12.765067100524902
308.85858154296875,596.3858642578125,-12.771484375
309.3844909667969,596.0496215820312,-12.778371810913086
309.9124755859375,595.7118530273438,-12.785248756408691
310.4424133300781,595.3724975585938,-12.792242050170898
310.9736633300781,595.0317993164062,-12.799705505371094
311.5058288574219,594.6898193359375,-12.807439804077148
312.03851318359375,594.3469848632812,-12.815381050109863
312.5714416503906,594.0032958984375,-12.823568344116213
313.1042785644531,593.6587524414062,-12.831679344177246
313.63690185546875,593.3133544921875,-12.839356422424316
314.1686706542969,592.9674072265625,-12.84636402130127
314.6990966796875,592.6212158203125,-12.852741241455078
315.2276916503906,592.275146484375,-12.858880043029783
315.7541198730469,591.92919921875,-12.864978790283203
316.27813720703125,591.5835571289062,-12.870831489562988
316.7998352050781,591.238525390625,-12.876455307006836
317.3190612792969,590.8939208984375,-12.881755828857422
317.8356018066406,590.5496215820312,-12.88683032989502
318.349609375,590.2057495117188,-12.892426490783691
318.8609924316406,589.862548828125,-12.899008750915527
319.3694763183594,589.5197143554688,-12.906229972839355
319.87481689453125,589.17724609375,-12.91344165802002
320.3773498535156,588.835205078125,-12.921025276184082
320.8770751953125,588.4933471679688,-12.928993225097656
321.3738098144531,588.152099609375,-12.937227249145508
321.86749267578125,587.8114624023438,-12.945867538452148
322.3580017089844,587.4715576171875,-12.954960823059082
322.8452453613281,587.13232421875,-12.964444160461426
323.32928466796875,586.7935791015625,-12.974218368530272
323.8105163574219,586.4555053710938,-12.984710693359377
324.2887268066406,586.1177978515625,-12.99598503112793
324.76373291015625,585.7802734375,-13.007452011108398
325.2358703613281,585.4432983398438,-13.018335342407228
325.70477294921875,585.1063842773438,-13.029667854309082
326.1703186035156,584.7697143554688,-13.042006492614746
326.63238525390625,584.43310546875,-13.055412292480469
327.091064453125,584.0969848632812,-13.069201469421388
327.54681396484375,583.7612915039062,-13.08267593383789
327.9990539550781,583.4248046875,-13.09636402130127
328.44775390625,583.087646484375,-13.110284805297852
328.89251708984375,582.749755859375,-13.124135971069336
329.3336486816406,582.4115600585938,-13.138107299804688
329.77142333984375,582.0736083984375,-13.152235984802246
330.2052001953125,581.7354736328125,-13.166275024414062
330.634765625,581.396728515625,-13.179491996765137
331.0605163574219,581.0578002929688,-13.191810607910156
331.4827880859375,580.7191162109375,-13.203619956970217
331.9014587402344,580.38037109375,-13.215313911437988
332.3164978027344,580.041748046875,-13.226634979248049
332.7283020019531,579.7039794921875,-13.236862182617188
333.1371154785156,579.3671264648438,-13.24651050567627
333.5433044433594,579.031494140625,-13.25610065460205
333.9468078613281,578.6968994140625,-13.265929222106934
334.3476257324219,578.3634643554688,-13.275934219360352
334.74578857421875,578.0315551757812,-13.285906791687012
335.1415100097656,577.701171875,-13.295856475830078
335.53497314453125,577.372314453125,-13.306039810180664
335.9263916015625,577.0449829101562,-13.316584587097168
336.31561279296875,576.718994140625,-13.327696800231934
336.7026062011719,576.394287109375,-13.339046478271484
337.0873107910156,576.0707397460938,-13.350286483764648
337.4700012207031,575.7484741210938,-13.361297607421877
337.8506164550781,575.4273681640625,-13.372116088867188
338.22930908203125,575.1071166992188,-13.382603645324709
338.60614013671875,574.78759765625,-13.39301586151123
338.9814147949219,574.468505859375,-13.403436660766602
339.3554382324219,574.1497192382812,-13.41374397277832
339.728515625,573.8308715820312,-13.423880577087402
340.10113525390625,573.511474609375,-13.433831214904783
340.4736328125,573.19140625,-13.443531036376951
340.8465270996094,572.870361328125,-13.452994346618652
341.219970703125,572.5480346679688,-13.462183952331545
341.5944519042969,572.2243041992188,-13.471291542053224
341.9704895019531,571.8992309570312,-13.480668067932127
342.3486022949219,571.5719604492188,-13.490228652954102
342.72918701171875,571.2423095703125,-13.499837875366213
343.1126403808594,570.9102172851562,-13.509306907653809
343.49951171875,570.5752563476562,-13.51852035522461
343.8903503417969,570.2372436523438,-13.52759075164795
344.2857666015625,569.8961181640625,-13.536809921264648
344.6859436035156,569.55126953125,-13.546026229858398
345.0910949707031,569.202880859375,-13.554996490478516
345.5010986328125,568.8511962890625,-13.563823699951172
345.91558837890625,568.4966430664062,-13.572809219360352
346.3341369628906,568.1392822265625,-13.582372665405272
346.7563781738281,567.779296875,-13.592446327209473
347.1816711425781,567.4170532226562,-13.60269546508789
347.609130859375,567.052978515625,-13.613019943237305
348.0376281738281,566.6878662109375,-13.623679161071776
348.4660949707031,566.3221435546875,-13.634868621826172
348.8936462402344,565.9562377929688,-13.64651870727539
349.3196105957031,565.5902099609375,-13.657958984375
349.74346923828125,565.2240600585938,-13.66833782196045
350.1648864746094,564.8577880859375,-13.677557945251465
350.5833435058594,564.491455078125,-13.687021255493164
350.9989013671875,564.1253662109375,-13.697311401367188
351.4109802246094,563.7596435546875,-13.707783699035645
351.8194274902344,563.3941650390625,-13.718194961547852
352.2245788574219,563.0291748046875,-13.728386878967283
352.62701416015625,562.66455078125,-13.738787651062012
353.02655029296875,562.3002319335938,-13.749356269836426
353.4230651855469,561.9362182617188,-13.760034561157228
353.8165283203125,561.572998046875,-13.77116870880127
354.2070617675781,561.2108764648438,-13.782933235168455
354.5947265625,560.8502197265625,-13.795071601867676
354.97955322265625,560.4909057617188,-13.806859970092772
355.3616638183594,560.1329345703125,-13.817523002624512
355.741455078125,559.7761840820312,-13.827122688293455
356.119140625,559.4209594726562,-13.836359024047852
356.4944152832031,559.067138671875,-13.846561431884766
356.8670349121094,558.7149658203125,-13.857508659362791
357.2370300292969,558.3648681640625,-13.868549346923828
357.6044616699219,558.0167846679688,-13.87921142578125
357.9693603515625,557.6702880859375,-13.889211654663086
358.3319091796875,557.3251953125,-13.899378776550291
358.6923522949219,556.9815673828125,-13.910053253173828
359.0505065917969,556.6394653320312,-13.921226501464844
359.4062805175781,556.298828125,-13.932745933532717
359.7595520019531,555.9597778320312,-13.944396018981934
360.1103210449219,555.622314453125,-13.956141471862791
360.4587097167969,555.2864379882812,-13.967862129211426
360.8046875,554.9521484375,-13.979586601257324
361.1483154296875,554.6194458007812,-13.99115753173828
361.4896240234375,554.2885131835938,-14.002532958984377
361.8287048339844,553.9592895507812,-14.013744354248049
362.1653747558594,553.6316528320312,-14.024927139282228
362.4998168945313,553.3057250976562,-14.036523818969728
362.8320007324219,552.981689453125,-14.048657417297363
363.161865234375,552.659423828125,-14.060972213745115
363.48968505859375,552.3389282226562,-14.073044776916504
363.8153381347656,552.0203857421875,-14.084847450256348
364.1388244628906,551.7035522460938,-14.096665382385254
364.4602966308594,551.3884887695312,-14.108735084533691
364.7796630859375,551.0750732421875,-14.12058448791504
365.0970764160156,550.7636108398438,-14.131770133972168
365.4125671386719,550.4544677734375,-14.142154693603516
365.7257995605469,550.1470947265625,-14.152023315429688
366.0366516113281,549.8413696289062,-14.162109375
366.3453674316406,549.5374755859375,-14.172590255737305
366.6517333984375,549.2350463867188,-14.183244705200195
366.95611572265625,548.9348754882812,-14.194109916687012
367.2588195800781,548.63671875,-14.204866409301758
367.5593872070313,548.3399047851562,-14.21528434753418
367.8580322265625,548.0443115234375,-14.225337982177734
368.1550598144531,547.749267578125,-14.234867095947266
368.4508361816406,547.4547119140625,-14.243739128112791
368.7454223632813,547.1607055664062,-14.252920150756836
369.038818359375,546.866943359375,-14.262792587280272
369.3313293457031,546.5732421875,-14.273000717163086
369.62353515625,546.278564453125,-14.283038139343262
369.91644287109375,545.9823608398438,-14.292338371276855
370.2105407714844,545.6845092773438,-14.300846099853516
370.50579833984375,545.3848876953125,-14.3089599609375
370.8021545410156,545.0835571289062,-14.317330360412598
371.0995178222656,544.7806396484375,-14.326123237609863
371.397705078125,544.4761352539062,-14.335126876831056
371.6964416503906,544.1702880859375,-14.344253540039062
371.9950256347656,543.86376953125,-14.353575706481934
372.2931213378906,543.5573120117188,-14.362234115600586
372.5889892578125,543.2504272460938,-14.370176315307615
372.8823547363281,542.9437255859375,-14.378827095031738
373.1734924316406,542.6378784179688,-14.388361930847168
373.4622497558594,542.3330078125,-14.398734092712402
373.7486877441406,542.0293579101562,-14.40941333770752
374.0325622558594,541.726806640625,-14.420178413391112
374.3131408691406,541.42578125,-14.430477142333984
374.5906066894531,541.1259765625,-14.44027614593506
374.8657531738281,540.8274536132812,-14.44938850402832
375.1385498046875,540.5299072265625,-14.458341598510742
375.4088439941406,540.2334594726562,-14.467977523803713
375.6767272949219,539.9383544921875,-14.47852897644043
375.9419250488281,539.6442260742188,-14.489903450012209
376.2046813964844,539.3517456054688,-14.501030921936035
376.4646301269531,539.060302734375,-14.511216163635254
376.7217102050781,538.7700805664062,-14.51979160308838
376.9754333496094,538.4802856445312,-14.527861595153809
377.2263488769531,538.1912841796875,-14.536382675170898
377.4749755859375,537.903564453125,-14.54570484161377
377.7212219238281,537.6170654296875,-14.55565071105957
377.9649658203125,537.3319702148438,-14.565679550170898
378.2059631347656,537.0482788085938,-14.575060844421388
378.4443054199219,536.7655029296875,-14.58368682861328
378.68017578125,536.4833984375,-14.59195613861084
378.91400146484375,536.2021484375,-14.600398063659668
379.1461181640625,535.92138671875,-14.60890769958496
379.3765869140625,535.640869140625,-14.617097854614258
379.6054382324219,535.3602905273438,-14.624750137329102
379.83258056640625,535.0792236328125,-14.63231086730957
380.05853271484375,534.7977294921875,-14.64002513885498
380.28369140625,534.5153198242188,-14.64761734008789
380.50823974609375,534.2311401367188,-14.655235290527344
380.7326965332031,533.9451904296875,-14.663056373596191
380.9574890136719,533.6574096679688,-14.670737266540527
381.1824340820313,533.3671264648438,-14.678214073181152
381.4078674316406,533.0736083984375,-14.685306549072266
381.6339416503906,532.7766723632812,-14.692291259765623
381.8609313964844,532.4763793945312,-14.699231147766112
382.0888366699219,532.1726684570312,-14.706286430358888
382.3174133300781,531.865234375,-14.713303565979004
382.546630859375,531.5546875,-14.720401763916016
382.7760620117187,531.2411499023438,-14.727876663208008
383.0056457519531,530.9247436523438,-14.735432624816896
383.235595703125,530.605712890625,-14.743175506591797
383.46575927734375,530.2837524414062,-14.75112247467041
383.6963195800781,529.9588012695312,-14.759040832519531
383.9273986816406,529.6309204101562,-14.766898155212402
384.1591491699219,529.29931640625,-14.774641036987305
384.3920593261719,528.9635009765625,-14.782255172729492
384.6262817382813,528.6231689453125,-14.789570808410645
384.861328125,528.27880859375,-14.796935081481934
385.0963134765625,527.93115234375,-14.804621696472168
385.3307495117187,527.5806884765625,-14.81302261352539
385.5640869140625,527.227783203125,-14.821770668029783
385.7962341308594,526.873046875,-14.830404281616213
386.02685546875,526.51708984375,-14.838818550109863
386.2554931640625,526.1607666015625,-14.847329139709473
386.4814758300781,525.8043212890625,-14.85604763031006
386.70458984375,525.448486328125,-14.864877700805664
386.9247741699219,525.0933837890625,-14.873766899108888
387.1418762207031,524.7393188476562,-14.882862091064451
387.35589599609375,524.386474609375,-14.89201831817627
387.5667419433594,524.0347900390625,-14.901013374328612
387.7745056152344,523.684326171875,-14.910003662109377
387.9793090820313,523.335205078125,-14.91904067993164
388.18109130859375,522.9874877929688,-14.928208351135254
388.3802185058594,522.6414794921875,-14.937626838684082
388.57666015625,522.2969970703125,-14.947230339050291
388.7703552246094,521.9542236328125,-14.956782341003418
388.9615173339844,521.61328125,-14.96613597869873
389.150390625,521.2741088867188,-14.97522258758545
389.3370971679687,520.9365234375,-14.984299659729004
389.5217895507813,520.6005249023438,-14.99349880218506
389.70465087890625,520.26611328125,-15.002629280090332
389.88568115234375,519.9329833984375,-15.011430740356444
390.0649719238281,519.6008911132812,-15.020155906677246
390.2429504394531,519.2697143554688,-15.028980255126951
390.4198303222656,518.9389038085938,-15.03780460357666
390.59564208984375,518.608154296875,-15.046591758728027
390.770263671875,518.2771606445312,-15.055294036865234
390.9437561035156,517.9459228515625,-15.063669204711914
391.11614990234375,517.6142578125,-15.071622848510742
391.2874450683594,517.2818603515625,-15.079520225524902
391.4574279785156,516.94873046875,-15.087693214416504
391.6260070800781,516.6149291992188,-15.096099853515623
391.7918701171875,516.2802734375,-15.10637664794922
391.9568786621094,515.9458618164062,-15.11703109741211
392.1201477050781,515.611572265625,-15.12623405456543
392.2802429199219,515.27734375,-15.13379955291748
392.4377136230469,514.94384765625,-15.139787673950195
392.5931091308594,514.6113891601562,-15.143932342529297
392.7457885742187,514.2800903320312,-15.147581100463867
392.89599609375,513.950439453125,-15.151646614074709
393.0442504882813,513.6218872070312,-15.155964851379396
393.1899108886719,513.2947998046875,-15.160407066345217
393.3324279785156,512.9692993164062,-15.16666030883789
393.4723205566406,512.6458740234375,-15.174480438232422
393.609130859375,512.3245849609375,-15.182848930358888
393.7429504394531,512.0053100585938,-15.189690589904783
393.8736572265625,511.687744140625,-15.194671630859377
394.0023498535156,511.3721923828125,-15.196998596191406
394.1275939941406,511.0577392578125,-15.199727058410645
394.2507019042969,510.7449645996094,-15.203890800476074
394.3719787597656,510.4338989257813,-15.210219383239746
394.4915466308594,510.1247863769531,-15.218216896057127
394.6092834472656,509.8180847167969,-15.226672172546388
394.7242126464844,509.5139465332031,-15.234437942504885
394.8362426757813,509.2125549316406,-15.241289138793944
394.9460144042969,508.9138488769531,-15.246798515319824
395.0531311035156,508.6167907714844,-15.252205848693848
395.1583251953125,508.3213806152344,-15.258394241333008
395.2620544433594,508.0280151367187,-15.26574420928955
395.36431884765625,507.7369995117187,-15.27420139312744
395.4660034179687,507.4488220214844,-15.282215118408203
395.56640625,507.1630859375,-15.28896141052246
395.6647033691406,506.8787841796875,-15.29548168182373
395.7618408203125,506.5964050292969,-15.30275535583496
395.857666015625,506.3163757324219,-15.310343742370604
395.9516906738281,506.0382080078125,-15.31759548187256
396.0433044433594,505.7608337402344,-15.32468032836914
396.1336669921875,505.4841003417969,-15.33253002166748
396.2236328125,505.2076721191406,-15.340767860412598
396.3129577636719,504.9307556152344,-15.347804069519045
396.4012756347656,504.6520080566406,-15.35301399230957
396.4888000488281,504.3710021972656,-15.35714626312256
396.5762634277344,504.0877685546875,-15.361053466796877
396.6638793945313,503.8019714355469,-15.365279197692873
396.7516174316406,503.5128173828125,-15.370190620422363
396.8394775390625,503.2196044921875,-15.376262664794922
396.9278259277344,502.9223327636719,-15.38350772857666
397.0176086425781,502.6212158203125,-15.389931678771973
397.107666015625,502.3162231445313,-15.394279479980469
397.1965942382813,502.0078125,-15.397440910339355
397.2840881347656,501.6968994140625,-15.401504516601562
397.37109375,501.3841247558594,-15.407541275024414
397.4580078125,501.0692138671875,-15.414700508117676
397.5443115234375,500.75140380859375,-15.42135238647461
397.6292114257813,500.4303588867187,-15.42707347869873
397.7129211425781,500.1064147949219,-15.431270599365234
397.79595947265625,499.7799682617187,-15.433926582336426
397.8777770996094,499.45074462890625,-15.43700885772705
397.9582214355469,499.1181335449219,-15.441717147827148
398.03802490234375,498.7821044921875,-15.448175430297852
398.1173095703125,498.4425659179687,-15.455471992492676
398.1969604492187,498.0998840332031,-15.460253715515137
398.2745361328125,497.7542114257813,-15.462364196777344
398.3493957519531,497.4062805175781,-15.463982582092283
398.4223327636719,497.0569152832031,-15.46644687652588
398.4936218261719,496.7065734863281,-15.470303535461426
398.5632019042969,496.3551940917969,-15.47454071044922
398.63031005859375,496.002685546875,-15.47824001312256
398.6949768066406,495.6493225097656,-15.48064136505127
398.757080078125,495.29541015625,-15.481069564819336
398.8166198730469,494.9410400390625,-15.48009204864502
398.87353515625,494.5865173339844,-15.479144096374512
398.92767333984375,494.2323913574219,-15.479636192321776
398.9796142578125,493.8793029785156,-15.481820106506348
399.0290832519531,493.5281677246094,-15.48500919342041
399.0762023925781,493.1791687011719,-15.488046646118164
399.1204223632813,492.8323974609375,-15.49012851715088
399.16162109375,492.4880065917969,-15.490639686584473
399.2000732421875,492.14593505859375,-15.48922634124756
399.2355346679687,491.8056640625,-15.487221717834473
399.2692565917969,491.4671630859375,-15.48537826538086
399.3010559082031,491.1302795410156,-15.485709190368652
399.3323669433594,490.7952270507813,-15.488097190856934
399.3631896972656,490.4624938964844,-15.490464210510254
399.3922729492187,490.1318054199219,-15.491494178771973
399.4195861816406,489.8028259277344,-15.49086093902588
399.4454345703125,489.4753112792969,-15.488836288452148
399.4698791503906,489.1488037109375,-15.486781120300291
399.4934692382813,488.8230590820313,-15.485281944274902
399.516357421875,488.4981384277344,-15.484014511108398
399.53802490234375,488.1739807128906,-15.482610702514648
399.55810546875,487.8504028320313,-15.480598449707031
399.5765686035156,487.5270690917969,-15.478333473205566
399.5939331054687,487.2037658691406,-15.47607707977295
399.6100463867187,486.8802185058594,-15.473969459533691
399.6248474121094,486.5562744140625,-15.472244262695312
399.63818359375,486.2321166992187,-15.471120834350586
399.650390625,485.907958984375,-15.47024631500244
399.6609191894531,485.5838317871094,-15.469064712524414
399.6695861816406,485.25970458984375,-15.467405319213867
399.67633056640625,484.9354553222656,-15.46519374847412
399.6812744140625,484.6107177734375,-15.46277141571045
399.68450927734375,484.28521728515625,-15.460260391235352
399.6862487792969,483.9588012695313,-15.458063125610352
399.6867370605469,483.6315002441406,-15.45630168914795
399.68609619140625,483.30316162109375,-15.45496940612793
399.684326171875,482.9739379882813,-15.453798294067385
399.681396484375,482.6437377929687,-15.452570915222168
399.677490234375,482.3126220703125,-15.451017379760742
399.6725158691406,481.9805908203125,-15.449030876159668
399.66656494140625,481.647705078125,-15.446592330932615
399.6596984863281,481.31396484375,-15.44405460357666
399.6519470214844,480.9793701171875,-15.441630363464355
399.6434326171875,480.6439514160156,-15.439766883850098
399.6341247558594,480.3077392578125,-15.438742637634276
399.6240539550781,479.9707336425781,-15.438565254211426
399.6130065917969,479.63275146484375,-15.438570022583008
399.6004333496094,479.293701171875,-15.437841415405272
399.5866394042969,478.9535827636719,-15.435905456542969
399.5715026855469,478.61236572265625,-15.431607246398926
399.55511474609375,478.26995849609375,-15.424272537231444
399.5373840332031,477.92681884765625,-15.4172945022583
399.5183715820313,477.5826721191406,-15.412078857421877
399.4982299804687,477.23687744140625,-15.40839672088623
399.47662353515625,476.8891296386719,-15.404020309448242
399.4535827636719,476.5393981933594,-15.398151397705078
399.4292297363281,476.1879577636719,-15.39153289794922
399.4042053222656,475.835205078125,-15.383487701416016
399.3780212402344,475.48101806640625,-15.373993873596191
399.3504943847656,475.1253967285156,-15.36342716217041
399.32220458984375,474.7682800292969,-15.35252857208252
399.2930603027344,474.4097900390625,-15.342137336730955
399.2627258300781,474.0499267578125,-15.33220100402832
399.2310791015625,473.6886596679687,-15.322629928588867
399.1982116699219,473.3260498046875,-15.31296157836914
399.16400146484375,472.9620971679687,-15.302923202514648
399.12841796875,472.59674072265625,-15.292229652404783
399.091552734375,472.2301025390625,-15.280891418457031
399.0534057617187,471.8622131347656,-15.269320487976074
399.0140380859375,471.4929809570313,-15.257746696472168
398.9736328125,471.122314453125,-15.246238708496094
398.9320373535156,470.7503662109375,-15.23478889465332
398.8889770507813,470.37701416015625,-15.22332763671875
398.84417724609375,470.0024108886719,-15.211541175842283
398.7976684570313,469.6266479492187,-15.199668884277344
398.74957275390625,469.2496643066406,-15.187914848327637
398.6998901367187,468.8715515136719,-15.176432609558104
398.6485595703125,468.4924011230469,-15.165238380432127
398.5954284667969,468.1121520996094,-15.154339790344238
398.5406494140625,467.7308349609375,-15.143775939941406
398.4842529296875,467.3484497070313,-15.133421897888184
398.4261779785156,466.9649963378906,-15.12282371520996
398.3662109375,466.5803833007813,-15.111916542053224
398.3043823242187,466.1944580078125,-15.101007461547852
398.2409057617187,465.80706787109375,-15.089960098266602
398.1758728027344,465.4180908203125,-15.078750610351562
398.10931396484375,465.0276184082031,-15.06771183013916
398.0412292480469,464.6354370117187,-15.056580543518066
397.9714965820313,464.24163818359375,-15.045073509216309
397.900146484375,463.8460388183594,-15.033391952514648
397.8274230957031,463.4487609863281,-15.021310806274414
397.7531433105469,463.0496215820313,-15.008824348449709
397.6772766113281,462.6482543945313,-14.995933532714844
397.5999450683594,462.2440185546875,-14.982535362243652
397.52099609375,461.8362731933594,-14.968416213989258
397.44036865234375,461.4250183105469,-14.953886032104492
397.3584289550781,461.01025390625,-14.938904762268066
397.27490234375,460.5924072265625,-14.923945426940918
397.19000244140625,460.1715393066406,-14.909232139587402
397.1037292480469,459.7476501464844,-14.89487361907959
397.0158081054687,459.32086181640625,-14.880776405334473
396.9261474609375,458.8912353515625,-14.866801261901855
396.8349609375,458.4587707519531,-14.85269260406494
396.7420349121094,458.02349853515625,-14.83820343017578
396.6471862792969,457.58551025390625,-14.823320388793944
396.5504455566406,457.1447448730469,-14.808152198791504
396.4517517089844,456.7011413574219,-14.792413711547852
396.3515319824219,456.2548522949219,-14.776387214660645
396.2493896484375,455.8058776855469,-14.760283470153809
396.1452331542969,455.3541259765625,-14.743404388427734
396.0392761230469,454.8996887207031,-14.724592208862305
395.9314270019531,454.44281005859375,-14.704634666442873
395.8212890625,453.9837646484375,-14.684454917907717
395.7088623046875,453.5224304199219,-14.664016723632812
395.5940551757813,453.05865478515625,-14.642545700073242
395.47760009765625,452.5923156738281,-14.61918830871582
395.3589172363281,452.12353515625,-14.594346046447754
395.238037109375,451.6524658203125,-14.569209098815918
395.1150207519531,451.1789855957031,-14.544175148010254
394.9905090332031,450.7032775878906,-14.518975257873535
394.86431884765625,450.2254028320313,-14.49363136291504
394.7361450195313,449.7455749511719,-14.468326568603516
394.6058654785156,449.263916015625,-14.442999839782717
394.4732360839844,448.78033447265625,-14.417649269104004
394.3384094238281,448.2951049804687,-14.392918586730955
394.2013854980469,447.8082275390625,-14.369028091430664
394.0618591308594,447.3197937011719,-14.345661163330078
393.9201049804687,446.8299560546875,-14.322402954101562
393.7764892578125,446.3385009765625,-14.299132347106934
393.6302185058594,445.845458984375,-14.274646759033203
393.4810791015625,445.3501281738281,-14.24474048614502
393.3290710449219,444.8529357910156,-14.208856582641602
393.1741638183594,444.3553466796875,-14.173736572265623
393.018310546875,443.8562316894531,-14.140453338623049
392.8618469238281,443.3556213378906,-14.106823921203612
392.7044982910156,442.85406494140625,-14.071803092956545
392.546142578125,442.3511962890625,-14.035725593566896
392.3855285644531,441.8461608886719,-13.99715518951416
392.2223510742187,441.3387145996094,-13.955585479736328
392.0574645996094,440.8297729492187,-13.910771369934082
391.8919372558594,440.3195495605469,-13.866764068603516
391.7264099121094,439.8079833984375,-13.825029373168944
391.561279296875,439.2947387695313,-13.782334327697754
391.396484375,438.7798156738281,-13.737922668457031
391.2313232421875,438.2635498046875,-13.691965103149414
391.0654296875,437.7461242675781,-13.644959449768066
390.8985900878906,437.2275695800781,-13.597859382629396
390.7312316894531,436.707763671875,-13.550769805908203
390.5633850097656,436.1868591308594,-13.50360870361328
390.3950500488281,435.6647644042969,-13.45677375793457
390.2261047363281,435.1416320800781,-13.410534858703612
390.0564575195313,434.6174926757813,-13.364689826965332
389.8856201171875,434.0924377441406,-13.31861400604248
389.7140808105469,433.5665283203125,-13.27236557006836
389.5423889160156,433.0399475097656,-13.22593879699707
389.3699951171875,432.51324462890625,-13.179378509521484
389.19573974609375,431.9865417480469,-13.13366413116455
389.0204162597656,431.4598083496094,-13.089550018310549
388.8441467285156,430.93304443359375,-13.046838760375977
388.6659240722656,430.4065246582031,-13.004385948181152
388.4852600097656,429.8806457519531,-12.961463928222656
388.30322265625,429.3553466796875,-12.918322563171388
388.1198425292969,428.8309631347656,-12.875221252441406
387.9342346191406,428.30810546875,-12.830599784851074
387.74755859375,427.7869567871094,-12.784445762634276
387.5588073730469,427.2677001953125,-12.73785400390625
387.3684692382813,426.7501831054687,-12.690673828125
387.17669677734375,426.2345275878906,-12.641432762145996
386.9834289550781,425.720947265625,-12.589935302734377
386.7884521484375,425.2095947265625,-12.537978172302246
386.5926208496094,424.7001037597656,-12.48667049407959
386.3965148925781,424.1924133300781,-12.436033248901367
386.19964599609375,423.6867980957031,-12.385598182678224
386.0022277832031,423.1831970214844,-12.334966659545898
385.8045349121094,422.6814270019531,-12.283987045288086
385.6063537597656,422.1812744140625,-12.232844352722168
385.4075317382813,421.6828308105469,-12.181957244873049
385.2079162597656,421.1862487792969,-12.131831169128418
385.0079345703125,420.6914367675781,-12.08250331878662
384.8076171875,420.198486328125,-12.03371238708496
384.6068420410156,419.7074279785156,-11.98469066619873
384.4053955078125,419.21832275390625,-11.934849739074709
384.20318603515625,418.73101806640625,-11.883743286132812
384.0001525878906,418.24554443359375,-11.831132888793944
383.7961120605469,417.7621154785156,-11.778661727905272
383.59136962890625,417.2806396484375,-11.727697372436523
383.3867492675781,416.8009643554687,-11.678363800048828
383.1811218261719,416.3231201171875,-11.630707740783691
382.9756164550781,415.8471984863281,-11.581710815429688
382.7687377929687,415.3733215332031,-11.531255722045898
382.5611572265625,414.900634765625,-11.480759620666504
382.3540344238281,414.4286804199219,-11.430305480957031
382.1476135253906,413.9575500488281,-11.380256652832031
381.94189453125,413.4872741699219,-11.330450057983398
381.7364196777344,413.018310546875,-11.280292510986328
381.5309448242187,412.5506591796875,-11.229747772216797
381.3256530761719,412.0842895507813,-11.1787748336792
381.1205749511719,411.6190185546875,-11.127358436584473
380.9157104492187,411.15478515625,-11.07569980621338
380.7111206054687,410.6915893554687,-11.024051666259766
380.5068664550781,410.2293090820313,-10.972268104553224
380.3029479980469,409.76800537109375,-10.919964790344238
380.0992736816406,409.3078308105469,-10.867000579833984
379.895751953125,408.8489074707031,-10.813993453979492
379.69232177734375,408.39105224609375,-10.761417388916016
379.4889831542969,407.9342956542969,-10.709368705749512
379.2858276367187,407.478759765625,-10.657732009887695
379.0828247070313,407.0242614746094,-10.606608390808104
378.8798828125,406.5706481933594,-10.555435180664062
378.6766357421875,406.1178894042969,-10.50452709197998
378.473388671875,405.6657409667969,-10.454079627990724
378.2703857421875,405.2140197753906,-10.40388298034668
378.0673828125,404.7629089355469,-10.353495597839355
377.8641662597656,404.31256103515625,-10.302705764770508
377.66070556640625,403.8629760742187,-10.251830101013184
377.4567260742187,403.4142150878906,-10.20119571685791
377.2524108886719,402.9661254882813,-10.151039123535156
377.04791259765625,402.5186462402344,-10.101014137268066
376.8427734375,402.0719909667969,-10.050895690917969
376.6371154785156,401.6260681152344,-10.000772476196287
376.4307861328125,401.1806640625,-9.950897216796877
376.2237548828125,400.7355651855469,-9.901227951049805
376.0159301757813,400.29046630859375,-9.85157585144043
375.8072509765625,399.84515380859375,-9.801724433898926
375.5975036621094,399.39947509765625,-9.7517671585083
375.3865051269531,398.9531555175781,-9.70186710357666
375.1741027832031,398.5057678222656,-9.652149200439451
374.9601135253906,398.056884765625,-9.60246753692627
374.7444458007813,397.6056213378906,-9.552103996276855
374.52630615234375,397.151611328125,-9.50059986114502
374.3053894042969,396.69439697265625,-9.447867393493652
374.0821533203125,396.233642578125,-9.394758224487305
373.8565979003906,395.7691345214844,-9.34189796447754
373.6285400390625,395.3003845214844,-9.288765907287598
373.3972473144531,394.8271789550781,-9.234993934631348
373.1627502441406,394.3493957519531,-9.180274963378906
372.92523193359375,393.8672180175781,-9.124858856201172
372.6843872070313,393.3812255859375,-9.06930160522461
372.4403381347656,392.8916015625,-9.013301849365234
372.193359375,392.3986206054687,-8.956756591796875
371.9439697265625,391.9024963378906,-8.899858474731445
371.6921081542969,391.403564453125,-8.842366218566895
371.4373779296875,390.90240478515625,-8.784504890441895
371.1797180175781,390.3992004394531,-8.726179122924805
370.919189453125,389.89410400390625,-8.66795825958252
370.6557922363281,389.38714599609375,-8.60987377166748
370.3895263671875,388.87847900390625,-8.551702499389648
370.1205139160156,388.36810302734375,-8.493318557739258
369.8488464355469,387.8558654785156,-8.434520721435547
369.5747375488281,387.34185791015625,-8.375452041625977
369.2980651855469,386.826171875,-8.316058158874512
369.01861572265625,386.3088989257813,-8.256505012512207
368.73675537109375,385.78997802734375,-8.196720123291016
368.4524536132813,385.2693481445313,-8.136959075927734
368.1656188964844,384.7472534179687,-8.077371597290039
367.8763122558594,384.2236022949219,-8.018176078796387
367.584228515625,383.6984558105469,-7.958958148956299
367.289306640625,383.1717224121094,-7.899563789367676
366.99176025390625,382.6434631347656,-7.84047794342041
366.6917419433594,382.113525390625,-7.781734943389893
366.3890075683594,381.58203125,-7.7228193283081055
366.0841674804687,381.0488586425781,-7.663527965545654
365.7772521972656,380.5141296386719,-7.603976726531982
365.4673156738281,379.9784851074219,-7.544929504394531
365.1551818847656,379.4415588378906,-7.486520290374756
364.8411865234375,378.9031677246094,-7.429021835327148
364.5245971679687,378.363525390625,-7.371783256530762
364.2049255371094,377.8227844238281,-7.314340591430664
363.8830261230469,377.2806701660156,-7.257105350494385
363.5588989257813,376.7371826171875,-7.2003703117370605
363.2320251464844,376.1927795410156,-7.1435770988464355
362.9030151367187,375.6471862792969,-7.086477756500244
362.5718078613281,375.1007080078125,-7.029641151428223
362.2379150390625,374.5541076660156,-6.974299430847168
361.9024963378906,374.007080078125,-6.921726703643799
361.5657348632813,373.45904541015625,-6.870666027069092
361.2264709472656,372.9103088378906,-6.816880702972412
360.8846740722656,372.36083984375,-6.760520935058594
360.5435485839844,371.80950927734375,-6.704969882965088
360.20184326171875,371.25732421875,-6.648394584655762
359.8592224121094,370.7044677734375,-6.5886077880859375
359.5153503417969,370.1518859863281,-6.527151107788086
359.1707458496094,369.5994262695313,-6.465651512145996
358.8266296386719,369.047119140625,-6.404072284698486
358.482421875,368.4949951171875,-6.343504428863525
358.1364440917969,367.94342041015625,-6.283147811889648
357.78826904296875,367.3923645019531,-6.2211809158325195
357.43878173828125,366.8415832519531,-6.157554626464844
357.0892639160156,366.2909240722656,-6.094893455505371
356.739501953125,365.7413940429687,-6.031945705413818
356.38897705078125,365.1935424804687,-5.968071460723877
356.0379333496094,364.6471252441406,-5.902324676513672
355.6861267089844,364.10205078125,-5.832716941833496
355.3331298828125,363.55902099609375,-5.760671138763428
354.9788513183594,363.0186462402344,-5.691000461578369
354.6249694824219,362.4807739257813,-5.623900413513184
354.27178955078125,361.9459228515625,-5.558252811431885
353.918212890625,361.4148864746094,-5.4923858642578125
353.5629577636719,360.8872375488281,-5.428042411804199
353.2062683105469,360.3626098632813,-5.365871906280518
352.8484802246094,359.8411865234375,-5.305624961853027
352.4895324707031,359.3237609863281,-5.247244834899902
352.12939453125,358.8106384277344,-5.19020938873291
351.76806640625,358.3021545410156,-5.133281707763672
351.4053039550781,357.79852294921875,-5.0761542320251465
351.04095458984375,357.2997131347656,-5.018927097320557
350.67510986328125,356.8057861328125,-4.961994647979736
350.3086242675781,356.3161926269531,-4.9059600830078125
349.94158935546875,355.8310241699219,-4.8507771492004395
349.57391357421875,355.3504943847656,-4.795561790466309
349.2059631347656,354.8741760253906,-4.739889144897461
348.8380126953125,354.4017333984375,-4.683449745178223
348.4700012207031,353.93316650390625,-4.626573085784912
348.1018981933594,353.4685363769531,-4.570732116699219
347.7344665527344,353.0073547363281,-4.5164031982421875
347.3681335449219,352.5495300292969,-4.463199615478516
347.00262451171875,352.0951843261719,-4.410333633422852
346.63739013671875,351.64447021484375,-4.357708930969238
346.2718505859375,351.1970520019531,-4.3059773445129395
345.9061584472656,350.7528381347656,-4.255191326141357
345.5404052734375,350.31207275390625,-4.2049736976623535
345.1744384765625,349.8751525878906,-4.155023097991943
344.808349609375,349.44219970703125,-4.1055378913879395
344.4419250488281,349.0134582519531,-4.056530475616455
344.0747375488281,348.5892639160156,-4.007562637329102
343.7069396972656,348.16961669921875,-3.958096981048584
343.3388366699219,347.7541809082031,-3.9083456993103023
342.9700927734375,347.3430480957031,-3.858879804611206
342.6004638671875,346.93658447265625,-3.8099701404571538
342.23016357421875,346.5348815917969,-3.7612416744232178
341.8594970703125,346.1378173828125,-3.712512731552124
341.48876953125,345.7450256347656,-3.663641929626465
341.1178894042969,345.3564758300781,-3.614589929580689
340.7467041015625,344.9722595214844,-3.5654304027557373
340.3750915527344,344.592529296875,-3.516585111618042
340.0032043457031,344.2171936035156,-3.46829891204834
339.6312561035156,343.8460388183594,-3.4205214977264404
339.2592468261719,343.4793395996094,-3.3729305267333984
338.88720703125,343.11700439453125,-3.325190544128418
338.515380859375,342.7587585449219,-3.27713394165039
338.14373779296875,342.4044189453125,-3.2290332317352295
337.77252197265625,342.0538024902344,-3.181312322616577
337.4018859863281,341.706787109375,-3.134202718734741
337.0318908691406,341.3634033203125,-3.0876824855804443
336.66278076171875,341.0235290527344,-3.041700601577759
336.2947082519531,340.6870422363281,-2.996000289916992
335.9276123046875,340.3537902832031,-2.9502015113830566
335.5614013671875,340.0237121582031,-2.904386281967163
335.19610595703125,339.6966857910156,-2.8585925102233887
334.83184814453125,339.3725891113281,-2.81304931640625
334.4688415527344,339.0512390136719,-2.7680482864379883
334.107177734375,338.73284912109375,-2.723245143890381
333.7468566894531,338.41729736328125,-2.678504228591919
333.3879089355469,338.10443115234375,-2.633859634399414
333.03033447265625,337.7940368652344,-2.589325189590454
332.674072265625,337.4859313964844,-2.5451879501342773
332.3190612792969,337.1800231933594,-2.5014891624450684
331.96527099609375,336.87615966796875,-2.4581332206726074
331.6128234863281,336.57440185546875,-2.4148693084716797
331.2616882324219,336.2746276855469,-2.371509075164795
330.9117736816406,335.9768981933594,-2.3278303146362305
330.56304931640625,335.6811828613281,-2.283930778503418
330.21533203125,335.3874816894531,-2.240267753601074
329.86871337890625,335.0954284667969,-2.19728422164917
329.52337646484375,334.80487060546875,-2.1549830436706543
329.17926025390625,334.5157165527344,-2.1131651401519775
328.83624267578125,334.2280578613281,-2.07122802734375
328.49420166015625,333.9416809082031,-2.028972625732422
328.1531982421875,333.65625,-1.986686944961548
327.8132019042969,333.37164306640625,-1.944586992263794
327.4742431640625,333.0878601074219,-1.903031826019287
327.13671875,332.8047180175781,-1.8619922399520872
326.8007507324219,332.5221862792969,-1.821418523788452
326.4664001464844,332.24017333984375,-1.7813191413879397
326.1337890625,331.9587097167969,-1.741564154624939
325.80291748046875,331.6777038574219,-1.702007293701172
325.4737854003906,331.39697265625,-1.6624634265899658
325.1462097167969,331.1165771484375,-1.6232222318649292
324.8203125,330.8363037109375,-1.5842700004577637
324.4961242675781,330.5562744140625,-1.5455145835876465
324.1735534667969,330.2764892578125,-1.507182240486145
323.85272216796875,329.9967956542969,-1.4694358110427856
323.5332946777344,329.7174377441406,-1.4320449829101562
323.2152099609375,329.4380187988281,-1.3946473598480225
322.8981628417969,329.1588134765625,-1.357081413269043
322.58184814453125,328.8798522949219,-1.3193488121032717
322.2661437988281,328.60101318359375,-1.281470537185669
321.9508056640625,328.3222961425781,-1.2434539794921875
321.63568115234375,328.04364013671875,-1.205254077911377
321.3205871582031,327.7649230957031,-1.1668248176574707
321.00531005859375,327.48583984375,-1.1283129453659058
320.6896667480469,327.2060241699219,-1.089890480041504
320.3734436035156,326.9252014160156,-1.0515772104263306
320.0562438964844,326.64306640625,-1.013441562652588
319.73779296875,326.3591003417969,-0.975271701812744
319.4176940917969,326.0727844238281,-0.9367705583572388
319.0955505371094,325.7836608886719,-0.8976250886917114
318.7709655761719,325.4914855957031,-0.8583738803863525
318.4441833496094,325.1959228515625,-0.8193312883377075
318.115234375,324.8965759277344,-0.7802894115447998
317.78424072265625,324.59356689453125,-0.7410204410552979
317.451416015625,324.287109375,-0.7018350958824158
317.1168212890625,323.9774169921875,-0.66275954246521
316.780517578125,323.6643981933594,-0.6240324974060059
316.4422302246094,323.3480224609375,-0.5857940316200256
316.1016845703125,323.02789306640625,-0.547849714756012
315.7585754394531,322.7038879394531,-0.5094568729400635
315.41253662109375,322.3759460449219,-0.4703887104988098
315.0632629394531,322.0441589355469,-0.4306110739707947
314.7110290527344,321.70831298828125,-0.3910496830940246
314.3556823730469,321.3686218261719,-0.3521347939968109
313.9971618652344,321.0245361328125,-0.3132031261920929
313.6353454589844,320.67559814453125,-0.2726748883724212
313.2699279785156,320.322265625,-0.2303896248340606
312.9007568359375,319.96478271484375,-0.1868097633123397
312.5281982421875,319.6031494140625,-0.1424903720617294
312.1520690917969,319.23724365234375,-0.0975444018840789
311.7725830078125,318.8665771484375,-0.0517761409282684
311.38983154296875,318.4908752441406,-0.0048329234123229
311.00384521484375,318.11053466796875,0.0427530109882354
310.61492919921875,317.725830078125,0.0906447768211364
310.2227478027344,317.33734130859375,0.1389910876750946
309.8273010253906,316.9453125,0.1878559589385986
309.4287109375,316.54986572265625,0.2372849583625793
309.02703857421875,316.1513671875,0.2867028415203094
308.62261962890625,315.7497863769531,0.3361996710300445
308.2157897949219,315.34527587890625,0.3857203125953674
307.8070068359375,314.9384460449219,0.4347415268421173
307.3963928222656,314.5303955078125,0.4828453958034515
306.98388671875,314.1221923828125,0.5295522212982178
306.57025146484375,313.7142028808594,0.575648307800293
306.15576171875,313.30743408203125,0.6218500733375549
305.7407531738281,312.90252685546875,0.6685166358947754
305.3256530761719,312.5,0.7150650024414062
304.9112854003906,312.1001281738281,0.7609533071517944
304.4976501464844,311.70343017578125,0.806500256061554
304.0848693847656,311.3100280761719,0.852379560470581
303.67279052734375,310.920166015625,0.8986136317253113
303.26129150390625,310.5335693359375,0.945281147956848
302.8505554199219,310.1502380371094,0.9930597543716432
302.440673828125,309.7704162597656,1.0409996509552002
302.0318298339844,309.3940124511719,1.0873792171478271
301.62481689453125,309.02056884765625,1.1323617696762085
301.2199401855469,308.6499328613281,1.176591396331787
300.81719970703125,308.28228759765625,1.2214975357055664
300.4161071777344,307.91729736328125,1.2673256397247314
300.01666259765625,307.5545349121094,1.3133717775344849
299.6187744140625,307.1943054199219,1.357946753501892
299.22271728515625,306.8363342285156,1.4007705450057983
298.8290100097656,306.48065185546875,1.4420340061187744
298.437744140625,306.1271667480469,1.482027888298035
298.0491943359375,305.7754211425781,1.521403670310974
297.6630554199219,305.42529296875,1.560883641242981
297.27880859375,305.07666015625,1.6001657247543335
296.89678955078125,304.72930908203125,1.6393554210662842
296.5171203613281,304.38330078125,1.6776899099349976
296.13983154296875,304.0388488769531,1.714523196220398
295.76531982421875,303.6960144042969,1.7501996755599976
295.3936767578125,303.3548278808594,1.7855013608932495
295.02490234375,303.0149230957031,1.820913553237915
294.6585693359375,302.6766052246094,1.856453537940979
294.2945556640625,302.33966064453125,1.8921937942504885
293.9331970214844,302.0039367675781,1.9283982515335083
293.5747985839844,301.669189453125,1.9646706581115725
293.2190856933594,301.33599853515625,2.0005717277526855
292.8657531738281,301.0044860839844,2.03564715385437
292.515380859375,300.67437744140625,2.0702011585235596
292.16796875,300.34588623046875,2.104428768157959
291.8233947753906,300.01885986328125,2.138679027557373
291.4815368652344,299.6932373046875,2.17352032661438
291.14202880859375,299.3690490722656,2.208549737930298
290.8046875,299.0465087890625,2.2426600456237793
290.4698791503906,298.7255859375,2.2757091522216797
290.13763427734375,298.406005859375,2.3077852725982666
289.8080749511719,298.0878601074219,2.339195251464844
289.4811706542969,297.7710876464844,2.369673490524292
289.1568603515625,297.4556579589844,2.399280548095703
288.8349609375,297.1414794921875,2.4280991554260254
288.5155029296875,296.82830810546875,2.4563870429992676
288.19830322265625,296.5162658691406,2.484198808670044
287.8835144042969,296.2049560546875,2.5115747451782227
287.5713195800781,295.89434814453125,2.5385854244232178
287.2615661621094,295.5846862792969,2.564875364303589
286.95428466796875,295.2760009765625,2.590226173400879
286.6495056152344,294.9681396484375,2.614915609359741
286.3471374511719,294.66064453125,2.639395952224731
286.0466613769531,294.3534240722656,2.663799285888672
285.7478332519531,294.0465393066406,2.6884958744049072
285.4505615234375,293.73956298828125,2.713293075561523
285.154541015625,293.4322814941406,2.738011360168457
284.8595886230469,293.1244812011719,2.7626588344573975
284.56536865234375,292.8159484863281,2.787423610687256
284.2716064453125,292.5065002441406,2.812087059020996
283.9784851074219,292.19549560546875,2.8367795944213867
283.685791015625,291.8828125,2.8614513874053955
283.3934631347656,291.568359375,2.8859448432922363
283.1014709472656,291.2520751953125,2.9100494384765625
282.8096618652344,290.93389892578125,2.9339065551757812
282.51776123046875,290.6138000488281,2.957813262939453
282.2256774902344,290.29150390625,2.981635093688965
281.9334716796875,289.9670715332031,3.005747079849243
281.64080810546875,289.6406555175781,3.0296878814697266
281.3477478027344,289.3124084472656,3.0531365871429443
281.0542907714844,288.9821472167969,3.0759479999542236
280.7603454589844,288.6500549316406,3.098142147064209
280.46575927734375,288.3162841796875,3.1196393966674805
280.1705627441406,287.9808349609375,3.140422821044922
279.87451171875,287.6434326171875,3.1609115600585938
279.5773010253906,287.3041687011719,3.1816675662994385
279.27899169921875,286.9630432128906,3.2022712230682373
278.9798278808594,286.619873046875,3.2227838039398193
278.6796569824219,286.2746276855469,3.2431411743164062
278.3785400390625,285.92742919921875,3.263100862503052
278.0765686035156,285.5781555175781,3.2823948860168457
277.77410888671875,285.22662353515625,3.3012211322784424
277.4712829589844,284.8726501464844,3.319758415222168
277.16766357421875,284.5162658691406,3.3388257026672363
276.8628845214844,284.15777587890625,3.3586153984069824
276.55694580078125,283.7970886230469,3.379313707351685
276.2502746582031,283.4339599609375,3.4008278846740723
275.9430236816406,283.0683288574219,3.422607421875
275.6351013183594,282.7004699707031,3.444286823272705
275.3266906738281,282.3303527832031,3.4653966426849365
275.0179748535156,281.9580078125,3.4863293170928955
274.7088623046875,281.5833435058594,3.507016897201538
274.3994445800781,281.2063903808594,3.5277490615844727
274.0894470214844,280.8272705078125,3.5488979816436768
273.7789306640625,280.44586181640625,3.56986141204834
273.4684753417969,280.06219482421875,3.5906896591186523
273.1583251953125,279.67633056640625,3.611040592193603
272.8486633300781,279.28857421875,3.6306207180023193
272.539794921875,278.89886474609375,3.6496012210845943
272.2318115234375,278.50726318359375,3.6680309772491455
271.9244384765625,278.1142578125,3.68561577796936
271.61767578125,277.7198791503906,3.702051877975464
271.3118591308594,277.3236999511719,3.717795372009278
271.0066223144531,276.9259338378906,3.7331206798553462
270.7019348144531,276.52679443359375,3.748133897781372
270.3974914550781,276.1265563964844,3.762878179550171
270.09332275390625,275.7252502441406,3.7772929668426514
269.7897033691406,275.3228759765625,3.791008949279785
269.4869689941406,274.9192810058594,3.80462384223938
269.1847229003906,274.51483154296875,3.8182992935180664
268.8829040527344,274.1097106933594,3.832088470458984
268.5815734863281,273.7039794921875,3.8456473350524902
268.2808532714844,273.29754638671875,3.8587393760681152
267.9808654785156,272.8902893066406,3.8714358806610103
267.6816101074219,272.4822998046875,3.884096384048462
267.3832092285156,272.0735778808594,3.896906852722168
267.0855407714844,271.6642150878906,3.909726858139038
266.7884826660156,271.2544250488281,3.922426223754883
266.49200439453125,270.8442077636719,3.934948682785034
266.1963195800781,270.43359375,3.947275400161743
265.901611328125,270.0225524902344,3.959500789642334
265.60797119140625,269.6110534667969,3.9716687202453618
265.31561279296875,269.1990661621094,3.983518600463867
265.0247802734375,268.7865905761719,3.994972467422486
264.7353820800781,268.3737487792969,4.006152629852295
264.4474792480469,267.9605407714844,4.017136096954346
264.16107177734375,267.5469665527344,4.028017520904541
263.8761901855469,267.133056640625,4.038707733154297
263.5931396484375,266.71856689453125,4.049147605895996
263.31201171875,266.3036193847656,4.059308052062988
263.0329284667969,265.88812255859375,4.068874835968018
262.7560119628906,265.47222900390625,4.0778093338012695
262.4816589355469,265.0556640625,4.08663272857666
262.2101135253906,264.6387023925781,4.095579147338867
261.9415283203125,264.2212829589844,4.104313850402832
261.67608642578125,263.8035583496094,4.112354278564453
261.41357421875,263.385986328125,4.119521617889404
261.15423583984375,262.9686584472656,4.1255693435668945
260.8979187011719,262.5518493652344,4.130760192871094
260.6449279785156,262.1351318359375,4.135590076446533
260.3947448730469,261.7188720703125,4.139652729034424
260.1471862792969,261.3031311035156,4.142696857452393
259.902587890625,260.8873596191406,4.1453633308410645
259.6610107421875,260.4715576171875,4.148011684417725
259.4222106933594,260.0562438964844,4.150425910949707
259.1871643066406,259.64056396484375,4.152796268463135
258.9588623046875,259.2222595214844,4.15932035446167
258.7320861816406,258.8047180175781,4.170729160308838
258.5057373046875,258.3890686035156,4.180507659912109
258.2831726074219,257.97283935546875,4.186962604522705
258.06414794921875,257.55572509765625,4.191062927246094
257.8482666015625,257.13836669921875,4.196740627288818
257.6332702636719,256.7220764160156,4.205337047576904
257.4190368652344,256.3066101074219,4.214417457580566
257.2048645019531,255.89132690429688,4.221420764923096
256.9912414550781,255.47552490234375,4.2262372970581055
256.77825927734375,255.05892944335935,4.229837417602539
256.56524658203125,254.64161682128903,4.233203887939453
256.35162353515625,254.2236328125,4.236435890197754
256.1381530761719,253.8043670654297,4.239901542663574
255.9245147705078,253.3834991455078,4.2439374923706055
255.71038818359375,252.96055603027344,4.248477935791016
255.49546813964844,252.5351104736328,4.252778053283691
255.2795562744141,252.1066131591797,4.25710916519165
255.0628204345703,251.6748046875,4.261876583099365
254.8451385498047,251.2399749755859,4.2668352127075195
254.62664794921875,250.80218505859375,4.271973133087158
254.40736389160156,250.3616485595703,4.27684211730957
254.1874237060547,249.91842651367188,4.280969619750977
253.96685791015625,249.4724884033203,4.284419059753418
253.74575805664065,249.02377319335935,4.287847995758057
253.52427673339844,248.57244873046875,4.29129695892334
253.3028259277344,248.11865234375,4.294498443603516
253.08172607421875,247.66246032714844,4.296781063079834
252.86138916015625,247.20376586914065,4.298496246337891
252.641845703125,246.74269104003903,4.300064563751221
252.42303466796875,246.2793884277344,4.301684379577637
252.20489501953125,245.81393432617188,4.303351402282715
251.9875030517578,245.34634399414065,4.305077075958252
251.77096557617188,244.8766326904297,4.307166576385498
251.55503845214844,244.4051055908203,4.310092449188232
251.33934020996097,243.9320831298828,4.3133111000061035
251.1238555908203,243.4576416015625,4.316388130187988
250.9087829589844,242.9816436767578,4.319413185119629
250.6942901611328,242.5039978027344,4.322969913482666
250.47999572753903,242.02496337890625,4.327098369598389
250.2658843994141,241.54493713378903,4.331263542175293
250.05242919921875,241.06423950195312,4.334634304046631
249.83963012695312,240.5830078125,4.336859703063965
249.62796020507812,240.1010284423828,4.338859558105469
249.4170684814453,239.61849975585935,4.3416619300842285
249.20687866210935,239.1356506347656,4.345577239990234
248.998291015625,238.6525726318359,4.35042667388916
248.79153442382812,238.169677734375,4.355976581573486
248.58631896972656,237.68777465820312,4.3614726066589355
248.3835601806641,237.20704650878903,4.367007255554199
248.1833953857422,236.7276611328125,4.372742652893066
247.98570251464844,236.24966430664065,4.378507614135742
247.79051208496097,235.77328491210935,4.384724140167236
247.5978851318359,235.2982940673828,4.3912835121154785
247.40884399414065,234.82435607910156,4.397650241851807
247.2229766845703,234.3516082763672,4.403504371643066
247.04006958007812,233.88026428222656,4.409074306488037
246.86029052734375,233.4103240966797,4.414505481719971
246.6832733154297,232.94203186035156,4.419938564300537
246.50921630859375,232.47531127929688,4.425235271453857
246.3379821777344,232.01028442382812,4.430009841918945
246.16957092285156,231.5469970703125,4.434772491455078
246.00433349609375,231.08523559570312,4.439630031585693
245.84207153320312,230.6249237060547,4.444377899169922
245.6830139160156,230.166015625,4.4488444328308105
245.52716064453125,229.70849609375,4.45302152633667
245.37399291992188,229.25254821777344,4.457015037536621
245.22357177734375,228.79815673828125,4.461019992828369
245.07569885253903,228.34535217285156,4.464946746826172
244.9300079345703,227.8941650390625,4.468578338623047
244.7863616943359,227.44451904296875,4.471824645996094
244.64483642578125,226.9963226318359,4.474687099456787
244.50534057617188,226.5495452880859,4.47757625579834
244.3675994873047,226.1042022705078,4.480623245239258
244.2315673828125,225.66009521484375,4.483659267425537
244.0972595214844,225.2168426513672,4.486649990081787
243.96473693847656,224.7742462158203,4.489681243896484
243.8338165283203,224.3321228027344,4.492884635925293
243.7043914794922,223.8903350830078,4.496382713317871
243.57676696777344,223.44857788085935,4.500030994415283
243.4510040283203,223.00662231445312,4.503626823425293
243.32701110839844,222.5642547607422,4.506906509399414
243.2049102783203,222.1212921142578,4.509962558746338
243.08444213867188,221.6776428222656,4.512869358062744
242.96519470214844,221.2334442138672,4.5153889656066895
242.846923828125,220.78855895996097,4.516502380371094
242.72982788085935,220.34271240234375,4.5157670974731445
242.61392211914065,219.8955841064453,4.5140485763549805
242.49851989746097,219.44723510742188,4.512923717498779
242.38421630859375,218.9969940185547,4.5146284103393555
242.2703399658203,218.5452423095703,4.518221378326416
242.1567840576172,218.0924835205078,4.520375728607178
242.0440368652344,217.6386260986328,4.520817279815674
241.93215942382812,217.1836853027344,4.520820140838623
241.8212432861328,216.72772216796875,4.522299289703369
241.71107482910156,216.27088928222656,4.526168346405029
241.60089111328125,215.81336975097656,4.531306743621826
241.49082946777344,215.3551483154297,4.536555767059326
241.38116455078125,214.89627075195312,4.541697978973389
241.2716522216797,214.43687438964844,4.546483993530273
241.162353515625,213.97683715820312,4.550686359405518
241.05349731445312,213.51611328125,4.554493427276611
240.9451446533203,213.0547790527344,4.558135509490967
240.8373260498047,212.59315490722656,4.561921119689941
240.7300567626953,212.13162231445312,4.565857887268066
240.62355041503903,211.6705780029297,4.56990385055542
240.51788330078125,211.21041870117188,4.574212074279785
240.41294860839844,210.7516937255859,4.579034805297852
240.30865478515625,210.2947998046875,4.584557056427002
240.2049865722656,209.8399658203125,4.590417861938477
240.10205078125,209.3872985839844,4.59596061706543
240.0,208.9369201660156,4.601125240325928
239.8987274169922,208.4890289306641,4.605731010437012
239.7980804443359,208.0438690185547,4.609986305236816
239.69796752929688,207.60153198242188,4.6144328117370605
239.5986328125,207.1618499755859,4.6189985275268555
239.49989318847656,206.7247314453125,4.62336540222168
239.40184020996097,206.29017639160156,4.62746000289917
239.30441284179688,205.85833740234375,4.6311259269714355
239.20753479003903,205.4292907714844,4.634441375732422
239.11129760742188,205.00311279296875,4.637532711029053
239.01576232910156,204.5798187255859,4.640243053436279
238.92095947265625,204.1595001220703,4.642585277557373
238.82684326171875,203.74215698242188,4.645078182220459
238.73326110839844,203.3277587890625,4.647989273071289
238.6402130126953,202.91632080078125,4.651403903961182
238.54774475097656,202.50778198242188,4.655157089233398
238.45570373535156,202.10206604003903,4.658796310424805
238.36390686035156,201.69923400878903,4.661835670471191
238.2724609375,201.29942321777344,4.6644110679626465
238.1813201904297,200.90283203125,4.6668314933776855
238.09046936035156,200.50941467285156,4.669114112854004
237.99981689453125,200.11917114257812,4.671548843383789
237.9090881347656,199.73193359375,4.674344062805176
237.8185272216797,199.3475341796875,4.677285194396973
237.7280731201172,198.9660186767578,4.679779529571533
237.63771057128903,198.58741760253903,4.6814703941345215
237.54750061035156,198.2117919921875,4.682244300842285
237.45753479003903,197.8391571044922,4.682469367980957
237.3677520751953,197.46954345703125,4.6826300621032715
237.27798461914065,197.1030731201172,4.68272590637207
237.1888732910156,196.73968505859375,4.68386697769165
237.09869384765625,196.3794403076172,4.685064792633057
237.00819396972656,196.02203369140625,4.685490131378174
236.91781616210935,195.66746520996097,4.685025215148926
236.8272399902344,195.31602478027344,4.683768272399902
236.7365570068359,194.9676971435547,4.682140827178955
236.64556884765625,194.62310791015625,4.68077278137207
236.55398559570312,194.28192138671875,4.679663181304932
236.46209716796875,193.9436187744141,4.678406238555908
236.37030029296875,193.6081390380859,4.676919460296631
236.2785186767578,193.27557373046875,4.67526912689209
236.1866912841797,192.94601440429688,4.673550605773926
236.09487915039065,192.61949157714844,4.671789169311523
236.00308227539065,192.2959442138672,4.669991493225098
235.91134643554688,191.9752960205078,4.668206214904785
235.8198699951172,191.65756225585935,4.666398525238037
235.72879028320312,191.3426513671875,4.664599895477295
235.63833618164065,191.0305328369141,4.66276741027832
235.5487060546875,190.72113037109375,4.660891056060791
235.4600524902344,190.41444396972656,4.658873558044434
235.3723907470703,190.11041259765625,4.656703472137451
235.2859649658203,189.8089599609375,4.654578685760498
235.20083618164065,189.51011657714844,4.65260648727417
235.11683654785156,189.21388244628903,4.650893688201904
235.03407287597656,188.92025756835935,4.649328708648682
234.952392578125,188.62918090820312,4.647683620452881
234.87173461914065,188.3407440185547,4.645790100097656
234.79220581054688,188.05487060546875,4.643620491027832
234.7134704589844,187.7717437744141,4.641440391540527
234.6356658935547,187.4912872314453,4.639440059661865
234.5589904785156,187.21336364746097,4.63768196105957
234.4833984375,186.93804931640625,4.636098861694336
234.4090118408203,186.6652679443359,4.634650707244873
234.33587646484375,186.3948974609375,4.633083820343018
234.26382446289065,186.1268310546875,4.631306171417236
234.19265747070312,185.86114501953125,4.629400253295898
234.1223297119141,185.597900390625,4.627553939819336
234.05267333984375,185.33706665039065,4.62586784362793
233.98353576660156,185.07872009277344,4.624385833740234
233.914794921875,184.8229217529297,4.623073577880859
233.84634399414065,184.5695953369141,4.621777057647705
233.77804565429688,184.3187255859375,4.620234489440918
233.7098693847656,184.0702667236328,4.618409156799316
233.64173889160156,183.82420349121097,4.61652135848999
233.5736846923828,183.5804901123047,4.614709854125977
233.50567626953125,183.33901977539065,4.612933158874512
233.43753051757812,183.09988403320312,4.611322402954102
233.3692169189453,182.8630828857422,4.609949111938477
233.30064392089844,182.62857055664065,4.608649730682373
233.231689453125,182.3964080810547,4.607371807098389
233.1624298095703,182.16664123535156,4.606052398681641
233.0927276611328,181.9393768310547,4.60455846786499
233.0225830078125,181.71469116210935,4.602936267852783
232.95199584960935,181.4926300048828,4.6013383865356445
232.88088989257812,181.273193359375,4.599817752838135
232.80918884277344,181.05642700195312,4.598160743713379
232.73731994628903,180.84222412109375,4.596317291259766
232.6660614013672,180.6304626464844,4.595192909240723
232.5934906005859,180.42149353027344,4.594301700592041
232.5213165283203,180.2147674560547,4.593263149261475
232.4491271972656,180.01034545898438,4.591879367828369
232.37591552734375,179.80848693847656,4.589353084564209
232.30307006835935,179.6085662841797,4.586015224456787
232.2294158935547,179.41090393066406,4.582706928253174
232.1548767089844,179.2154541015625,4.579835414886475
232.0797882080078,179.02210998535156,4.577468395233154
232.0040740966797,178.8308563232422,4.5754313468933105
231.9279937744141,178.64163208007812,4.573496341705322
231.85153198242188,178.45443725585938,4.571524143218994
231.7746429443359,178.26931762695312,4.569318771362305
231.69728088378903,178.08621215820312,4.566760063171387
231.6194610595703,177.90501403808594,4.564054489135742
231.5409240722656,177.72547912597656,4.561110973358154
231.4617462158203,177.5471954345703,4.558133125305176
231.38194274902344,177.3700408935547,4.555391788482666
231.30154418945312,177.1938934326172,4.552836894989014
231.22039794921875,177.0188446044922,4.550499439239502
231.1385040283203,176.84483337402344,4.548175811767578
231.05601501464844,176.6716766357422,4.545851707458496
230.9728240966797,176.49937438964844,4.543522357940674
230.88865661621097,176.32781982421875,4.540858745574951
230.80364990234375,176.15658569335938,4.536813735961914
230.7187957763672,175.98558044433594,4.532503128051758
230.63296508789065,175.8154754638672,4.528756618499756
230.54605102539065,175.64642333984375,4.525815963745117
230.45849609375,175.47857666015625,4.524460792541504
230.36978149414065,175.3126220703125,4.525430679321289
230.2787322998047,175.14822387695312,4.525829792022705
230.1871795654297,174.98411560058594,4.523192405700684
230.0961151123047,174.82009887695312,4.517523765563965
230.00607299804688,174.65768432617188,4.511261463165283
229.9155731201172,174.498291015625,4.506130695343018
229.8245086669922,174.34161376953125,4.502511978149414
229.73280334472656,174.18727111816406,4.500175476074219
229.6405487060547,174.03492736816406,4.498395919799805
229.5480804443359,173.8843231201172,4.496546745300293
229.45545959472656,173.73550415039062,4.494384288787842
229.36268615722656,173.58865356445312,4.491946220397949
229.2697601318359,173.44390869140625,4.489411354064941
229.1766815185547,173.30140686035156,4.486871719360352
229.08349609375,173.16107177734375,4.484384059906006
228.99026489257812,173.02288818359375,4.481977462768555
228.8968811035156,172.8867645263672,4.479339599609375
228.8037109375,172.7526092529297,4.476669788360596
228.71051025390625,172.62066650390625,4.473969459533691
228.61752319335935,172.49085998535156,4.47119140625
228.52491760253903,172.36331176757812,4.468492031097412
228.4326171875,172.2380828857422,4.465707778930664
228.3408966064453,172.11495971679688,4.462783336639404
228.2496337890625,171.99388122558594,4.459660053253174
228.15882873535156,171.87472534179688,4.456425666809082
228.06857299804688,171.75726318359375,4.453139781951904
227.9788360595703,171.64138793945312,4.449774265289307
227.8893890380859,171.52667236328125,4.446287155151367
227.79949951171875,171.41226196289062,4.442707538604736
227.70848083496097,171.2970733642578,4.439309120178223
227.61575317382812,171.18051147460938,4.4361796379089355
227.5208282470703,171.06231689453125,4.433134078979492
227.4237060546875,170.94178771972656,4.429775238037109
227.32334899902344,170.81800842285156,4.426095008850098
227.21896362304688,170.68992614746094,4.422346115112305
227.1100921630859,170.55711364746094,4.418570518493652
226.9963531494141,170.41964721679688,4.414575576782227
226.8776092529297,170.2774658203125,4.410113334655762
226.75357055664065,170.1306610107422,4.405036449432373
226.62396240234375,169.9792022705078,4.399313449859619
226.48861694335935,169.82310485839844,4.393093585968018
226.3474273681641,169.6624298095703,4.3867058753967285
226.20016479492188,169.4973602294922,4.380435943603516
226.04690551757812,169.3279266357422,4.374343395233154
225.887939453125,169.1546630859375,4.368057727813721
225.7236328125,168.9787139892578,4.361367225646973
225.5554351806641,168.80149841308594,4.353831768035889
225.3848419189453,168.62452697753906,4.3455376625061035
225.21261596679688,168.4492645263672,4.336659908294678
225.03941345214844,168.27638244628906,4.3274993896484375
224.86572265625,168.10601806640625,4.318365097045898
224.6918029785156,167.93846130371094,4.309566020965576
224.51776123046875,167.7740478515625,4.301333427429199
224.3438262939453,167.61265563964844,4.293529510498047
224.17005920410156,167.45455932617188,4.286133289337158
223.9963531494141,167.29986572265625,4.279085159301758
223.8228302001953,167.1483154296875,4.2717766761779785
223.649658203125,167.00003051757812,4.264244556427002
223.47703552246097,166.85504150390625,4.256616592407227
223.30511474609375,166.7133026123047,4.248943328857422
223.1338806152344,166.574951171875,4.241332054138184
222.96359252929688,166.43988037109375,4.233959674835205
222.7942352294922,166.30801391601562,4.226815223693848
222.62591552734375,166.1792755126953,4.219867706298828
222.4586181640625,166.05361938476562,4.21314811706543
222.2923583984375,165.93106079101562,4.206619739532471
222.12710571289065,165.8115692138672,4.200206279754639
221.96292114257812,165.69512939453125,4.1938700675964355
221.79981994628903,165.58172607421875,4.187572002410889
221.6377716064453,165.47145080566406,4.181170463562012
221.4768829345703,165.36436462402344,4.174459934234619
221.31739807128903,165.26011657714844,4.167605400085449
221.1594085693359,165.15859985351562,4.161256790161133
221.0026702880859,165.06007385253906,4.15548038482666
220.8472137451172,164.96424865722656,4.150081157684326
220.6931915283203,164.87098693847656,4.144848823547363
220.5406494140625,164.78021240234375,4.139707565307617
220.38961791992188,164.69174194335938,4.134772300720215
220.2396697998047,164.6057586669922,4.12966251373291
220.09083557128903,164.52174377441406,4.124716281890869
219.94276428222656,164.43991088867188,4.119847297668457
219.7952117919922,164.35971069335938,4.114777565002441
219.64810180664065,164.28077697753906,4.109675884246826
219.5010223388672,164.20321655273438,4.10452938079834
219.35362243652344,164.12677001953125,4.09915018081665
219.2057647705078,164.05087280273438,4.093570709228516
219.05674743652344,163.97543334960938,4.08799409866333
218.906005859375,163.90017700195312,4.082533836364746
218.75306701660156,163.82489013671875,4.077180862426758
218.59754943847656,163.74951171875,4.071842193603516
218.43914794921875,163.6739501953125,4.066427230834961
218.2777099609375,163.59817504882812,4.060825824737549
218.11312866210935,163.5222930908203,4.055044174194336
217.94541931152344,163.4464569091797,4.048906326293945
217.77471923828125,163.37057495117188,4.042293548583984
217.6009521484375,163.29466247558594,4.0352020263671875
217.42385864257812,163.21836853027344,4.027741432189941
217.2430725097656,163.1411590576172,4.020350933074951
217.0578155517578,163.06314086914062,4.013205528259277
216.8677673339844,162.98390197753906,4.006257057189941
216.6725311279297,162.90342712402344,3.999302387237549
216.47178649902344,162.82176208496094,3.991870880126953
216.265625,162.73858642578125,3.9840166568756104
216.05389404296875,162.65428161621094,3.975515842437744
215.8368377685547,162.56887817382812,3.96642804145813
215.6145782470703,162.4824676513672,3.956895112991333
215.3870391845703,162.39537048339844,3.946896314620972
215.15399169921875,162.30738830566406,3.9366202354431152
214.91476440429688,162.21841430664062,3.926137685775757
214.66876220703125,162.12840270996094,3.915457248687744
214.4156494140625,162.0372772216797,3.904524087905884
214.1555328369141,161.94509887695312,3.893285036087036
213.8889312744141,161.85179138183594,3.881441116333008
213.61607360839844,161.75802612304688,3.869013786315918
213.33737182617188,161.6641387939453,3.856349468231201
213.0536651611328,161.5699005126953,3.8439016342163086
212.7659149169922,161.4754638671875,3.831472873687744
212.4745178222656,161.3815460205078,3.818747520446778
212.17974853515625,161.28810119628906,3.80557918548584
211.88204956054688,161.1947479248047,3.7915077209472656
211.5813140869141,161.10174560546875,3.776888370513916
211.2775726318359,161.00929260253906,3.762230634689331
210.97108459472656,160.9173583984375,3.7481324672698975
210.66183471679688,160.82620239257812,3.734971284866333
210.35012817382812,160.73593139648438,3.7224338054656982
210.03628540039065,160.6461181640625,3.709390878677368
209.7202606201172,160.556884765625,3.695274353027344
209.40228271484375,160.4680938720703,3.680219173431397
209.0828094482422,160.3792266845703,3.6649768352508545
208.76242065429688,160.2902374267578,3.650822877883911
208.4419860839844,160.2018585205078,3.6386539936065674
208.12222290039065,160.1146697998047,3.627481460571289
207.8035888671875,160.0281982421875,3.6159703731536865
207.4864196777344,159.9419708251953,3.6036136150360103
207.17083740234375,159.85610961914062,3.590149164199829
206.85699462890625,159.77081298828125,3.57570481300354
206.54551696777344,159.6854248046875,3.561321258544922
206.23634338378903,159.60031127929688,3.548149824142456
205.92913818359375,159.51611328125,3.53607177734375
205.62387084960935,159.43240356445312,3.524747610092163
205.3204803466797,159.34828186035156,3.5143585205078125
205.0184783935547,159.2655029296875,3.5036308765411377
204.7180328369141,159.18443298339844,3.4912686347961426
204.41995239257812,159.10293579101562,3.477351427078247
204.124267578125,159.02096557617188,3.4625983238220215
203.83050537109375,158.9394989013672,3.4477689266204834
203.53858947753903,158.8584442138672,3.4334752559661865
203.24826049804688,158.777587890625,3.4199256896972656
202.95980834960935,158.69683837890625,3.406954050064087
202.67333984375,158.61624145507812,3.395211935043335
202.3878173828125,158.53668212890625,3.3831005096435547
202.1034240722656,158.45599365234375,3.3708510398864746
201.81996154785156,158.3753662109375,3.3579301834106445
201.53758239746097,158.2945556640625,3.344425916671753
201.2563018798828,158.21299743652344,3.3307864665985107
200.97569274902344,158.1310577392578,3.3172500133514404
200.69552612304688,158.04869079589844,3.30389666557312
200.41563415527344,157.96572875976562,3.290714979171753
200.1356964111328,157.882080078125,3.2774806022644043
199.85508728027344,157.79757690429688,3.2642834186553955
199.5733337402344,157.71189880371094,3.2515273094177246
199.28993225097656,157.62535095214844,3.239305019378662
199.0044403076172,157.53794860839844,3.2269160747528076
198.71661376953125,157.448974609375,3.214148759841919
198.42608642578125,157.35842895507812,3.2010254859924316
198.1324920654297,157.26638793945312,3.1875791549682617
197.83575439453125,157.17271423339844,3.173961639404297
197.53561401367188,157.0773162841797,3.1599276065826416
197.23101806640625,156.98008728027344,3.145630359649658
196.9207305908203,156.88047790527344,3.1311569213867188
196.60398864746097,156.77810668945312,3.116520404815674
196.28048706054688,156.6728057861328,3.101649284362793
195.95004272460935,156.5645294189453,3.0866053104400635
195.6128692626953,156.4529266357422,3.0710554122924805
195.2687835693359,156.33834838867188,3.0550835132598877
194.91790771484375,156.22071838378906,3.0388143062591553
194.560791015625,156.10006713867188,3.0221614837646484
194.19805908203125,155.97647094726562,3.005096435546875
193.83026123046875,155.84986877441406,2.9877302646636963
193.45803833007812,155.72042846679688,2.970118522644043
193.0822601318359,155.5883331298828,2.9522714614868164
192.70362854003903,155.4539794921875,2.9342055320739746
192.32254028320312,155.3177032470703,2.916151762008667
191.93948364257812,155.1797637939453,2.898345470428467
191.55499267578125,155.04049682617188,2.8808414936065674
191.16981506347656,154.90029907226562,2.8633475303649902
190.78465270996097,154.7595672607422,2.8455092906951904
190.4000701904297,154.61863708496094,2.827288866043091
190.0165100097656,154.4779052734375,2.8088440895080566
189.6343536376953,154.3374481201172,2.7902495861053467
189.2539520263672,154.19708251953125,2.7718377113342285
188.87538146972656,154.0568389892578,2.75345516204834
188.498779296875,153.91651916503906,2.7350292205810547
188.1242828369141,153.7763214111328,2.716564416885376
187.75192260742188,153.6361846923828,2.698880672454834
187.3809509277344,153.49832153320312,2.6806299686431885
187.0122833251953,153.361083984375,2.6600332260131836
186.6465301513672,153.22232055664062,2.6396822929382324
186.28250122070312,153.08425903320312,2.6224207878112793
185.91995239257812,152.94754028320312,2.6088407039642334
185.5591583251953,152.81289672851562,2.5945897102355957
185.200927734375,152.6785125732422,2.578197240829468
184.8444976806641,152.54464721679688,2.557914972305298
184.49020385742188,152.41026306152344,2.534888505935669
184.13914489746097,152.27572631835938,2.512810707092285
183.79042053222656,152.14283752441406,2.49392032623291
183.44371032714844,152.010986328125,2.478601455688477
183.0982208251953,151.8802032470703,2.464158535003662
182.75425720214844,151.7489471435547,2.448744773864746
182.4122009277344,151.61692810058594,2.4316418170928955
182.07225036621097,151.4847869873047,2.4129979610443115
181.7347869873047,151.35302734375,2.3941352367401123
181.3997344970703,151.2216796875,2.376025915145874
181.0669708251953,151.0907745361328,2.3590080738067627
180.73622131347656,150.96017456054688,2.3429417610168457
180.4073486328125,150.8296661376953,2.32748031616211
180.080078125,150.69943237304688,2.3121185302734375
179.7542266845703,150.5694580078125,2.296600580215454
179.42958068847656,150.43971252441406,2.2808713912963867
179.10586547851562,150.3101043701172,2.2651844024658203
178.7828826904297,150.18060302734375,2.249666452407837
178.46041870117188,150.05105590820312,2.2342376708984375
178.13829040527344,149.9214630126953,2.218566656112671
177.8160858154297,149.7915802001953,2.202380418777466
177.49343872070312,149.66114807128906,2.1856491565704346
177.16989135742188,149.52993774414062,2.16869854927063
176.84495544433594,149.39785766601562,2.151777744293213
176.51792907714844,149.26455688476562,2.1348884105682373
176.18788146972656,149.1294403076172,2.1181681156158447
175.85397338867188,148.9925079345703,2.101393938064575
175.5159454345703,148.85348510742188,2.084019660949707
175.17367553710938,148.71212768554688,2.065876722335815
174.82708740234375,148.56822204589844,2.0473272800445557
174.4759979248047,148.42181396484375,2.0287485122680664
174.1204376220703,148.27305603027344,2.010237216949463
173.7605743408203,148.1218719482422,1.992050051689148
173.3969268798828,147.96826171875,1.97362756729126
173.02943420410156,147.81243896484375,1.9548245668411257
172.6581573486328,147.65435791015625,1.935715675354004
172.28326416015625,147.49391174316406,1.916122317314148
171.90480041503906,147.3312530517578,1.8961142301559448
171.52294921875,147.16636657714844,1.8757455348968504
171.13787841796875,146.99879455566406,1.8554160594940183
170.7497100830078,146.8290557861328,1.8355469703674316
170.3587646484375,146.6570587158203,1.8162015676498413
169.96536254882812,146.4829559326172,1.7966856956481934
169.56976318359375,146.3067626953125,1.7768012285232544
169.1722412109375,146.12860107421875,1.7567715644836426
168.7731170654297,145.94869995117188,1.7370727062225342
168.3726806640625,145.76712036132812,1.71775221824646
167.97109985351562,145.5839385986328,1.6984059810638428
167.56861877441406,145.3992462158203,1.678353190422058
167.16563415527344,145.2129364013672,1.657217502593994
166.76255798339844,145.02525329589844,1.6353288888931274
166.35986328125,144.83592224121094,1.613755464553833
165.95779418945312,144.6456298828125,1.5932457447052002
165.55679321289062,144.45465087890625,1.5734342336654663
165.15737915039062,144.2628173828125,1.5535744428634644
164.75994873046875,144.070068359375,1.532950758934021
164.36471557617188,143.87660217285156,1.511772394180298
163.97219848632812,143.68231201171875,1.4908727407455444
163.58261108398438,143.4873809814453,1.4711986780166626
163.19583129882812,143.29150390625,1.453131079673767
162.811767578125,143.09471130371094,1.437163472175598
162.43017578125,142.89808654785156,1.4212740659713743
162.0515899658203,142.70065307617188,1.4046162366867063
161.6755828857422,142.50318908691406,1.387108564376831
161.30213928222656,142.3060760498047,1.3687533140182495
160.93136596679688,142.10914611816406,1.3496707677841189
160.56356811523438,141.91189575195312,1.331524133682251
160.19810485839844,141.71502685546875,1.3143835067749023
159.8352813720703,141.51754760742188,1.2981059551239014
159.47518920898438,141.31863403320312,1.2845619916915894
159.11656188964844,141.12091064453125,1.2706520557403564
158.7607421875,140.92234802246094,1.254746675491333
158.4080047607422,140.72267150878906,1.2368601560592651
158.05853271484375,140.52218627929688,1.2184077501296997
157.7120819091797,140.3214111328125,1.200417160987854
157.36863708496094,140.12062072753906,1.1831884384155271
157.028564453125,139.91949462890625,1.167801022529602
156.69068908691406,139.71890258789062,1.1531373262405396
156.35533142089844,139.51776123046875,1.1383668184280396
156.02276611328125,139.3157958984375,1.1232221126556396
155.69290161132812,139.11338806152344,1.107692003250122
155.3657989501953,138.9107208251953,1.091597318649292
155.04153442382812,138.70785522460938,1.0749956369400024
154.7200927734375,138.5048065185547,1.058058738708496
154.40145874023438,138.3013153076172,1.0414247512817385
154.08543395996094,138.09754943847656,1.025388240814209
153.77198791503906,137.89352416992188,1.0102401971817017
153.46080017089844,137.6895294189453,0.9956326484680176
153.15164184570312,137.4856414794922,0.9810587167739868
152.8444366455078,137.28175354003906,0.9660811424255372
152.53890991210938,137.07798767089844,0.950594425201416
152.23497009277344,136.87403869628906,0.9347381591796876
151.9324493408203,136.66989135742188,0.9193000793457032
151.6305389404297,136.4657440185547,0.904469668865204
151.3288116455078,136.26087951660156,0.890022337436676
151.02655029296875,136.0548553466797,0.875605046749115
150.72305297851562,135.84707641601562,0.8609965443611145
150.4175567626953,135.63705444335938,0.8457387685775757
150.10899353027344,135.42410278320312,0.829973042011261
149.79652404785156,135.20706176757812,0.8140516877174377
149.47946166992188,134.9853515625,0.7982800602912903
149.1573944091797,134.7587127685547,0.782717227935791
148.83042907714844,134.52682495117188,0.7669206857681274
148.4985809326172,134.2896728515625,0.7505725622177124
148.16184997558594,134.047119140625,0.7335726022720337
147.8201446533203,133.7989501953125,0.7161786556243896
147.4736328125,133.54490661621094,0.6986055374145508
147.12234497070312,133.28488159179688,0.6810711622238159
146.7664031982422,133.01895141601562,0.6634987592697144
146.4059600830078,132.7471160888672,0.6456079483032227
146.04107666015625,132.46945190429688,0.6272275447845459
145.6719512939453,132.1859893798828,0.6083247661590576
145.2987060546875,131.89663696289062,0.5890821218490601
144.92169189453125,131.60134887695312,0.5697163343429565
144.54124450683594,131.30030822753906,0.5501751899719238
144.15780639648438,130.99383544921875,0.5302783846855164
143.7718048095703,130.68247985839844,0.5099063515663147
143.38377380371094,130.36663818359375,0.4888162910938263
142.99436950683594,130.0465850830078,0.4669738411903381
142.60414123535156,129.72230529785156,0.444928377866745
142.21328735351562,129.39454650878906,0.4227575659751892
141.82215881347656,129.06370544433594,0.3999479413032532
141.4311981201172,128.72940063476562,0.3766478598117828
141.04043579101562,128.39181518554688,0.3531745672225952
140.6500701904297,128.05081176757812,0.3304550051689148
140.2600860595703,127.7067413330078,0.3084509968757629
139.87039184570312,127.36003112792967,0.2865045964717865
139.48074340820312,127.01110076904295,0.2641986608505249
139.09127807617188,126.65978240966795,0.241371750831604
138.7021942138672,126.30592346191406,0.2184815108776092
138.3130340576172,125.94998168945312,0.1954237222671508
137.9232940673828,125.59222412109376,0.1723160445690155
137.53309631347656,125.23240661621094,0.1489887833595276
137.14266967773438,124.8702163696289,0.1255768835544586
136.75205993652344,124.5057601928711,0.1018552482128143
136.36123657226562,124.13927459716795,0.077221393585205
135.9702606201172,123.77075958251952,0.0515277981758117
135.57931518554688,123.39988708496094,0.02527716755867
135.18881225585938,123.0257568359375,-0.0001231431961059
134.79840087890625,122.64887237548828,-0.0242721140384674
134.40817260742188,122.26943969726562,-0.0476942062377929
134.0185089111328,121.8877410888672,-0.0714953243732452
133.62997436523438,121.50360107421876,-0.0960043966770172
133.2428741455078,121.11687469482422,-0.1203931421041488
132.85694885253906,120.72794342041016,-0.1442952305078506
132.4722900390625,120.33696746826172,-0.1672862619161605
132.0890655517578,119.94422912597656,-0.1897423267364502
131.70791625976562,119.5495376586914,-0.2121112495660781
131.32948303222656,119.15281677246094,-0.2346967607736587
130.9542694091797,118.75425720214844,-0.2573692202568054
130.5824737548828,118.35448455810548,-0.2800497412681579
130.21388244628906,117.95417785644533,-0.3033442199230194
129.84889221191406,117.5531997680664,-0.327640026807785
129.48809814453125,117.15104675292967,-0.352303683757782
129.13134765625,116.74796295166016,-0.3765779733657837
128.77804565429688,116.34442901611328,-0.4000834226608276
128.4282989501953,115.9402084350586,-0.4232163429260254
128.08258056640625,115.53510284423828,-0.4466004967689514
127.7406768798828,115.12965393066406,-0.470446228981018
127.4027862548828,114.72404479980467,-0.4939061403274536
127.06800079345705,114.31884002685548,-0.516764223575592
126.73583984375,113.91404724121094,-0.539206326007843
126.40607452392578,113.50952911376952,-0.5616291761398315
126.07831573486328,113.10531616210938,-0.5844753384590149
125.75286102294922,112.70096588134766,-0.6077053546905518
125.42976379394533,112.29637908935548,-0.6313031911849976
125.10891723632812,111.89152526855467,-0.6547343730926514
124.79082489013672,111.4859848022461,-0.6775838136672974
124.47561645507812,111.07958984375,-0.6998542547225952
124.16270446777344,110.67286682128906,-0.7223514318466187
123.85230255126952,110.26563262939452,-0.7452685832977295
123.54470825195312,109.8576889038086,-0.7684783935546875
123.24009704589844,109.44902801513672,-0.7916439771652222
122.93844604492188,109.03976440429688,-0.8145687580108643
122.639404296875,108.63013458251952,-0.8373275995254517
122.34261322021484,108.22040557861328,-0.859817385673523
122.04865264892578,107.81024169921876,-0.8819302320480347
121.75740814208984,107.39977264404295,-0.903568685054779
121.46874237060548,106.98919677734376,-0.9255508184432985
121.18280792236328,106.57850646972656,-0.948303997516632
120.8996353149414,106.16773223876952,-0.9717624187469482
120.6194839477539,105.75652313232422,-0.9950136542320251
120.34207916259766,105.34510040283205,-1.017261266708374
120.06646728515624,104.93385314941406,-1.0387749671936035
119.7927474975586,104.52275848388672,-1.059936761856079
119.5210418701172,104.1120147705078,-1.0817348957061768
119.2516860961914,103.70154571533205,-1.1046007871627808
118.98506927490234,103.29133605957033,-1.127718806266785
118.7204360961914,102.88206481933594,-1.1502106189727783
118.45758819580078,102.47381591796876,-1.1716575622558594
118.19635009765624,102.06642150878906,-1.1923669576644895
117.93648529052734,101.6596908569336,-1.2133910655975342
117.67823028564452,101.25362396240234,-1.2346835136413574
117.42169952392578,100.84839630126952,-1.256054401397705
117.16700744628906,100.444091796875,-1.2776097059249878
116.9142074584961,100.04097747802734,-1.2997102737426758
116.6637191772461,99.63876342773438,-1.3221126794815063
116.41584014892578,99.2370834350586,-1.3442225456237793
116.17033386230467,98.83611297607422,-1.3658682107925415
115.92689514160156,98.43590545654295,-1.3878918886184692
115.68570709228516,98.03653717041016,-1.411481857299805
115.44794464111328,97.63748168945312,-1.436169147491455
115.21379852294922,97.23863220214844,-1.4602051973342896
114.98291778564452,96.8396987915039,-1.4829424619674685
114.7545394897461,96.44105529785156,-1.5043792724609375
114.52928161621094,96.04241943359376,-1.5263259410858154
114.30677795410156,95.6444091796875,-1.550106644630432
114.08641815185548,95.24768829345705,-1.5769357681274414
113.87091064453124,94.8499755859375,-1.6030441522598269
113.6587371826172,94.45230102539062,-1.6251769065856934
113.44845581054688,94.05525207519533,-1.643288016319275
113.24112701416016,93.6583251953125,-1.6606045961380005
113.0352554321289,93.26255798339844,-1.680198311805725
112.83091735839844,92.8675308227539,-1.7029258012771606
112.63121032714844,92.47293853759766,-1.7248388528823853
112.43366241455078,92.08039855957033,-1.7440087795257568
112.23734283447266,91.69007110595705,-1.7595824003219604
112.04129791259766,91.30105590820312,-1.774582028388977
111.84725189208984,90.91256713867188,-1.7900488376617432
111.65531158447266,90.5247573852539,-1.8064666986465456
111.46526336669922,90.13792419433594,-1.8239717483520508
111.27716064453124,89.75231170654297,-1.842244029045105
111.09088134765624,89.36808013916016,-1.860901355743408
110.90658569335938,88.98507690429688,-1.878928065299988
110.7244110107422,88.60308837890625,-1.8957960605621336
110.54426574707033,88.22184753417969,-1.9117355346679688
110.36634063720705,87.8411636352539,-1.9267773628234863
110.19140625,87.46097564697266,-1.942184329032898
110.01874542236328,87.08171081542969,-1.9585378170013428
109.84822082519533,86.70372009277344,-1.9751335382461548
109.6806182861328,86.32682037353516,-1.9913642406463623
109.51599884033205,85.95088195800781,-2.0072426795959473
109.35427856445312,85.57585906982422,-2.0226798057556152
109.19530487060548,85.20175170898438,-2.037234306335449
109.03914642333984,84.828369140625,-2.0509209632873535
108.88568878173828,84.45578002929688,-2.0643248558044434
108.7347412109375,84.08412170410156,-2.07822322845459
108.5863800048828,83.71338653564453,-2.0928173065185547
108.44059753417967,83.34362030029297,-2.108147621154785
108.29714965820312,82.97516632080078,-2.1235527992248535
108.15618133544922,82.60794830322266,-2.1387693881988525
108.01778411865234,82.24191284179688,-2.1537272930145264
107.88176727294922,81.87682342529297,-2.169031143188477
107.7481918334961,81.5125732421875,-2.1847333908081055
107.61678314208984,81.1494140625,-2.200788736343384
107.48757934570312,80.78736114501953,-2.217085361480713
107.36064910888672,80.42644500732422,-2.23323655128479
107.2359390258789,80.066650390625,-2.249178647994995
107.11326599121094,79.70802307128906,-2.2650341987609863
106.99268341064452,79.3505630493164,-2.2811472415924072
106.8740005493164,78.99441528320312,-2.2976059913635254
106.7574234008789,78.63953399658203,-2.314253330230713
106.642822265625,78.28591918945312,-2.3307971954345703
106.52996826171876,77.93365478515625,-2.3470637798309326
106.41879272460938,77.582763671875,-2.3628664016723633
106.30919647216795,77.23323059082031,-2.378080368041992
106.2011260986328,76.885009765625,-2.3927650451660156
106.09608459472656,76.53758239746094,-2.4056236743927
105.99168395996094,76.19163513183594,-2.4167275428771973
105.88712310791016,75.8476333618164,-2.4294371604919434
105.78491973876952,75.50480651855469,-2.44390606880188
105.6843719482422,75.16336822509766,-2.459805488586426
105.58503723144533,74.82340240478516,-2.4758284091949463
105.48672485351562,74.48478698730469,-2.491194009780884
105.3891830444336,74.14749908447266,-2.5058681964874268
105.29286193847656,73.8115234375,-2.5187864303588867
105.19630432128906,73.47657012939453,-2.53104305267334
105.10018157958984,73.14178466796875,-2.5444133281707764
105.00559997558594,72.80677032470703,-2.5589678287506104
104.91203308105467,72.47154235839844,-2.574486494064331
104.8191375732422,72.13578796386719,-2.5904831886291504
104.72672271728516,71.79894256591797,-2.6064372062683105
104.63452911376952,71.46050262451172,-2.622009515762329
104.54248046875,71.12007904052734,-2.637238025665283
104.45030212402344,70.77734375,-2.6522748470306396
104.3577651977539,70.43196868896484,-2.6674859523773193
104.26492309570312,70.08344268798828,-2.6832473278045654
104.1714859008789,69.73121643066406,-2.6997268199920654
104.07730102539062,69.37450408935547,-2.7168102264404297
103.98238372802734,69.01248168945312,-2.733726501464844
103.8864288330078,68.64491271972656,-2.7503788471221924
103.78925323486328,68.2718734741211,-2.7669718265533447
103.69080352783205,67.8934326171875,-2.7840452194213867
103.5910415649414,67.50936126708984,-2.8018670082092285
103.48976135253906,67.11909484863281,-2.820284366607666
103.38683319091795,66.72186279296875,-2.838841676712036
103.28214263916016,66.31715393066406,-2.857393980026245
103.17552947998048,65.90475463867188,-2.8761703968048096
103.06706237792967,65.48450469970703,-2.895440101623535
102.95665740966795,65.05614471435547,-2.915290117263794
102.8442611694336,64.61918640136719,-2.9355084896087646
102.72997283935548,64.17343139648438,-2.9561328887939453
102.61376190185548,63.71880340576172,-2.977337121963501
102.49527740478516,63.255279541015625,-2.9990739822387695
102.37462615966795,62.78271484375,-3.021036386489868
102.2518310546875,62.301151275634766,-3.0428483486175537
102.1270980834961,61.810977935791016,-3.0645453929901123
102.00088500976562,61.31277084350586,-3.0865159034729004
101.87290954589844,60.807106018066406,-3.1089978218078613
101.74305725097656,60.294185638427734,-3.1317732334136963
101.6116714477539,59.774017333984375,-3.1545610427856445
101.47879028320312,59.24676132202149,-3.177398681640625
101.34445190429688,58.71261215209961,-3.200500011444092
101.20864868164062,58.171730041503906,-3.2241499423980713
101.0713348388672,57.62409973144531,-3.248088121414185
100.93254089355467,57.069881439208984,-3.2720909118652344
100.792236328125,56.509517669677734,-3.2962825298309326
100.65044403076172,55.943485260009766,-3.3211116790771484
100.50743103027344,55.371864318847656,-3.346416473388672
100.36324310302734,54.79484176635742,-3.371788024902344
100.21755981445312,54.212852478027344,-3.397129535675049
100.07061767578124,53.62629699707031,-3.422679662704468
99.92259979248048,53.035369873046875,-3.4486377239227295
99.7734603881836,52.4401741027832,-3.4748334884643555
99.62291717529295,51.84077453613281,-3.5008697509765625
99.47091674804688,51.23738098144531,-3.5270023345947266
99.3176727294922,50.630130767822266,-3.5534231662750244
99.16307830810548,50.01921463012695,-3.5800669193267822
99.00701141357422,49.40486145019531,-3.60688591003418
98.84930419921876,48.78731155395508,-3.6340651512146
98.68985748291016,48.16667938232422,-3.661614418029785
98.52864074707033,47.54304504394531,-3.689207077026367
98.3656234741211,46.91667938232422,-3.716907024383545
98.20077514648438,46.287872314453125,-3.744941234588623
98.03401947021484,45.65681457519531,-3.7732396125793457
97.86532592773438,45.02363967895508,-3.801485776901245
97.69476318359376,44.38844299316406,-3.8293259143829346
97.52249145507812,43.751461029052734,-3.857053279876709
97.3487548828125,43.11283493041992,-3.884933471679687
97.17363739013672,42.47264862060547,-3.912964105606079
96.99713134765624,41.83091735839844,-3.940864324569702
96.81926727294922,41.18766784667969,-3.969029426574707
96.64044189453124,40.54286193847656,-3.997835159301758
96.46054077148438,39.89659118652344,-4.027154922485352
96.27962493896484,39.24907302856445,-4.056801795959473
96.09768676757812,38.600772857666016,-4.086923122406006
95.91495513916016,37.95232009887695,-4.117390155792236
95.73169708251952,37.30438232421875,-4.148132801055908
95.54824829101562,36.65751647949219,-4.179478645324707
95.36453247070312,36.012184143066406,-4.211495399475098
95.18053436279295,35.368690490722656,-4.2438225746154785
94.9966049194336,34.72712326049805,-4.276593208312988
94.8127212524414,34.087589263916016,-4.309854507446289
94.62886810302734,33.450340270996094,-4.343320369720459
94.44513702392578,32.81547546386719,-4.376909255981445
94.26155090332033,32.18304443359375,-4.410613059997559
94.07805633544922,31.553165435791016,-4.444365501403809
93.89468383789062,30.925954818725582,-4.477961540222168
93.71135711669922,30.301496505737305,-4.511435031890869
93.52814483642578,29.67979621887207,-4.544878959655762
93.34517669677734,29.06078338623047,-4.578075885772705
93.16219329833984,28.444520950317383,-4.6108078956604
92.97923278808594,27.831024169921875,-4.643603801727295
92.79645538330078,27.22022247314453,-4.677000999450684
92.61414337158205,26.612071990966797,-4.71112060546875
92.43207550048828,26.00663375854492,-4.745943069458008
92.25013732910156,25.40392684936523,-4.781500816345215
92.06887817382812,24.803464889526367,-4.817403316497803
91.88806915283205,24.20537567138672,-4.853106498718262
91.70789337158205,23.609708786010746,-4.888771057128906
91.52837371826172,23.01614761352539,-4.925073623657227
91.34950256347656,22.42498016357422,-4.961878776550293
91.1712646484375,21.836444854736328,-4.998990058898926
90.99359130859376,21.250581741333008,-5.036685466766357
90.81617736816406,20.667255401611328,-5.075122356414795
90.63822174072266,20.086811065673828,-5.114140510559082
90.45999145507812,19.50921630859375,-5.154755592346191
90.28325653076172,18.93347930908203,-5.195614814758301
90.10652923583984,18.360366821289062,-5.234237194061279
89.92800903320312,17.790422439575195,-5.271445274353027
89.7491455078125,17.222728729248047,-5.3091721534729
89.57160949707031,16.657352447509766,-5.348021984100342
89.39478302001953,16.095489501953125,-5.385892868041992
89.21697235107422,15.537352561950684,-5.423642635345459
89.03850555419922,14.982535362243652,-5.461598873138428
88.86082458496094,14.429951667785645,-5.500020503997803
88.68357849121094,13.87972927093506,-5.538264751434326
88.50588989257812,13.331869125366213,-5.576363563537598
88.3282241821289,12.786288261413574,-5.613948822021484
88.15083312988281,12.2431640625,-5.651549339294434
87.97370910644531,11.702797889709473,-5.689673900604248
87.79737854003906,11.165423393249512,-5.727810859680176
87.6219253540039,10.631020545959473,-5.765937805175781
87.44730377197266,10.099498748779297,-5.803995609283447
87.27330017089844,9.570449829101562,-5.84224796295166
87.10023498535156,9.043559074401855,-5.880850315093994
86.92814636230469,8.51882553100586,-5.919865131378174
86.75700378417969,7.996276378631592,-5.9594340324401855
86.58821868896484,7.4756598472595215,-5.998465538024902
86.42078399658203,6.957273960113525,-6.035999774932861
86.25394439697266,6.4412031173706055,-6.073683738708496
86.08882904052734,5.927276611328125,-6.111753940582275
85.9257583618164,5.415867328643799,-6.1497802734375
85.7643051147461,4.906684398651123,-6.187829494476318
85.60462951660156,4.3993730545043945,-6.226134300231934
85.44684600830078,3.8937699794769287,-6.2648091316223145
85.29096221923828,3.3898720741271973,-6.303528308868408
85.13687896728516,2.887686967849731,-6.34200382232666
84.9844741821289,2.387094736099243,-6.380343437194824
84.83368682861328,1.887921690940857,-6.418829917907715
84.68450164794922,1.3901740312576294,-6.457423686981201
84.536865234375,0.8938840627670288,-6.496048450469971
84.39070129394531,0.3990419507026672,-6.534615993499756
84.24593353271484,-0.0943857803940773,-6.57306432723999
84.10203552246094,-0.5863993167877197,-6.611516952514648
83.95899963378906,-1.0770896673202517,-6.65029239654541
83.81704711914062,-1.5665767192840576,-6.689141273498535
83.67578887939453,-2.054776668548584,-6.727705955505371
83.53507232666016,-2.5416743755340576,-6.765890121459961
83.39485931396484,-3.027415990829468,-6.8041276931762695
83.25519561767578,-3.512057065963745,-6.842800617218018
83.11617279052734,-3.995573759078979,-6.882059097290039
82.97779846191406,-4.477869510650635,-6.921195983886719
82.83987426757812,-4.958925247192383,-6.959401607513428
82.702392578125,-5.438961982727051,-6.996531009674072
82.56539916992188,-5.917964935302734,-7.032808303833008
82.4285659790039,-6.395648002624512,-7.069525718688965
82.29237365722656,-6.8720598220825195,-7.107076168060303
82.15715789794922,-7.347051620483398,-7.1451568603515625
82.0226821899414,-7.820456027984619,-7.1835618019104
81.8890609741211,-8.292312622070312,-7.221665859222412
81.75597381591797,-8.762598991394043,-7.259801864624023
81.62348937988281,-9.23138427734375,-7.298835754394531
81.49214172363281,-9.698612213134766,-7.338584899902344
81.36178588867188,-10.163960456848145,-7.379068374633789
81.23273468017578,-10.627374649047852,-7.419636249542236
81.10496520996094,-11.08864688873291,-7.45957088470459
80.97845458984375,-11.547842979431152,-7.49878978729248
80.85331726074219,-12.005067825317385,-7.537752628326416
80.72926330566406,-12.46009922027588,-7.576543807983398
80.60628509521484,-12.912808418273926,-7.615179538726807
80.48443603515625,-13.363181114196776,-7.653427600860596
80.36388397216797,-13.811097145080566,-7.691152572631836
80.24451446533203,-14.256591796875,-7.728554725646973
80.1263656616211,-14.699750900268556,-7.765678882598877
80.00935363769531,-15.140630722045898,-7.802682399749756
79.89363861083984,-15.579306602478027,-7.839300155639648
79.77915954589844,-16.015817642211914,-7.875156402587891
79.66576385498047,-16.450220108032227,-7.910575866699219
79.55348205566406,-16.882461547851562,-7.945998191833496
79.44237518310547,-17.312498092651367,-7.981531620025635
79.33241271972656,-17.740285873413086,-8.016961097717285
79.22356414794922,-18.165611267089844,-8.051756858825684
79.11587524414062,-18.58850860595703,-8.086077690124512
79.00922393798828,-19.0090389251709,-8.120306968688965
78.90348052978516,-19.42728805541992,-8.155055046081543
78.79859161376953,-19.843252182006836,-8.190494537353516
78.69469451904297,-20.256839752197266,-8.226099014282227
78.59208679199219,-20.66833114624023,-8.26132869720459
78.49031066894531,-21.077701568603516,-8.296049118041992
78.38922119140625,-21.484960556030273,-8.330716133117676
78.28887939453125,-21.890064239501953,-8.365425109863281
78.18925476074219,-22.29287338256836,-8.399911880493164
78.09021759033203,-22.69331741333008,-8.433903694152832
77.99173736572266,-23.091312408447266,-8.467439651489258
77.8938980102539,-23.48671531677246,-8.500757217407227
77.79663848876953,-23.87965202331543,-8.53409481048584
77.69991302490234,-24.270170211791992,-8.567651748657227
77.603515625,-24.658157348632812,-8.601324081420898
77.50720977783203,-25.043493270874023,-8.634718894958496
77.41129302978516,-25.42638397216797,-8.6677885055542
77.3156509399414,-25.80701065063477,-8.70063304901123
77.22003936767578,-26.18543815612793,-8.733671188354492
77.12474822998047,-26.561626434326172,-8.766887664794922
77.02971649169922,-26.935434341430664,-8.800134658813477
76.934814453125,-27.30677795410156,-8.833430290222168
76.84004211425781,-27.675642013549805,-8.866780281066895
76.74539947509766,-28.041967391967773,-8.900080680847168
76.65083312988281,-28.405731201171875,-8.933231353759766
76.55648040771484,-28.767061233520508,-8.966078758239746
76.4622573852539,-29.12604331970215,-8.998591423034668
76.36805725097656,-29.482650756835938,-9.030722618103027
76.2740249633789,-29.83690643310547,-9.06248950958252
76.18018341064453,-30.18877220153809,-9.093866348266602
76.08650970458984,-30.538225173950195,-9.124903678894045
75.99279022216797,-30.885204315185547,-9.155948638916016
75.89937591552734,-31.22989273071289,-9.187162399291992
75.80647277832031,-31.572288513183594,-9.218217849731444
75.71376037597656,-31.912342071533203,-9.248948097229004
75.62203216552734,-32.250389099121094,-9.278258323669434
75.52963256835938,-32.58612060546875,-9.307099342346191
75.43743133544922,-32.91987609863281,-9.336076736450195
75.3460464477539,-33.25175094604492,-9.36532497406006
75.25483703613281,-33.58165740966797,-9.394869804382324
75.16382598876953,-33.909671783447266,-9.424365997314451
75.07295989990234,-34.235836029052734,-9.453699111938477
74.98214721679688,-34.559967041015625,-9.482638359069824
74.89119720458984,-34.881656646728516,-9.510753631591797
74.79972076416016,-35.201271057128906,-9.538562774658203
74.7081527709961,-35.51904296875,-9.566383361816406
74.61644744873047,-35.83493423461914,-9.59443473815918
74.5244140625,-36.14883804321289,-9.62270164489746
74.43204498291016,-36.46066665649414,-9.65091323852539
74.33946990966797,-36.770477294921875,-9.67885684967041
74.2466812133789,-37.07830047607422,-9.706436157226562
74.15357971191406,-37.384185791015625,-9.73369598388672
74.06018829345703,-37.68822479248047,-9.760814666748049
73.96644592285156,-37.99045944213867,-9.787867546081545
73.87236785888672,-38.29093551635742,-9.814875602722168
73.77826690673828,-38.589839935302734,-9.841434478759766
73.68428802490234,-38.88780975341797,-9.864394187927246
73.5871810913086,-39.18374252319336,-9.887324333190918
73.49002838134766,-39.47841262817383,-9.911369323730469
73.39348602294922,-39.77204895019531,-9.936186790466309
73.29666137695312,-40.06436538696289,-9.961541175842283
73.1987075805664,-40.35483169555664,-9.988059043884276
73.10041809082031,-40.64371109008789,-10.016098976135254
73.00192260742188,-40.93114471435547,-10.04400634765625
72.90298461914062,-41.21691131591797,-10.070862770080566
72.80319213867188,-41.50069808959961,-10.09591579437256
72.70195770263672,-41.78252410888672,-10.119290351867676
72.59967803955078,-42.063236236572266,-10.14248752593994
72.49736022949219,-42.34309387207031,-10.165241241455078
72.39387512207031,-42.621620178222656,-10.188018798828123
72.2890625,-42.89848709106445,-10.211936950683594
72.18389892578125,-43.1736946105957,-10.236579895019531
72.07785034179688,-43.446495056152344,-10.26186752319336
71.97151184082031,-43.71682357788086,-10.287109375
71.86453247070312,-43.9844856262207,-10.312570571899414
71.75701904296875,-44.24964141845703,-10.338769912719728
71.64969635009766,-44.51248550415039,-10.365227699279783
71.54248046875,-44.77285385131836,-10.390405654907228
71.43439483642578,-45.03055953979492,-10.41432762145996
71.32548522949219,-45.2858772277832,-10.437670707702637
71.21610260009766,-45.5390739440918,-10.461277961730955
71.10675048828125,-45.79003143310547,-10.484525680541992
70.99665069580078,-46.03842544555664,-10.50753402709961
70.8858413696289,-46.28452682495117,-10.531133651733398
70.77510070800781,-46.52836990356445,-10.555606842041016
70.66423034667969,-46.76963424682617,-10.580768585205078
70.553466796875,-47.00818634033203,-10.605902671813965
70.44226837158203,-47.243743896484375,-10.631023406982422
70.33133697509766,-47.47673416137695,-10.65597152709961
70.22071075439453,-47.7076301574707,-10.680459022521973
70.10966491699219,-47.936065673828125,-10.704373359680176
69.99849700927734,-48.16214370727539,-10.727457046508787
69.88722229003906,-48.385948181152344,-10.749833106994627
69.77587127685547,-48.607635498046875,-10.771883010864258
69.66448211669922,-48.82744598388672,-10.793920516967772
69.55282592773438,-49.04552459716797,-10.815403938293455
69.44094848632812,-49.26201248168945,-10.837007522583008
69.32874298095703,-49.477291107177734,-10.859091758728027
69.21598052978516,-49.691619873046875,-10.881712913513184
69.1026840209961,-49.90519714355469,-10.904722213745115
68.98908233642578,-50.118255615234375,-10.92733383178711
68.8746566772461,-50.33084487915039,-10.949348449707031
68.75919342041016,-50.54346466064453,-10.97103214263916
68.64244842529297,-50.7569580078125,-10.992511749267578
68.52401733398438,-50.97195053100586,-11.014077186584473
68.40396118164062,-51.188941955566406,-11.03567123413086
68.28203582763672,-51.4079704284668,-11.057438850402832
68.15808868408203,-51.629051208496094,-11.079585075378418
68.03211212158203,-51.852294921875,-11.102238655090332
67.90393829345703,-52.07774353027344,-11.12534523010254
67.77327728271484,-52.305328369140625,-11.14884090423584
67.64041900634766,-52.53511428833008,-11.172778129577637
67.50525665283203,-52.76706314086914,-11.196918487548828
67.3676986694336,-53.00105667114258,-11.221047401428224
67.22759246826172,-53.23691940307617,-11.245487213134766
67.0851058959961,-53.47472381591797,-11.270345687866213
66.94035339355469,-53.714561462402344,-11.295634269714355
66.7933120727539,-53.95643997192383,-11.321295738220217
66.64378356933594,-54.2003059387207,-11.347196578979492
66.49166107177734,-54.44607162475586,-11.373570442199709
66.3368911743164,-54.69374084472656,-11.400569915771484
66.17963409423828,-54.9434700012207,-11.427830696105955
66.0198974609375,-55.19529724121094,-11.455141067504885
65.85777282714844,-55.44917678833008,-11.482508659362791
65.69307708740234,-55.70509338378906,-11.509921073913574
65.52545928955078,-55.962684631347656,-11.537965774536133
65.35527801513672,-56.221961975097656,-11.567140579223633
65.18257141113281,-56.482948303222656,-11.59753131866455
65.00723266601562,-56.745731353759766,-11.628694534301758
64.82908630371094,-57.010398864746094,-11.65981101989746
64.64806365966797,-57.27690887451172,-11.69060230255127
64.464111328125,-57.5455207824707,-11.72030258178711
64.27696228027344,-57.81649398803711,-11.748291969299316
64.08616638183594,-58.08940887451172,-11.77549934387207
63.89208221435547,-58.36385726928711,-11.804304122924805
63.696102142333984,-58.6408805847168,-11.834115028381348
63.49799346923828,-58.92026138305664,-11.86465835571289
63.297607421875,-59.20127868652344,-11.896512985229492
63.09552764892578,-59.484107971191406,-11.92882251739502
62.89139175415039,-59.76895904541016,-11.960949897766112
62.68510437011719,-60.05574035644531,-11.992377281188965
62.47661590576172,-60.34422302246094,-12.022991180419922
62.26579666137695,-60.6342658996582,-12.053751945495604
62.053096771240234,-60.92587661743164,-12.085308074951172
61.83857727050781,-61.219051361083984,-12.11772918701172
61.62194061279297,-61.51358795166016,-12.151756286621094
61.40372848510742,-61.80964660644531,-12.186877250671388
61.18396759033203,-62.10695266723633,-12.22227382659912
60.96250915527344,-62.40480422973633,-12.257465362548828
60.7396125793457,-62.70266342163086,-12.29222011566162
60.51518249511719,-62.99980545043945,-12.326885223388672
60.28973388671875,-63.29575729370117,-12.361735343933104
60.06391906738281,-63.5901985168457,-12.396743774414062
59.837833404541016,-63.88270950317383,-12.431632995605469
59.6112060546875,-64.17262268066406,-12.46658420562744
59.38444137573242,-64.45991516113281,-12.501874923706056
59.15786361694336,-64.74454498291016,-12.537206649780272
58.93143081665039,-65.02642822265625,-12.572195053100586
58.705223083496094,-65.30554962158203,-12.606541633605955
58.47926712036133,-65.58206176757812,-12.640129089355469
58.25376892089844,-65.85604858398438,-12.6726713180542
58.02815628051758,-66.12720489501953,-12.70510482788086
57.8030891418457,-66.39601135253906,-12.737815856933594
57.579002380371094,-66.66263580322266,-12.770605087280272
57.35567092895508,-66.92675018310547,-12.80308437347412
57.132816314697266,-67.18790435791016,-12.835878372192385
56.910945892333984,-67.44647979736328,-12.868818283081056
56.69015121459961,-67.70265197753906,-12.901651382446287
56.4704475402832,-67.95668029785156,-12.933969497680664
56.25170135498047,-68.2085189819336,-12.96568202972412
56.03385162353515,-68.45832061767578,-12.997008323669434
55.81721878051758,-68.70616149902344,-13.027750015258787
55.601463317871094,-68.95172882080078,-13.057982444763184
55.38622283935547,-69.19493103027344,-13.08865737915039
55.17220687866211,-69.43621826171875,-13.119739532470703
54.95940399169922,-69.67539978027344,-13.151166915893556
54.74774932861328,-69.91215515136719,-13.182737350463867
54.537208557128906,-70.14654541015625,-13.2140474319458
54.327674865722656,-70.37857818603516,-13.244946479797363
54.11907577514648,-70.60832214355469,-13.275294303894045
53.91147994995117,-70.83588409423828,-13.305130004882812
53.70487976074219,-71.06144714355469,-13.33481788635254
53.49958419799805,-71.28521728515625,-13.36451530456543
53.2957878112793,-71.50724029541016,-13.39411449432373
53.09333419799805,-71.72747802734375,-13.42382526397705
52.89229965209961,-71.9458999633789,-13.453526496887209
52.69257736206055,-72.16233825683594,-13.483036994934082
52.49416732788086,-72.37673950195312,-13.512299537658691
52.297080993652344,-72.58910369873047,-13.541300773620604
52.10136413574219,-72.79952239990234,-13.57021141052246
51.90702438354492,-73.00808715820312,-13.599245071411133
51.714012145996094,-73.21473693847656,-13.628348350524902
51.522308349609375,-73.41949462890625,-13.657238960266112
51.33187103271485,-73.62232208251953,-13.685794830322266
51.14266204833984,-73.8231430053711,-13.713869094848633
50.95461654663086,-74.02202606201172,-13.741552352905272
50.767784118652344,-74.21905517578125,-13.769155502319336
50.58216094970703,-74.41410827636719,-13.796812057495115
50.39778137207031,-74.6072769165039,-13.824565887451172
50.2146110534668,-74.79862213134766,-13.85251235961914
50.03254699707031,-74.98794555664062,-13.88037395477295
49.85170364379883,-75.17532348632812,-13.90789031982422
49.67217254638672,-75.36079406738281,-13.934836387634276
49.493919372558594,-75.54437255859375,-13.96117115020752
49.316802978515625,-75.72592163085938,-13.987420082092283
49.14107894897461,-75.90567779541016,-14.013626098632812
48.96656036376953,-76.08374786376953,-14.0401611328125
48.79303741455078,-76.2601089477539,-14.067030906677246
48.62051010131836,-76.43488311767578,-14.093881607055664
48.448848724365234,-76.6081314086914,-14.120457649230955
48.27791976928711,-76.77986907958984,-14.146578788757324
48.10763168334961,-76.95021057128906,-14.172037124633787
47.93781280517578,-77.11922454833984,-14.19670867919922
47.76813888549805,-77.28681945800781,-14.22118091583252
47.598758697509766,-77.4533920288086,-14.24581527709961
47.42953872680664,-77.61921691894531,-14.270747184753418
47.26009368896485,-77.7844009399414,-14.295873641967772
47.09025573730469,-77.94927215576172,-14.321070671081545
46.919925689697266,-78.11408996582031,-14.346290588378906
46.74889373779297,-78.27904510498047,-14.371569633483888
46.5770263671875,-78.44438171386719,-14.396943092346191
46.40414810180664,-78.6102294921875,-14.42249870300293
46.23017501831055,-78.77668762207031,-14.448318481445312
46.05497741699219,-78.94373321533203,-14.474428176879885
45.87833404541016,-79.11145782470703,-14.500752449035645
45.700096130371094,-79.27997589111328,-14.527186393737791
45.520172119140625,-79.44932556152344,-14.55366039276123
45.33853912353515,-79.61953735351562,-14.580169677734377
45.15524673461914,-79.7906265258789,-14.60672664642334
44.97028732299805,-79.96251678466797,-14.633390426635742
44.78363800048828,-80.1351318359375,-14.66033172607422
44.5953254699707,-80.3084716796875,-14.68771743774414
44.40546417236328,-80.48259735107422,-14.715447425842283
44.21395492553711,-80.65733337402344,-14.74338150024414
44.02082443237305,-80.83256530761719,-14.771435737609863
43.82607650756836,-81.00825500488281,-14.799513816833496
43.62974548339844,-81.18441772460938,-14.827591896057127
43.43191146850586,-81.36105346679688,-14.855761528015137
43.23270797729492,-81.53819274902344,-14.883990287780762
43.032100677490234,-81.71575927734375,-14.91222858428955
42.83000183105469,-81.89366912841797,-14.940600395202637
42.6264533996582,-82.07194519042969,-14.96908187866211
42.4213752746582,-82.25057983398438,-14.99751091003418
42.21461868286133,-82.42955017089844,-15.025982856750488
42.006126403808594,-82.60872650146484,-15.054797172546388
41.795921325683594,-82.7881851196289,-15.08405876159668
41.58395767211914,-82.96794891357422,-15.113581657409668
41.37018966674805,-83.14788818359375,-15.143181800842283
41.15481948852539,-83.32766723632812,-15.172746658325195
40.93827819824219,-83.5068588256836,-15.202173233032228
40.72096252441406,-83.68511199951172,-15.231199264526367
40.50316619873047,-83.86212921142578,-15.259663581848145
40.28507232666016,-84.03773498535156,-15.287588119506836
40.066795349121094,-84.21177673339844,-15.315677642822266
39.84856414794922,-84.38438415527344,-15.34412956237793
39.63044738769531,-84.55553436279297,-15.372836112976074
39.4124870300293,-84.72528839111328,-15.401411056518556
39.19450378417969,-84.8935317993164,-15.429515838623049
38.97638320922851,-85.06024169921875,-15.457408905029297
38.758338928222656,-85.22566223144531,-15.484944343566896
38.54022979736328,-85.38977813720703,-15.512088775634766
38.32186508178711,-85.55266571044922,-15.538893699645996
38.10300827026367,-85.71439361572266,-15.565625190734863
37.88360977172851,-85.87506866455078,-15.592530250549316
37.66362380981445,-86.03453063964844,-15.61988639831543
37.443115234375,-86.19280242919922,-15.647767066955566
37.22216033935547,-86.349853515625,-15.675983428955078
37.00066757202149,-86.50562286376953,-15.7040433883667
36.7785758972168,-86.65985107421875,-15.73183250427246
36.55603790283203,-86.8125,-15.75946044921875
36.33333206176758,-86.96367645263672,-15.786667823791504
36.11053466796875,-87.11320495605469,-15.813125610351562
35.88761520385742,-87.26097869873047,-15.838624000549316
35.664695739746094,-87.40696716308594,-15.863214492797852
35.44198989868164,-87.55089569091797,-15.887947082519531
35.21994400024414,-87.6930923461914,-15.91292667388916
34.99869918823242,-87.8335952758789,-15.937799453735352
34.77812957763672,-87.9721908569336,-15.96262550354004
34.55823516845703,-88.10883331298828,-15.98788070678711
34.33924865722656,-88.24393463134766,-16.013734817504883
34.1213264465332,-88.37772369384766,-16.039901733398438
33.90427780151367,-88.51048278808594,-16.06565284729004
33.68766403198242,-88.64205932617188,-16.09053611755371
33.47126388549805,-88.77256774902344,-16.114736557006836
33.255008697509766,-88.90240478515625,-16.138378143310547
33.038658142089844,-89.03166198730469,-16.161582946777344
32.821861267089844,-89.16043853759766,-16.18437957763672
32.60435485839844,-89.28876495361328,-16.207059860229492
32.386138916015625,-89.4168472290039,-16.22980308532715
32.16683578491211,-89.54470825195312,-16.253192901611328
31.9464111328125,-89.67285919189453,-16.277170181274414
31.724645614624023,-89.80118560791016,-16.301605224609375
31.501453399658203,-89.92970275878906,-16.32611846923828
31.276517868041992,-90.05814361572266,-16.350873947143555
31.049827575683594,-90.18680572509766,-16.375995635986328
30.821271896362305,-90.31597900390624,-16.400915145874023
30.590539932250977,-90.4454574584961,-16.425443649291992
30.357589721679688,-90.57528686523438,-16.44957733154297
30.122474670410156,-90.70548248291016,-16.4735107421875
29.885189056396484,-90.83602905273438,-16.497556686401367
29.645729064941406,-90.96688842773438,-16.522029876708984
29.40417098999023,-91.09808349609376,-16.54673957824707
29.160480499267575,-91.22935485839844,-16.571548461914062
28.914642333984375,-91.36046600341795,-16.596500396728516
28.66689109802246,-91.4914779663086,-16.621335983276367
28.41752815246582,-91.62244415283205,-16.646080017089844
28.16656494140625,-91.75289154052734,-16.67072868347168
27.914140701293945,-91.88258361816406,-16.69546127319336
27.660551071166992,-92.0116729736328,-16.72043800354004
27.40599250793457,-92.1400375366211,-16.745819091796875
27.15057373046875,-92.26750946044922,-16.771591186523438
26.894596099853516,-92.3942642211914,-16.797176361083984
26.638011932373047,-92.52013397216795,-16.822463989257812
26.38077163696289,-92.64507293701172,-16.847501754760742
26.12301254272461,-92.76942443847656,-16.87224578857422
25.86463928222656,-92.89299011230467,-16.896556854248047
25.605588912963867,-93.01578521728516,-16.920373916625977
25.34590530395508,-93.13800811767578,-16.943891525268555
25.085609436035156,-93.25965881347656,-16.967391967773438
24.824602127075195,-93.380615234375,-16.990934371948242
24.56292724609375,-93.5009536743164,-17.014583587646484
24.30058479309082,-93.62061309814452,-17.03839683532715
24.037553787231445,-93.73983764648438,-17.062097549438477
23.773784637451172,-93.85880279541016,-17.085163116455078
23.50922584533691,-93.97745513916016,-17.107114791870117
23.24374771118164,-94.09542846679688,-17.128637313842773
22.977537155151367,-94.2131576538086,-17.15024185180664
22.710615158081055,-94.33087158203124,-17.17218780517578
22.442758560180664,-94.44842529296876,-17.194215774536133
22.17380714416504,-94.5657196044922,-17.215978622436523
21.90384864807129,-94.68297576904295,-17.23773956298828
21.632911682128903,-94.80004119873048,-17.259138107299805
21.3610782623291,-94.91727447509766,-17.27989959716797
21.088205337524418,-95.03440856933594,-17.30052375793457
20.814180374145508,-95.1514129638672,-17.321487426757812
20.539077758789062,-95.26847839355467,-17.342830657958984
20.26300621032715,-95.3856201171875,-17.36458396911621
19.98601531982422,-95.50275421142578,-17.386571884155273
19.70809555053711,-95.61979675292967,-17.408504486083984
19.42930603027344,-95.73687744140624,-17.430343627929688
19.149639129638672,-95.8539581298828,-17.45207405090332
18.86901473999023,-95.97093963623048,-17.47368049621582
18.587358474731445,-96.0876235961914,-17.495454788208008
18.30472183227539,-96.2041473388672,-17.517839431762695
18.02120590209961,-96.32069396972656,-17.540964126586914
17.736875534057617,-96.4375457763672,-17.564300537109375
17.451602935791016,-96.55441284179688,-17.58756446838379
17.165348052978516,-96.67103576660156,-17.61064910888672
16.878223419189453,-96.78785705566406,-17.63334083557129
16.59012794494629,-96.90476989746094,-17.65528106689453
16.300933837890625,-97.02146911621094,-17.676637649536133
16.010774612426758,-97.13796997070312,-17.69838523864746
15.719717025756836,-97.25460052490234,-17.720661163330078
15.427650451660156,-97.37144470214844,-17.743305206298828
15.134390830993652,-97.48844146728516,-17.765945434570312
14.839666366577148,-97.6054458618164,-17.78805160522461
14.543819427490234,-97.72298431396484,-17.809572219848633
14.246977806091309,-97.84102630615234,-17.83012580871582
13.948960304260254,-97.9591064453125,-17.85023307800293
13.649791717529297,-98.07742309570312,-17.870393753051758
13.349448204040527,-98.19638061523438,-17.89039421081543
13.047688484191896,-98.31526947021484,-17.91032600402832
12.74473476409912,-98.43409729003906,-17.93024444580078
12.441025733947754,-98.55365753173828,-17.950143814086914
12.136540412902832,-98.67369842529295,-17.970151901245117
11.831253051757812,-98.79405212402344,-17.99056625366211
11.525172233581545,-98.91484832763672,-18.011253356933594
11.218104362487791,-99.03605651855467,-18.031312942504883
10.910004615783691,-99.157470703125,-18.050153732299805
10.600878715515137,-99.27890014648438,-18.067642211914062
10.291119575500488,-99.40074920654295,-18.08485984802246
9.98076343536377,-99.52301788330078,-18.10247039794922
9.669634819030762,-99.6454849243164,-18.12053871154785
9.35749340057373,-99.76793670654295,-18.13875961303711
9.044615745544434,-99.89054107666016,-18.156869888305664
8.73134708404541,-100.0134048461914,-18.174041748046875
8.41737174987793,-100.13605499267578,-18.190385818481445
8.102648735046387,-100.2586898803711,-18.206605911254883
7.787418842315674,-100.38176727294922,-18.223222732543945
7.471480846405029,-100.50542449951172,-18.238832473754883
7.1545515060424805,-100.62920379638672,-18.25273895263672
6.836728572845459,-100.75285339355467,-18.264896392822266
6.518350601196289,-100.87638092041016,-18.276987075805664
6.199419975280762,-101.00016784667967,-18.289203643798828
5.879826068878174,-101.1242446899414,-18.301349639892575
5.559488773345947,-101.24819946289062,-18.31397247314453
5.238777160644531,-101.37269592285156,-18.326622009277344
4.917906284332275,-101.49771118164062,-18.33810043334961
4.596619129180908,-101.6224594116211,-18.34865379333496
4.274960041046143,-101.74723052978516,-18.358861923217773
3.9527664184570312,-101.87198638916016,-18.36924743652344
3.6301424503326416,-101.99694061279295,-18.37981605529785
3.307159423828125,-102.1220474243164,-18.390403747558594
2.983748197555542,-102.24710083007812,-18.40100479125977
2.6599738597869873,-102.37224578857422,-18.411666870117188
2.3359410762786865,-102.49766540527344,-18.42232894897461
2.0116729736328125,-102.62364196777344,-18.431930541992188
1.6868255138397217,-102.74876403808594,-18.44147491455078
1.3619602918624878,-102.87379455566406,-18.451812744140625
1.037444829940796,-102.99911499023438,-18.46306610107422
0.7133704423904419,-103.12439727783205,-18.475067138671875
0.3899663984775543,-103.24967193603516,-18.48708152770996
0.067475214600563,-103.37456512451172,-18.498451232910156
-0.2536558210849762,-103.49890899658205,-18.50860023498535
-0.5731393694877625,-103.62252807617188,-18.51728248596191
-0.8910617828369141,-103.7452163696289,-18.525787353515625
-1.2070236206054688,-103.8673858642578,-18.53507423400879
-1.5207802057266235,-103.98902893066406,-18.545183181762695
-1.832045078277588,-104.1101531982422,-18.55577850341797
-2.1404271125793457,-104.2306900024414,-18.56618881225586
-2.4457857608795166,-104.35031127929688,-18.57560157775879
-2.748354911804199,-104.46891021728516,-18.584056854248047
-3.0481204986572266,-104.58715057373048,-18.591293334960938
-3.345269680023194,-104.705078125,-18.59681701660156
-3.6399645805358887,-104.8220672607422,-18.601579666137695
-3.9321603775024414,-104.93814849853516,-18.6072998046875
-4.221340656280518,-105.05458068847656,-18.613574981689453
-4.507498264312744,-105.17086791992188,-18.619070053100582
-4.790987491607666,-105.28656768798828,-18.62325096130371
-5.071651458740234,-105.40245056152344,-18.62506866455078
-5.350090503692627,-105.51725769042967,-18.6265926361084
-5.625597953796387,-105.63230895996094,-18.629215240478516
-5.897664546966553,-105.74748992919922,-18.63287353515625
-6.166395664215088,-105.86284637451172,-18.636625289916992
-6.432184219360352,-105.97815704345705,-18.640972137451172
-6.6949462890625,-106.0929946899414,-18.645967483520508
-6.954214096069336,-106.2080535888672,-18.651601791381836
-7.209788799285889,-106.32327270507812,-18.656925201416016
-7.4617390632629395,-106.43778228759766,-18.66132545471191
-7.710270404815674,-106.5515365600586,-18.66435813903809
-7.955955982208252,-106.66480255126952,-18.66657257080078
-8.199284553527832,-106.77774047851562,-18.66921615600586
-8.439861297607422,-106.89070129394533,-18.67224884033203
-8.677586555480957,-107.0032958984375,-18.67524147033691
-8.912874221801758,-107.1151351928711,-18.67869758605957
-9.145334243774414,-107.22681427001952,-18.68296813964844
-9.374813079833984,-107.33809661865234,-18.68764877319336
-9.601350784301758,-107.44857025146484,-18.691814422607425
-9.825119972229004,-107.5581283569336,-18.69524383544922
-10.046335220336914,-107.66678619384766,-18.698318481445312
-10.265010833740234,-107.77455139160156,-18.70134735107422
-10.48106288909912,-107.88150024414062,-18.704002380371097
-10.694830894470217,-107.98746490478516,-18.706295013427734
-10.906493186950684,-108.09278106689452,-18.70848274230957
-11.116252899169922,-108.19766235351562,-18.710453033447266
-11.324520111083984,-108.30204010009766,-18.712390899658203
-11.531692504882812,-108.4063949584961,-18.71414375305176
-11.738183975219728,-108.51082611083984,-18.71561050415039
-11.944161415100098,-108.615478515625,-18.71673583984375
-12.149693489074709,-108.72049713134766,-18.717649459838867
-12.354850769042969,-108.826171875,-18.718446731567383
-12.55978298187256,-108.93286895751952,-18.71894645690918
-12.76480197906494,-109.0405731201172,-18.71912956237793
-12.96999168395996,-109.14950561523438,-18.71938705444336
-13.175470352172852,-109.25985717773438,-18.719783782958984
-13.38139820098877,-109.3719482421875,-18.71999168395996
-13.587933540344238,-109.48619842529295,-18.719680786132812
-13.795442581176758,-109.60099792480467,-18.719621658325195
-14.003538131713867,-109.71736145019533,-18.719858169555664
-14.212233543395996,-109.83612823486328,-18.719924926757812
-14.421996116638184,-109.95569610595705,-18.719907760620117
-14.632442474365234,-110.0768585205078,-18.719741821289062
-14.843755722045898,-110.19937133789062,-18.719179153442383
-15.0562105178833,-110.32289123535156,-18.71834945678711
-15.269872665405272,-110.44754028320312,-18.71746826171875
-15.48481273651123,-110.5732192993164,-18.716657638549805
-15.701020240783691,-110.6998291015625,-18.715917587280273
-15.918347358703612,-110.82745361328124,-18.71522521972656
-16.13661003112793,-110.95614624023438,-18.714534759521484
-16.35578727722168,-111.08568572998048,-18.713733673095703
-16.57584571838379,-111.21604919433594,-18.71283531188965
-16.79679298400879,-111.34715270996094,-18.711923599243164
-17.018619537353516,-111.47897338867188,-18.710908889770508
-17.2413330078125,-111.61151885986328,-18.709566116333008
-17.46497344970703,-111.74473571777344,-18.70781707763672
-17.689472198486328,-111.87862396240234,-18.705747604370117
-17.91473388671875,-112.0131607055664,-18.703641891479492
-18.140607833862305,-112.14913940429688,-18.701107025146484
-18.367431640625,-112.28589630126952,-18.697675704956055
-18.59516334533691,-112.42290496826172,-18.694555282592773
-18.823402404785156,-112.56107330322266,-18.69210624694824
-19.052324295043945,-112.70020294189452,-18.690277099609375
-19.281831741333008,-112.84040069580078,-18.68861389160156
-19.51176071166992,-112.98167419433594,-18.68648147583008
-19.74248695373535,-113.12380981445312,-18.683643341064453
-19.973852157592773,-113.2668914794922,-18.68016242980957
-20.205747604370117,-113.41082000732422,-18.676721572875977
-20.43798828125,-113.55589294433594,-18.67359733581543
-20.670578002929688,-113.70206451416016,-18.670902252197266
-20.903528213500977,-113.8491439819336,-18.668567657470703
-21.136798858642575,-113.99716186523438,-18.666330337524418
-21.370315551757812,-114.14611053466795,-18.664018630981445
-21.603979110717773,-114.29610443115234,-18.661558151245117
-21.837791442871097,-114.4471435546875,-18.658863067626953
-22.071792602539062,-114.59915161132812,-18.65583038330078
-22.30603790283203,-114.75201416015624,-18.652563095092773
-22.54047966003418,-114.90576934814452,-18.64933204650879
-22.775142669677734,-115.0604019165039,-18.646329879760746
-23.010055541992188,-115.21585083007812,-18.643545150756836
-23.24518585205078,-115.3720932006836,-18.64075088500977
-23.48052978515625,-115.52912139892578,-18.637676239013672
-23.71596908569336,-115.68709564208984,-18.634387969970703
-23.951459884643555,-115.84602355957033,-18.63099479675293
-24.187103271484375,-116.00569915771484,-18.62729835510254
-24.42292022705078,-116.16614532470705,-18.623287200927734
-24.658971786499023,-116.32732391357422,-18.6191463470459
-24.895362854003903,-116.48912048339844,-18.614717483520508
-25.132144927978516,-116.6515121459961,-18.609779357910156
-25.369169235229492,-116.81459045410156,-18.604244232177734
-25.606426239013672,-116.97814178466795,-18.598539352416992
-25.84387588500977,-117.142333984375,-18.5930118560791
-26.081470489501953,-117.30729675292967,-18.58778190612793
-26.319318771362305,-117.47283172607422,-18.5827693939209
-26.557283401489254,-117.63915252685548,-18.578025817871097
-26.795211791992188,-117.80644989013672,-18.573314666748047
-27.0331974029541,-117.97441864013672,-18.568132400512695
-27.271194458007812,-118.14291381835938,-18.562454223632812
-27.5089168548584,-118.31227111816406,-18.555994033813477
-27.746742248535156,-118.4817886352539,-18.549118041992188
-27.98431968688965,-118.6519012451172,-18.542570114135746
-28.221370697021484,-118.82303619384766,-18.536266326904297
-28.458080291748047,-118.99481201171876,-18.530122756958008
-28.694272994995117,-119.16729736328124,-18.52408218383789
-28.929676055908203,-119.34081268310548,-18.517986297607425
-29.16436004638672,-119.51512145996094,-18.511798858642575
-29.39849090576172,-119.68999481201172,-18.505462646484375
-29.63196182250977,-119.86559295654295,-18.4989013671875
-29.86497688293457,-120.0415496826172,-18.491960525512695
-30.09758758544922,-120.21771240234376,-18.48443031311035
-30.329612731933594,-120.39434051513672,-18.476539611816406
-30.56111717224121,-120.57132720947266,-18.468639373779297
-30.79188537597656,-120.74929809570312,-18.459863662719727
-31.022809982299805,-120.92642974853516,-18.45118522644043
-31.252849578857425,-121.10440063476562,-18.442890167236328
-31.482194900512695,-121.28288269042967,-18.434579849243164
-31.711122512817383,-121.46141815185548,-18.426156997680664
-31.93958854675293,-121.64002990722656,-18.41765594482422
-32.16770935058594,-121.81875610351562,-18.40913963317871
-32.39547348022461,-121.9976577758789,-18.40085220336914
-32.62274169921875,-122.17704010009766,-18.39270782470703
-32.84953689575195,-122.3568344116211,-18.38431739807129
-33.076026916503906,-122.53675842285156,-18.375476837158203
-33.302146911621094,-122.71686553955078,-18.366138458251953
-33.527835845947266,-122.8972625732422,-18.35642433166504
-33.75322341918945,-123.07784271240234,-18.347434997558594
-33.977752685546875,-123.25941467285156,-18.33914566040039
-34.20191192626953,-123.44143676757812,-18.331260681152344
-34.42559814453125,-123.6240234375,-18.323532104492188
-34.648719787597656,-123.80724334716795,-18.315717697143555
-34.8712043762207,-123.99110412597656,-18.307466506958008
-35.092918395996094,-124.1755828857422,-18.298255920410156
-35.31380081176758,-124.3603744506836,-18.287805557250977
-35.534549713134766,-124.54502868652344,-18.2773380279541
-35.75491714477539,-124.73035430908205,-18.267667770385746
-35.974586486816406,-124.91650390625,-18.258562088012695
-36.19384765625,-125.10287475585938,-18.249242782592773
-36.4125862121582,-125.28962707519533,-18.239103317260746
-36.63070297241211,-125.47686767578124,-18.22806930541992
-36.84813690185547,-125.6645736694336,-18.216617584228516
-37.064910888671875,-125.85286712646484,-18.205018997192383
-37.28141021728515,-126.04155731201172,-18.193492889404297
-37.49776840209961,-126.23070526123048,-18.18189239501953
-37.7138671875,-126.4206771850586,-18.170448303222656
-37.929725646972656,-126.61148071289062,-18.15911102294922
-38.14539337158203,-126.8030014038086,-18.147584915161133
-38.36076736450195,-126.99530029296876,-18.135515213012695
-38.575870513916016,-127.18849182128906,-18.123136520385746
-38.79097366333008,-127.38241577148438,-18.110689163208008
-39.006309509277344,-127.57709503173828,-18.09851837158203
-39.2217903137207,-127.7729263305664,-18.08673858642578
-39.43758773803711,-127.96990966796876,-18.075206756591797
-39.653812408447266,-128.16807556152344,-18.063692092895508
-39.8704948425293,-128.3674774169922,-18.052085876464844
-40.08755874633789,-128.56822204589844,-18.040477752685547
-40.30521774291992,-128.77020263671875,-18.028697967529297
-40.52353286743164,-128.9730987548828,-18.016435623168945
-40.74253463745117,-129.17758178710938,-18.003503799438477
-40.96298599243164,-129.38255310058594,-17.990503311157227
-41.18341445922851,-129.5889892578125,-17.978492736816406
-41.40446472167969,-129.79702758789062,-17.96615219116211
-41.626991271972656,-130.0065155029297,-17.95257568359375
-41.85034942626953,-130.2180938720703,-17.938167572021484
-42.07465744018555,-130.43124389648438,-17.923768997192383
-42.30048751831055,-130.64527893066406,-17.909439086914062
-42.52717208862305,-130.86094665527344,-17.895044326782227
-42.75447845458984,-131.0785369873047,-17.88015365600586
-42.9824104309082,-131.2977752685547,-17.864459991455078
-43.21060943603515,-131.51834106445312,-17.848051071166992
-43.43878936767578,-131.74032592773438,-17.830780029296875
-43.66724395751953,-131.96343994140625,-17.812498092651367
-43.89613342285156,-132.18759155273438,-17.7936954498291
-44.1253547668457,-132.41294860839844,-17.77493667602539
-44.3548583984375,-132.63961791992188,-17.756103515625
-44.58457565307617,-132.86770629882812,-17.736900329589844
-44.814476013183594,-133.09716796875,-17.71714210510254
-45.0444450378418,-133.32789611816406,-17.697071075439453
-45.274505615234375,-133.5597686767578,-17.676973342895508
-45.504608154296875,-133.7929229736328,-17.65692138671875
-45.73484420776367,-134.02728271484375,-17.636823654174805
-45.96500396728515,-134.26295471191406,-17.61689567565918
-46.19496536254883,-134.49989318847656,-17.59656524658203
-46.42503356933594,-134.7375946044922,-17.575429916381836
-46.65510559082031,-134.97608947753906,-17.553768157958984
-46.88515853881836,-135.2153778076172,-17.531970977783203
-47.115234375,-135.45541381835938,-17.51022720336914
-47.3453254699707,-135.6962127685547,-17.488706588745117
-47.57534408569336,-135.93783569335938,-17.467239379882812
-47.80528259277344,-136.18023681640625,-17.44576072692871
-48.03511047363281,-136.42344665527344,-17.423921585083008
-48.26510238647461,-136.66729736328125,-17.401161193847656
-48.49540710449219,-136.91148376464844,-17.377729415893555
-48.72556686401367,-137.15634155273438,-17.35420799255371
-48.95553970336914,-137.40185546875,-17.33070182800293
-49.185298919677734,-137.6480712890625,-17.30712890625
-49.41488265991211,-137.89488220214844,-17.283403396606445
-49.644317626953125,-138.14210510253906,-17.25957679748535
-49.87276077270508,-138.3902587890625,-17.234661102294922
-50.10047912597656,-138.63856506347656,-17.20769691467285
-50.327884674072266,-138.88597106933594,-17.18014907836914
-50.55405807495117,-139.1331329345703,-17.152957916259766
-50.77886199951172,-139.3800811767578,-17.12641716003418
-51.00259017944336,-139.62625122070312,-17.100950241088867
-51.22453308105469,-139.87220764160156,-17.076326370239258
-51.444862365722656,-140.11721801757812,-17.05129623413086
-51.66299819946289,-140.3614044189453,-17.02496337890625
-51.87910079956055,-140.6043701171875,-16.997472763061523
-52.09404754638672,-140.8456268310547,-16.9702091217041
-52.30707550048828,-141.08590698242188,-16.943832397460938
-52.51795959472656,-141.3252410888672,-16.918224334716797
-52.72701644897461,-141.56329345703125,-16.89349937438965
-52.93393325805664,-141.80007934570312,-16.869352340698242
-53.138648986816406,-142.03533935546875,-16.845407485961914
-53.34128952026367,-142.2689666748047,-16.821460723876953
-53.54179000854492,-142.5010528564453,-16.797609329223633
-53.74025344848633,-142.73165893554688,-16.773984909057617
-53.93690872192383,-142.960693359375,-16.750972747802734
-54.13144302368164,-143.1883544921875,-16.728599548339844
-54.32363510131836,-143.4147491455078,-16.70638656616211
-54.51374435424805,-143.6394805908203,-16.683887481689453
-54.702003479003906,-143.86241149902344,-16.6612606048584
-54.888240814208984,-144.08380126953125,-16.63886260986328
-55.07231903076172,-144.3037872314453,-16.61695671081543
-55.25419616699219,-144.52230834960938,-16.59585189819336
-55.433860778808594,-144.73919677734375,-16.574846267700195
-55.611114501953125,-144.95486450195312,-16.554058074951172
-55.786434173583984,-145.16891479492188,-16.533573150634766
-55.959754943847656,-145.38136291503906,-16.513322830200195
-56.13093948364258,-145.59219360351562,-16.49295425415039
-56.29999542236328,-145.80145263671875,-16.472383499145508
-56.46703338623047,-146.00912475585938,-16.451786041259766
-56.63173294067383,-146.2154541015625,-16.431230545043945
-56.79402160644531,-146.42051696777344,-16.410558700561523
-56.95420837402344,-146.62405395507812,-16.38953971862793
-57.11239242553711,-146.82601928710938,-16.36798095703125
-57.26824188232422,-147.02650451660156,-16.346033096313477
-57.422019958496094,-147.22532653808594,-16.32412338256836
-57.57382583618164,-147.42251586914062,-16.30278968811035
-57.72352600097656,-147.61831665039062,-16.28187370300293
-57.87168502807617,-147.8124237060547,-16.261993408203125
-58.01814270019531,-148.00515747070312,-16.243330001831055
-58.16258239746094,-148.1968231201172,-16.22511863708496
-58.30577850341797,-148.3870849609375,-16.20659828186035
-58.44800567626953,-148.57611083984375,-16.187557220458984
-58.58929443359375,-148.76416015625,-16.16815948486328
-58.72965240478515,-148.9512939453125,-16.148326873779297
-58.86918640136719,-149.1376953125,-16.127962112426758
-59.00820541381836,-149.32342529296875,-16.107027053833008
-59.14712905883789,-149.50868225097656,-16.085954666137695
-59.28598403930664,-149.69406127929688,-16.06499671936035
-59.42520523071289,-149.87991333007812,-16.04463005065918
-59.564674377441406,-150.0667724609375,-16.02520179748535
-59.704315185546875,-150.25497436523438,-16.00596046447754
-59.84450149536133,-150.4446258544922,-15.986347198486328
-59.98532485961914,-150.6361846923828,-15.96593189239502
-60.12711715698242,-150.82977294921875,-15.944928169250488
-60.270015716552734,-151.0259246826172,-15.923656463623049
-60.4136962890625,-151.224853515625,-15.90212631225586
-60.559539794921875,-151.42723083496094,-15.879950523376465
-60.70712661743164,-151.63352966308594,-15.857738494873049
-60.85690689086914,-151.8438720703125,-15.835275650024414
-61.008785247802734,-152.05857849121094,-15.812454223632812
-61.16305160522461,-152.27761840820312,-15.789302825927734
-61.3198356628418,-152.50099182128906,-15.766011238098145
-61.478363037109375,-152.7290802001953,-15.742952346801758
-61.63915252685547,-152.9618377685547,-15.719484329223633
-61.80253219604492,-153.19891357421875,-15.695320129394531
-61.96830368041992,-153.44017028808594,-15.670466423034668
-62.13639831542969,-153.68531799316406,-15.64533233642578
-62.306583404541016,-153.9341583251953,-15.620346069335938
-62.47880935668945,-154.18630981445312,-15.595535278320312
-62.65283203125,-154.44107055664062,-15.571870803833008
-62.82786560058594,-154.69805908203125,-15.549205780029297
-63.00374603271485,-154.95663452148438,-15.52655029296875
-63.18067169189453,-155.2153778076172,-15.504250526428224
-63.35773086547851,-155.4740447998047,-15.481473922729492
-63.53482437133789,-155.73194885253906,-15.457247734069824
-63.7119026184082,-155.98855590820312,-15.431157112121582
-63.8890380859375,-156.24362182617188,-15.404452323913574
-64.06609344482422,-156.49700927734375,-15.378954887390137
-64.24230194091797,-156.7490234375,-15.354608535766602
-64.41790008544922,-156.9991912841797,-15.33115291595459
-64.59285736083984,-157.2472686767578,-15.30842113494873
-64.7667236328125,-157.4932098388672,-15.285990715026855
-64.93883514404297,-157.7367706298828,-15.262454986572266
-65.10986328125,-157.97747802734375,-15.23753833770752
-65.2798843383789,-158.21566772460938,-15.211678504943848
-65.4487533569336,-158.4518585205078,-15.185885429382324
-65.6163558959961,-158.68634033203125,-15.160599708557127
-65.78288269042969,-158.91925048828125,-15.135977745056152
-65.94856262207031,-159.15060424804688,-15.111909866333008
-66.1136245727539,-159.38046264648438,-15.088193893432615
-66.27799224853516,-159.60903930664062,-15.064711570739746
-66.44172668457031,-159.83651733398438,-15.041338920593262
-66.60498809814453,-160.0630340576172,-15.017999649047852
-66.7679214477539,-160.2886962890625,-14.99460220336914
-66.93067169189453,-160.51382446289062,-14.97128677368164
-67.0933837890625,-160.73878479003906,-14.948195457458496
-67.2562484741211,-160.9639434814453,-14.925332069396973
-67.41942596435547,-161.18948364257812,-14.902593612670898
-67.5830078125,-161.41549682617188,-14.879850387573242
-67.74708557128906,-161.64202880859375,-14.857068061828612
-67.91168212890625,-161.86927795410156,-14.83407974243164
-68.0768814086914,-162.09744262695312,-14.810431480407717
-68.2430419921875,-162.32650756835938,-14.785916328430176
-68.4102783203125,-162.5564422607422,-14.760918617248535
-68.57844543457031,-162.7873992919922,-14.736093521118164
-68.74734497070312,-163.0197296142578,-14.711397171020508
-68.91716766357422,-163.25344848632812,-14.68666172027588
-69.08831024169922,-163.4884490966797,-14.662339210510254
-69.26099395751953,-163.7255401611328,-14.63867473602295
-69.43573760986328,-163.96583557128906,-14.615127563476562
-69.61302947998047,-164.21009826660156,-14.591020584106444
-69.79319763183594,-164.45826721191406,-14.56586456298828
-69.97626495361328,-164.7096710205078,-14.539531707763672
-70.1619873046875,-164.9634246826172,-14.512399673461914
-70.34970092773438,-165.2187042236328,-14.485183715820312
-70.53858947753906,-165.47508239746094,-14.45734691619873
-70.72872161865234,-165.73141479492188,-14.42902374267578
-70.91956329345703,-165.9867706298828,-14.400757789611816
-71.11026000976562,-166.2405548095703,-14.372933387756348
-71.30052185058594,-166.4921875,-14.34571361541748
-71.490234375,-166.74122619628906,-14.319327354431152
-71.67900085449219,-166.98751831054688,-14.293641090393066
-71.86654663085938,-167.23089599609375,-14.26773166656494
-72.05303955078125,-167.4710693359375,-14.241079330444336
-72.23867797851562,-167.7078399658203,-14.213229179382324
-72.42382049560547,-167.94137573242188,-14.185297012329102
-72.6078872680664,-168.17222595214844,-14.158028602600098
-72.79093933105469,-168.40037536621094,-14.131351470947266
-72.9735107421875,-168.62538146972656,-14.105859756469728
-73.1553726196289,-168.84742736816406,-14.08215045928955
-73.33619689941406,-169.0666961669922,-14.060101509094238
-73.51576232910156,-169.28317260742188,-14.038235664367676
-73.69486236572266,-169.4961700439453,-14.01602840423584
-73.87352752685547,-169.70559692382812,-13.993706703186035
-74.05111694335938,-169.9118194580078,-13.971033096313477
-74.2271957397461,-170.11517333984375,-13.94687271118164
-74.40287017822266,-170.31520080566406,-13.92165184020996
-74.57781982421875,-170.5124969482422,-13.897377014160156
-74.75131225585938,-170.70748901367188,-13.874798774719238
-74.92340087890625,-170.89996337890625,-13.85368824005127
-75.09397888183594,-171.08982849121094,-13.833468437194824
-75.2626953125,-171.2770538330078,-13.813207626342772
-75.43029022216797,-171.4614715576172,-13.793222427368164
-75.59648895263672,-171.64370727539062,-13.773544311523438
-75.76126861572266,-171.8239288330078,-13.753931045532228
-75.92452239990234,-172.0020751953125,-13.733620643615724
-76.0869369506836,-172.17803955078125,-13.712565422058104
-76.24879455566406,-172.3523406982422,-13.69126796722412
-76.41006469726562,-172.52557373046875,-13.670228004455566
-76.5708999633789,-172.6979217529297,-13.649794578552246
-76.7314682006836,-172.8695526123047,-13.629846572875977
-76.89224243164062,-173.0406951904297,-13.610251426696776
-77.0535659790039,-173.21157836914062,-13.590860366821287
-77.21562194824219,-173.38241577148438,-13.571598052978516
-77.37869262695312,-173.5534210205078,-13.552311897277832
-77.54316711425781,-173.72491455078125,-13.532835960388184
-77.7092056274414,-173.89730834960938,-13.513115882873535
-77.8771743774414,-174.07070922851562,-13.493138313293455
-78.04707336425781,-174.24537658691406,-13.47265911102295
-78.2191162109375,-174.42166137695312,-13.451308250427246
-78.39397430419922,-174.59971618652344,-13.42900276184082
-78.57174682617188,-174.780029296875,-13.40579891204834
-78.75215911865234,-174.96258544921875,-13.382624626159668
-78.93547821044922,-175.14755249023438,-13.359436988830566
-79.12234497070312,-175.33555603027344,-13.335801124572754
-79.31204223632812,-175.527099609375,-13.311996459960938
-79.50493621826172,-175.7216033935547,-13.288622856140137
-79.70050811767578,-175.91934204101562,-13.26596736907959
-79.89895629882812,-176.1202392578125,-13.242999076843262
-80.10179901123047,-176.3231201171875,-13.219061851501465
-80.30799102783203,-176.5284423828125,-13.193976402282717
-80.51734924316406,-176.73558044433594,-13.16775131225586
-80.72987365722656,-176.94357299804688,-13.141427040100098
-80.9445571899414,-177.15225219726562,-13.1150541305542
-81.16118621826172,-177.3606719970703,-13.08908462524414
-81.37948608398438,-177.5680389404297,-13.064708709716797
-81.59823608398438,-177.77410888671875,-13.041433334350586
-81.81697845458984,-177.97796630859375,-13.01867389678955
-82.03544616699219,-178.17872619628906,-12.99602222442627
-82.2532958984375,-178.37599182128906,-12.972912788391112
-82.47017669677734,-178.56980895996094,-12.94947624206543
-82.68601989746094,-178.76025390625,-12.926220893859863
-82.90081024169922,-178.94741821289062,-12.90361785888672
-83.114501953125,-179.13128662109375,-12.881680488586426
-83.32653045654297,-179.3124237060547,-12.860424041748049
-83.53691864013672,-179.49044799804688,-12.838987350463867
-83.74528503417969,-179.6658172607422,-12.816451072692873
-83.9514389038086,-179.838623046875,-12.791547775268556
-84.15644836425781,-180.00794982910156,-12.765368461608888
-84.36014556884766,-180.17442321777344,-12.740272521972656
-84.56158447265625,-180.33941650390625,-12.715980529785156
-84.7612533569336,-180.50271606445312,-12.691925048828123
-84.96015930175781,-180.66346740722656,-12.669734001159668
-85.15801239013672,-180.8225555419922,-12.650341987609863
-85.35446166992188,-180.98046875,-12.633163452148438
-85.54974365234375,-181.13748168945312,-12.615921974182127
-85.74435424804688,-181.2928009033203,-12.59725856781006
-85.93866729736328,-181.4461212158203,-12.577550888061523
-86.13251495361328,-181.5981903076172,-12.55653953552246
-86.32643127441406,-181.74913024902344,-12.534104347229004
-86.5212173461914,-181.89892578125,-12.510912895202637
-86.71683502197266,-182.04830932617188,-12.487826347351074
-86.91344451904297,-182.19760131835935,-12.464909553527832
-87.1120834350586,-182.3464508056641,-12.443949699401855
-87.31238555908203,-182.4959716796875,-12.425360679626465
-87.5150146484375,-182.64675903320312,-12.407804489135742
-87.7205810546875,-182.799072265625,-12.389278411865234
-87.92923736572266,-182.95257568359375,-12.369510650634766
-88.14066314697266,-183.10731506347656,-12.34907054901123
-88.35448455810547,-183.2635955810547,-12.328022003173828
-88.57061004638672,-183.42138671875,-12.306129455566406
-88.78882598876953,-183.58056640625,-12.282828330993652
-89.00926208496094,-183.7404632568359,-12.258777618408203
-89.23162841796875,-183.9011688232422,-12.234630584716797
-89.45574188232422,-184.06288146972656,-12.210739135742188
-89.6816177368164,-184.22560119628903,-12.187016487121582
-89.90927124023438,-184.389404296875,-12.16302490234375
-90.1387710571289,-184.55421447753903,-12.138239860534668
-90.3698959350586,-184.72003173828125,-12.112303733825684
-90.6027603149414,-184.88653564453125,-12.085742950439451
-90.8372573852539,-185.05381774902344,-12.058964729309082
-91.07335662841795,-185.22216796875,-12.03196144104004
-91.31138610839844,-185.3910675048828,-12.005258560180664
-91.55107879638672,-185.5609588623047,-11.979047775268556
-91.79244995117188,-185.73182678222656,-11.953055381774902
-92.03520965576172,-185.9032287597656,-11.926239013671877
-92.27996063232422,-186.07522583007812,-11.898029327392578
-92.52648162841795,-186.2476501464844,-11.86908721923828
-92.7745590209961,-186.42044067382812,-11.840312004089355
-93.02388763427734,-186.59396362304688,-11.811517715454102
-93.2750015258789,-186.76763916015625,-11.783000946044922
-93.52758026123048,-186.94158935546875,-11.75500774383545
-93.78155517578124,-187.11587524414065,-11.72717571258545
-94.03707122802734,-187.2901306152344,-11.698772430419922
-94.2937240600586,-187.4644775390625,-11.669844627380373
-94.55168914794922,-187.6384124755859,-11.640504837036133
-94.8108901977539,-187.8119201660156,-11.61177921295166
-95.07105255126952,-187.98533630371097,-11.583605766296388
-95.33234405517578,-188.1584930419922,-11.5560302734375
-95.5949478149414,-188.3312835693359,-11.529176712036133
-95.8586883544922,-188.50389099121097,-11.502463340759276
-96.12360382080078,-188.6761474609375,-11.475504875183104
-96.3896484375,-188.8478546142578,-11.44813060760498
-96.65673065185548,-189.01910400390625,-11.420196533203123
-96.9250946044922,-189.18972778320312,-11.392245292663574
-97.19475555419922,-189.35989379882812,-11.364995956420898
-97.46546173095705,-189.5299072265625,-11.338308334350586
-97.7372817993164,-189.6997833251953,-11.311919212341309
-98.01070404052734,-189.86871337890625,-11.286354064941406
-98.28514099121094,-190.03726196289065,-11.262041091918944
-98.5605697631836,-190.2057647705078,-11.237845420837402
-98.83744049072266,-190.37347412109375,-11.213090896606444
-99.11569213867188,-190.54039001464844,-11.18788242340088
-99.39525604248048,-190.7064971923828,-11.16262912750244
-99.6758270263672,-190.8722686767578,-11.136749267578123
-99.9576187133789,-191.03762817382812,-11.109774589538574
-100.24120330810548,-191.2020721435547,-11.083663940429688
-100.52618408203124,-191.3661193847656,-11.058880805969238
-100.81239318847656,-191.53016662597656,-11.03419303894043
-101.10008239746094,-191.6938018798828,-11.009060859680176
-101.38945770263672,-191.85671997070312,-10.983683586120604
-101.68016815185548,-192.0193328857422,-10.95813274383545
-101.97179412841795,-192.1820068359375,-10.931734085083008
-102.26456451416016,-192.34426879882812,-10.904159545898438
-102.55878448486328,-192.50579833984375,-10.875896453857422
-102.85409545898438,-192.6670684814453,-10.847633361816406
-103.1504135131836,-192.82826232910156,-10.819609642028809
-103.44780731201172,-192.98936462402344,-10.791707992553713
-103.74633026123048,-193.15036010742188,-10.763937950134276
-104.04600524902344,-193.3112030029297,-10.736291885375977
-104.34674835205078,-193.47189331054688,-10.708585739135742
-104.6485595703125,-193.63246154785156,-10.680622100830078
-104.95134735107422,-193.79296875,-10.652229309082031
-105.25516510009766,-193.9534454345703,-10.623355865478516
-105.56011199951172,-194.1136474609375,-10.594231605529783
-105.86614990234376,-194.27359008789065,-10.565099716186523
-106.17337036132812,-194.4332275390625,-10.536141395568848
-106.48170471191406,-194.5926971435547,-10.507415771484377
-106.79109191894533,-194.75201416015625,-10.47903060913086
-107.10140991210938,-194.9112548828125,-10.450929641723633
-107.41261291503906,-195.07058715820312,-10.422905921936035
-107.7249755859375,-195.22959899902344,-10.394670486450195
-108.0385513305664,-195.3880615234375,-10.366084098815918
-108.35334014892578,-195.54605102539065,-10.337223052978516
-108.66929626464844,-195.70361328125,-10.308425903320312
-108.98651123046876,-195.86073303222656,-10.280266761779783
-109.30487823486328,-196.0176239013672,-10.252812385559082
-109.62443542480467,-196.17425537109375,-10.225462913513184
-109.94527435302734,-196.33038330078125,-10.197811126708984
-110.2672882080078,-196.486083984375,-10.16968059539795
-110.5903778076172,-196.6414794921875,-10.141032218933104
-110.91474151611328,-196.79641723632812,-10.112059593200684
-111.24041748046876,-196.9508819580078,-10.082965850830078
-111.56736755371094,-197.10487365722656,-10.053743362426758
-111.89554595947266,-197.2584686279297,-10.024443626403809
-112.2248764038086,-197.4115753173828,-9.995606422424316
-112.5551528930664,-197.56443786621097,-9.967374801635742
-112.8862533569336,-197.7171173095703,-9.939313888549805
-113.21846771240234,-197.8692626953125,-9.910972595214844
-113.55182647705078,-198.0206756591797,-9.882281303405762
-113.88619232177734,-198.171630859375,-9.853216171264648
-114.2215347290039,-198.32228088378903,-9.823541641235352
-114.55812072753906,-198.4722900390625,-9.794052124023438
-114.89581298828124,-198.6219024658203,-9.764973640441896
-115.2344207763672,-198.7714080810547,-9.736323356628418
-115.57401275634766,-198.9206085205078,-9.707893371582031
-115.91463470458984,-199.0693817138672,-9.679511070251465
-116.25626373291016,-199.21774291992188,-9.650748252868652
-116.598876953125,-199.3656311035156,-9.621485710144045
-116.9426040649414,-199.51275634765625,-9.591825485229492
-117.28744506835938,-199.65914916992188,-9.562215805053713
-117.6332550048828,-199.8049468994141,-9.533354759216309
-117.98006439208984,-199.95008850097656,-9.505773544311523
-118.3277816772461,-200.0948486328125,-9.47902488708496
-118.67654418945312,-200.2391815185547,-9.451786994934082
-119.02639770507812,-200.38270568847656,-9.42355728149414
-119.37725830078124,-200.5254821777344,-9.39406681060791
-119.729248046875,-200.66746520996097,-9.363547325134276
-120.08230590820312,-200.80892944335935,-9.332771301269531
-120.4365463256836,-200.94964599609375,-9.302240371704102
-120.79190826416016,-201.08963012695312,-9.272363662719728
-121.14802551269533,-201.2296142578125,-9.242536544799805
-121.50479125976562,-201.36947631835935,-9.212050437927246
-121.86226654052734,-201.50880432128903,-9.181108474731444
-122.22048950195312,-201.64759826660156,-9.149954795837402
-122.57957458496094,-201.7857208251953,-9.11862087249756
-122.93968200683594,-201.9229736328125,-9.087244987487791
-123.3007583618164,-202.0596466064453,-9.055935859680176
-123.66278076171876,-202.19580078125,-9.024584770202637
-124.02582550048828,-202.331298828125,-8.993471145629883
-124.38980865478516,-202.46627807617188,-8.962531089782715
-124.75472259521484,-202.60064697265625,-8.931699752807617
-125.1205825805664,-202.7344512939453,-8.900822639465332
-125.48738861083984,-202.86769104003903,-8.86982536315918
-125.8551254272461,-203.0003662109375,-8.838595390319824
-126.22380065917967,-203.13247680664065,-8.807171821594238
-126.59329986572266,-203.2642059326172,-8.775578498840332
-126.963623046875,-203.3956756591797,-8.743108749389648
-127.33496856689452,-203.52650451660156,-8.709044456481934
-127.70719146728516,-203.6565093994141,-8.674054145812988
-128.0797882080078,-203.7859649658203,-8.639538764953613
-128.45298767089844,-203.91506958007812,-8.605937957763672
-128.8267364501953,-204.0441436767578,-8.573579788208008
-129.20086669921875,-204.17335510253903,-8.542003631591797
-129.57568359375,-204.3020477294922,-8.509881019592285
-129.95118713378906,-204.4302520751953,-8.476797103881836
-130.3272247314453,-204.55780029296875,-8.442923545837402
-130.70379638671875,-204.68463134765625,-8.40897274017334
-131.08116149902344,-204.81065368652344,-8.376277923583984
-131.4588623046875,-204.93641662597656,-8.344627380371094
-131.8363037109375,-205.06170654296875,-8.31340217590332
-132.21295166015625,-205.1858062744141,-8.281957626342773
-132.58802795410156,-205.3084259033203,-8.25037956237793
-132.9613494873047,-205.4289703369141,-8.219271659851074
-133.33236694335938,-205.54788208007812,-8.188590049743652
-133.70071411132812,-205.66525268554688,-8.158307075500488
-134.0662841796875,-205.7808837890625,-8.128902435302734
-134.42904663085938,-205.8946228027344,-8.100666046142578
-134.78892517089844,-206.00653076171875,-8.073137283325195
-135.1458282470703,-206.11669921875,-8.045602798461914
-135.49961853027344,-206.22509765625,-8.017779350280762
-135.85012817382812,-206.3324432373047,-7.989640712738037
-136.19725036621094,-206.43942260742188,-7.961719989776611
-136.5411376953125,-206.546142578125,-7.934872150421143
-136.8818817138672,-206.65228271484375,-7.909008502960205
-137.21910095214844,-206.7581787109375,-7.883859157562256
-137.55238342285156,-206.86419677734375,-7.858721256256104
-137.8819122314453,-206.9697723388672,-7.833342552185059
-138.20777893066406,-207.0747528076172,-7.807974815368652
-138.53012084960938,-207.1795654296875,-7.782971858978272
-138.8490753173828,-207.2843475341797,-7.7585368156433105
-139.1644744873047,-207.3892822265625,-7.73439884185791
-139.47613525390625,-207.4945068359375,-7.710150718688965
-139.78402709960938,-207.6000061035156,-7.685608386993408
-140.08828735351562,-207.70550537109375,-7.660864353179932
-140.3888702392578,-207.81097412109375,-7.636341094970703
-140.68589782714844,-207.9164581298828,-7.612449645996094
-140.97926330566406,-208.02227783203125,-7.589144706726074
-141.26876831054688,-208.1284637451172,-7.565958023071289
-141.55435180664062,-208.23487854003903,-7.542510986328125
-141.83604431152344,-208.3415679931641,-7.518892765045166
-142.11390686035156,-208.44834899902344,-7.495155334472656
-142.38827514648438,-208.55465698242188,-7.471790790557861
-142.6592559814453,-208.6607666015625,-7.449453830718994
-142.92669677734375,-208.76754760742188,-7.428361415863037
-143.19056701660156,-208.87510681152344,-7.408287048339844
-143.45054626464844,-208.9836273193359,-7.387706279754639
-143.70648193359375,-209.0927734375,-7.364805221557617
-143.95867919921875,-209.2015838623047,-7.340250492095947
-144.20716857910156,-209.31021118164065,-7.316305160522461
-144.4519500732422,-209.41879272460935,-7.2935967445373535
-144.69326782226562,-209.5268096923828,-7.271876335144043
-144.93133544921875,-209.63400268554688,-7.250998497009277
-145.16595458984375,-209.7407989501953,-7.231269836425781
-145.39715576171875,-209.84683227539065,-7.212098598480225
-145.62469482421875,-209.95196533203125,-7.1921539306640625
-145.84799194335938,-210.05628967285156,-7.169234275817871
-146.06773376464844,-210.15830993652344,-7.143656253814697
-146.28427124023438,-210.25868225097656,-7.118837356567383
-146.49708557128906,-210.3596649169922,-7.095470905303955
-146.7066650390625,-210.46023559570312,-7.074224472045898
-146.91285705566406,-210.560546875,-7.054441928863525
-147.115478515625,-210.66085815429688,-7.0347981452941895
-147.3146209716797,-210.76116943359375,-7.015064716339111
-147.51039123535156,-210.8615264892578,-6.995517253875732
-147.7027130126953,-210.9616546630859,-6.976083755493164
-147.89146423339844,-211.0614013671875,-6.957035541534424
-148.076171875,-211.16067504882812,-6.93801736831665
-148.25628662109375,-211.25979614257812,-6.918230056762695
-148.43289184570312,-211.35760498046875,-6.898277282714844
-148.6058349609375,-211.45571899414065,-6.878272533416748
-148.77548217773438,-211.55271911621097,-6.859177589416504
-148.94178771972656,-211.6492919921875,-6.841638565063477
-149.10462951660156,-211.7460021972656,-6.825802326202393
-149.26405334472656,-211.84271240234375,-6.810659408569336
-149.4205322265625,-211.93881225585935,-6.795531749725342
-149.57412719726562,-212.03445434570312,-6.780169486999512
-149.72500610351562,-212.12994384765625,-6.764584064483643
-149.87351989746094,-212.22509765625,-6.748844146728516
-150.02000427246094,-212.31996154785156,-6.7331743240356445
-150.1648712158203,-212.4147796630859,-6.717837333679199
-150.3084716796875,-212.5098876953125,-6.702958106994629
-150.45147705078125,-212.60549926757812,-6.688404560089111
-150.59432983398438,-212.7017822265625,-6.673919677734375
-150.73739624023438,-212.7990875244141,-6.6595258712768555
-150.88189697265625,-212.89816284179688,-6.64527702331543
-151.0294952392578,-213.00035095214844,-6.630876541137695
-151.18121337890625,-213.10678100585935,-6.615858554840088
-151.3373260498047,-213.21804809570312,-6.599630355834961
-151.4981231689453,-213.3343811035156,-6.582004070281982
-151.6642303466797,-213.454345703125,-6.564107418060303
-151.83470153808594,-213.58029174804688,-6.545294284820557
-152.01080322265625,-213.71173095703125,-6.525205612182617
-152.1930389404297,-213.8489227294922,-6.5038228034973145
-152.3796844482422,-213.99163818359375,-6.480838775634766
-152.5708770751953,-214.13929748535156,-6.457643508911133
-152.76588439941406,-214.29249572753903,-6.434844970703125
-152.9649658203125,-214.451171875,-6.412321090698242
-153.1682586669922,-214.6154022216797,-6.3896942138671875
-153.37562561035156,-214.7853546142578,-6.36663818359375
-153.5867919921875,-214.96080017089844,-6.342640399932861
-153.8015899658203,-215.1411895751953,-6.3173828125
-154.0196075439453,-215.3260803222656,-6.29107666015625
-154.24082946777344,-215.51513671875,-6.263557434082031
-154.465087890625,-215.7081756591797,-6.234978675842285
-154.69192504882812,-215.9052276611328,-6.205535888671875
-154.92103576660156,-216.1056671142578,-6.175726413726807
-155.1518096923828,-216.3092041015625,-6.145624160766602
-155.38339233398438,-216.5150604248047,-6.115198612213135
-155.61485290527344,-216.72181701660156,-6.084652900695801
-155.8451690673828,-216.9286651611328,-6.054315090179443
-156.07325744628906,-217.1354522705078,-6.024168968200684
-156.29898071289062,-217.34068298339844,-5.993720531463623
-156.5223388671875,-217.5438232421875,-5.962472438812256
-156.74310302734375,-217.74505615234375,-5.9310622215271
-156.9610137939453,-217.9447021484375,-5.900734901428223
-157.17498779296875,-218.14356994628903,-5.871605396270752
-157.38510131835938,-218.3413848876953,-5.84326171875
-157.59100341796875,-218.53846740722656,-5.814486503601074
-157.79330444335938,-218.73399353027344,-5.785804748535156
-157.99163818359375,-218.9286346435547,-5.757883071899414
-158.18585205078125,-219.1224365234375,-5.731288909912109
-158.37599182128906,-219.3152313232422,-5.705780506134033
-158.56204223632812,-219.50714111328125,-5.680557727813721
-158.74363708496094,-219.69808959960935,-5.654816150665283
-158.9213409423828,-219.8876190185547,-5.628731727600098
-159.09503173828125,-220.07632446289065,-5.60300874710083
-159.26451110839844,-220.26437377929688,-5.578042030334473
-159.43006896972656,-220.45138549804688,-5.55377721786499
-159.59164428710938,-220.63726806640625,-5.530083656311035
-159.7493133544922,-220.8218994140625,-5.507065296173096
-159.90296936035156,-221.0053253173828,-5.484683990478516
-160.05294799804688,-221.18722534179688,-5.463008880615234
-160.19979858398438,-221.36717224121097,-5.441605091094971
-160.3438262939453,-221.54498291015625,-5.4201555252075195
-160.48536682128906,-221.720703125,-5.398702621459961
-160.624755859375,-221.89401245117188,-5.376859188079834
-160.76214599609375,-222.06491088867188,-5.354305744171143
-160.89767456054688,-222.2337188720703,-5.331591606140137
-161.03103637695312,-222.4011383056641,-5.309493541717529
-161.162109375,-222.5675811767578,-5.288046836853027
-161.29144287109375,-222.7331085205078,-5.267269134521484
-161.41928100585938,-222.89816284179688,-5.2470598220825195
-161.54571533203125,-223.06314086914065,-5.2271342277526855
-161.6711883544922,-223.22808837890625,-5.206951141357422
-161.7961883544922,-223.39356994628903,-5.186464309692383
-161.9213104248047,-223.56040954589844,-5.165628910064697
-162.04710388183594,-223.72911071777344,-5.144497871398926
-162.17333984375,-223.9000244140625,-5.122915267944336
-162.3000946044922,-224.07281494140625,-5.100969314575195
-162.42698669433594,-224.2474365234375,-5.078902244567871
-162.55406188964844,-224.4239501953125,-5.0567946434021
-162.68081665039062,-224.6026306152344,-5.034718036651611
-162.8070831298828,-224.78355407714844,-5.012483596801758
-162.9330291748047,-224.96630859375,-4.9902119636535645
-163.05828857421875,-225.15089416503903,-4.968021392822266
-163.18301391601562,-225.33697509765625,-4.945618629455566
-163.30661010742188,-225.5245819091797,-4.922995567321777
-163.4293975830078,-225.7131195068359,-4.900458335876465
-163.55120849609375,-225.90264892578125,-4.878583908081055
-163.6713104248047,-226.0938720703125,-4.856871604919434
-163.79049682617188,-226.2861328125,-4.834978103637695
-163.9087371826172,-226.4790802001953,-4.81247615814209
-164.02581787109375,-226.67271423339844,-4.789373874664307
-164.14154052734375,-226.86705017089844,-4.766000747680664
-164.25592041015625,-227.06202697753903,-4.742613792419434
-164.36886596679688,-227.2576141357422,-4.719549655914307
-164.4805908203125,-227.45364379882812,-4.696840763092041
-164.59121704101562,-227.6497802734375,-4.674477577209473
-164.7005157470703,-227.8459320068359,-4.652303218841553
-164.8081512451172,-228.04183959960935,-4.6301398277282715
-164.91372680664062,-228.23728942871097,-4.608371734619141
-165.0166473388672,-228.43174743652344,-4.587435722351074
-165.1162567138672,-228.62493896484375,-4.566801071166992
-165.21310424804688,-228.8162078857422,-4.545557975769043
-165.30751037597656,-229.00526428222656,-4.524253845214844
-165.39859008789062,-229.19259643554688,-4.5029473304748535
-165.4877471923828,-229.3772430419922,-4.48262882232666
-165.5750274658203,-229.55970764160156,-4.464773178100586
-165.6583251953125,-229.7409210205078,-4.446834564208984
-165.7408447265625,-229.9196319580078,-4.429660320281982
-165.81964111328125,-230.09657287597656,-4.412328243255615
-165.89535522460938,-230.2704620361328,-4.393733978271484
-165.9691162109375,-230.44107055664065,-4.374302387237549
-166.04029846191406,-230.6089630126953,-4.354465961456299
-166.10926818847656,-230.7742462158203,-4.334787368774414
-166.17579650878906,-230.9371795654297,-4.31556510925293
-166.24008178710938,-231.0977020263672,-4.2967939376831055
-166.30259704589844,-231.2556304931641,-4.2786664962768555
-166.36279296875,-231.4111785888672,-4.260887622833252
-166.4210205078125,-231.564208984375,-4.2431464195251465
-166.4774932861328,-231.71484375,-4.22554349899292
-166.53207397460938,-231.8634033203125,-4.2081732749938965
-166.58486938476562,-232.0101623535156,-4.1911139488220215
-166.63616943359375,-232.15516662597656,-4.174574851989746
-166.6859130859375,-232.298828125,-4.158351898193359
-166.73440551757812,-232.4413299560547,-4.142237663269043
-166.78187561035156,-232.58287048339844,-4.126641273498535
-166.82806396484375,-232.7237548828125,-4.111940383911133
-166.8730926513672,-232.8644256591797,-4.098128795623779
-166.91705322265625,-233.0057678222656,-4.0845866203308105
-166.96044921875,-233.14830017089844,-4.070565223693848
-167.0035858154297,-233.29205322265625,-4.056276798248291
-167.04605102539062,-233.43695068359375,-4.041958808898926
-167.08767700195312,-233.5828857421875,-4.027284145355225
-167.12887573242188,-233.72964477539065,-4.0124006271362305
-167.1691436767578,-233.8773956298828,-3.9971907138824463
-167.20849609375,-234.026123046875,-3.9809141159057617
-167.24749755859375,-234.17559814453125,-3.9638209342956543
-167.2856903076172,-234.32568359375,-3.946300983428955
-167.3229217529297,-234.4763031005859,-3.928960084915161
-167.35914611816406,-234.6276092529297,-3.911734580993652
-167.39488220214844,-234.779541015625,-3.894785642623902
-167.42953491210938,-234.93234252929688,-3.8776700496673584
-167.46376037597656,-235.0858459472656,-3.860778570175171
-167.4971160888672,-235.24017333984375,-3.8444225788116455
-167.52940368652344,-235.39529418945312,-3.828994035720825
-167.56072998046875,-235.5510101318359,-3.814622402191162
-167.59068298339844,-235.70721435546875,-3.8003780841827393
-167.61981201171875,-235.863525390625,-3.785869598388672
-167.64808654785156,-236.0197296142578,-3.77103590965271
-167.67532348632812,-236.1755828857422,-3.756166458129883
-167.70181274414062,-236.3307647705078,-3.7417707443237305
-167.72714233398438,-236.48519897460935,-3.7276108264923096
-167.75157165527344,-236.63856506347656,-3.7127630710601807
-167.77561950683594,-236.79074096679688,-3.697192668914795
-167.79904174804688,-236.9418029785156,-3.6808929443359375
-167.82215881347656,-237.091796875,-3.6644654273986816
-167.84461975097656,-237.2407989501953,-3.648307085037231
-167.86651611328125,-237.3887481689453,-3.632434368133545
-167.88816833496094,-237.5355224609375,-3.6167101860046382
-167.90968322753906,-237.68115234375,-3.601175546646118
-167.9309539794922,-237.82565307617188,-3.5859076976776123
-167.95208740234375,-237.9690704345703,-3.570990562438965
-167.97299194335938,-238.11146545410156,-3.556464433670044
-167.99342346191406,-238.25282287597656,-3.542236804962158
-168.0133514404297,-238.39309692382812,-3.5281944274902344
-168.03274536132812,-238.5322265625,-3.5140318870544434
-168.05166625976562,-238.6703186035156,-3.499783992767334
-168.0699462890625,-238.80746459960935,-3.4854836463928223
-168.08746337890625,-238.9437561035156,-3.47121262550354
-168.1042022705078,-239.07940673828125,-3.457090139389038
-168.1200714111328,-239.21456909179688,-3.4430553913116455
-168.13526916503906,-239.3492431640625,-3.4290354251861572
-168.1499481201172,-239.4835968017578,-3.414774179458618
-168.16432189941406,-239.61788940429688,-3.4003050327301025
-168.17825317382812,-239.75242614746097,-3.385817527770996
-168.1916961669922,-239.8875732421875,-3.371337652206421
-168.2046356201172,-240.02378845214844,-3.3568320274353027
-168.21714782714844,-240.1615447998047,-3.342116594314575
-168.229248046875,-240.30108642578125,-3.3270251750946045
-168.2411651611328,-240.4425048828125,-3.311737298965454
-168.25277709960938,-240.58583068847656,-3.2962753772735596
-168.26419067382812,-240.7311248779297,-3.2806267738342285
-168.2755126953125,-240.87844848632812,-3.26482892036438
-168.28662109375,-241.02793884277344,-3.2488696575164795
-168.2974853515625,-241.1797637939453,-3.2325873374938965
-168.3081817626953,-241.33399963378903,-3.215869426727295
-168.31871032714844,-241.49069213867188,-3.1988110542297363
-168.32904052734375,-241.64993286132812,-3.181471347808838
-168.33920288085938,-241.81190490722656,-3.1639513969421387
-168.34921264648438,-241.97674560546875,-3.1460630893707275
-168.35887145996094,-242.1446990966797,-3.1277730464935303
-168.36817932128906,-242.31593322753903,-3.1089768409729004
-168.37722778320312,-242.4906005859375,-3.089517831802368
-168.3857879638672,-242.668701171875,-3.0697202682495117
-168.39398193359375,-242.85040283203125,-3.049515962600708
-168.40176391601562,-243.0357360839844,-3.02886700630188
-168.40924072265625,-243.22450256347656,-3.0077710151672363
-168.4164276123047,-243.41632080078125,-2.9863219261169434
-168.42340087890625,-243.61090087890625,-2.9646811485290527
-168.43016052246094,-243.80812072753903,-2.94279146194458
-168.4368133544922,-244.0079040527344,-2.920715093612671
-168.44326782226562,-244.2101593017578,-2.8985235691070557
-168.44949340820312,-244.4148712158203,-2.8760998249053955
-168.4556427001953,-244.6220245361328,-2.8533642292022705
-168.46165466308594,-244.83148193359375,-2.830251932144165
-168.467529296875,-245.04295349121097,-2.8064615726470947
-168.47341918945312,-245.2560882568359,-2.7821521759033203
-168.47930908203125,-245.4705352783203,-2.757659435272217
-168.4851531982422,-245.6861267089844,-2.7331337928771973
-168.4908905029297,-245.90277099609375,-2.7086331844329834
-168.49658203125,-246.1203765869141,-2.6843371391296387
-168.5018768310547,-246.33889770507812,-2.66002893447876
-168.50694274902344,-246.558349609375,-2.6354057788848877
-168.511962890625,-246.7787170410156,-2.610387086868286
-168.51681518554688,-246.9999542236328,-2.5849571228027344
-168.521484375,-247.2219696044922,-2.559220314025879
-168.52610778808594,-247.44471740722656,-2.5334250926971436
-168.5306854248047,-247.6681976318359,-2.507519006729126
-168.53526306152344,-247.8924102783203,-2.4815666675567627
-168.53988647460938,-248.1173095703125,-2.4558792114257812
-168.54434204101562,-248.34292602539065,-2.430410146713257
-168.54891967773438,-248.56927490234375,-2.4048919677734375
-168.55364990234375,-248.7962951660156,-2.3792598247528076
-168.55825805664062,-249.0237274169922,-2.353217363357544
-168.5630340576172,-249.25148010253903,-2.326536178588867
-168.5680389404297,-249.4794006347656,-2.2994110584259033
-168.5733184814453,-249.7074737548828,-2.272199869155884
-168.57876586914062,-249.93560791015625,-2.2450456619262695
-168.58453369140625,-250.16375732421875,-2.218056917190552
-168.5907440185547,-250.3918609619141,-2.191457748413086
-168.5972900390625,-250.61996459960935,-2.16528844833374
-168.60418701171875,-250.84799194335935,-2.1394026279449463
-168.61148071289062,-251.07586669921875,-2.1135740280151367
-168.6192626953125,-251.3034210205078,-2.0876126289367676
-168.62741088867188,-251.5306396484375,-2.061532497406006
-168.63600158691406,-251.7574005126953,-2.0353763103485107
-168.6449432373047,-251.98373413085935,-2.009131908416748
-168.6544647216797,-252.20957946777344,-1.9830448627471924
-168.6646270751953,-252.43495178222656,-1.957556128501892
-168.67520141601562,-252.6599578857422,-1.932830572128296
-168.68606567382812,-252.88458251953125,-1.9086350202560425
-168.69711303710938,-253.1088409423828,-1.8843590021133425
-168.70849609375,-253.33267211914065,-1.8598345518112185
-168.719970703125,-253.55609130859375,-1.8351597785949707
-168.73133850097656,-253.7791290283203,-1.810262441635132
-168.74266052246094,-254.00184631347656,-1.7849642038345337
-168.75405883789062,-254.22433471679688,-1.7593072652816772
-168.7654571533203,-254.4465789794922,-1.733542799949646
-168.77688598632812,-254.66864013671875,-1.7080984115600586
-168.78842163085938,-254.890625,-1.6831796169281006
-168.7999725341797,-255.1125946044922,-1.65863299369812
-168.8115234375,-255.33444213867188,-1.6344127655029297
-168.82289123535156,-255.55615234375,-1.6102354526519775
-168.83425903320312,-255.7776641845703,-1.5856828689575195
-168.8457489013672,-255.99903869628903,-1.5609986782073977
-168.8573455810547,-256.2203063964844,-1.5365804433822632
-168.868896484375,-256.4414978027344,-1.5126652717590332
-168.88021850585938,-256.6627502441406,-1.4888322353363037
-168.8916778564453,-256.8842468261719,-1.4646761417388916
-168.90342712402344,-257.1062316894531,-1.440385818481445
-168.91510009765625,-257.3291320800781,-1.4157745838165283
-168.92686462402344,-257.55316162109375,-1.3908613920211792
-168.93873596191406,-257.7788391113281,-1.365647792816162
-168.95054626464844,-258.00640869140625,-1.3399479389190674
-168.9625244140625,-258.2360534667969,-1.313765287399292
-168.97454833984375,-258.4677429199219,-1.2872015237808228
-168.9866943359375,-258.7014465332031,-1.2607660293579102
-168.99911499023438,-258.9372253417969,-1.2348905801773071
-169.01141357421875,-259.1750183105469,-1.2094483375549316
-169.02354431152344,-259.41497802734375,-1.1841269731521606
-169.0355682373047,-259.65716552734375,-1.158337116241455
-169.0475311279297,-259.9018249511719,-1.131900191307068
-169.05966186523438,-260.1490783691406,-1.104960322380066
-169.0718994140625,-260.3987731933594,-1.0777952671051023
-169.08401489257812,-260.65069580078125,-1.050496220588684
-169.09620666503906,-260.9046630859375,-1.023271083831787
-169.10858154296875,-261.1604919433594,-0.9961814880371094
-169.12088012695312,-261.4183044433594,-0.9688506126403807
-169.13333129882812,-261.6780700683594,-0.9411566257476808
-169.14596557617188,-261.93975830078125,-0.9130781888961792
-169.1589813232422,-262.20330810546875,-0.885034441947937
-169.17196655273438,-262.4686584472656,-0.8571328520774841
-169.18490600585938,-262.7358093261719,-0.8293306827545166
-169.19827270507812,-263.00482177734375,-0.8016524910926819
-169.21205139160156,-263.2757263183594,-0.7738586664199829
-169.22622680664062,-263.548583984375,-0.7458819150924683
-169.24061584472656,-263.8233642578125,-0.7172325849533081
-169.255126953125,-264.10015869140625,-0.6871166825294495
-169.26986694335938,-264.37890625,-0.6553252935409546
-169.28521728515625,-264.659423828125,-0.6224473714828491
-169.30104064941406,-264.9417724609375,-0.5899336934089661
-169.31634521484375,-265.22613525390625,-0.5577343702316284
-169.3315887451172,-265.5124206542969,-0.5258456468582153
-169.3469696044922,-265.8001403808594,-0.4945871829986572
-169.36300659179688,-266.08966064453125,-0.4639928340911865
-169.37867736816406,-266.3808288574219,-0.4337216019630432
-169.3942108154297,-266.67352294921875,-0.4022137224674225
-169.41036987304688,-266.96759033203125,-0.369185596704483
-169.42686462402344,-267.2627868652344,-0.3349388539791107
-169.4441680908203,-267.5591735839844,-0.3006137311458587
-169.46144104003906,-267.856689453125,-0.2663341462612152
-169.4788818359375,-268.15545654296875,-0.2317489087581634
-169.4970703125,-268.4555969238281,-0.1978595852851867
-169.5152587890625,-268.7571105957031,-0.1644860804080963
-169.53311157226562,-269.06005859375,-0.1314879208803177
-169.55056762695312,-269.3643798828125,-0.0986614823341369
-169.5679168701172,-269.6700134277344,-0.0659117847681045
-169.58541870117188,-269.9768981933594,-0.0333003848791122
-169.60302734375,-270.28509521484375,-0.000837504863739
-169.62046813964844,-270.59454345703125,0.0316007137298584
-169.63772583007812,-270.9053649902344,0.0645748078823089
-169.65521240234375,-271.2174377441406,0.0980351865291595
-169.6730499267578,-271.5307922363281,0.1314225196838379
-169.6905517578125,-271.84552001953125,0.1648011803627014
-169.70806884765625,-272.16168212890625,0.1982553303241729
-169.72572326660156,-272.4792175292969,0.2317105829715728
-169.74327087402344,-272.7982177734375,0.2654990255832672
-169.76051330566406,-273.1186828613281,0.2995256185531616
-169.77731323242188,-273.4405822753906,0.333499401807785
-169.79383850097656,-273.7640686035156,0.3675526976585388
-169.81015014648438,-274.089111328125,0.4014676213264465
-169.82623291015625,-274.4158020019531,0.4355803430080414
-169.84242248535156,-274.74420166015625,0.4700763821601867
-169.85861206054688,-275.0743408203125,0.5050152540206909
-169.8746795654297,-275.4061584472656,0.5406094789505005
-169.89041137695312,-275.73956298828125,0.5768923163414001
-169.9058837890625,-276.074462890625,0.6137256026268005
-169.92115783691406,-276.4107666015625,0.6507434248924255
-169.93624877929688,-276.74847412109375,0.6875338554382324
-169.9513397216797,-277.08746337890625,0.7237417697906494
-169.96627807617188,-277.42791748046875,0.7598991394042969
-169.9808807373047,-277.76983642578125,0.7961432933807373
-169.99533081054688,-278.1131896972656,0.8322616815567017
-170.00962829589844,-278.4579162597656,0.8681503534317017
-170.02365112304688,-278.8039855957031,0.9036062955856324
-170.03770446777344,-279.1514892578125,0.9389342665672302
-170.05172729492188,-279.5006408691406,0.9741753339767456
-170.06582641601562,-279.8516540527344,1.0093570947647097
-170.08006286621094,-280.2048645019531,1.044605016708374
-170.0945281982422,-280.5606384277344,1.079814076423645
-170.1090850830078,-280.9192810058594,1.1148021221160889
-170.12335205078125,-281.28106689453125,1.1499335765838623
-170.13751220703125,-281.64617919921875,1.185429573059082
-170.15164184570312,-282.0146789550781,1.2212553024291992
-170.16574096679688,-282.38665771484375,1.2572801113128662
-170.17974853515625,-282.7621765136719,1.2934601306915283
-170.1934356689453,-283.1412353515625,1.3299903869628906
-170.2069549560547,-283.5239562988281,1.366852045059204
-170.22048950195312,-283.91021728515625,1.403661012649536
-170.23390197753906,-284.2998962402344,1.4401206970214844
-170.2473602294922,-284.69287109375,1.4765087366104126
-170.2609100341797,-285.0890197753906,1.5131632089614868
-170.2745361328125,-285.48797607421875,1.5502967834472656
-170.28826904296875,-285.8893737792969,1.587906837463379
-170.3022918701172,-286.2929992675781,1.6257129907608032
-170.3166961669922,-286.6985778808594,1.663551688194275
-170.33145141601562,-287.1055603027344,1.7009987831115725
-170.34649658203125,-287.5133972167969,1.7380412817001345
-170.3621063232422,-287.921142578125,1.7742129564285278
-170.3785858154297,-288.3280944824219,1.8087371587753296
-170.3957061767578,-288.7336120605469,1.8415322303771973
-170.4130401611328,-289.1373596191406,1.874200463294983
-170.43150329589844,-289.5389099121094,1.9074972867965696
-170.45166015625,-289.9383239746094,1.941009521484375
-170.47329711914062,-290.3358154296875,1.9734516143798828
-170.4956512451172,-290.7313232421875,2.0042006969451904
-170.5181427001953,-291.1246337890625,2.0332353115081787
-170.54112243652344,-291.5149841308594,2.0627589225769043
-170.56454467773438,-291.9022216796875,2.092599868774414
-170.5887451171875,-292.28656005859375,2.122457265853882
-170.6138458251953,-292.6681213378906,2.1520304679870605
-170.63925170898438,-293.0470886230469,2.180781126022339
-170.6648406982422,-293.4233703613281,2.209125518798828
-170.68943786621094,-293.7967529296875,2.237545967102051
-170.71311950683594,-294.167236328125,2.26823091506958
-170.73699951171875,-294.53485107421875,2.3025670051574707
-170.7624969482422,-294.8998107910156,2.337411880493164
-170.78733825683594,-295.2623291015625,2.370944023132324
-170.81175231933594,-295.6227722167969,2.4018874168395996
-170.83624267578125,-295.9812316894531,2.4289212226867676
-170.85971069335938,-296.3376770019531,2.4525303840637207
-170.88177490234375,-296.6922607421875,2.4759881496429443
-170.90408325195312,-297.04498291015625,2.5008394718170166
-170.92662048339844,-297.3960266113281,2.527315378189087
-170.94834899902344,-297.7460632324219,2.557044267654419
-170.97097778320312,-298.0960388183594,2.5884761810302734
-170.9934539794922,-298.4460754394531,2.61852502822876
-171.01502990722656,-298.7957763671875,2.6446783542633057
-171.0357666015625,-299.14520263671875,2.668459177017212
-171.05569458007812,-299.49420166015625,2.691540002822876
-171.07504272460938,-299.8426818847656,2.71533203125
-171.09364318847656,-300.19061279296875,2.7401440143585205
-171.11094665527344,-300.53790283203125,2.766970157623291
-171.12771606445312,-300.8847351074219,2.7953081130981445
-171.14471435546875,-301.2313232421875,2.8237695693969727
-171.16131591796875,-301.5777587890625,2.8509087562561035
-171.1774444580078,-301.9239501953125,2.876026153564453
-171.19320678710938,-302.2699890136719,2.899430751800537
-171.20831298828125,-302.615966796875,2.921482801437378
-171.22254943847656,-302.9618225097656,2.943518877029419
-171.23651123046875,-303.3073425292969,2.966055393218994
-171.2502899169922,-303.65228271484375,2.9890410900115967
-171.26390075683594,-303.9966735839844,3.0118722915649414
-171.2777557373047,-304.3407897949219,3.0330207347869873
-171.2911376953125,-304.6847229003906,3.0522727966308594
-171.30374145507812,-305.0284729003906,3.070641040802002
-171.3162078857422,-305.3716125488281,3.089071035385132
-171.32830810546875,-305.7143249511719,3.108595132827759
-171.3405303955078,-306.0567321777344,3.129432439804077
-171.35336303710938,-306.399169921875,3.1509592533111572
-171.36668395996094,-306.7418518066406,3.172050952911377
-171.38009643554688,-307.08514404296875,3.1925764083862305
-171.39324951171875,-307.429443359375,3.2127935886383057
-171.40628051757812,-307.7745361328125,3.2324159145355225
-171.4187774658203,-308.1203308105469,3.2517311573028564
-171.43067932128906,-308.4666442871094,3.271637201309204
-171.4426727294922,-308.8136291503906,3.2922065258026123
-171.45474243164062,-309.1614685058594,3.31316876411438
-171.46673583984375,-309.5103759765625,3.334115982055664
-171.47857666015625,-309.8603210449219,3.354926109313965
-171.49034118652344,-310.2113952636719,3.375546932220459
-171.5021514892578,-310.5636901855469,3.395683526992798
-171.51373291015625,-310.91729736328125,3.415595531463623
-171.5250701904297,-311.2723083496094,3.435511827468872
-171.5360107421875,-311.6288146972656,3.45570969581604
-171.54653930664062,-311.98699951171875,3.4767420291900635
-171.55711364746094,-312.346923828125,3.4987192153930664
-171.5677490234375,-312.7086181640625,3.5214805603027344
-171.57838439941406,-313.0720520019531,3.5442214012145996
-171.5884552001953,-313.437255859375,3.5669119358062744
-171.59852600097656,-313.8041687011719,3.5884711742401123
-171.60818481445312,-314.1726379394531,3.6082119941711426
-171.6172637939453,-314.5426940917969,3.626609325408935
-171.62612915039062,-314.9147033691406,3.645349740982056
-171.63523864746094,-315.2883605957031,3.665016412734986
-171.64488220214844,-315.6633605957031,3.685036182403565
-171.65499877929688,-316.0395202636719,3.7043206691741943
-171.6659698486328,-316.4169006347656,3.721192359924317
-171.67666625976562,-316.795654296875,3.7368171215057377
-171.6875,-317.1756591796875,3.752734661102295
-171.69863891601562,-317.55670166015625,3.769456624984741
-171.7096710205078,-317.9385986328125,3.787272691726685
-171.7223663330078,-318.321533203125,3.806370258331299
-171.736083984375,-318.7054138183594,3.8258838653564458
-171.7499237060547,-319.0899658203125,3.844617128372192
-171.76467895507812,-319.4751892089844,3.862591505050659
-171.780517578125,-319.8608093261719,3.878668546676636
-171.7959747314453,-320.2464904785156,3.893643856048584
-171.81118774414062,-320.63232421875,3.9086995124816895
-171.8271484375,-321.0184326171875,3.925442934036255
-171.8441619873047,-321.40460205078125,3.943514585494995
-171.86166381835938,-321.7911376953125,3.962494373321533
-171.8793487548828,-322.1781311035156,3.9813404083251953
-171.89727783203125,-322.5655212402344,3.999053716659546
-171.91563415527344,-322.953125,4.015173435211182
-171.93402099609375,-323.3409423828125,4.02987813949585
-171.9516143798828,-323.72882080078125,4.044644832611084
-171.96829223632812,-324.1166687011719,4.062067031860352
-171.9849853515625,-324.50433349609375,4.082764625549316
-172.0025634765625,-324.8916015625,4.103817939758301
-172.0198516845703,-325.27886962890625,4.123157978057861
-172.0370635986328,-325.6661376953125,4.139681816101074
-172.0545654296875,-326.0535888671875,4.154068470001221
-172.0713653564453,-326.441162109375,4.1678266525268555
-172.08740234375,-326.8287353515625,4.182432174682617
-172.10357666015625,-327.21624755859375,4.198261260986328
-172.11997985839844,-327.6036376953125,4.215340614318848
-172.13693237304688,-327.9911804199219,4.233203411102295
-172.15484619140625,-328.3791198730469,4.249719619750977
-172.1722869873047,-328.7673034667969,4.265148162841797
-172.18946838378906,-329.15557861328125,4.27982759475708
-172.2066192626953,-329.543701171875,4.293619632720947
-172.2238006591797,-329.9315490722656,4.306493759155273
-172.240966796875,-330.3189697265625,4.318597793579102
-172.25807189941406,-330.70611572265625,4.331067085266113
-172.2755126953125,-331.09283447265625,4.344496726989746
-172.29345703125,-331.4789123535156,4.358485221862793
-172.3120574951172,-331.8646545410156,4.371652126312256
-172.33084106445312,-332.2500305175781,4.383060932159424
-172.34954833984375,-332.63494873046875,4.3930230140686035
-172.3682403564453,-333.019287109375,4.402552127838135
-172.38697814941406,-333.4029235839844,4.412168502807617
-172.40585327148438,-333.7857971191406,4.422198295593262
-172.42514038085938,-334.1679992675781,4.432554244995117
-172.44473266601562,-334.54962158203125,4.442784786224365
-172.464599609375,-334.9306640625,4.452560901641846
-172.48512268066406,-335.3111267089844,4.461515426635742
-172.50611877441406,-335.69091796875,4.468869209289551
-172.5269317626953,-336.070068359375,4.474539279937744
-172.54733276367188,-336.4488525390625,4.480149269104004
-172.56838989257812,-336.827392578125,4.486799716949463
-172.58990478515625,-337.2059326171875,4.494648456573486
-172.6116180419922,-337.584716796875,4.503635406494141
-172.6337890625,-337.964111328125,4.512824535369873
-172.6562957763672,-338.34423828125,4.5210723876953125
-172.67933654785156,-338.72540283203125,4.527982234954834
-172.70220947265625,-339.1081237792969,4.53430700302124
-172.72462463378906,-339.4930725097656,4.54156494140625
-172.7469940185547,-339.88104248046875,4.550502300262451
-172.7691650390625,-340.2726135253906,4.562122821807861
-172.79197692871094,-340.6678161621094,4.574578285217285
-172.81443786621094,-341.0664367675781,4.586063385009766
-172.83688354492188,-341.4685974121094,4.59536075592041
-172.85960388183594,-341.8744812011719,4.602588653564453
-172.8820037841797,-342.28424072265625,4.60837984085083
-172.9036407470703,-342.69818115234375,4.614286422729492
-172.92538452148438,-343.1159973144531,4.62135124206543
-172.94766235351562,-343.5374450683594,4.630016803741455
-172.97134399414062,-343.9621276855469,4.638761043548584
-172.9962158203125,-344.38983154296875,4.64547061920166
-173.02088928222656,-344.8206787109375,4.650713920593262
-173.04544067382812,-345.25457763671875,4.655120849609375
-173.07008361816406,-345.69122314453125,4.659369468688965
-173.0948944091797,-346.1300354003906,4.664112091064453
-173.1202850341797,-346.57025146484375,4.669684886932373
-173.1466522216797,-347.01104736328125,4.675670146942139
-173.174072265625,-347.45147705078125,4.681146144866943
-173.2024383544922,-347.8908386230469,4.6853861808776855
-173.23171997070312,-348.3288269042969,4.688160419464111
-173.2615203857422,-348.7650451660156,4.690396308898926
-173.29202270507812,-349.1991271972656,4.693162441253662
-173.3236846923828,-349.6307067871094,4.697192192077637
-173.35687255859375,-350.05999755859375,4.701931953430176
-173.3914337158203,-350.4869384765625,4.706435203552246
-173.42698669433594,-350.9114074707031,4.710308074951172
-173.46353149414062,-351.3334045410156,4.713331699371338
-173.50091552734375,-351.7525634765625,4.715816020965576
-173.53909301757812,-352.1686706542969,4.718314170837402
-173.5784454345703,-352.5818786621094,4.720984935760498
-173.61880493164062,-352.9922790527344,4.723742485046387
-173.65975952148438,-353.4002380371094,4.726267337799072
-173.70089721679688,-353.8058776855469,4.728957176208496
-173.7422637939453,-354.2091064453125,4.732229709625244
-173.7837371826172,-354.6098327636719,4.736332416534424
-173.82557678222656,-355.0079040527344,4.7405548095703125
-173.867919921875,-355.4034729003906,4.74324893951416
-173.90977478027344,-355.7965393066406,4.744070529937744
-173.95045471191406,-356.1868896484375,4.74413537979126
-173.99107360839844,-356.57440185546875,4.7444915771484375
-174.03176879882812,-356.9591369628906,4.745874881744385
-174.07247924804688,-357.3411865234375,4.748739242553711
-174.11395263671875,-357.7210998535156,4.7516045570373535
-174.1555633544922,-358.0989990234375,4.7534990310668945
-174.19683837890625,-358.4748229980469,4.754300117492676
-174.23773193359375,-358.8482666015625,4.754307746887207
-174.278076171875,-359.2193298339844,4.754524230957031
-174.31808471679688,-359.58795166015625,4.756043910980225
-174.3583221435547,-359.9541320800781,4.758910655975342
-174.39889526367188,-360.3182373046875,4.761641502380371
-174.4386749267578,-360.6803894042969,4.763659477233887
-174.4779052734375,-361.0406188964844,4.76430082321167
-174.51687622070312,-361.3990478515625,4.76262903213501
-174.55535888671875,-361.7555847167969,4.7589311599731445
-174.59291076660156,-362.1105346679687,4.755278587341309
-174.63015747070312,-362.4640808105469,4.752597332000732
-174.66744995117188,-362.8164367675781,4.751019477844238
-174.70445251464844,-363.1680603027344,4.750591278076172
-174.74151611328125,-363.51947021484375,4.750283241271973
-174.7781219482422,-363.8708190917969,4.749362945556641
-174.81402587890625,-364.2217712402344,4.747254848480225
-174.8496551513672,-364.5721435546875,4.743977069854736
-174.88455200195312,-364.9220581054687,4.74017858505249
-174.91864013671875,-365.2714538574219,4.736669540405273
-174.95230102539062,-365.62066650390625,4.733449459075928
-174.98529052734375,-365.9701232910156,4.730771064758301
-175.01792907714844,-366.3199768066406,4.7284770011901855
-175.0504150390625,-366.6705932617187,4.7264838218688965
-175.08236694335938,-367.0221252441406,4.724081039428711
-175.11451721191406,-367.3746948242187,4.720734596252441
-175.1463165283203,-367.7286071777344,4.716418266296387
-175.17742919921875,-368.083984375,4.711824417114258
-175.20823669433594,-368.4408264160156,4.7072343826293945
-175.23898315429688,-368.7991027832031,4.702327728271484
-175.26937866210938,-369.15875244140625,4.6962738037109375
-175.29934692382812,-369.5198669433594,4.688776969909668
-175.3287353515625,-369.8825378417969,4.680473327636719
-175.3577880859375,-370.2468872070313,4.672242164611816
-175.38699340820312,-370.6126403808594,4.664113521575928
-175.41551208496094,-370.9799499511719,4.6569342613220215
-175.4444122314453,-371.3487854003906,4.65005350112915
-175.47361755371094,-371.7190856933594,4.642996311187744
-175.50257873535156,-372.0907287597656,4.635564804077148
-175.53128051757812,-372.4637145996094,4.6275739669799805
-175.5597381591797,-372.8381042480469,4.619178771972656
-175.58779907226562,-373.2140808105469,4.611320972442627
-175.61537170410156,-373.5918273925781,4.605332374572754
-175.64324951171875,-373.9710998535156,4.600712299346924
-175.6713409423828,-374.3517150878906,4.595793724060059
-175.6990203857422,-374.73394775390625,4.58969259262085
-175.7262420654297,-375.1177978515625,4.581499099731445
-175.75315856933594,-375.5033264160156,4.571362495422363
-175.7796173095703,-375.8910827636719,4.561075210571289
-175.8058624267578,-376.2811584472656,4.5515923500061035
-175.83221435546875,-376.6734619140625,4.543202877044678
-175.85888671875,-377.06793212890625,4.5351362228393555
-175.88638305664062,-377.464599609375,4.525012493133545
-175.91380310058594,-377.8633728027344,4.5123677253723145
-175.940673828125,-378.2646179199219,4.498542785644531
-175.9673614501953,-378.6683044433594,4.484732151031494
-175.99424743652344,-379.0741882324219,4.470965385437012
-176.0216064453125,-379.4822082519531,4.456940174102783
-176.0496826171875,-379.8923645019531,4.442021369934082
-176.07852172851562,-380.30474853515625,4.426727771759033
-176.1080780029297,-380.7192077636719,4.411320686340332
-176.1380157470703,-381.1355285644531,4.395279407501221
-176.1676788330078,-381.5538024902344,4.378132343292236
-176.1981658935547,-381.9739990234375,4.360276699066162
-176.22982788085938,-382.3961486816406,4.342621326446533
-176.2622528076172,-382.8200988769531,4.325454235076904
-176.29531860351562,-383.2456359863281,4.307994365692139
-176.32888793945312,-383.6724853515625,4.289138317108154
-176.3629913330078,-384.1004943847656,4.268845081329346
-176.3971405029297,-384.530029296875,4.248692989349365
-176.43148803710938,-384.9610290527344,4.229905128479004
-176.4662322998047,-385.3934326171875,4.212599277496338
-176.50180053710938,-385.8271789550781,4.1956868171691895
-176.53802490234375,-386.2620239257813,4.17810583114624
-176.57449340820312,-386.6979064941406,4.159524440765381
-176.6108856201172,-387.1347351074219,4.140152454376221
-176.6469268798828,-387.5723876953125,4.120872974395752
-176.68316650390625,-388.0108642578125,4.1019721031188965
-176.71975708007812,-388.45025634765625,4.083580493927002
-176.75640869140625,-388.8907165527344,4.065730571746826
-176.79299926757812,-389.3323364257813,4.048937797546387
-176.82984924316406,-389.7750854492187,4.033209323883057
-176.8672637939453,-390.218505859375,4.017239093780518
-176.90469360351562,-390.6625671386719,4.000418186187744
-176.94163513183594,-391.1073303222656,3.983258008956909
-176.97789001464844,-391.55267333984375,3.967019557952881
-177.01419067382812,-391.9983520507813,3.95145845413208
-177.05099487304688,-392.4443054199219,3.9355220794677734
-177.0883331298828,-392.8907470703125,3.918124914169311
-177.12545776367188,-393.3377075195313,3.899043083190918
-177.16197204589844,-393.785400390625,3.8795199394226074
-177.198486328125,-394.23382568359375,3.8602023124694824
-177.23545837402344,-394.682861328125,3.8409574031829834
-177.2728729248047,-395.1326599121094,3.821105480194092
-177.3105926513672,-395.5832824707031,3.800004243850708
-177.3476104736328,-396.0345764160156,3.7776870727539062
-177.3839569091797,-396.4864501953125,3.7549619674682617
-177.4201202392578,-396.93902587890625,3.73293137550354
-177.45639038085938,-397.3923034667969,3.7117180824279785
-177.4924774169922,-397.84619140625,3.690927028656006
-177.5282745361328,-398.30084228515625,3.670440435409546
-177.564453125,-398.7560729980469,3.649416446685791
-177.600830078125,-399.2118225097656,3.627128839492798
-177.6367950439453,-399.6679992675781,3.603904247283935
-177.67213439941406,-400.1247863769531,3.58078670501709
-177.70619201660156,-400.5824279785156,3.559370517730713
-177.73988342285156,-401.0410461425781,3.541228771209717
-177.77500915527344,-401.500244140625,3.523463726043701
-177.8097686767578,-401.9601745605469,3.504962921142578
-177.8438262939453,-402.420654296875,3.4848225116729736
-177.87644958496094,-402.8817443847656,3.463545799255371
-177.90731811523438,-403.3434143066406,3.4423820972442627
-177.93807983398438,-403.8055725097656,3.4220824241638184
-177.96873474121094,-404.2681884765625,3.402214765548706
-177.99952697753906,-404.7314147949219,3.3818206787109375
-178.03053283691406,-405.19537353515625,3.359452486038208
-178.0607452392578,-405.6599731445313,3.3357105255126953
-178.09005737304688,-406.1254577636719,3.311781644821167
-178.1190948486328,-406.59173583984375,3.288184881210327
-178.14796447753906,-407.0587768554687,3.2648396492004395
-178.17637634277344,-407.526611328125,3.241607189178467
-178.20436096191406,-407.99505615234375,3.2181966304779053
-178.23223876953125,-408.4640808105469,3.1945199966430664
-178.2596893310547,-408.9335021972656,3.171055793762207
-178.2869415283203,-409.4034118652344,3.14786148071289
-178.3140869140625,-409.8738708496094,3.124972343444824
-178.3409881591797,-410.344970703125,3.1021714210510254
-178.3677215576172,-410.8167724609375,3.0795626640319824
-178.39430236816406,-411.2893981933594,3.057447910308838
-178.42076110839844,-411.7627258300781,3.035890579223633
-178.44717407226562,-412.2365417480469,3.014183759689331
-178.47300720214844,-412.7107849121094,2.992353677749634
-178.49847412109375,-413.1853637695313,2.9701671600341797
-178.52354431152344,-413.6603088378906,2.9476311206817627
-178.54844665527344,-414.1355895996094,2.924711227416992
-178.57310485839844,-414.6111755371094,2.9011690616607666
-178.59739685058594,-415.0871887207031,2.8770196437835693
-178.62118530273438,-415.5638122558594,2.8528316020965576
-178.6448974609375,-416.0410461425781,2.8285982608795166
-178.66856384277344,-416.5188598632813,2.8039379119873047
-178.69203186035156,-416.9972229003906,2.7785990238189697
-178.7148895263672,-417.4760437011719,2.752591371536255
-178.73695373535156,-417.9552917480469,2.7268431186676025
-178.75828552246094,-418.4350891113281,2.702066421508789
-178.77915954589844,-418.9155578613281,2.678574323654175
-178.7998809814453,-419.3967590332031,2.6560702323913574
-178.82029724121094,-419.8784484863281,2.63403844833374
-178.84042358398438,-420.3606567382813,2.6123766899108887
-178.86050415039062,-420.8429870605469,2.589728355407715
-178.87986755371094,-421.3255004882813,2.5665504932403564
-178.89883422851562,-421.8082580566406,2.543043613433838
-178.91757202148438,-422.2915344238281,2.5201668739318848
-178.93661499023438,-422.7752685546875,2.4981815814971924
-178.9564666748047,-423.259521484375,2.475673198699951
-178.97647094726562,-423.7442626953125,2.4520015716552734
-178.99612426757812,-424.2296142578125,2.427907943725586
-179.01597595214844,-424.7154541015625,2.4042067527770996
-179.0364227294922,-425.2016906738281,2.3812384605407715
-179.05751037597656,-425.68841552734375,2.358687400817871
-179.07943725585938,-426.1755065917969,2.3357694149017334
-179.10171508789062,-426.6628723144531,2.3123254776000977
-179.12408447265625,-427.1505432128906,2.289034366607666
-179.14715576171875,-427.6385803222656,2.266117572784424
-179.1704559326172,-428.1271057128906,2.243992328643799
-179.19363403320312,-428.6163635253906,2.2241721153259277
-179.2174835205078,-429.1064758300781,2.2072834968566895
-179.24258422851562,-429.5968322753906,2.1907083988189697
-179.26817321777344,-430.087158203125,2.172646999359131
-179.2935028076172,-430.57769775390625,2.15256929397583
-179.3181915283203,-431.0683288574219,2.132024049758911
-179.3428497314453,-431.5591735839844,2.111624002456665
-179.368896484375,-432.0503234863281,2.0909078121185303
-179.3951416015625,-432.5419616699219,2.0689139366149902
-179.4209747314453,-433.0348815917969,2.046353578567505
-179.44644165039062,-433.52923583984375,2.024498701095581
-179.4716339111328,-434.02490234375,2.004075765609741
-179.49636840820312,-434.52197265625,1.9834280014038088
-179.52052307128906,-435.0201416015625,1.9615041017532349
-179.54315185546875,-435.519287109375,1.9398680925369265
-179.56488037109375,-436.0194396972656,1.9194087982177737
-179.58641052246094,-436.5208129882813,1.900351643562317
-179.6074981689453,-437.0232543945313,1.8813791275024416
-179.62765502929688,-437.5268249511719,1.862104892730713
-179.64682006835938,-438.0317687988281,1.8431851863861084
-179.6656494140625,-438.5380859375,1.8249520063400269
-179.6846923828125,-439.045654296875,1.8071486949920657
-179.70375061035156,-439.5545043945313,1.788828730583191
-179.7218780517578,-440.064697265625,1.7702443599700928
-179.73947143554688,-440.576171875,1.7528399229049685
-179.7574005126953,-441.088623046875,1.7363691329956057
-179.77572631835938,-441.6019592285156,1.7198680639266968
-179.7939453125,-442.1164245605469,1.7036285400390625
-179.81234741210938,-442.6317443847656,1.6876187324523926
-179.830810546875,-443.1477355957031,1.671731948852539
-179.84934997558594,-443.66455078125,1.656117558479309
-179.86830139160156,-444.1822814941406,1.6413075923919678
-179.8885498046875,-444.70068359375,1.6272844076156616
-179.90992736816406,-445.2197570800781,1.613136887550354
-179.93226623535156,-445.7393493652344,1.5974416732788086
-179.9544219970703,-446.2591857910156,1.5797022581100464
-179.9751434326172,-446.77972412109375,1.5636203289031982
-179.99635314941406,-447.30126953125,1.5507152080535889
-180.01817321777344,-447.82379150390625,1.540393590927124
-180.04087829589844,-448.3468627929687,1.5294358730316162
-180.06312561035156,-448.8703918457031,1.5166800022125244
-180.08363342285156,-449.3941955566406,1.5035889148712158
-180.10430908203125,-449.9179382324219,1.4893687963485718
-180.1251220703125,-450.4417724609375,1.4741828441619873
-180.1459045410156,-450.9661560058594,1.459334373474121
-180.167236328125,-451.4913635253906,1.445389747619629
-180.18914794921875,-452.0179748535156,1.432183027267456
-180.21141052246097,-452.5457458496094,1.4191044569015503
-180.23318481445312,-453.07421875,1.4050798416137695
-180.25436401367188,-453.60308837890625,1.3907442092895508
-180.2752990722656,-454.13232421875,1.377016544342041
-180.2961273193359,-454.6619873046875,1.3643964529037476
-180.31724548339844,-455.1922912597656,1.3523424863815308
-180.33822631835935,-455.7233581542969,1.3408167362213137
-180.35923767089844,-456.2552490234375,1.329871416091919
-180.38052368164065,-456.787841796875,1.3192226886749268
-180.4017791748047,-457.3210754394531,1.3085229396820068
-180.4230804443359,-457.8548889160156,1.2976553440093994
-180.44444274902344,-458.3891906738281,1.2868163585662842
-180.46609497070312,-458.9239807128906,1.2758488655090332
-180.4879913330078,-459.4593200683594,1.2647498846054075
-180.51010131835935,-459.9953308105469,1.2539454698562622
-180.5329132080078,-460.5320739746094,1.243051528930664
-180.55628967285156,-461.0695190429687,1.231988549232483
-180.58050537109375,-461.6076965332031,1.2202998399734497
-180.6051025390625,-462.1463012695313,1.2075908184051514
-180.6298370361328,-462.68548583984375,1.1950788497924805
-180.6555023193359,-463.2253112792969,1.183212161064148
-180.6810760498047,-463.76611328125,1.173710823059082
-180.70797729492188,-464.30804443359375,1.167202353477478
-180.7367248535156,-464.8504638671875,1.1607760190963743
-180.76600646972656,-465.3933715820313,1.15285325050354
-180.7950134277344,-465.93658447265625,1.142909288406372
-180.8223876953125,-466.4801635742187,1.1342873573303225
-180.84999084472656,-467.0242004394531,1.1288219690322876
-180.87892150878903,-467.5687255859375,1.124650239944458
-180.9089202880859,-468.1136169433594,1.1183041334152222
-180.93890380859375,-468.6587829589844,1.1084171533584597
-180.96771240234375,-469.2043151855469,1.0960983037948608
-180.9953460693359,-469.75054931640625,1.084291696548462
-181.0230712890625,-470.2973937988281,1.0745012760162354
-181.0521545410156,-470.8451843261719,1.0649133920669556
-181.0813446044922,-471.3939208984375,1.0543456077575684
-181.10940551757812,-471.9432067871094,1.041888952255249
-181.1356658935547,-472.4930725097656,1.0304120779037476
-181.1618194580078,-473.0436706542969,1.020848274230957
-181.18826293945312,-473.5948486328125,1.0126193761825562
-181.21482849121097,-474.1466064453125,1.0039727687835691
-181.24050903320312,-474.698974609375,0.9944983124732972
-181.2648162841797,-475.2518615722656,0.9852312207221984
-181.28843688964844,-475.8054809570313,0.9771511554718018
-181.31234741210935,-476.3599548339844,0.970035433769226
-181.33663940429688,-476.91510009765625,0.962820053100586
-181.3603515625,-477.4710998535156,0.9556595087051392
-181.3843994140625,-478.0276184082031,0.947646975517273
-181.4082489013672,-478.5843811035156,0.9381966590881348
-181.431884765625,-479.1413879394531,0.9267408847808838
-181.4556427001953,-479.6985778808594,0.9128592014312744
-181.47813415527344,-480.2566833496094,0.8998795747756958
-181.50180053710935,-480.81640625,0.8886874318122864
-181.5253448486328,-481.3776245117187,0.8791249990463257
-181.5475616455078,-481.9400939941406,0.8699162602424622
-181.5693817138672,-482.5032348632813,0.8607515096664429
-181.59095764160156,-483.0667114257813,0.8524287939071655
-181.61260986328125,-483.6305541992187,0.8448026180267334
-181.6337890625,-484.1948547363281,0.8382338285446167
-181.65447998046875,-484.7599182128906,0.8331095576286316
-181.67578125,-485.3257751464844,0.8286372423171997
-181.69772338867188,-485.8923034667969,0.8230533599853516
-181.7194061279297,-486.4595031738281,0.8158715963363647
-181.74029541015625,-487.02728271484375,0.8074764609336853
-181.7605438232422,-487.5957336425781,0.7989453673362732
-181.7806854248047,-488.1650085449219,0.7907892465591431
-181.80133056640625,-488.7351379394531,0.7822020053863525
-181.82167053222656,-489.3062438964844,0.7735692262649536
-181.8414764404297,-489.8782043457031,0.7651870250701904
-181.86097717285156,-490.4508666992187,0.7573498487472534
-181.8804626464844,-491.0242309570313,0.750097393989563
-181.8997344970703,-491.5982666015625,0.743638277053833
-181.91912841796875,-492.17279052734375,0.7374118566513062
-181.93882751464844,-492.7477111816406,0.7306133508682251
-181.9586639404297,-493.32318115234375,0.7230236530303955
-181.97821044921875,-493.8991088867187,0.7146205902099609
-181.99740600585935,-494.4755554199219,0.7060666084289551
-182.01707458496097,-495.0527038574219,0.6974955201148987
-182.0369415283203,-495.6305847167969,0.6889888644218445
-182.05697631835935,-496.2091674804687,0.6805152893066406
-182.07664489746097,-496.7882385253906,0.6716500520706177
-182.09625244140625,-497.3677978515625,0.6623774766921997
-182.1160125732422,-497.9476623535156,0.6526325941085815
-182.1355743408203,-498.5280151367187,0.6421236991882324
-182.1550750732422,-499.1090087890625,0.6314685344696045
-182.1747283935547,-499.6907043457031,0.6211777329444885
-182.1942596435547,-500.2732543945313,0.6115447282791138
-182.2135772705078,-500.8566284179687,0.6023759841918945
-182.23312377929688,-501.4405822753906,0.5929956436157227
-182.25244140625,-502.0249938964844,0.5834085941314697
-182.27146911621097,-502.60980224609375,0.5737934112548828
-182.29017639160156,-503.1951599121094,0.5642504692077637
-182.30880737304688,-503.7811279296875,0.5547642111778259
-182.32752990722656,-504.3677978515625,0.5447660684585571
-182.34619140625,-504.9552001953125,0.5342293977737427
-182.36473083496097,-505.5432739257813,0.5230991244316101
-182.38314819335935,-506.13189697265625,0.5112038850784302
-182.40135192871097,-506.72113037109375,0.4984990358352661
-182.41896057128903,-507.31103515625,0.4857061505317688
-182.4363250732422,-507.9017333984375,0.4734637141227722
-182.4534149169922,-508.4933166503906,0.4615557789802551
-182.47010803222656,-509.0858154296875,0.4503207206726074
-182.48651123046875,-509.6790771484375,0.4396299123764038
-182.50277709960935,-510.2727661132813,0.4285566806793213
-182.51849365234375,-510.8668212890625,0.4171121716499328
-182.53363037109375,-511.4612121582031,0.4053252339363098
-182.5485382080078,-512.0559692382812,0.3931039571762085
-182.5637054443359,-512.6514282226562,0.3800142109394073
-182.57859802246097,-513.2476806640625,0.3660658895969391
-182.59307861328125,-513.8447265625,0.3515989780426025
-182.60740661621097,-514.4425048828125,0.3365147709846496
-182.62159729003903,-515.0409545898438,0.3206191956996918
-182.6353302001953,-515.64013671875,0.3045558631420135
-182.6486968994141,-516.2400512695312,0.2885701358318329
-182.66143798828125,-516.8407592773438,0.2727991938591003
-182.67379760742188,-517.4422607421875,0.2573815286159515
-182.68557739257812,-518.0446166992188,0.2423946559429168
-182.6970062255859,-518.6478271484375,0.2278823554515838
-182.708251953125,-519.2516479492188,0.2131834030151367
-182.7189178466797,-519.8560180664062,0.1978748738765716
-182.7287445068359,-520.4608764648438,0.1816834211349487
-182.7378692626953,-521.066162109375,0.1648019850254058
-182.74659729003903,-521.6722412109375,0.1477372944355011
-182.75503540039065,-522.2791748046875,0.1299706101417541
-182.76271057128903,-522.8871459960938,0.1115422844886779
-182.76950073242188,-523.4957885742188,0.0924171507358551
-182.77532958984375,-524.1051025390625,0.0726755261421203
-182.7802276611328,-524.7149047851562,0.0526379644870758
-182.7837829589844,-525.3253784179688,0.0323116481304168
-182.7858428955078,-525.9364624023438,0.0119885206222534
-182.7867126464844,-526.54833984375,-0.0080286562442779
-182.78619384765625,-527.160888671875,-0.0276081264019012
-182.7842559814453,-527.774169921875,-0.0466268956661224
-182.78128051757812,-528.387939453125,-0.065704807639122
-182.7769775390625,-529.0020141601562,-0.0851098001003265
-182.77133178710935,-529.6163940429688,-0.1050495952367782
-182.7644500732422,-530.2310791015625,-0.1256209015846252
-182.75685119628903,-530.8462524414062,-0.1466525346040725
-182.74851989746097,-531.462158203125,-0.1687633246183395
-182.73904418945312,-532.07861328125,-0.1918807029724121
-182.7284393310547,-532.6958618164062,-0.2158560454845428
-182.71676635742188,-533.3135375976562,-0.2409342527389526
-182.70396423339844,-533.931884765625,-0.2668096423149109
-182.69009399414065,-534.5509643554688,-0.2925318479537964
-182.6755218505859,-535.1708374023438,-0.3177223801612854
-182.6598663330078,-535.79150390625,-0.3430902361869812
-182.6434783935547,-536.4129638671875,-0.3687174022197723
-182.6268615722656,-537.03515625,-0.3943882882595062
-182.61016845703125,-537.657958984375,-0.4205412864685058
-182.59304809570312,-538.28125,-0.4472897052764892
-182.5755920410156,-538.9049682617188,-0.4746247231960296
-182.5581817626953,-539.5294189453125,-0.5022119879722595
-182.54112243652344,-540.1546020507812,-0.530471920967102
-182.52410888671875,-540.7807006835938,-0.5595922470092773
-182.5070953369141,-541.407470703125,-0.5896193981170654
-182.48992919921875,-542.0348510742188,-0.6203925013542175
-182.47247314453125,-542.662841796875,-0.6518642902374268
-182.4546813964844,-543.2915649414062,-0.6834676265716553
-182.4367828369141,-543.9210815429688,-0.7145622968673706
-182.4185028076172,-544.5515747070312,-0.7450586557388306
-182.39979553222656,-545.1830444335938,-0.7748676538467407
-182.38099670410156,-545.8153686523438,-0.8042982816696167
-182.36215209960935,-546.4481811523438,-0.8340855836868286
-182.34280395507812,-547.0814208984375,-0.8640848398208618
-182.32310485839844,-547.715087890625,-0.8944529891014099
-182.3031768798828,-548.34912109375,-0.9250423312187196
-182.28335571289065,-548.9840087890625,-0.956425666809082
-182.2633819580078,-549.6196899414062,-0.988904595375061
-182.2430725097656,-550.2560424804688,-1.0222703218460083
-182.2225799560547,-550.8931884765625,-1.0563685894012451
-182.20164489746097,-551.5309448242188,-1.090929388999939
-182.18017578125,-552.1695556640625,-1.1254260540008545
-182.1582946777344,-552.8090209960938,-1.15972638130188
-182.13595581054688,-553.4491577148438,-1.193833827972412
-182.11300659179688,-554.0901489257812,-1.2275789976119995
-182.0896453857422,-554.7320556640625,-1.2606170177459717
-182.066162109375,-555.3744506835938,-1.2936432361602783
-182.04226684570312,-556.0173950195312,-1.3272600173950195
-182.0178680419922,-556.6607666015625,-1.3614907264709473
-181.9933624267578,-557.3048095703125,-1.395836591720581
-181.9690704345703,-557.94970703125,-1.4306533336639404
-181.9445343017578,-558.5953979492188,-1.466044783592224
-181.91973876953125,-559.241943359375,-1.5018327236175537
-181.8949737548828,-559.88916015625,-1.5379252433776855
-181.87030029296875,-560.5370483398438,-1.5738646984100342
-181.8453063964844,-561.1857299804688,-1.608853816986084
-181.8197784423828,-561.8353271484375,-1.6430189609527588
-181.7937469482422,-562.4857788085938,-1.6761387586593628
-181.76805114746097,-563.1372680664062,-1.707327127456665
-181.74330139160156,-563.7893676757812,-1.7374769449234009
-181.7183532714844,-564.4418334960938,-1.767927169799805
-181.69287109375,-565.094482421875,-1.7997097969055176
-181.6671600341797,-565.7471313476562,-1.8332364559173584
-181.6419982910156,-566.4002075195312,-1.8674288988113403
-181.61753845214844,-567.0541381835938,-1.9031721353530884
-181.59332275390625,-567.709228515625,-1.940692901611328
-181.56900024414065,-568.365478515625,-1.978956699371338
-181.54476928710935,-569.022705078125,-2.017344236373902
-181.52084350585935,-569.6806030273438,-2.055734872817993
-181.4969787597656,-570.3390502929688,-2.093926191329956
-181.47317504882812,-570.9982299804688,-2.1313817501068115
-181.4495391845703,-571.658203125,-2.1679930686950684
-181.42596435546875,-572.3192138671875,-2.2039551734924316
-181.40281677246097,-572.9808959960938,-2.239956855773926
-181.37989807128903,-573.6431884765625,-2.2761056423187256
-181.35679626464844,-574.3060302734375,-2.312448740005493
-181.3335723876953,-574.969482421875,-2.348606824874878
-181.31069946289065,-575.633544921875,-2.3845224380493164
-181.28805541992188,-576.2984008789062,-2.420743942260742
-181.26531982421875,-576.9639892578125,-2.45684814453125
-181.2424468994141,-577.6304321289062,-2.4923434257507324
-181.2194061279297,-578.2975463867188,-2.527494430541992
-181.196533203125,-578.965087890625,-2.5627593994140625
-181.17369079589844,-579.6331176757812,-2.598036050796509
-181.1505584716797,-580.3016357421875,-2.6331963539123535
-181.1273193359375,-580.970703125,-2.6680233478546143
-181.1040954589844,-581.640625,-2.702486038208008
-181.0809326171875,-582.3110961914062,-2.737161636352539
-181.05764770507812,-582.9821166992188,-2.772239923477173
-181.03424072265625,-583.6536254882812,-2.807220697402954
-181.0108184814453,-584.32568359375,-2.842301845550537
-180.98777770996097,-584.9983520507812,-2.8780202865600586
-180.9646759033203,-585.6715698242188,-2.914600372314453
-180.9412841796875,-586.345458984375,-2.952115774154663
-180.91775512695312,-587.02001953125,-2.9900803565979004
-180.89419555664065,-587.6953735351562,-3.028252601623535
-180.8705139160156,-588.3714599609375,-3.067068576812744
-180.8465576171875,-589.0481567382812,-3.106966972351074
-180.8220367431641,-589.7254028320312,-3.147181749343872
-180.79702758789065,-590.4034423828125,-3.187216520309448
-180.7719268798828,-591.0823364257812,-3.227149724960327
-180.74636840820312,-591.7620849609375,-3.266944408416748
-180.7205047607422,-592.442626953125,-3.306666612625122
-180.6944122314453,-593.1236572265625,-3.3468315601348877
-180.66810607910156,-593.8050537109375,-3.387681484222412
-180.64149475097656,-594.4866943359375,-3.429588794708252
-180.6146697998047,-595.1688232421875,-3.473264217376709
-180.5874938964844,-595.8516845703125,-3.518234968185425
-180.5598297119141,-596.5352783203125,-3.5638253688812256
-180.53167724609375,-597.2196044921875,-3.609954833984375
-180.50294494628903,-597.9048461914062,-3.6561434268951416
-180.47329711914065,-598.5908203125,-3.701338052749634
-180.4429473876953,-599.2776489257812,-3.7451794147491455
-180.41224670410156,-599.9649047851562,-3.788864850997925
-180.38099670410156,-600.6526489257812,-3.83289647102356
-180.3490447998047,-601.3406982421875,-3.8769607543945312
-180.31637573242188,-602.029296875,-3.920695543289185
-180.28335571289065,-602.7185668945312,-3.9641330242156982
-180.25018310546875,-603.40869140625,-4.0078887939453125
-180.21661376953125,-604.099365234375,-4.052186965942383
-180.1824188232422,-604.7905883789062,-4.097254276275635
-180.14749145507812,-605.4822998046875,-4.142911911010742
-180.11207580566406,-606.174560546875,-4.188549518585205
-180.07615661621094,-606.8677368164062,-4.234365463256836
-180.0395965576172,-607.561767578125,-4.280142784118652
-180.0023193359375,-608.2567138671875,-4.32546329498291
-179.9641571044922,-608.9523315429688,-4.369847774505615
-179.92530822753906,-609.648681640625,-4.413053512573242
-179.88621520996094,-610.3456420898438,-4.455438613891602
-179.8470916748047,-611.0430297851562,-4.498059272766113
-179.8075714111328,-611.7407836914062,-4.541386604309082
-179.76788330078125,-612.4390258789062,-4.585360527038574
-179.72816467285156,-613.1376953125,-4.629874229431152
-179.68824768066406,-613.8369140625,-4.674753189086914
-179.6482696533203,-614.537109375,-4.71912145614624
-179.60838317871094,-615.23828125,-4.762354373931885
-179.5680389404297,-615.9401245117188,-4.805136203765869
-179.52731323242188,-616.6425170898438,-4.847218036651611
-179.48684692382812,-617.34521484375,-4.888177394866943
-179.44635009765625,-618.0485229492188,-4.92771053314209
-179.40577697753906,-618.7525634765625,-4.965599536895752
-179.3656768798828,-619.4571533203125,-5.0025739669799805
-179.32611083984375,-620.162109375,-5.039993762969971
-179.2864990234375,-620.8673706054688,-5.078086853027344
-179.24693298339844,-621.5728759765625,-5.116901874542236
-179.20738220214844,-622.2787475585938,-5.156440734863281
-179.167724609375,-622.9849853515625,-5.196091651916504
-179.12818908691406,-623.6921997070312,-5.235498428344727
-179.0886688232422,-624.400390625,-5.2739362716674805
-179.0482635498047,-625.1092529296875,-5.3114142417907715
-179.00733947753906,-625.8184204101562,-5.347834587097168
-178.9663848876953,-626.5280151367188,-5.382887363433838
-178.92495727539062,-627.238037109375,-5.416018009185791
-178.8833770751953,-627.9486083984375,-5.44771671295166
-178.84170532226562,-628.65966796875,-5.477881908416748
-178.8001708984375,-629.37109375,-5.507774829864502
-178.75860595703125,-630.082763671875,-5.538524627685547
-178.71694946289062,-630.7946166992188,-5.570022106170654
-178.67518615722656,-631.5066528320312,-5.601995468139648
-178.6334991455078,-632.2193603515625,-5.634122848510742
-178.59193420410156,-632.9330444335938,-5.665034294128418
-178.55018615722656,-633.6477661132812,-5.694142818450928
-178.50836181640625,-634.3629760742188,-5.722776412963867
-178.46621704101562,-635.0782470703125,-5.750662803649902
-178.42379760742188,-635.793701171875,-5.777015686035156
-178.3814697265625,-636.5096435546875,-5.801004886627197
-178.33990478515625,-637.2261352539062,-5.8235859870910645
-178.29885864257812,-637.9429321289062,-5.84605598449707
-178.25819396972656,-638.659912109375,-5.868958950042725
-178.21829223632812,-639.3768310546875,-5.892422199249268
-178.17910766601562,-640.0938720703125,-5.916504859924316
-178.14053344726562,-640.8110961914062,-5.940708160400391
-178.10279846191406,-641.5289306640625,-5.964199066162109
-178.06622314453125,-642.2476806640625,-5.985647678375244
-178.03082275390625,-642.9671020507812,-6.005789756774902
-177.9957275390625,-643.6866455078125,-6.025796890258789
-177.96116638183594,-644.4059448242188,-6.044236183166504
-177.92767333984375,-645.1253051757812,-6.06134557723999
-177.8946990966797,-645.844970703125,-6.076554298400879
-177.86233520507812,-646.56494140625,-6.089766025543213
-177.8312530517578,-647.284912109375,-6.102635383605957
-177.80043029785156,-648.0046997070312,-6.116178035736084
-177.76968383789062,-648.7242431640625,-6.1298909187316895
-177.73910522460938,-649.4437255859375,-6.143700122833252
-177.7088165283203,-650.1631469726562,-6.15726900100708
-177.67886352539062,-650.8827514648438,-6.169499397277832
-177.6487579345703,-651.6025390625,-6.180588722229004
-177.61851501464844,-652.3221435546875,-6.191905498504639
-177.58811950683594,-653.0411376953125,-6.202926158905029
-177.55746459960938,-653.7596435546875,-6.213479518890381
-177.52639770507812,-654.477783203125,-6.223105430603027
-177.4950714111328,-655.1956787109375,-6.231701374053955
-177.46340942382812,-655.9134521484375,-6.239181041717529
-177.43194580078125,-656.6307983398438,-6.246774196624756
-177.4002227783203,-657.3473510742188,-6.254786491394043
-177.36776733398438,-658.0631103515625,-6.263101577758789
-177.3345947265625,-658.7783813476562,-6.270914077758789
-177.30113220214844,-659.4933471679688,-6.277956962585449
-177.26739501953125,-660.2081909179688,-6.283511638641357
-177.23312377929688,-660.922607421875,-6.28778600692749
-177.1979522705078,-661.6362915039062,-6.2912516593933105
-177.16250610351562,-662.3493041992188,-6.2926130294799805
-177.12725830078125,-663.0615844726562,-6.293089389801025
-177.09132385253906,-663.7732543945312,-6.292863845825195
-177.05526733398438,-664.4843139648438,-6.291208267211914
-177.01974487304688,-665.194580078125,-6.288683891296387
-176.9839630126953,-665.9041748046875,-6.285935401916504
-176.9479522705078,-666.6132202148438,-6.282900333404541
-176.9118194580078,-667.3216552734375,-6.279856204986572
-176.87574768066406,-668.0296020507812,-6.277024269104004
-176.83961486816406,-668.7371826171875,-6.273926258087158
-176.8032684326172,-669.4443359375,-6.270408630371094
-176.76608276367188,-670.1509399414062,-6.26673698425293
-176.72801208496094,-670.8568725585938,-6.262414455413818
-176.68951416015625,-671.5621337890625,-6.257526397705078
-176.65072631835938,-672.2667846679688,-6.2526679039001465
-176.61119079589844,-672.970703125,-6.247830390930176
-176.570556640625,-673.6741333007812,-6.242437362670898
-176.52920532226562,-674.3772583007812,-6.236299514770508
-176.48765563964844,-675.0800170898438,-6.230313777923584
-176.44540405273438,-675.7822265625,-6.224346160888672
-176.4020538330078,-676.4837646484375,-6.217831134796143
-176.35780334472656,-677.1849365234375,-6.210704326629639
-176.31297302246094,-677.8856201171875,-6.203207492828369
-176.26739501953125,-678.5859375,-6.195611000061035
-176.22076416015625,-679.28564453125,-6.187705993652344
-176.17347717285156,-679.9851684570312,-6.178363800048828
-176.12562561035156,-680.6843872070312,-6.167364120483398
-176.0775604248047,-681.3831176757812,-6.156020641326904
-176.02914428710938,-682.0814208984375,-6.144577503204346
-175.98037719726562,-682.7791748046875,-6.132366180419922
-175.93153381347656,-683.4764404296875,-6.11955451965332
-175.88275146484375,-684.1735229492188,-6.106537342071533
-175.83384704589844,-684.8703002929688,-6.093279838562012
-175.78472900390625,-685.56689453125,-6.079736709594727
-175.73550415039062,-686.2631225585938,-6.066147327423096
-175.6863555908203,-686.9591674804688,-6.052342414855957
-175.6369171142578,-687.6547241210938,-6.038786888122559
-175.5870819091797,-688.3500366210938,-6.025066375732422
-175.5370330810547,-689.0451049804688,-6.010612964630127
-175.4866943359375,-689.739990234375,-5.9946160316467285
-175.43666076660156,-690.434814453125,-5.976853370666504
-175.3869171142578,-691.1292114257812,-5.9589762687683105
-175.33673095703125,-691.8228759765625,-5.941855430603027
-175.28640747070312,-692.5161743164062,-5.925335884094238
-175.23638916015625,-693.2089233398438,-5.908755779266357
-175.18663024902344,-693.9014282226562,-5.89241886138916
-175.1368865966797,-694.5938720703125,-5.876576900482178
-175.0872344970703,-695.2861328125,-5.861034393310547
-175.03770446777344,-695.9780883789062,-5.845771789550781
-174.98826599121094,-696.669677734375,-5.830498695373535
-174.93873596191406,-697.36083984375,-5.814451217651367
-174.8890838623047,-698.0517578125,-5.797253608703613
-174.8397674560547,-698.7426147460938,-5.778802871704102
-174.79129028320312,-699.4332885742188,-5.75958776473999
-174.7435302734375,-700.1235961914062,-5.7405171394348145
-174.69593811035156,-700.8133544921875,-5.722066879272461
-174.64834594726562,-701.502685546875,-5.703864574432373
-174.60118103027344,-702.19189453125,-5.68504524230957
-174.5549774169922,-702.8812866210938,-5.666255950927734
-174.50929260253906,-703.57080078125,-5.647945404052734
-174.46392822265625,-704.2603149414062,-5.629851818084717
-174.4187774658203,-704.9498291015625,-5.611847877502441
-174.3738250732422,-705.6392211914062,-5.59393310546875
-174.32896423339844,-706.32861328125,-5.575610160827637
-174.28414916992188,-707.0182495117188,-5.555809497833252
-174.23904418945312,-707.7080078125,-5.533411026000977
-174.19483947753906,-708.3978271484375,-5.509228706359863
-174.1516571044922,-709.087158203125,-5.485645294189453
-174.10812377929688,-709.7758178710938,-5.462834358215332
-174.06436157226562,-710.4638671875,-5.440703868865967
-174.02096557617188,-711.1513671875,-5.4184746742248535
-173.97828674316406,-711.8388671875,-5.396536350250244
-173.93601989746094,-712.5264282226562,-5.375106334686279
-173.89410400390625,-713.2138671875,-5.354406356811523
-173.8524169921875,-713.9010009765625,-5.334746837615967
-173.81045532226562,-714.5875854492188,-5.316159725189209
-173.7681121826172,-715.27392578125,-5.296820163726807
-173.72572326660156,-715.9603271484375,-5.274089336395264
-173.6835174560547,-716.6466674804688,-5.2476067543029785
-173.6428680419922,-717.33251953125,-5.2214436531066895
-173.6025390625,-718.0172729492188,-5.196742534637451
-173.56158447265625,-718.7005615234375,-5.17271614074707
-173.5204315185547,-719.3822021484375,-5.148920059204102
-173.48037719726562,-720.0623168945312,-5.124722003936768
-173.44155883789062,-720.7410888671875,-5.1012349128723145
-173.40338134765625,-721.4181518554688,-5.078492641448975
-173.3658447265625,-722.0929565429688,-5.05649995803833
-173.32888793945312,-722.7650756835938,-5.035364627838135
-173.29273986816406,-723.4342041015625,-5.0150227546691895
-173.25765991210938,-724.1002197265625,-4.994585037231445
-173.2234344482422,-724.7631225585938,-4.973393440246582
-173.18995666503906,-725.4231567382812,-4.951066017150879
-173.15829467773438,-726.0802001953125,-4.92805814743042
-173.1285400390625,-726.734130859375,-4.905952453613281
-173.09947204589844,-727.3847045898438,-4.885204792022705
-173.0709228515625,-728.0317993164062,-4.8656392097473145
-173.04383850097656,-728.6748657226562,-4.846386909484863
-173.0182647705078,-729.3155517578125,-4.827065944671631
-172.9937744140625,-729.9544067382812,-4.808234214782715
-172.97010803222656,-730.5905151367188,-4.789750099182129
-172.94717407226562,-731.2224731445312,-4.771739959716797
-172.92495727539062,-731.8486938476562,-4.754410743713379
-172.90367126464844,-732.4676513671875,-4.737417697906494
-172.88331604003906,-733.078857421875,-4.7203474044799805
-172.8636474609375,-733.6831665039062,-4.703220844268799
-172.84466552734375,-734.2813720703125,-4.685656547546387
-172.82656860351562,-734.8734130859375,-4.667417049407959
-172.8095703125,-735.4593505859375,-4.649627685546875
-172.7931365966797,-736.0396118164062,-4.632727146148682
-172.77691650390625,-736.614501953125,-4.616443634033203
-172.7610626220703,-737.184326171875,-4.600567817687988
-172.7460174560547,-737.7492065429688,-4.58449649810791
-172.73179626464844,-738.3094482421875,-4.5686259269714355
-172.7180633544922,-738.864990234375,-4.553071975708008
-172.7048797607422,-739.4154052734375,-4.5378522872924805
-172.69261169433594,-739.9602661132812,-4.523195743560791
-172.68138122558594,-740.499267578125,-4.509097099304199
-172.6713409423828,-741.0324096679688,-4.495509624481201
-172.66236877441406,-741.559814453125,-4.481967926025391
-172.65451049804688,-742.0817260742188,-4.468074321746826
-172.64791870117188,-742.5989379882812,-4.45339298248291
-172.6426239013672,-743.1133422851562,-4.4376139640808105
-172.63885498046875,-743.6254272460938,-4.421749114990234
-172.6362762451172,-744.1348876953125,-4.4064812660217285
-172.63473510742188,-744.6414794921875,-4.3919901847839355
-172.63467407226562,-745.1450805664062,-4.378213882446289
-172.63623046875,-745.6455078125,-4.365041255950928
-172.639404296875,-746.1427612304688,-4.352004528045654
-172.64471435546875,-746.6370849609375,-4.339114189147949
-172.65267944335938,-747.1295166015625,-4.326037883758545
-172.6636199951172,-747.6207275390625,-4.312666893005371
-172.6770477294922,-748.1106567382812,-4.299393653869629
-172.69337463378906,-748.5986938476562,-4.286664009094238
-172.71324157714844,-749.083984375,-4.274914264678955
-172.73655700683594,-749.5657958984375,-4.26417350769043
-172.76296997070312,-750.0440063476562,-4.254373550415039
-172.79319763183594,-750.5177001953125,-4.2444610595703125
-172.82821655273438,-750.9871215820312,-4.234094619750977
-172.86756896972656,-751.4525756835938,-4.222817897796631
-172.91058349609375,-751.9157104492188,-4.210444450378418
-172.95762634277344,-752.3767700195312,-4.198480129241943
-173.00836181640625,-752.8353881835938,-4.187841415405273
-173.06224060058594,-753.2905883789062,-4.177578926086426
-173.1191864013672,-753.7421875,-4.16715145111084
-173.17921447753906,-754.1902465820312,-4.156535625457764
-173.24217224121094,-754.6347045898438,-4.145471096038818
-173.3079833984375,-755.0758056640625,-4.13383674621582
-173.3767547607422,-755.5135498046875,-4.122371673583984
-173.4477081298828,-755.947998046875,-4.111196041107178
-173.52056884765625,-756.379150390625,-4.100552082061768
-173.5953369140625,-756.8068237304688,-4.090641975402832
-173.6720733642578,-757.2307739257812,-4.081362724304199
-173.7510986328125,-757.6510620117188,-4.0727219581604
-173.832763671875,-758.0675048828125,-4.064568519592285
-173.9169464111328,-758.4801635742188,-4.056655406951904
-174.0035858154297,-758.88916015625,-4.048623085021973
-174.09288024902344,-759.2947387695312,-4.040589809417725
-174.18441772460938,-759.6967163085938,-4.032268047332764
-174.27793884277344,-760.0951538085938,-4.023696422576904
-174.3735809326172,-760.4898071289062,-4.015161991119385
-174.47105407714844,-760.880859375,-4.006413459777832
-174.57046508789062,-761.2680053710938,-3.997988224029541
-174.6712188720703,-761.6514892578125,-3.98964262008667
-174.7734832763672,-762.0311279296875,-3.981564521789551
-174.87709045410156,-762.4071044921875,-3.973890781402588
-174.98175048828125,-762.779541015625,-3.9665329456329346
-175.0874481201172,-763.1483764648438,-3.95919132232666
-175.19395446777344,-763.5137329101562,-3.9517548084259033
-175.3013916015625,-763.8759155273438,-3.9446096420288086
-175.409423828125,-764.2350463867188,-3.937744617462158
-175.51832580566406,-764.5909423828125,-3.9314818382263184
-175.62791442871094,-764.9439086914062,-3.925827741622925
-175.73817443847656,-765.2938232421875,-3.920583486557007
-175.84933471679688,-765.6407470703125,-3.91552472114563
-175.96142578125,-765.9850463867188,-3.910611391067505
-176.07470703125,-766.3278198242188,-3.905807495117187
-176.18939208984375,-766.6701049804688,-3.900995969772339
-176.3057403564453,-767.0127563476562,-3.896049976348877
-176.42388916015625,-767.3563232421875,-3.8909225463867183
-176.5438690185547,-767.7010498046875,-3.885683536529541
-176.66590881347656,-768.0469970703125,-3.880364656448364
-176.78990173339844,-768.3942260742188,-3.8751394748687744
-176.91575622558594,-768.7429809570312,-3.870028495788574
-177.0437774658203,-769.0936279296875,-3.865091562271118
-177.17437744140625,-769.4473266601562,-3.860269546508789
-177.30775451660156,-769.8052978515625,-3.855024814605713
-177.4441375732422,-770.1686401367188,-3.848759174346924
-177.5836639404297,-770.5370483398438,-3.841873168945313
-177.7260284423828,-770.9107055664062,-3.834397077560425
-177.8714599609375,-771.2888793945312,-3.827111005783081
-178.01976013183594,-771.6710815429688,-3.820307970046997
-178.1709442138672,-772.057373046875,-3.8140039443969727
-178.3252410888672,-772.4476318359375,-3.807924270629883
-178.4828643798828,-772.842041015625,-3.801509380340576
-178.6436004638672,-773.2396850585938,-3.794692039489746
-178.8073272705078,-773.638671875,-3.7883412837982178
-178.97381591796875,-774.037109375,-3.78372859954834
-179.14236450195312,-774.4339599609375,-3.780022144317627
-179.3136444091797,-774.8280639648438,-3.776585578918457
-179.48800659179688,-775.2185668945312,-3.773254632949829
-179.66542053222656,-775.6051635742188,-3.769741535186768
-179.8456268310547,-775.9874877929688,-3.7660140991210938
-180.02801513671875,-776.3658447265625,-3.762772560119629
-180.2133026123047,-776.7394409179688,-3.760186672210694
-180.40106201171875,-777.1082153320312,-3.757830858230591
-180.59112548828125,-777.4721069335938,-3.755445957183838
-180.78318786621097,-777.8314208984375,-3.752732515335083
-180.97705078125,-778.1863403320312,-3.7496185302734375
-181.1726837158203,-778.537109375,-3.7465744018554688
-181.36964416503903,-778.884033203125,-3.743870735168457
-181.5675506591797,-779.22705078125,-3.741630554199219
-181.7662353515625,-779.5662841796875,-3.739711046218872
-181.96566772460935,-779.9014892578125,-3.737462997436523
-182.16600036621097,-780.2324829101562,-3.734420776367187
-182.3673858642578,-780.5592041015625,-3.731250047683716
-182.56967163085935,-780.8819580078125,-3.7283284664154057
-182.7727508544922,-781.2007446289062,-3.7257134914398193
-182.976806640625,-781.5155029296875,-3.7233948707580566
-183.1818695068359,-781.8258666992188,-3.721419334411621
-183.3876953125,-782.132080078125,-3.719460487365722
-183.59445190429688,-782.4338989257812,-3.7171897888183594
-183.80218505859375,-782.7315673828125,-3.714796781539917
-184.01071166992188,-783.0253295898438,-3.7125396728515625
-184.2199554443359,-783.3150634765625,-3.710646152496338
-184.42970275878903,-783.6009521484375,-3.709092140197754
-184.63998413085935,-783.8831176757812,-3.7079849243164062
-184.8506774902344,-784.1614379882812,-3.707219123840332
-185.0617523193359,-784.4360961914062,-3.706470012664795
-185.2732696533203,-784.7073364257812,-3.7054333686828618
-185.48524475097656,-784.975341796875,-3.7041783332824703
-185.6976623535156,-785.2408447265625,-3.70271110534668
-185.9104156494141,-785.5040893554688,-3.7012317180633545
-186.1236267089844,-785.7652587890625,-3.699915170669556
-186.33750915527344,-786.0245971679688,-3.698659420013428
-186.55221557617188,-786.2823486328125,-3.6971044540405273
-186.76808166503903,-786.5387573242188,-3.6954550743103023
-186.9855499267578,-786.7943115234375,-3.6937079429626465
-187.2048492431641,-787.0498657226562,-3.6918652057647705
-187.4263610839844,-787.305908203125,-3.689946174621582
-187.65036010742188,-787.5628051757812,-3.6877191066741943
-187.8770294189453,-787.821044921875,-3.684863567352295
-188.10601806640625,-788.0810546875,-3.681443452835083
-188.33770751953125,-788.3426513671875,-3.6777126789093018
-188.5718994140625,-788.6058349609375,-3.673948049545288
-188.80873107910156,-788.8704833984375,-3.670211553573608
-189.04795837402344,-789.1365966796875,-3.6662590503692623
-189.2898406982422,-789.4039916992188,-3.66180968284607
-189.534423828125,-789.6721801757812,-3.656794548034668
-189.78114318847656,-789.941650390625,-3.651337385177612
-190.0301055908203,-790.2122802734375,-3.645458936691284
-190.28173828125,-790.4833374023438,-3.639631986618042
-190.53536987304688,-790.7549438476562,-3.63420295715332
-190.79063415527344,-791.0269775390625,-3.628965377807617
-191.04736328125,-791.298583984375,-3.623767852783203
-191.30545043945312,-791.569091796875,-3.6185221672058105
-191.56483459472656,-791.8378295898438,-3.613678455352783
-191.82501220703125,-792.104736328125,-3.609377861022949
-192.08583068847656,-792.36962890625,-3.605482339859009
-192.3471221923828,-792.6323852539062,-3.602015495300293
-192.60855102539065,-792.8928833007812,-3.598567485809326
-192.87013244628903,-793.1503295898438,-3.595031499862671
-193.1317138671875,-793.4046630859375,-3.5909998416900635
-193.3933563232422,-793.6553955078125,-3.586107015609741
-193.6550750732422,-793.902587890625,-3.5810084342956543
-193.9166717529297,-794.1460571289062,-3.576496124267578
-194.17776489257812,-794.3860473632812,-3.5725009441375732
-194.43826293945312,-794.6224975585938,-3.568763732910156
-194.69805908203125,-794.8554077148438,-3.5652194023132324
-194.9566650390625,-795.0848388671875,-3.5611565113067627
-195.2142333984375,-795.310791015625,-3.556612253189087
-195.47067260742188,-795.5336303710938,-3.5517446994781494
-195.7259979248047,-795.7535400390625,-3.5467782020568848
-195.9801025390625,-795.970947265625,-3.5415000915527344
-196.233154296875,-796.1856079101562,-3.5361552238464355
-196.48524475097656,-796.397705078125,-3.531066417694092
-196.73611450195312,-796.6079711914062,-3.5258309841156006
-196.98629760742188,-796.8163452148438,-3.520683526992798
-197.23626708984375,-797.0231323242188,-3.5159735679626465
-197.48635864257812,-797.2286987304688,-3.512035369873047
-197.73715209960935,-797.4336547851562,-3.5088257789611816
-197.98927307128903,-797.638671875,-3.50583553314209
-198.24331665039065,-797.8438110351562,-3.502535104751587
-198.4997711181641,-798.0493774414062,-3.498624801635742
-198.759033203125,-798.2554931640625,-3.49379301071167
-199.0216522216797,-798.4624633789062,-3.4876132011413574
-199.2882537841797,-798.669921875,-3.4813849925994873
-199.55780029296875,-798.878662109375,-3.476438522338867
-199.83053588867188,-799.0886840820312,-3.4726674556732178
-200.10671997070312,-799.300048828125,-3.4690091609954834
-200.3868103027344,-799.511962890625,-3.465015649795532
-200.67079162597656,-799.7244873046875,-3.4610683917999268
-200.9582366943359,-799.9379272460938,-3.4562182426452637
-201.249755859375,-800.1517944335938,-3.4503955841064453
-201.54544067382812,-800.3659057617188,-3.4439640045166016
-201.84490966796875,-800.5803833007812,-3.4373960494995117
-202.14816284179688,-800.795166015625,-3.4305121898651123
-202.4552459716797,-801.0101928710938,-3.4231786727905273
-202.7659454345703,-801.2254028320312,-3.4160001277923584
-203.08018493652344,-801.4407348632812,-3.40903377532959
-203.39796447753903,-801.6558837890625,-3.4017605781555176
-203.7193603515625,-801.8702392578125,-3.3941569328308105
-204.0435333251953,-802.0836791992188,-3.385918617248535
-204.37057495117188,-802.29541015625,-3.376885890960694
-204.6999053955078,-802.5047607421875,-3.3675425052642822
-205.0307159423828,-802.7115478515625,-3.358642578125
-205.3626708984375,-802.9150390625,-3.35055160522461
-205.69529724121097,-803.1149291992188,-3.343043804168701
-206.0281219482422,-803.31103515625,-3.3356714248657227
-206.36094665527344,-803.5028076171875,-3.3281569480895996
-206.6935272216797,-803.6902465820312,-3.3208930492401123
-207.02545166015625,-803.8736572265625,-3.3142242431640625
-207.35687255859375,-804.052490234375,-3.308216094970703
-207.68760681152344,-804.2269897460938,-3.3025457859039307
-208.0175018310547,-804.396728515625,-3.2967543601989746
-208.3464508056641,-804.5618896484375,-3.290611267089844
-208.6742706298828,-804.7230834960938,-3.2840518951416016
-209.00067138671875,-804.880615234375,-3.2769007682800293
-209.3259429931641,-805.0339965820312,-3.2691311836242676
-209.6501312255859,-805.1830444335938,-3.261699676513672
-209.9727020263672,-805.32861328125,-3.2542803287506104
-210.2938537597656,-805.47021484375,-3.247434139251709
-210.6133728027344,-805.6084594726562,-3.241161823272705
-210.93080139160156,-805.7434692382812,-3.2345962524414062
-211.2463226318359,-805.875,-3.2278339862823486
-211.5601043701172,-806.0030517578125,-3.2211549282073975
-211.87225341796875,-806.127685546875,-3.2142062187194824
-212.18280029296875,-806.249267578125,-3.2066988945007324
-212.4919281005859,-806.3678588867188,-3.19915509223938
-212.79966735839844,-806.4839477539062,-3.1920368671417236
-213.1057891845703,-806.5978393554688,-3.1852376461029053
-213.4105529785156,-806.7092895507812,-3.178882360458374
-213.71417236328125,-806.818115234375,-3.1727123260498047
-214.0168304443359,-806.9248046875,-3.1667633056640625
-214.31866455078125,-807.0294189453125,-3.1609458923339844
-214.61981201171875,-807.1317749023438,-3.1548705101013184
-214.9203186035156,-807.2323608398438,-3.1485421657562256
-215.220458984375,-807.3314819335938,-3.142028331756592
-215.5205078125,-807.428955078125,-3.135347843170166
-215.82080078125,-807.5252075195312,-3.128077983856201
-216.1217498779297,-807.6203002929688,-3.119926691055298
-216.42349243164065,-807.714111328125,-3.111703634262085
-216.7261199951172,-807.8071899414062,-3.1037209033966064
-217.02981567382812,-807.8997802734375,-3.09598445892334
-217.33489990234375,-807.99169921875,-3.088520050048828
-217.64170837402344,-808.0833740234375,-3.081284523010254
-217.95030212402344,-808.1751098632812,-3.073892593383789
-218.260986328125,-808.2664184570312,-3.0658156871795654
-218.57371520996097,-808.357421875,-3.057175397872925
-218.8885803222656,-808.4482421875,-3.0481441020965576
-219.2058258056641,-808.5386352539062,-3.0390491485595703
-219.52545166015625,-808.628662109375,-3.029789447784424
-219.84754943847656,-808.7183837890625,-3.0202269554138184
-220.17208862304688,-808.8076171875,-3.010387897491455
-220.4988555908203,-808.8963012695312,-3.000518321990967
-220.8275604248047,-808.9847412109375,-2.9905343055725098
-221.15809631347656,-809.0725708007812,-2.9808969497680664
-221.49029541015625,-809.1599731445312,-2.971773862838745
-221.82400512695312,-809.2467651367188,-2.9629623889923096
-222.15924072265625,-809.332763671875,-2.954277515411377
-222.4960479736328,-809.4175415039062,-2.9455087184906006
-222.83428955078125,-809.5015258789062,-2.9366323947906494
-223.17385864257812,-809.5845947265625,-2.927717685699463
-223.51478576660156,-809.6666870117188,-2.918849468231201
-223.85707092285156,-809.7479248046875,-2.9102654457092285
-224.2008056640625,-809.8280639648438,-2.9021880626678467
-224.54605102539065,-809.9071655273438,-2.894063949584961
-224.89279174804688,-809.985107421875,-2.885488510131836
-225.2408905029297,-810.062255859375,-2.8768272399902344
-225.59051513671875,-810.1382446289062,-2.8685970306396484
-225.94190979003903,-810.2127685546875,-2.860642194747925
-226.2949676513672,-810.2861328125,-2.8524911403656006
-226.64939880371097,-810.35888671875,-2.844203233718872
-227.00547790527344,-810.4302978515625,-2.836092233657837
-227.36314392089844,-810.500732421875,-2.8279409408569336
-227.7223358154297,-810.5703125,-2.8194262981414795
-228.08316040039065,-810.6386108398438,-2.8105108737945557
-228.44552612304688,-810.7061157226562,-2.801361322402954
-228.8093109130859,-810.77294921875,-2.791848659515381
-229.1744384765625,-810.83935546875,-2.7821900844573975
-229.54095458984375,-810.9051513671875,-2.7724030017852783
-229.9089202880859,-810.969970703125,-2.762737989425659
-230.27828979492188,-811.033935546875,-2.7534220218658447
-230.64910888671875,-811.0968627929688,-2.7444663047790527
-231.02133178710935,-811.1587524414062,-2.735887050628662
-231.3946075439453,-811.2203979492188,-2.727926254272461
-231.7689514160156,-811.2816772460938,-2.7206685543060303
-232.14466857910156,-811.3421020507812,-2.7132914066314697
-232.52183532714844,-811.4014892578125,-2.705277681350708
-232.9005584716797,-811.4593505859375,-2.6964340209960938
-233.2808837890625,-811.5159912109375,-2.686399459838867
-233.66259765625,-811.5717163085938,-2.675589084625244
-234.0453186035156,-811.626953125,-2.665998935699463
-234.42922973632812,-811.6815185546875,-2.6579089164733887
-234.81451416015625,-811.735107421875,-2.6498003005981445
-235.20083618164065,-811.788330078125,-2.6400563716888428
-235.5882873535156,-811.8403930664062,-2.628159761428833
-235.97674560546875,-811.8912963867188,-2.6148624420166016
-236.36619567871097,-811.9417724609375,-2.600138902664185
-236.7572326660156,-811.9927368164062,-2.5803873538970947
-237.1492462158203,-812.0403442382812,-2.55893611907959
-237.54144287109375,-812.08642578125,-2.5409493446350098
-237.9339904785156,-812.13427734375,-2.525913715362549
-238.3273468017578,-812.1826782226562,-2.5125017166137695
-238.7220458984375,-812.229736328125,-2.4977078437805176
-239.11764526367188,-812.276611328125,-2.480085849761963
-239.51382446289065,-812.3225708007812,-2.4620392322540283
-239.9110412597656,-812.3665161132812,-2.444122314453125
-240.30909729003903,-812.4102172851562,-2.427154302597046
-240.70794677734375,-812.454345703125,-2.411094903945923
-241.10755920410156,-812.498291015625,-2.3958070278167725
-241.50794982910156,-812.5419921875,-2.3810834884643555
-241.90911865234375,-812.5853271484375,-2.3667495250701904
-242.3111114501953,-812.6280517578125,-2.3532259464263916
-242.7138214111328,-812.67041015625,-2.3404605388641357
-243.11703491210935,-812.7127685546875,-2.3279383182525635
-243.5207366943359,-812.7550048828125,-2.3150556087493896
-243.9248962402344,-812.7968139648438,-2.3018462657928467
-244.3293914794922,-812.8381958007812,-2.288191556930542
-244.7340545654297,-812.8795166015625,-2.2733054161071777
-245.1387634277344,-812.9202880859375,-2.256957530975342
-245.54312133789065,-812.9609375,-2.2395946979522705
-245.94691467285156,-813.0010375976562,-2.2224714756011963
-246.34999084472656,-813.0408935546875,-2.2059576511383057
-246.7522735595703,-813.080322265625,-2.1903700828552246
-247.15342712402344,-813.1195068359375,-2.175207138061523
-247.5533905029297,-813.1580200195312,-2.160402297973633
-247.95217895507812,-813.1957397460938,-2.145735502243042
-248.3497314453125,-813.2325439453125,-2.130831480026245
-248.74603271484375,-813.268798828125,-2.115885019302368
-249.14105224609375,-813.3046875,-2.1011428833007812
-249.53468322753903,-813.3405151367188,-2.0868091583251953
-249.92697143554688,-813.3761596679688,-2.073143720626831
-250.3176727294922,-813.411376953125,-2.0598742961883545
-250.7067108154297,-813.446044921875,-2.046720027923584
-251.0939788818359,-813.4803466796875,-2.0336785316467285
-251.4794464111328,-813.5142822265625,-2.0209059715270996
-251.86328125,-813.5479736328125,-2.0086050033569336
-252.24549865722656,-813.5811157226562,-1.9963672161102295
-252.6260986328125,-813.613525390625,-1.9840906858444216
-253.00503540039065,-813.645751953125,-1.9712640047073364
-253.38235473632812,-813.6779174804688,-1.9582209587097168
-253.7583923339844,-813.7096557617188,-1.945366382598877
-254.13345336914065,-813.740966796875,-1.932312250137329
-254.50779724121097,-813.7716064453125,-1.9189395904541016
-254.88162231445312,-813.8029174804688,-1.9052174091339111
-255.25534057617188,-813.8342895507812,-1.8912830352783203
-255.62937927246097,-813.8648681640625,-1.877943515777588
-256.0042724609375,-813.8955688476562,-1.8651741743087769
-256.38055419921875,-813.926513671875,-1.852312088012695
-256.7584228515625,-813.9573974609375,-1.8387219905853271
-257.1379699707031,-813.9883422851562,-1.8245574235916135
-257.5192565917969,-814.01953125,-1.810280442237854
-257.9024353027344,-814.0507202148438,-1.7961596250534058
-258.2876281738281,-814.081787109375,-1.7822333574295044
-258.67486572265625,-814.1127319335938,-1.7681264877319336
-259.06402587890625,-814.1443481445312,-1.7535593509674072
-259.4551696777344,-814.1756591796875,-1.738894820213318
-259.84844970703125,-814.2070922851562,-1.724445104598999
-260.2440490722656,-814.2388305664062,-1.709586262702942
-260.6421813964844,-814.2706909179688,-1.6932294368743896
-261.0428771972656,-814.302490234375,-1.674774408340454
-261.4457702636719,-814.3346557617188,-1.6553901433944702
-261.850830078125,-814.3670654296875,-1.6364609003067017
-262.2581787109375,-814.3998413085938,-1.618228554725647
-262.6679992675781,-814.4329833984375,-1.600060224533081
-263.0802307128906,-814.4667358398438,-1.580388426780701
-263.4947204589844,-814.5001831054688,-1.5593968629837036
-263.91131591796875,-814.5335083007812,-1.537777543067932
-264.3299865722656,-814.5667724609375,-1.5161646604537964
-264.7506408691406,-814.6004028320312,-1.49472975730896
-265.1731262207031,-814.6341552734375,-1.4734585285186768
-265.59722900390625,-814.668212890625,-1.45225191116333
-266.02288818359375,-814.702392578125,-1.4310553073883057
-266.4497985839844,-814.736572265625,-1.410092830657959
-266.8778381347656,-814.770751953125,-1.3894665241241455
-267.3069763183594,-814.804931640625,-1.369073510169983
-267.7372741699219,-814.8394165039062,-1.348698616027832
-268.168701171875,-814.8738403320312,-1.3280214071273804
-268.60125732421875,-814.9083251953125,-1.3067474365234375
-269.034912109375,-814.9428100585938,-1.2852672338485718
-269.4695129394531,-814.977294921875,-1.2638075351715088
-269.9049987792969,-815.0120239257812,-1.2426656484603882
-270.3412780761719,-815.0467529296875,-1.2214062213897705
-270.77838134765625,-815.0814819335938,-1.199649214744568
-271.21612548828125,-815.1161499023438,-1.177487015724182
-271.6545104980469,-815.1508178710938,-1.1551513671875
-272.0935363769531,-815.1854248046875,-1.1327303647994995
-272.533203125,-815.2200317382812,-1.1103413105010986
-272.9734802246094,-815.2546997070312,-1.0881118774414062
-273.41436767578125,-815.2891845703125,-1.0659244060516355
-273.85589599609375,-815.32373046875,-1.043773174285889
-274.298095703125,-815.3580322265625,-1.0215718746185305
-274.7409973144531,-815.3922119140625,-0.9992029666900636
-275.1844177246094,-815.42626953125,-0.9766739010810852
-275.6284484863281,-815.4605102539062,-0.9543178081512452
-276.0730895996094,-815.4947509765625,-0.9320566654205322
-276.5184020996094,-815.5289306640625,-0.9094918966293336
-276.96429443359375,-815.5631103515625,-0.8862339854240417
-277.4107971191406,-815.5972900390625,-0.8626794815063477
-277.8580322265625,-815.6314697265625,-0.8391534090042114
-278.3061218261719,-815.6655883789062,-0.8158918619155884
-278.7550964355469,-815.699951171875,-0.7927387356758118
-279.20513916015625,-815.7343139648438,-0.7695876359939575
-279.65655517578125,-815.7687377929688,-0.746333658695221
-280.1094970703125,-815.803466796875,-0.7228409051895142
-280.5641784667969,-815.8382568359375,-0.6992826461791992
-281.02069091796875,-815.8731689453125,-0.6757532358169556
-281.47900390625,-815.9083251953125,-0.6522481441497803
-281.9390563964844,-815.94384765625,-0.6288192868232727
-282.40087890625,-815.979736328125,-0.6052490472793579
-282.8644714355469,-816.015869140625,-0.5814092755317688
-283.3299255371094,-816.0520629882812,-0.5571898221969604
-283.7971496582031,-816.08837890625,-0.5327498912811279
-284.2660827636719,-816.1249389648438,-0.508298397064209
-284.7367858886719,-816.1618041992188,-0.4839223623275757
-285.2092590332031,-816.198974609375,-0.4595472812652588
-285.6836242675781,-816.2361450195312,-0.4350770711898803
-286.1597900390625,-816.2730102539062,-0.4105413854122162
-286.6376647949219,-816.3098754882812,-0.3863347172737121
-287.1172180175781,-816.3468017578125,-0.3627454936504364
-287.5985412597656,-816.384033203125,-0.3393303155899048
-288.0816345214844,-816.4212646484375,-0.3158926367759704
-288.5664367675781,-816.4585571289062,-0.2924183011054992
-289.05291748046875,-816.4957885742188,-0.2694040238857269
-289.5411682128906,-816.5330810546875,-0.2465154826641082
-290.03118896484375,-816.5706787109375,-0.2235400378704071
-290.52294921875,-816.6085205078125,-0.2004485726356506
-291.0165710449219,-816.646484375,-0.1772263944149017
-291.5120849609375,-816.6842041015625,-0.153579294681549
-292.0093688964844,-816.7216186523438,-0.1300982683897018
-292.50830078125,-816.7591552734375,-0.1073470115661621
-293.0088806152344,-816.7970581054688,-0.0855730324983596
-293.5112609863281,-816.8350830078125,-0.0645081400871276
-294.01556396484375,-816.8732299804688,-0.042672574520111
-294.5218200683594,-816.9108276367188,-0.0197468400001525
-295.0299072265625,-816.9480590820312,0.0036064386367797
-295.53948974609375,-816.9859619140625,0.0266878008842468
-296.0506286621094,-817.0239868164062,0.0490654408931732
-296.56304931640625,-817.0623779296875,0.071527749300003
-297.0768127441406,-817.1007080078125,0.0943330228328704
-297.59185791015625,-817.1389770507812,0.1173367500305175
-298.1081848144531,-817.1771850585938,0.1404868066310882
-298.62579345703125,-817.21533203125,0.1635060310363769
-299.1446533203125,-817.25341796875,0.1864532530307769
-299.6644592285156,-817.2914428710938,0.2095519304275512
-300.18475341796875,-817.32958984375,0.2324847280979156
-300.704833984375,-817.3678588867188,0.2549807727336883
-301.2240905761719,-817.40576171875,0.2771886587142944
-301.7420349121094,-817.4432983398438,0.299205482006073
-302.2580261230469,-817.48046875,0.3207617402076721
-302.7720947265625,-817.5177612304688,0.341141015291214
-303.283935546875,-817.5548706054688,0.3608762621879577
-303.79315185546875,-817.5914306640625,0.3807708919048309
-304.29937744140625,-817.6278686523438,0.4012874662876129
-304.80279541015625,-817.6644897460938,0.4211630523204803
-305.30328369140625,-817.7008056640625,0.4401054084300995
-305.80047607421875,-817.7373046875,0.4587194323539734
-306.29437255859375,-817.7735595703125,0.4772443175315857
-306.7849426269531,-817.8094482421875,0.4960343241691589
-307.27227783203125,-817.8452758789062,0.5152305364608765
-307.7564392089844,-817.8809204101562,0.5344103574752808
-308.2375793457031,-817.9165649414062,0.5527479648590088
-308.7158203125,-817.9519653320312,0.5697585344314575
-309.1909484863281,-817.98681640625,0.5859864950180054
-309.6632995605469,-818.0215454101562,0.6019183397293091
-310.13433837890625,-818.0562744140625,0.6178666353225708
-310.6044616699219,-818.0907592773438,0.633914589881897
-311.07244873046875,-818.1249389648438,0.6499866843223572
-311.5360412597656,-818.1585693359375,0.6656047105789185
-311.9927062988281,-818.19140625,0.679665207862854
-312.4405517578125,-818.2238159179688,0.6915558576583862
-312.87738037109375,-818.2554321289062,0.702704668045044
-313.301025390625,-818.2855224609375,0.7142289876937866
-313.7105712890625,-818.3140258789062,0.7259681224822998
-314.10723876953125,-818.3411254882812,0.7368863821029663
-314.49395751953125,-818.3677978515625,0.7460298538208008
-314.874267578125,-818.3944702148438,0.7553024888038635
-315.2522277832031,-818.4212646484375,0.7664520144462585
-315.6279602050781,-818.4480590820312,0.7780339121818542
-316.00079345703125,-818.4744262695312,0.789118766784668
-316.37091064453125,-818.5006713867188,0.8007673025131226
-316.7381591796875,-818.5269775390625,0.81256103515625
-317.1021423339844,-818.5531616210938,0.824397623538971
-317.4626159667969,-818.5785522460938,0.8364677429199219
-317.8194274902344,-818.6035766601562,0.8492480516433716
-318.1725158691406,-818.628662109375,0.8638771772384644
-318.5226745605469,-818.6534423828125,0.8795036673545837
-318.8697509765625,-818.6784057617188,0.8959165215492249
-319.21356201171875,-818.7023315429688,0.9122782945632936
-319.554443359375,-818.7249145507812,0.927880883216858
-319.8924255371094,-818.7467041015625,0.9431877732276917
-320.2274169921875,-818.7677612304688,0.958279013633728
-320.559326171875,-818.7880249023438,0.9732691049575806
-320.8880920410156,-818.8076171875,0.988074779510498
-321.2136535644531,-818.8265380859375,1.002568244934082
-321.5361633300781,-818.8448486328125,1.0163617134094238
-321.8555908203125,-818.8623657226562,1.0293192863464355
-322.1718444824219,-818.8787841796875,1.041717529296875
-322.4850769042969,-818.8943481445312,1.053693771362305
-322.795166015625,-818.9095458984375,1.0657720565795898
-323.10205078125,-818.924072265625,1.0781667232513428
-323.40582275390625,-818.9380493164062,1.0906426906585691
-323.7066345214844,-818.9515380859375,1.1027300357818604
-324.0044250488281,-818.9644775390625,1.1143145561218262
-324.2991027832031,-818.97705078125,1.1254663467407229
-324.59063720703125,-818.9891967773438,1.13638174533844
-324.87896728515625,-819.0010375976562,1.147172212600708
-325.1640625,-819.0126953125,1.1579097509384155
-325.4458312988281,-819.024169921875,1.1687006950378418
-325.724365234375,-819.0352172851562,1.1793198585510254
-325.999755859375,-819.0460815429688,1.1896467208862305
-326.2720947265625,-819.0567626953125,1.199594497680664
-326.5414733886719,-819.0670776367188,1.209126591682434
-326.80767822265625,-819.0770263671875,1.2185624837875366
-327.0706787109375,-819.0867919921875,1.228108525276184
-327.33056640625,-819.0963134765625,1.2377650737762451
-327.58734130859375,-819.1056518554688,1.2472933530807495
-327.841064453125,-819.11474609375,1.2566801309585571
-328.091796875,-819.12353515625,1.2658390998840332
-328.3395690917969,-819.1317749023438,1.274883508682251
-328.5843200683594,-819.1395263671875,1.2838630676269531
-328.8259582519531,-819.146728515625,1.29270339012146
-329.06451416015625,-819.1535034179688,1.3012579679489136
-329.29998779296875,-819.1598510742188,1.3095827102661133
-329.5323791503906,-819.165771484375,1.317737340927124
-329.76171875,-819.171142578125,1.325770139694214
-329.988037109375,-819.1762084960938,1.3335630893707275
-330.2113342285156,-819.1807250976562,1.3409719467163086
-330.4316101074219,-819.1846923828125,1.3480768203735352
-330.6487731933594,-819.1882934570312,1.35497784614563
-330.8628845214844,-819.19140625,1.361777663230896
-331.07391357421875,-819.194091796875,1.3685522079467771
-331.28192138671875,-819.1962280273438,1.3752204179763794
-331.48699951171875,-819.19775390625,1.3816344738006592
-331.68927001953125,-819.1987915039062,1.3877310752868652
-331.8889465332031,-819.1993408203125,1.393625020980835
-332.086181640625,-819.1992797851562,1.3995193243026731
-332.28125,-819.198486328125,1.40540874004364
-332.4742431640625,-819.1973266601562,1.4113059043884275
-332.6654968261719,-819.1956787109375,1.417177438735962
-332.85528564453125,-819.1934814453125,1.4229521751403809
-333.04388427734375,-819.1908569335938,1.4285318851470947
-333.2314758300781,-819.18798828125,1.4339659214019775
-333.4184875488281,-819.1846923828125,1.439314603805542
-333.6053466796875,-819.1810302734375,1.444575309753418
-333.79254150390625,-819.1768798828125,1.4497849941253662
-333.9805908203125,-819.1723022460938,1.455053687095642
-334.1697998046875,-819.16748046875,1.460359811782837
-334.3606872558594,-819.162109375,1.4659463167190552
-334.5533447265625,-819.1561889648438,1.471637487411499
-334.7479553222656,-819.14990234375,1.4774432182312012
-334.9443359375,-819.1430053710938,1.4833025932312012
-335.142333984375,-819.135498046875,1.4888836145401
-335.3421325683594,-819.1273803710938,1.493994116783142
-335.5440673828125,-819.1187744140625,1.4987502098083496
-335.74853515625,-819.1096801757812,1.5035407543182373
-335.9556579589844,-819.0997924804688,1.5085188150405884
-336.16552734375,-819.089111328125,1.513794183731079
-336.378173828125,-819.0776977539062,1.5192745923995972
-336.59405517578125,-819.0652465820312,1.5249900817871094
-336.8134765625,-819.052001953125,1.531237006187439
-337.0359802246094,-819.0377197265625,1.5377095937728882
-337.2607421875,-819.0225830078125,1.5442376136779783
-337.486572265625,-819.0064086914062,1.5506830215454102
-337.7119445800781,-818.9891967773438,1.5566678047180176
-337.9356689453125,-818.970703125,1.5620067119598389
-338.15716552734375,-818.9512939453125,1.566814661026001
-338.37603759765625,-818.9309692382812,1.5713242292404177
-338.59210205078125,-818.9097290039062,1.5757638216018677
-338.80523681640625,-818.8875732421875,1.580272555351257
-339.01531982421875,-818.8644409179688,1.5848709344863892
-339.2223205566406,-818.8402709960938,1.5895791053771973
-339.4261779785156,-818.815185546875,1.5943256616592407
-339.6268310546875,-818.7890014648438,1.599056839942932
-339.82440185546875,-818.7615966796875,1.6036708354949951
-340.0187683105469,-818.7332153320312,1.608083963394165
-340.21002197265625,-818.7036743164062,1.6122794151306152
-340.3980407714844,-818.6730346679688,1.6163041591644287
-340.58282470703125,-818.6414794921875,1.6202232837677002
-340.764404296875,-818.6090698242188,1.6240686178207395
-340.9427185058594,-818.5758056640625,1.627816081047058
-341.1177978515625,-818.541748046875,1.6315077543258667
-341.2896728515625,-818.507080078125,1.6351580619812012
-341.4584045410156,-818.471923828125,1.6388815641403198
-341.6239013671875,-818.4363403320312,1.642825722694397
-341.78619384765625,-818.400634765625,1.6467602252960205
-341.9452819824219,-818.364501953125,1.650597095489502
-342.1012268066406,-818.3281860351562,1.6543982028961182
-342.25396728515625,-818.29150390625,1.6580885648727417
-342.4035339355469,-818.2547607421875,1.661773443222046
-342.5498962402344,-818.2177124023438,1.6653138399124146
-342.6931457519531,-818.1807250976562,1.6686753034591677
-342.8333740234375,-818.1436157226562,1.671730637550354
-342.9707946777344,-818.1064453125,1.6744704246520996
-343.10577392578125,-818.0693969726562,1.6769933700561523
-343.2387390136719,-818.0322265625,1.6794694662094116
-343.3704833984375,-817.9947509765625,1.6819396018981934
-343.50177001953125,-817.9568481445312,1.6845073699951172
-343.6333312988281,-817.9182739257812,1.6871964931488037
-343.7660827636719,-817.878662109375,1.6900169849395752
-343.9007263183594,-817.8380126953125,1.6929397583007812
-344.03765869140625,-817.7959594726562,1.6959331035614014
-344.1772766113281,-817.7525634765625,1.6990926265716553
-344.3196105957031,-817.7077026367188,1.7024646997451782
-344.4646911621094,-817.6612548828125,1.705944299697876
-344.61248779296875,-817.6130981445312,1.7092963457107544
-344.762939453125,-817.5635375976562,1.7125698328018188
-344.91595458984375,-817.5122680664062,1.7155576944351196
-345.071044921875,-817.458984375,1.7182601690292358
-345.22900390625,-817.4036865234375,1.7208532094955444
-345.3908386230469,-817.3464965820312,1.7231953144073486
-345.5578308105469,-817.2867431640625,1.7255101203918457
-345.73126220703125,-817.2241821289062,1.7282719612121582
-345.91168212890625,-817.1585083007812,1.7317192554473877
-346.0992736816406,-817.0895385742188,1.7357443571090698
-346.29345703125,-817.0172729492188,1.7399640083312988
-346.4931945800781,-816.9419555664062,1.7438077926635742
-346.69732666015625,-816.8636474609375,1.7468299865722656
-346.90533447265625,-816.7821655273438,1.7494983673095703
-347.1171569824219,-816.6972045898438,1.752298355102539
-347.3328857421875,-816.6084594726562,1.7551298141479492
-347.5528869628906,-816.5164184570312,1.7580597400665283
-347.77728271484375,-816.4210815429688,1.7611730098724363
-348.0059814453125,-816.3225708007812,1.764539361000061
-348.23822021484375,-816.2210083007812,1.7681331634521484
-348.4722595214844,-816.1162109375,1.7716128826141355
-348.7062683105469,-816.0081176757812,1.7745349407196045
-348.9384765625,-815.89794921875,1.7763752937316897
-349.16778564453125,-815.7857055664062,1.7778260707855225
-349.3935546875,-815.6716918945312,1.7791681289672852
-349.6155090332031,-815.5557250976562,1.7803162336349487
-349.83343505859375,-815.4383544921875,1.781399488449097
-350.04705810546875,-815.3196411132812,1.7824509143829346
-350.2562255859375,-815.1995239257812,1.7834954261779783
-350.4613342285156,-815.0784912109375,1.784314751625061
-350.66217041015625,-814.9563598632812,1.784973382949829
-350.85870361328125,-814.8329467773438,1.785430073738098
-351.0509948730469,-814.708251953125,1.7855329513549805
-351.2392272949219,-814.5828247070312,1.7855420112609863
-351.42327880859375,-814.4567260742188,1.785573124885559
-351.6032409667969,-814.3301391601562,1.7856767177581787
-351.779052734375,-814.202880859375,1.7857743501663208
-351.95111083984375,-814.07568359375,1.7855751514434814
-352.11944580078125,-813.9482421875,1.7852181196212769
-352.2838439941406,-813.8207397460938,1.784954309463501
-352.444580078125,-813.6934204101562,1.7847402095794678
-352.6015930175781,-813.566162109375,1.7845582962036133
-352.7548828125,-813.43896484375,1.784421443939209
-352.9043884277344,-813.3118896484375,1.7843557596206665
-353.0501403808594,-813.1849975585938,1.7843726873397827
-353.1921691894531,-813.058349609375,1.7843153476715088
-353.33050537109375,-812.9321899414062,1.7841482162475586
-353.46527099609375,-812.8065795898438,1.7840238809585571
-353.5965881347656,-812.6815795898438,1.784249782562256
-353.7245178222656,-812.5570678710938,1.7848496437072754
-353.8493347167969,-812.4330444335938,1.7853507995605469
-353.971435546875,-812.3094482421875,1.78556489944458
-354.09112548828125,-812.1860961914062,1.7856544256210327
-354.20867919921875,-812.0626220703125,1.7858772277832031
-354.3243408203125,-811.9383544921875,1.7862802743911743
-354.43841552734375,-811.8135375976562,1.7870619297027588
-354.55096435546875,-811.6876831054688,1.7877204418182373
-354.6627197265625,-811.5607299804688,1.788353443145752
-354.7740173339844,-811.4317016601562,1.7886322736740112
-354.8855285644531,-811.300537109375,1.7885010242462158
-354.9975280761719,-811.166748046875,1.7880703210830688
-355.1099853515625,-811.0303344726562,1.787525296211243
-355.22308349609375,-810.8909301757812,1.7871294021606443
-355.3370666503906,-810.7479858398438,1.7871283292770386
-355.4522705078125,-810.6010131835938,1.787287712097168
-355.56878662109375,-810.4498901367188,1.787290096282959
-355.6867980957031,-810.2948608398438,1.7871887683868408
-355.8061828613281,-810.135498046875,1.7869658470153809
-355.92742919921875,-809.9713745117188,1.7864856719970703
-356.0510559082031,-809.8018188476562,1.7857768535614014
-356.1772155761719,-809.6262817382812,1.7849888801574707
-356.30645751953125,-809.4444580078125,1.7843027114868164
-356.4385986328125,-809.2564697265625,1.7830748558044434
-356.5731201171875,-809.06201171875,1.7809207439422607
-356.7099609375,-808.8612670898438,1.7782516479492188
-356.84881591796875,-808.6536254882812,1.7755990028381348
-356.9891662597656,-808.4388427734375,1.7730714082717896
-357.130615234375,-808.2171630859375,1.770892858505249
-357.2723388671875,-807.9885864257812,1.7689529657363892
-357.413818359375,-807.753662109375,1.7669070959091189
-357.55511474609375,-807.5126953125,1.764481782913208
-357.69580078125,-807.2659912109375,1.761737823486328
-357.8356628417969,-807.0140380859375,1.758717060089111
-357.9743957519531,-806.7578125,1.7554036378860474
-358.11053466796875,-806.497314453125,1.7517096996307373
-358.24383544921875,-806.233154296875,1.7475179433822632
-358.37481689453125,-805.966552734375,1.7431696653366089
-358.5027160644531,-805.697021484375,1.7391188144683838
-358.6271667480469,-805.4248046875,1.7353997230529783
-358.7481994628906,-805.1500244140625,1.7320401668548584
-358.86572265625,-804.8729248046875,1.7291245460510254
-358.97967529296875,-804.5933837890625,1.7263413667678833
-359.0899963378906,-804.3114624023438,1.7228851318359375
-359.19696044921875,-804.02734375,1.718801498413086
-359.3008117675781,-803.7413940429688,1.71429443359375
-359.4012451171875,-803.4534912109375,1.7097208499908447
-359.4980773925781,-803.1641845703125,1.7054131031036377
-359.5914001464844,-802.8734741210938,1.7012135982513428
-359.6809387207031,-802.5816650390625,1.6971100568771362
-359.76654052734375,-802.28857421875,1.6929258108139038
-359.84832763671875,-801.994384765625,1.6884567737579346
-359.9263000488281,-801.69921875,1.6838040351867676
-360.0006408691406,-801.4031982421875,1.6791056394577026
-360.07159423828125,-801.1063842773438,1.6745538711547852
-360.1393737792969,-800.8087768554688,1.6703704595565796
-360.2044677734375,-800.5106201171875,1.666523575782776
-360.2671813964844,-800.211669921875,1.6626317501068115
-360.32769775390625,-799.9119873046875,1.6585782766342163
-360.3860473632813,-799.6116333007812,1.6543102264404297
-360.44232177734375,-799.3103637695312,1.6497597694396973
-360.4967346191406,-799.0084838867188,1.6445823907852173
-360.5494995117187,-798.7060546875,1.6385160684585571
-360.6007995605469,-798.403076171875,1.632027506828308
-360.6509704589844,-798.0994262695312,1.6258015632629397
-360.6998901367187,-797.7951049804688,1.6202223300933838
-360.7479248046875,-797.4901733398438,1.6149957180023191
-360.7953186035156,-797.1845703125,1.609812617301941
-360.8419799804687,-796.8783569335938,1.604857325553894
-360.8883056640625,-796.571533203125,1.5998573303222656
-360.9338989257813,-796.2640991210938,1.5946615934371948
-360.9782409667969,-795.9559936523438,1.5892648696899414
-361.0213623046875,-795.647216796875,1.5836610794067385
-361.0634460449219,-795.3380737304688,1.578166365623474
-361.1041564941406,-795.0283203125,1.572576880455017
-361.1436462402344,-794.7179565429688,1.5670266151428225
-361.1820068359375,-794.4070434570312,1.5614914894104004
-361.2189636230469,-794.0955200195312,1.5561234951019287
-361.2543640136719,-793.783203125,1.5510244369506836
-361.2880554199219,-793.47021484375,1.5461145639419556
-361.3199462890625,-793.1566772460938,1.5414860248565674
-361.34967041015625,-792.8423461914062,1.5369815826416016
-361.3769836425781,-792.52734375,1.5321385860443115
-361.4022521972656,-792.2117309570312,1.5268192291259766
-361.4255065917969,-791.8956909179688,1.5210779905319214
-361.4465026855469,-791.579345703125,1.5150208473205566
-361.4654846191406,-791.2626953125,1.5087165832519531
-361.48248291015625,-790.9458618164062,1.5022575855255127
-361.4980163574219,-790.6288452148438,1.4957835674285889
-361.5115661621094,-790.3114624023438,1.4891691207885742
-361.5232543945313,-789.9938354492188,1.482528805732727
-361.5334777832031,-789.6757202148438,1.4761416912078855
-361.5420837402344,-789.3572998046875,1.4696992635726929
-361.5491027832031,-789.0383911132812,1.463056206703186
-361.5545043945313,-788.7188110351562,1.456087946891785
-361.5584716796875,-788.3985595703125,1.4490172863006592
-361.5608825683594,-788.07763671875,1.4421395063400269
-361.5619201660156,-787.7561645507812,1.4354994297027588
-361.5614013671875,-787.43408203125,1.4292818307876587
-361.5593566894531,-787.1114501953125,1.4234275817871094
-361.555908203125,-786.7882690429688,1.4175617694854736
-361.5510864257813,-786.464599609375,1.4113187789916992
-361.5450744628906,-786.140380859375,1.4048330783843994
-361.5378723144531,-785.8156127929688,1.3984668254852295
-361.5295715332031,-785.4903564453125,1.3926866054534912
-361.5201721191406,-785.16455078125,1.3877040147781372
-361.5094299316406,-784.838134765625,1.3831956386566162
-361.4976806640625,-784.51123046875,1.378654718399048
-361.4850158691406,-784.1837158203125,1.373742938041687
-361.47174072265625,-783.8553466796875,1.368938684463501
-361.4577026367187,-783.5255126953125,1.3662878274917605
-361.440673828125,-783.1947631835938,1.3635512590408323
-361.42327880859375,-782.8624877929688,1.3598628044128418
-361.4059448242187,-782.5282592773438,1.3553471565246582
-361.3875732421875,-782.1910400390625,1.3502124547958374
-361.3681335449219,-781.849609375,1.3450927734375
-361.34759521484375,-781.5030517578125,1.339976787567139
-361.32574462890625,-781.1506958007812,1.3357306718826294
-361.3024597167969,-780.791748046875,1.3324496746063232
-361.2774353027344,-780.4267578125,1.32925283908844
-361.2511596679687,-780.0562744140625,1.3251404762268066
-361.2237854003906,-779.6804809570312,1.3196868896484375
-361.1947326660156,-779.2993774414062,1.3133536577224731
-361.1640625,-778.9130249023438,1.3063627481460571
-361.1318664550781,-778.521484375,1.2991435527801514
-361.097900390625,-778.1251831054688,1.291634202003479
-361.06298828125,-777.7239379882812,1.284579515457153
-361.02581787109375,-777.317626953125,1.2778481245040894
-360.9867248535156,-776.9066162109375,1.2702794075012207
-360.94622802734375,-776.4909057617188,1.262069582939148
-360.9043884277344,-776.0703735351562,1.2533249855041504
-360.8617858886719,-775.6452026367188,1.2444597482681274
-360.8176879882813,-775.215576171875,1.2355386018753052
-360.7724304199219,-774.7816162109375,1.2270400524139404
-360.7258911132813,-774.3436279296875,1.2188231945037842
-360.6782531738281,-773.9021606445312,1.2104897499084473
-360.6296691894531,-773.45751953125,1.2019120454788208
-360.5803527832031,-773.0098876953125,1.1930004358291626
-360.53033447265625,-772.5595092773438,1.183790922164917
-360.4797668457031,-772.1063842773438,1.1743674278259275
-360.4287414550781,-771.6503295898438,1.1650896072387695
-360.3766174316406,-771.1915283203125,1.1564574241638184
-360.3231201171875,-770.7302856445312,1.1478475332260132
-360.2690124511719,-770.2666625976562,1.1390115022659302
-360.21484375,-769.80029296875,1.1310579776763916
-360.1597900390625,-769.3311767578125,1.1253249645233154
-360.10296630859375,-768.8601684570312,1.1188108921051023
-360.0460205078125,-768.3873291015625,1.1101759672164917
-359.9893493652344,-767.9122924804688,1.0996718406677246
-359.9324645996094,-767.4347534179688,1.089202642440796
-359.8745422363281,-766.95458984375,1.0801620483398438
-359.81524658203125,-766.4721069335938,1.0712852478027344
-359.75537109375,-765.9873046875,1.061779260635376
-359.69512939453125,-765.5001220703125,1.0513663291931152
-359.63446044921875,-765.010498046875,1.0403437614440918
-359.5732116699219,-764.5184326171875,1.0290277004241943
-359.511474609375,-764.0240478515625,1.0175081491470337
-359.44940185546875,-763.5272216796875,1.0056943893432615
-359.38671875,-763.028076171875,0.9931834936141968
-359.32366943359375,-762.5263671875,0.980238914489746
-359.26068115234375,-762.02197265625,0.9671405553817748
-359.19732666015625,-761.5150146484375,0.9538369178771972
-359.13348388671875,-761.0054321289062,0.939975380897522
-359.06927490234375,-760.4932861328125,0.9258259534835817
-359.00482177734375,-759.9784545898438,0.9117649793624878
-358.9399719238281,-759.4610595703125,0.897586464881897
-358.8747863769531,-758.9412231445312,0.8831415772438049
-358.8092956542969,-758.4188232421875,0.8683865070343018
-358.7432861328125,-757.8939208984375,0.8534197211265564
-358.67718505859375,-757.3662719726562,0.8381613492965698
-358.6109924316406,-756.8359985351562,0.8222678899765015
-358.5445251464844,-756.302978515625,0.806052029132843
-358.4778137207031,-755.7670288085938,0.7899118065834045
-358.41070556640625,-755.2283325195312,0.7739963531494141
-358.3432922363281,-754.6868896484375,0.7582396268844604
-358.27557373046875,-754.142578125,0.7427077293395996
-358.2075500488281,-753.5955810546875,0.7272710204124451
-358.13934326171875,-753.0458984375,0.712005615234375
-358.0707702636719,-752.493408203125,0.6967213153839111
-358.0018615722656,-751.9382934570312,0.6810600757598877
-357.9328308105469,-751.3805541992188,0.6645691394805908
-357.8638610839844,-750.8201293945312,0.647079586982727
-357.79534912109375,-750.2566528320312,0.6294858455657959
-357.7269287109375,-749.6900634765625,0.6123561263084412
-357.6585693359375,-749.1204223632812,0.595442533493042
-357.5905456542969,-748.5478515625,0.5785647630691528
-357.5229797363281,-747.972412109375,0.5616170167922974
-357.4562072753906,-747.3939208984375,0.5451089143753052
-357.3896484375,-746.8125610351562,0.5288358926773071
-357.3232421875,-746.2283325195312,0.5123239755630493
-357.2569274902344,-745.641357421875,0.4949681758880615
-357.1905822753906,-745.0516357421875,0.4766393005847931
-357.124267578125,-744.4588012695312,0.4580927193164825
-357.0580749511719,-743.86279296875,0.4397667348384857
-356.99163818359375,-743.263671875,0.4214411377906799
-356.9252014160156,-742.6614379882812,0.4031034111976623
-356.8587951660156,-742.0562133789062,0.3850221335887909
-356.7924499511719,-741.447998046875,0.367264449596405
-356.7259521484375,-740.8369140625,0.3496494591236114
-356.6592102050781,-740.2230224609375,0.331930011510849
-356.59222412109375,-739.6063232421875,0.3138387203216553
-356.52508544921875,-738.9867553710938,0.2952340543270111
-356.45751953125,-738.3642578125,0.2764888405799866
-356.3892822265625,-737.73876953125,0.2577729821205139
-356.32037353515625,-737.1103515625,0.2391228973865509
-356.251220703125,-736.47900390625,0.2204143702983856
-356.18194580078125,-735.8446655273438,0.2019527554512024
-356.1121520996094,-735.2074584960938,0.1840453445911407
-356.0417175292969,-734.5673217773438,0.1666656136512756
-355.970703125,-733.9244384765625,0.1495676040649414
-355.8994445800781,-733.2788696289062,0.1325263977050781
-355.827392578125,-732.6306762695312,0.1151613295078277
-355.7545471191406,-731.980224609375,0.09721440076828
-355.68133544921875,-731.327880859375,0.0787525475025177
-355.6078186035156,-730.6744384765625,0.0602927505970001
-355.53363037109375,-730.02099609375,0.0408270359039306
-355.4592590332031,-729.3685913085938,0.0198994874954223
-355.3850402832031,-728.7178955078125,-0.0013793110847473
-355.310791015625,-728.0693359375,-0.0220428109169006
-355.2367858886719,-727.4229736328125,-0.0421072542667388
-355.1627197265625,-726.779052734375,-0.0618332922458648
-355.0884094238281,-726.1378784179688,-0.0806913375854492
-355.014404296875,-725.499755859375,-0.0985410958528518
-354.9404602050781,-724.86474609375,-0.1159486472606659
-354.86663818359375,-724.2324829101562,-0.132848635315895
-354.7928771972656,-723.60302734375,-0.1485514342784881
-354.7192687988281,-722.9763793945312,-0.1624986231327057
-354.6451416015625,-722.3525390625,-0.1766122579574585
-354.570556640625,-721.7316284179688,-0.1923223137855529
-354.4961853027344,-721.1136474609375,-0.2101709246635437
-354.4224548339844,-720.4987182617188,-0.2293540388345718
-354.348388671875,-719.8864135742188,-0.2474644929170608
-354.27349853515625,-719.2761840820312,-0.2642548084259033
-354.1982116699219,-718.6676025390625,-0.2830897867679596
-354.1263732910156,-718.0614013671875,-0.3029477596282959
-354.0551452636719,-717.4585571289062,-0.3202003836631775
-353.9834289550781,-716.8590698242188,-0.3341169655323028
-353.9116516113281,-716.2616577148438,-0.347033679485321
-353.8418273925781,-715.6664428710938,-0.3606663346290588
-353.7728576660156,-715.07470703125,-0.3726765215396881
-353.7027893066406,-714.486328125,-0.3827864229679107
-353.6316833496094,-713.9012451171875,-0.3914632797241211
-353.5600280761719,-713.3193969726562,-0.3995178043842315
-353.4881591796875,-712.740478515625,-0.4074396789073944
-353.4158020019531,-712.1643676757812,-0.4158045053482055
-353.3426818847656,-711.5911865234375,-0.4248452186584472
-353.2687683105469,-711.0208740234375,-0.4344524145126343
-353.1939392089844,-710.4533081054688,-0.4449158310890198
-353.1181945800781,-709.8886108398438,-0.4562276601791382
-353.0409240722656,-709.3270263671875,-0.4680885374546051
-352.9626770019531,-708.7684936523438,-0.4804569482803345
-352.8836975097656,-708.2128295898438,-0.4927156567573547
-352.80364990234375,-707.6602172851562,-0.5045713186264038
-352.72271728515625,-707.1104736328125,-0.5157688856124878
-352.6411437988281,-706.5639038085938,-0.5255255699157715
-352.5591735839844,-706.0201416015625,-0.5334862470626831
-352.476318359375,-705.4795532226562,-0.541029691696167
-352.3929748535156,-704.9420776367188,-0.5490289926528931
-352.3099060058594,-704.4078369140625,-0.5574411153793335
-352.2270202636719,-703.8768920898438,-0.5660318732261658
-352.1441345214844,-703.3492431640625,-0.5743211507797241
-352.06134033203125,-702.8247680664062,-0.5820165872573853
-351.9783020019531,-702.302978515625,-0.5896782875061035
-351.8952941894531,-701.7837524414062,-0.5976626873016357
-351.8125,-701.26708984375,-0.6060446500778198
-351.7298583984375,-700.7532348632812,-0.6147125363349915
-351.6474304199219,-700.2422485351562,-0.6234478950500488
-351.56524658203125,-699.7341918945312,-0.6321651339530945
-351.4831848144531,-699.2289428710938,-0.6405720710754395
-351.4013366699219,-698.7263793945312,-0.6484137773513794
-351.3197326660156,-698.2261962890625,-0.655394971370697
-351.2383728027344,-697.728271484375,-0.6612138748168945
-351.1570129394531,-697.232421875,-0.6663661003112793
-351.0754699707031,-696.738525390625,-0.6716378331184387
-350.994140625,-696.2465209960938,-0.6770732402801514
-350.9130859375,-695.756103515625,-0.6824506521224976
-350.8321533203125,-695.2670288085938,-0.6877461671829224
-350.7513427734375,-694.77880859375,-0.6925946474075317
-350.6705627441406,-694.291259765625,-0.6966718435287476
-350.5894470214844,-693.8041381835938,-0.7005338668823242
-350.5083312988281,-693.3172607421875,-0.7046152353286743
-350.4273376464844,-692.8305053710938,-0.7091140747070312
-350.3465881347656,-692.3439331054688,-0.7139554023742676
-350.2659912109375,-691.857421875,-0.7187110185623169
-350.1855163574219,-691.3707885742188,-0.7232926487922668
-350.10491943359375,-690.8839111328125,-0.7276480793952942
-350.02423095703125,-690.396240234375,-0.7318209409713745
-349.9436340332031,-689.9075927734375,-0.7359559535980225
-349.8633117675781,-689.4174194335938,-0.7400477528572083
-349.7829284667969,-688.925048828125,-0.7437794804573059
-349.7024230957031,-688.4296264648438,-0.7470439672470093
-349.62176513671875,-687.9306030273438,-0.7501057386398315
-349.541259765625,-687.427734375,-0.7532222270965576
-349.4609375,-686.9202880859375,-0.7559483051300049
-349.380859375,-686.4080200195312,-0.7578073740005493
-349.30096435546875,-685.8909301757812,-0.7588045597076416
-349.22100830078125,-685.3693237304688,-0.7598808407783508
-349.1409606933594,-684.843017578125,-0.7615705728530884
-349.0609436035156,-684.312255859375,-0.7636638879776001
-348.9810791015625,-683.7767944335938,-0.7660865783691406
-348.90130615234375,-683.2368774414062,-0.7690253257751465
-348.8210144042969,-682.6924438476562,-0.7722121477127075
-348.7397766113281,-682.1438598632812,-0.7754850387573242
-348.6575622558594,-681.5916137695312,-0.7786823511123657
-348.5746154785156,-681.0365600585938,-0.7814964056015015
-348.49114990234375,-680.4801025390625,-0.7840855121612549
-348.4073486328125,-679.9234008789062,-0.7868130803108215
-348.3228759765625,-679.3677368164062,-0.7892681956291199
-348.23736572265625,-678.8135986328125,-0.791047215461731
-348.1510009765625,-678.2615356445312,-0.7919297218322754
-348.0638732910156,-677.711669921875,-0.7918969392776489
-347.97576904296875,-677.1641845703125,-0.7908129692077637
-347.885986328125,-676.6194458007812,-0.7896693348884583
-347.7950134277344,-676.0774536132812,-0.788975715637207
-347.7032165527344,-675.5382690429688,-0.7887397408485413
-347.6103515625,-675.0020751953125,-0.7892971038818359
-347.516357421875,-674.4686279296875,-0.7907829880714417
-347.4212341308594,-673.9379272460938,-0.7926526665687561
-347.32501220703125,-673.4097290039062,-0.7941488027572632
-347.2274475097656,-672.8838500976562,-0.7952092885971069
-347.12896728515625,-672.3600463867188,-0.7955324649810791
-347.03009033203125,-671.83837890625,-0.7958039045333862
-346.9306640625,-671.3191528320312,-0.7962179183959961
-346.83056640625,-670.802490234375,-0.7963967323303223
-346.72998046875,-670.2884521484375,-0.7960628271102905
-346.6290283203125,-669.7765502929688,-0.7951087951660156
-346.52764892578125,-669.2662963867188,-0.7934030294418335
-346.42578125,-668.7574462890625,-0.7911483645439148
-346.3233947753906,-668.2496948242188,-0.7890170812606812
-346.22113037109375,-667.7425537109375,-0.786697506904602
-346.1182861328125,-667.2361450195312,-0.78447425365448
-346.0152282714844,-666.7303466796875,-0.7825677394866943
-345.91217041015625,-666.2246704101562,-0.7811448574066162
-345.80902099609375,-665.7186889648438,-0.7801127433776855
-345.70587158203125,-665.2119750976562,-0.7791492938995361
-345.60247802734375,-664.7041625976562,-0.7778463363647461
-345.49835205078125,-664.19482421875,-0.7763568162918091
-345.393798828125,-663.68359375,-0.7748737335205078
-345.28887939453125,-663.1702880859375,-0.7734605073928833
-345.1839294433594,-662.6547241210938,-0.7721104025840759
-345.07861328125,-662.1368408203125,-0.7704441547393799
-344.9728698730469,-661.616455078125,-0.768261194229126
-344.86651611328125,-661.0935668945312,-0.7655344009399414
-344.75970458984375,-660.5679931640625,-0.7625032663345337
-344.65277099609375,-660.0396728515625,-0.7595393061637878
-344.5458679199219,-659.5082397460938,-0.7563222646713257
-344.438720703125,-658.9739379882812,-0.7530546188354492
-344.3313293457031,-658.436279296875,-0.7498892545700073
-344.223876953125,-657.8952026367188,-0.7466554641723633
-344.1161804199219,-657.350341796875,-0.7429077625274658
-344.0080261230469,-656.8016357421875,-0.7386056184768677
-343.8992004394531,-656.2491455078125,-0.7342408895492554
-343.7901916503906,-655.69287109375,-0.7303228378295898
-343.6812438964844,-655.1327514648438,-0.7265175580978394
-343.5719299316406,-654.5684814453125,-0.7222859263420105
-343.46234130859375,-654.0004272460938,-0.7179583311080933
-343.3519287109375,-653.428466796875,-0.7135155200958252
-343.2406005859375,-652.8524780273438,-0.7083413600921631
-343.1288757324219,-652.2725830078125,-0.7020359039306641
-343.0168762207031,-651.6891479492188,-0.6944559812545776
-342.9040832519531,-651.1024780273438,-0.6858707666397095
-342.7906494140625,-650.5133666992188,-0.677109956741333
-342.67706298828125,-649.9221801757812,-0.668281078338623
-342.563232421875,-649.32958984375,-0.6595165729522705
-342.4485778808594,-648.7362060546875,-0.6512010097503662
-342.3330383300781,-648.1427612304688,-0.6434977054595947
-342.2167663574219,-647.549560546875,-0.6363726258277893
-342.09967041015625,-646.957275390625,-0.6297563314437866
-341.981689453125,-646.3665771484375,-0.6234256625175476
-341.86309814453125,-645.7776489257812,-0.6172089576721191
-341.743896484375,-645.190673828125,-0.6114238500595093
-341.6239929199219,-644.6058349609375,-0.605758547782898
-341.50360107421875,-644.0230712890625,-0.59954833984375
-341.3827819824219,-643.442626953125,-0.5923361778259277
-341.2608642578125,-642.8645629882812,-0.5849264860153198
-341.1382751464844,-642.2890625,-0.5777266025543213
-341.0154724121094,-641.7159423828125,-0.5705718994140625
-340.892578125,-641.1452026367188,-0.5636883974075317
-340.76959228515625,-640.57666015625,-0.5567749738693237
-340.6457824707031,-640.0101928710938,-0.5493965148925781
-340.521484375,-639.445556640625,-0.5423159003257751
-340.3969421386719,-638.8822631835938,-0.5360840559005737
-340.27227783203125,-638.3202514648438,-0.5306967496871948
-340.1476745605469,-637.75927734375,-0.5257924199104309
-340.0232849121094,-637.1993408203125,-0.5207234621047974
-339.89874267578125,-636.6401977539062,-0.5153175592422485
-339.7742614746094,-636.0818481445312,-0.5094208121299744
-339.6500549316406,-635.5242309570312,-0.5033894777297974
-339.5263671875,-634.96728515625,-0.4975030422210693
-339.4034423828125,-634.4110717773438,-0.4910763502120971
-339.2810974121094,-633.855712890625,-0.4839777946472168
-339.1593322753906,-633.3009033203125,-0.4761778712272644
-339.038330078125,-632.7467041015625,-0.4675668478012085
-338.9178466796875,-632.1931762695312,-0.4583804011344909
-338.79779052734375,-631.6405029296875,-0.4495249986648559
-338.6786804199219,-631.0885620117188,-0.4413522481918335
-338.5605773925781,-630.5374755859375,-0.4339145421981811
-338.443359375,-629.9871826171875,-0.4268035888671875
-338.3271789550781,-629.4379272460938,-0.4200864434242248
-338.21234130859375,-628.8892822265625,-0.4138070344924927
-338.0988464355469,-628.34130859375,-0.4076977372169494
-337.9868469238281,-627.7938232421875,-0.4012831747531891
-337.8764953613281,-627.2468872070312,-0.3942674398422241
-337.76812744140625,-626.70068359375,-0.3872992098331451
-337.6617736816406,-626.1554565429688,-0.3802702128887176
-337.5570983886719,-625.611572265625,-0.372704416513443
-337.4541015625,-625.0689697265625,-0.364573061466217
-337.3527526855469,-624.5274658203125,-0.3559337556362152
-337.2528991699219,-623.9871826171875,-0.3469184637069702
-337.15460205078125,-623.4478149414062,-0.3376792669296264
-337.05767822265625,-622.9095458984375,-0.3281739950180053
-336.96173095703125,-622.3723754882812,-0.3186801671981811
-336.8668212890625,-621.8362426757812,-0.3094117939472198
-336.77313232421875,-621.3009643554688,-0.3005360662937164
-336.6806945800781,-620.7665405273438,-0.2919130623340606
-336.589599609375,-620.2324829101562,-0.2831927239894867
-336.4999084472656,-619.6987915039062,-0.274084210395813
-336.4114990234375,-619.1649169921875,-0.2649206519126892
-336.3243103027344,-618.6307373046875,-0.2560564875602722
-336.2387390136719,-618.0960083007812,-0.2478331476449966
-336.1549987792969,-617.5607299804688,-0.2398107349872589
-336.072998046875,-617.0244140625,-0.2312031388282776
-335.9925231933594,-616.486572265625,-0.2214291393756866
-335.9136047363281,-615.9470825195312,-0.2107992619276046
-335.83612060546875,-615.40576171875,-0.1997792422771453
-335.75994873046875,-614.8623657226562,-0.1890425533056259
-335.68560791015625,-614.31640625,-0.1781837344169616
-335.61285400390625,-613.7673950195312,-0.1671634018421173
-335.54156494140625,-613.21484375,-0.1562095284461975
-335.4717102050781,-612.6583862304688,-0.1454566866159439
-335.4029235839844,-612.0971069335938,-0.1351101696491241
-335.3353271484375,-611.5301513671875,-0.1251772344112396
-335.2691650390625,-610.9566650390625,-0.1151284873485565
-335.20465087890625,-610.3760375976562,-0.104780301451683
-335.14178466796875,-609.78857421875,-0.0946535468101501
-335.0803527832031,-609.194091796875,-0.0849371552467346
-335.02032470703125,-608.5924072265625,-0.0752361416816711
-334.9617614746094,-607.9832763671875,-0.0651540458202362
-334.90423583984375,-607.366455078125,-0.0545541793107986
-334.84796142578125,-606.7420043945312,-0.0433177649974823
-334.7931823730469,-606.1094970703125,-0.0309292078018188
-334.7400817871094,-605.4691772460938,-0.016861468553543
-334.688232421875,-604.8221435546875,-0.0021547675132751
-334.63739013671875,-604.169189453125,0.012535810470581
-334.5870361328125,-603.5112915039062,0.0267721116542816
-334.536376953125,-602.849365234375,0.0401261746883392
-334.4854736328125,-602.1847534179688,0.0527760088443756
-334.4338684082031,-601.5186767578125,0.0644968450069427
-334.3814697265625,-600.8524780273438,0.0751692354679107
-334.3284912109375,-600.1867065429688,0.0856434106826782
-334.2745666503906,-599.5222778320312,0.0962555110454559
-334.2196044921875,-598.859619140625,0.1074554026126861
-334.1637878417969,-598.1990356445312,0.1199061870574951
-334.1073303222656,-597.540771484375,0.1340486407279968
-334.048828125,-596.8853759765625,0.1488722562789917
-333.9885559082031,-596.233154296875,0.1632750928401947
-333.9273376464844,-595.5840454101562,0.1772425770759582
-333.8651123046875,-594.9381713867188,0.1907396018505096
-333.8014831542969,-594.2953491210938,0.2040484547615051
-333.736572265625,-593.6552734375,0.2170169353485107
-333.6707763671875,-593.0179443359375,0.2293629944324493
-333.6041564941406,-592.3833618164062,0.2408421635627746
-333.5372009277344,-591.7516479492188,0.2517896890640259
-333.4697570800781,-591.1231689453125,0.2623847723007202
-333.4020690917969,-590.4974975585938,0.2727315425872803
-333.33465576171875,-589.874755859375,0.2839144468307495
-333.2671813964844,-589.2548828125,0.2966214716434479
-333.19921875,-588.6381225585938,0.3102304935455322
-333.1308288574219,-588.0243530273438,0.3239690363407135
-333.0625305175781,-587.4137573242188,0.3374645113945007
-332.99456787109375,-586.8062744140625,0.3502202928066253
-332.9271240234375,-586.201904296875,0.3627580106258392
-332.8594970703125,-585.600830078125,0.3760931193828583
-332.79156494140625,-585.002685546875,0.3897724449634552
-332.7236022949219,-584.4072265625,0.4029547572135925
-332.6559753417969,-583.8142700195312,0.415803849697113
-332.58856201171875,-583.2242431640625,0.4284158647060394
-332.52105712890625,-582.6372680664062,0.4407888054847717
-332.45361328125,-582.0532836914062,0.4531636536121368
-332.3865051269531,-581.4723510742188,0.4659297466278076
-332.3199768066406,-580.894287109375,0.4793451428413391
-332.2542419433594,-580.319091796875,0.4940423369407654
-332.188720703125,-579.7469482421875,0.5097148418426514
-332.1236572265625,-579.1777954101562,0.52492755651474
-332.0600891113281,-578.611572265625,0.5398381948471069
-331.9980163574219,-578.04833984375,0.5548492670059204
-331.93682861328125,-577.4884033203125,0.5704250335693359
-331.87664794921875,-576.9313354492188,0.5863343477249146
-331.81781005859375,-576.3770141601562,0.6022436618804932
-331.7603454589844,-575.8253173828125,0.6176484227180481
-331.70428466796875,-575.2761840820312,0.6323940753936768
-331.649658203125,-574.729736328125,0.6466060876846313
-331.5964660644531,-574.185791015625,0.6607064604759216
-331.5446472167969,-573.644287109375,0.6749460697174072
-331.49407958984375,-573.10498046875,0.6892131567001343
-331.44500732421875,-572.5679321289062,0.7031964063644409
-331.3975830078125,-572.0330200195312,0.7169382572174072
-331.3517761230469,-571.5003051757812,0.7309269905090332
-331.3072509765625,-570.9699096679688,0.7451683282852173
-331.26416015625,-570.4412841796875,0.7596875429153442
-331.2227478027344,-569.9140014648438,0.7745484113693237
-331.1830139160156,-569.3878173828125,0.7898383736610413
-331.1445617675781,-568.86279296875,0.8055516481399536
-331.1072998046875,-568.3388061523438,0.821092963218689
-331.0713806152344,-567.815673828125,0.8362874984741211
-331.0368347167969,-567.293212890625,0.8510782122612
-331.0035705566406,-566.7716064453125,0.8652225732803345
-330.97137451171875,-566.2505493164062,0.8786475658416748
-330.9403991699219,-565.7298583984375,0.8915690183639526
-330.9105529785156,-565.209228515625,0.9044973850250244
-330.8816833496094,-564.6885986328125,0.9177666902542114
-330.8538818359375,-564.1676025390625,0.9316143989562988
-330.82745361328125,-563.6464233398438,0.945175051689148
-330.8020324707031,-563.1248779296875,0.958463191986084
-330.7775573730469,-562.6027221679688,0.9722902774810792
-330.75384521484375,-562.0797119140625,0.9869839549064636
-330.7309875488281,-561.5555419921875,1.0024183988571167
-330.708984375,-561.0296630859375,1.0185455083847046
-330.6878967285156,-560.5017700195312,1.035766363143921
-330.6675109863281,-559.971435546875,1.0544754266738892
-330.6478271484375,-559.4384765625,1.073405623435974
-330.6291809082031,-558.9027099609375,1.091949701309204
-330.61175537109375,-558.363525390625,1.110457181930542
-330.59527587890625,-557.82080078125,1.1297043561935425
-330.58013916015625,-557.2744140625,1.1492698192596436
-330.5660705566406,-556.7244262695312,1.1686445474624634
-330.5527648925781,-556.1707763671875,1.187422752380371
-330.540771484375,-555.6133422851562,1.206093192100525
-330.5299987792969,-555.0520629882812,1.2251445055007937
-330.5202941894531,-554.4873046875,1.2448177337646484
-330.5118408203125,-553.91943359375,1.264681339263916
-330.50469970703125,-553.3488159179688,1.2850191593170166
-330.49822998046875,-552.775390625,1.3068517446517944
-330.4920959472656,-552.19921875,1.3308508396148682
-330.4862365722656,-551.6206665039062,1.356489181518555
-330.4798583984375,-551.0402221679688,1.3824412822723389
-330.4737243652344,-550.4578857421875,1.4088908433914185
-330.4673156738281,-549.8741455078125,1.4361968040466309
-330.4603271484375,-549.2890625,1.4634888172149658
-330.45269775390625,-548.702880859375,1.490270495414734
-330.44439697265625,-548.1155395507812,1.5164823532104492
-330.4354553222656,-547.527099609375,1.5422484874725342
-330.42572021484375,-546.9373168945312,1.5675127506256104
-330.4156494140625,-546.3460693359375,1.5930691957473757
-330.40533447265625,-545.7533569335938,1.6192742586135864
-330.39520263671875,-545.159423828125,1.645842671394348
-330.38525390625,-544.564208984375,1.6731607913970947
-330.37548828125,-543.9678344726562,1.7011935710906982
-330.36602783203125,-543.3702392578125,1.7296099662780762
-330.3570251464844,-542.7713623046875,1.7579787969589231
-330.3486328125,-542.1710205078125,1.7865312099456787
-330.34063720703125,-541.569091796875,1.8153159618377688
-330.3333435058594,-540.965576171875,1.8442630767822263
-330.3268127441406,-540.3604125976562,1.872858643531799
-330.3209228515625,-539.7537231445312,1.9009708166122437
-330.31573486328125,-539.1455078125,1.928595781326294
-330.3116149902344,-538.5357666015625,1.9560036659240725
-330.30853271484375,-537.9241333007812,1.983951449394226
-330.3059387207031,-537.310302734375,2.0131330490112305
-330.30413818359375,-536.6942749023438,2.043358325958252
-330.3038024902344,-536.076171875,2.0741474628448486
-330.3042297363281,-535.4556884765625,2.106020450592041
-330.30572509765625,-534.8323364257812,2.139529228210449
-330.3082580566406,-534.2056274414062,2.1751976013183594
-330.3115234375,-533.5753173828125,2.2123911380767822
-330.3157043457031,-532.94140625,2.250669240951538
-330.3210754394531,-532.3038330078125,2.2897820472717285
-330.32745361328125,-531.6629638671875,2.3288164138793945
-330.3349304199219,-531.018798828125,2.367286920547486
-330.343505859375,-530.3713989257812,2.4050920009613037
-330.3531799316406,-529.7207641601562,2.442162036895752
-330.3638916015625,-529.0667114257812,2.478825569152832
-330.37567138671875,-528.4089965820312,2.515495538711548
-330.3887634277344,-527.7473754882812,2.5529050827026367
-330.4034729003906,-527.0819702148438,2.5911922454833984
-330.4200744628906,-526.4129028320312,2.63098406791687
-330.4380798339844,-525.7406005859375,2.67205810546875
-330.45733642578125,-525.0651245117188,2.7139291763305664
-330.47760009765625,-524.3867797851562,2.7564783096313477
-330.49835205078125,-523.70556640625,2.799257755279541
-330.5193176269531,-523.02197265625,2.8415534496307373
-330.54058837890625,-522.3363037109375,2.8827972412109375
-330.561767578125,-521.6487426757812,2.923175811767578
-330.58251953125,-520.9594116210938,2.9631807804107666
-330.60272216796875,-520.2684326171875,3.0029568672180176
-330.6219177246094,-519.5758056640625,3.0428473949432373
-330.6400451660156,-518.8817749023438,3.083416700363159
-330.6574401855469,-518.1864013671875,3.124817132949829
-330.6750183105469,-517.489990234375,3.168067455291748
-330.6919250488281,-516.7926025390625,3.213247537612915
-330.7084655761719,-516.0941772460938,3.2596044540405273
-330.7248229980469,-515.394775390625,3.307302713394165
-330.74066162109375,-514.6944580078125,3.3552215099334717
-330.7568664550781,-513.993408203125,3.40265154838562
-330.7731628417969,-513.2916870117188,3.448251247406006
-330.788818359375,-512.5891723632812,3.4916024208068848
-330.8044128417969,-511.8856201171875,3.5336079597473145
-330.8203430175781,-511.18072509765625,3.574678421020508
-330.83636474609375,-510.4742126464844,3.61505913734436
-330.85284423828125,-509.7659912109375,3.6564462184906006
-330.8706970214844,-509.0564270019531,3.70004940032959
-330.8895263671875,-508.3458251953125,3.74528169631958
-330.9085998535156,-507.6342468261719,3.792665243148804
-330.9290466308594,-506.9216613769531,3.8423123359680176
-330.95025634765625,-506.2081604003906,3.8930211067199703
-330.9714050292969,-505.4935607910156,3.9451904296875
-330.99359130859375,-504.778076171875,3.999099731445313
-331.01641845703125,-504.0618591308594,4.052964210510254
-331.0394592285156,-503.3448486328125,4.106344699859619
-331.062744140625,-502.6270446777344,4.159177780151367
-331.08612060546875,-501.908203125,4.2108473777771
-331.1093444824219,-501.18804931640625,4.261483669281006
-331.13287353515625,-500.4664916992187,4.312067031860352
-331.15704345703125,-499.7435607910156,4.362658500671387
-331.181884765625,-499.0193786621094,4.413421154022217
-331.2075500488281,-498.2940368652344,4.46457052230835
-331.2340393066406,-497.5677490234375,4.515754699707031
-331.2613525390625,-496.8403625488281,4.5662970542907715
-331.2897033691406,-496.1117858886719,4.616272926330566
-331.3186950683594,-495.3819580078125,4.6652445793151855
-331.3484191894531,-494.6509094238281,4.713075160980225
-331.3794860839844,-493.918701171875,4.759837627410889
-331.4116516113281,-493.1852722167969,4.8056488037109375
-331.4448547363281,-492.4502868652344,4.850820064544678
-331.47918701171875,-491.713623046875,4.896219730377197
-331.5146789550781,-490.9752807617187,4.942045211791992
-331.55230712890625,-490.23541259765625,4.988856792449951
-331.5918273925781,-489.4938659667969,5.0373992919921875
-331.6321105957031,-488.7506713867187,5.086792945861816
-331.6738586425781,-488.0056457519531,5.137030601501465
-331.71710205078125,-487.2587890625,5.187999248504639
-331.7613220214844,-486.51025390625,5.2389373779296875
-331.80645751953125,-485.7598876953125,5.289582252502441
-331.852783203125,-485.00775146484375,5.339579105377197
-331.900146484375,-484.2538757324219,5.388734340667725
-331.9485778808594,-483.4980163574219,5.437082290649414
-331.99798583984375,-482.7400207519531,5.484555721282959
-332.0485534667969,-481.9798583984375,5.531533241271973
-332.10101318359375,-481.2175903320313,5.579028606414795
-332.1550598144531,-480.4532775878906,5.627467155456543
-332.210205078125,-479.6869812011719,5.677066326141357
-332.26654052734375,-478.9190368652344,5.727304458618164
-332.32440185546875,-478.1495971679687,5.777669429779053
-332.38330078125,-477.3788146972656,5.828091144561768
-332.44317626953125,-476.6066284179687,5.87800407409668
-332.5041198730469,-475.8330993652344,5.926868438720703
-332.5660400390625,-475.0580749511719,5.974592685699463
-332.62890625,-474.2815246582031,6.021409034729004
-332.6926574707031,-473.5034484863281,6.067172050476074
-332.75787353515625,-472.7236633300781,6.1130499839782715
-332.8246154785156,-471.942138671875,6.160100936889648
-332.8925476074219,-471.1587829589844,6.2090559005737305
-332.9610290527344,-470.3736572265625,6.25942325592041
-333.0301513671875,-469.58746337890625,6.309347629547119
-333.1002197265625,-468.80023193359375,6.358067512512207
-333.1711120605469,-468.011962890625,6.405182838439941
-333.2420349121094,-467.2221374511719,6.450546741485596
-333.313232421875,-466.4305419921875,6.4943718910217285
-333.38519287109375,-465.6371765136719,6.53735876083374
-333.458251953125,-464.8421325683594,6.580215930938721
-333.5321960449219,-464.0454406738281,6.623480796813965
-333.6072692871094,-463.2470703125,6.667389869689941
-333.6838684082031,-462.4468688964844,6.7130231857299805
-333.7608642578125,-461.6448059082031,6.760988712310791
-333.83795166015625,-460.8414306640625,6.809270858764648
-333.9162292480469,-460.0370178222656,6.8569254875183105
-333.99517822265625,-459.2315979003906,6.904082298278809
-334.0743713378906,-458.4248962402344,6.949991226196289
-334.1534118652344,-457.6165466308594,6.9935383796691895
-334.2329406738281,-456.8066101074219,7.034705638885498
-334.3132629394531,-455.99505615234375,7.074150085449219
-334.3944396972656,-455.1816101074219,7.1131439208984375
-334.4761657714844,-454.3661193847656,7.152727127075195
-334.55908203125,-453.5484619140625,7.19406795501709
-334.6428527832031,-452.7287902832031,7.237690925598144
-334.726318359375,-451.9075317382813,7.281778335571289
-334.8103332519531,-451.0852966308594,7.325170040130615
-334.89495849609375,-450.2620849609375,7.367167949676514
-334.9791564941406,-449.4373168945313,7.406920909881592
-335.0629577636719,-448.6106567382813,7.444450378417969
-335.1466369628906,-447.7824401855469,7.479309558868408
-335.23077392578125,-446.9526062011719,7.512608051300049
-335.3150634765625,-446.1204223632813,7.547856330871582
-335.3993835449219,-445.2856140136719,7.586663246154785
-335.4845886230469,-444.4490966796875,7.627154350280762
-335.5693054199219,-443.6115112304687,7.6685919761657715
-335.6536560058594,-442.773193359375,7.709704399108887
-335.73846435546875,-441.9342956542969,7.748916625976563
-335.82257080078125,-441.093994140625,7.784987926483154
-335.90625,-440.25189208984375,7.818403244018555
-335.9898986816406,-439.4078063964844,7.850738525390625
-336.0733947753906,-438.5619201660156,7.882283210754395
-336.15740966796875,-437.7143859863281,7.913711547851563
-336.24163818359375,-436.8652648925781,7.945427417755127
-336.326416015625,-436.0145263671875,7.977359294891357
-336.4114990234375,-435.1621398925781,8.009822845458984
-336.4967346191406,-434.3081359863281,8.042551040649414
-336.5824890136719,-433.4527587890625,8.075584411621094
-336.6685485839844,-432.59619140625,8.1085844039917
-336.7546691894531,-431.7384033203125,8.140327453613281
-336.8408203125,-430.8793640136719,8.170516014099121
-336.9274597167969,-430.01910400390625,8.199115753173828
-337.0146484375,-429.1573181152344,8.226646423339844
-337.1025695800781,-428.29388427734375,8.253440856933594
-337.1916809082031,-427.4288635253906,8.280025482177734
-337.2821960449219,-426.5623474121094,8.307146072387695
-337.37408447265625,-425.6944580078125,8.3350830078125
-337.4676818847656,-424.8250732421875,8.364675521850586
-337.5625915527344,-423.9543762207031,8.395630836486816
-337.65838623046875,-423.0826110839844,8.425946235656738
-337.7554931640625,-422.2101440429687,8.454856872558594
-337.8540954589844,-421.3370056152344,8.481733322143555
-337.9535827636719,-420.4629211425781,8.505532264709473
-338.0542297363281,-419.58734130859375,8.526896476745605
-338.15692138671875,-418.7101135253906,8.547372817993164
-338.2616882324219,-417.8310852050781,8.568075180053711
-338.3688049316406,-416.95062255859375,8.590075492858887
-338.47796630859375,-416.0687255859375,8.613987922668457
-338.58831787109375,-415.185546875,8.639073371887207
-338.6990051269531,-414.3012390136719,8.6626558303833
-338.810546875,-413.41607666015625,8.684038162231445
-338.922607421875,-412.5299682617187,8.702630043029785
-339.0347595214844,-411.64251708984375,8.718391418457031
-339.14739990234375,-410.7531433105469,8.73263931274414
-339.2608337402344,-409.8616638183594,8.7472505569458
-339.3755187988281,-408.96820068359375,8.763477325439453
-339.4910583496094,-408.07318115234375,8.782220840454102
-339.6065673828125,-407.17681884765625,8.802580833435059
-339.7215270996094,-406.27923583984375,8.822420120239258
-339.8362731933594,-405.38043212890625,8.841355323791504
-339.95068359375,-404.4802551269531,8.85939884185791
-340.06463623046875,-403.5788879394531,8.875856399536133
-340.17803955078125,-402.6763610839844,8.890318870544434
-340.2906188964844,-401.7720947265625,8.903735160827637
-340.4031677246094,-400.8661193847656,8.9163179397583
-340.5155944824219,-399.9582214355469,8.929362297058105
-340.62774658203125,-399.0487365722656,8.94338321685791
-340.7391052246094,-398.1378479003906,8.957864761352539
-340.8501281738281,-397.2257385253906,8.972415924072266
-340.9604797363281,-396.3124084472656,8.985915184020996
-341.0702209472656,-395.3977966308594,8.997757911682129
-341.1792907714844,-394.48193359375,9.007546424865724
-341.28826904296875,-393.5646667480469,9.01594066619873
-341.39691162109375,-392.6458129882813,9.022913932800291
-341.505615234375,-391.7253112792969,9.029462814331056
-341.6155700683594,-390.80322265625,9.037153244018556
-341.7257080078125,-389.8794860839844,9.04608154296875
-341.8359375,-388.95458984375,9.054543495178224
-341.9471435546875,-388.0289306640625,9.062105178833008
-342.0590515136719,-387.1023254394531,9.06828784942627
-342.1712646484375,-386.17425537109375,9.07267951965332
-342.28424072265625,-385.2448425292969,9.075618743896484
-342.3981018066406,-384.3143005371094,9.076929092407228
-342.51300048828125,-383.3826599121094,9.076844215393066
-342.6293640136719,-382.44964599609375,9.076105117797852
-342.7471008300781,-381.5148010253906,9.07645034790039
-342.8663330078125,-380.578125,9.078716278076172
-342.9866943359375,-379.6401672363281,9.082240104675291
-343.1077880859375,-378.7014770507813,9.085375785827637
-343.22979736328125,-377.7621765136719,9.087413787841797
-343.3519287109375,-376.82183837890625,9.086989402770996
-343.4739990234375,-375.8801879882813,9.083816528320312
-343.5962829589844,-374.9372863769531,9.077886581420898
-343.7197265625,-373.9930114746094,9.070754051208496
-343.843994140625,-373.046875,9.064294815063477
-343.9695129394531,-372.0985412597656,9.060486793518066
-344.0954284667969,-371.1486206054687,9.058494567871094
-344.2211608886719,-370.1979064941406,9.055930137634276
-344.347412109375,-369.2467346191406,9.051676750183104
-344.4735107421875,-368.2947387695313,9.044416427612305
-344.5985412597656,-367.3411560058594,9.03388214111328
-344.7232666015625,-366.38568115234375,9.021684646606444
-344.847900390625,-365.4284057617187,9.009502410888672
-344.9727478027344,-364.4693298339844,8.998799324035645
-345.09765625,-363.5083923339844,8.990294456481934
-345.22222900390625,-362.5459899902344,8.98330307006836
-345.3467712402344,-361.5826721191406,8.975748062133789
-345.4717102050781,-360.6185607910156,8.967170715332031
-345.59625244140625,-359.6532897949219,8.95604419708252
-345.7203674316406,-358.6866455078125,8.942252159118652
-345.8450927734375,-357.71856689453125,8.927148818969727
-345.97015380859375,-356.7488098144531,8.911619186401367
-346.0953674316406,-355.7774353027344,8.89588737487793
-346.2214660644531,-354.8048095703125,8.880200386047363
-346.3479309082031,-353.83087158203125,8.864466667175293
-346.4751892089844,-352.8557434082031,8.847461700439453
-346.60333251953125,-351.87939453125,8.82909870147705
-346.7313537597656,-350.90167236328125,8.809228897094727
-346.859619140625,-349.9227294921875,8.78771686553955
-346.9882507324219,-348.9426574707031,8.764111518859863
-347.1169128417969,-347.9609375,8.739537239074707
-347.2460632324219,-346.9772644042969,8.715132713317871
-347.376220703125,-345.99163818359375,8.692662239074707
-347.5082092285156,-345.0047912597656,8.672741889953613
-347.64093017578125,-344.0164489746094,8.656087875366211
-347.77337646484375,-343.02655029296875,8.642297744750977
-347.90557861328125,-342.0357666015625,8.627863883972168
-348.03790283203125,-341.0443420410156,8.61231517791748
-348.17022705078125,-340.05224609375,8.595085144042969
-348.302001953125,-339.0587463378906,8.575798988342285
-348.43377685546875,-338.06317138671875,8.556535720825195
-348.5663757324219,-337.06549072265625,8.53984260559082
-348.69989013671875,-336.0665588378906,8.525848388671875
-348.83331298828125,-335.06671142578125,8.513075828552246
-348.9664001464844,-334.0658874511719,8.500642776489258
-349.0990295410156,-333.0639953613281,8.486740112304688
-349.2314147949219,-332.0611572265625,8.47081470489502
-349.36328125,-331.0572204589844,8.452549934387207
-349.4946594238281,-330.0517578125,8.432368278503418
-349.6260986328125,-329.0444030761719,8.41185188293457
-349.7582702636719,-328.03515625,8.393448829650879
-349.8913879394531,-327.0245056152344,8.37872314453125
-350.023681640625,-326.0127868652344,8.365630149841309
-350.15576171875,-325.0001525878906,8.35334587097168
-350.2877502441406,-323.9863586425781,8.341705322265625
-350.41912841796875,-322.97125244140625,8.330513000488281
-350.5503234863281,-321.9547424316406,8.32091999053955
-350.6808166503906,-320.9368896484375,8.312828063964844
-350.8114318847656,-319.9181823730469,8.305167198181152
-350.9424743652344,-318.8984375,8.299497604370117
-351.0733642578125,-317.8771667480469,8.297022819519043
-351.20391845703125,-316.8547668457031,8.296650886535645
-351.33465576171875,-315.8315734863281,8.298236846923828
-351.4643859863281,-314.8078308105469,8.299616813659668
-351.5934143066406,-313.78369140625,8.29831600189209
-351.7221374511719,-312.75927734375,8.293990135192871
-351.8493957519531,-311.73388671875,8.285724639892578
-351.97637939453125,-310.7068176269531,8.275179862976074
-352.1048889160156,-309.6776123046875,8.267108917236328
-352.23480224609375,-308.6465148925781,8.265192985534668
-352.3642272949219,-307.61468505859375,8.265597343444824
-352.4936828613281,-306.5830993652344,8.266061782836914
-352.6233215332031,-305.5515441894531,8.264151573181152
-352.7525939941406,-304.51904296875,8.258357048034668
-352.88214111328125,-303.4851379394531,8.250284194946289
-353.0126647949219,-302.4496154785156,8.24331283569336
-353.1455078125,-301.41241455078125,8.241703987121582
-353.2808532714844,-300.3738708496094,8.24677562713623
-353.41729736328125,-299.3352355957031,8.254499435424805
-353.55413818359375,-298.29693603515625,8.262882232666016
-353.6921691894531,-297.2588195800781,8.27132797241211
-353.830810546875,-296.2198486328125,8.278078079223633
-353.9703674316406,-295.1796569824219,8.284175872802734
-354.1113586425781,-294.13818359375,8.291887283325195
-354.2538146972656,-293.0958251953125,8.301546096801758
-354.3985595703125,-292.0531311035156,8.313529968261719
-354.5443115234375,-291.0098876953125,8.326910972595215
-354.69085693359375,-289.9662780761719,8.34052848815918
-354.8397521972656,-288.9222106933594,8.356207847595215
-354.98858642578125,-287.8765869140625,8.374532699584961
-355.1357421875,-286.8306579589844,8.390630722045898
-355.28424072265625,-285.7846984863281,8.405975341796875
-355.4314880371094,-284.737548828125,8.419205665588379
-355.5783386230469,-283.68896484375,8.431618690490723
-355.725341796875,-282.6390686035156,8.444826126098633
-355.87249755859375,-281.5883483886719,8.460017204284668
-356.0192565917969,-280.5370178222656,8.476015090942383
-356.16510009765625,-279.48529052734375,8.492148399353027
-356.3103332519531,-278.4330749511719,8.508696556091309
-356.4546203613281,-277.3804016113281,8.525571823120117
-356.59808349609375,-276.3274841308594,8.544093132019043
-356.7408752441406,-275.2750549316406,8.56473445892334
-356.8821716308594,-274.2240295410156,8.587761878967285
-357.02130126953125,-273.1750793457031,8.610074996948242
-357.16009521484375,-272.1286315917969,8.634526252746582
-357.29425048828125,-271.0841369628906,8.655455589294434
-357.4284362792969,-270.042724609375,8.676044464111328
-357.56072998046875,-269.0032958984375,8.696910858154297
-357.6908264160156,-267.9654541015625,8.717367172241211
-357.8211669921875,-266.9307556152344,8.738929748535156
-357.949951171875,-265.8990478515625,8.763030052185059
-358.07666015625,-264.87060546875,8.78884506225586
-358.2012939453125,-263.8461608886719,8.816446304321289
-358.32440185546875,-262.8255615234375,8.846190452575684
-358.4456787109375,-261.8082580566406,8.87678050994873
-358.5650329589844,-260.7940673828125,8.90606689453125
-358.6830749511719,-259.78302001953125,8.933671951293945
-358.7998962402344,-258.7750549316406,8.959646224975586
-358.9151611328125,-257.7698059082031,8.984696388244629
-359.02935791015625,-256.76739501953125,9.010346412658691
-359.1434326171875,-255.7683563232422,9.038257598876951
-359.25665283203125,-254.7729949951172,9.066903114318848
-359.3686218261719,-253.7815399169922,9.095328330993652
-359.4800720214844,-252.79388427734375,9.123209953308104
-359.59112548828125,-251.80975341796875,9.150282859802246
-359.7015380859375,-250.82867431640625,9.175905227661133
-359.8119201660156,-249.8508453369141,9.20059299468994
-359.9218444824219,-248.8760223388672,9.22377872467041
-360.0318908691406,-247.90426635742188,9.245616912841797
-360.1430969238281,-246.93585205078125,9.267862319946287
-360.2554016113281,-245.9709625244141,9.292243003845217
-360.3678283691406,-245.00973510742188,9.318329811096191
-360.4799499511719,-244.0523376464844,9.34363842010498
-360.59271240234375,-243.0988311767578,9.36758041381836
-360.7063598632813,-242.14903259277344,9.38992977142334
-360.8196411132813,-241.20233154296875,9.410415649414062
-360.9329528808594,-240.25843811035156,9.429548263549805
-361.0475463867187,-239.31753540039065,9.448485374450684
-361.1638488769531,-238.38002014160156,9.468034744262695
-361.2822570800781,-237.4461212158203,9.489181518554688
-361.4015502929687,-236.51593017578125,9.512406349182127
-361.5208740234375,-235.5896453857422,9.53562068939209
-361.6409606933594,-234.6674041748047,9.558270454406738
-361.7615661621094,-233.7489471435547,9.580342292785645
-361.8819885253906,-232.83360290527344,9.601242065429688
-362.0020751953125,-231.921142578125,9.620957374572754
-362.12249755859375,-231.01158142089844,9.640493392944336
-362.2435302734375,-230.10508728027344,9.660812377929688
-362.3655700683594,-229.201904296875,9.682924270629885
-362.4883117675781,-228.30218505859375,9.707173347473145
-362.6097412109375,-227.406005859375,9.73207950592041
-362.7300720214844,-226.5136260986328,9.756892204284668
-362.849853515625,-225.62498474121097,9.781803131103516
-362.9683532714844,-224.739501953125,9.806673049926758
-363.0850830078125,-223.85655212402344,9.83034896850586
-363.2004699707031,-222.9762725830078,9.853248596191406
-363.3145446777344,-222.09877014160156,9.875604629516602
-363.427490234375,-221.22418212890625,9.897700309753418
-363.539306640625,-220.35269165039065,9.920809745788574
-363.6501159667969,-219.48443603515625,9.945474624633787
-363.7590026855469,-218.61941528320312,9.97039794921875
-363.8665161132813,-217.7577667236328,9.995285987854004
-363.9734191894531,-216.8993682861328,10.02043342590332
-364.0784912109375,-216.04415893554688,10.045007705688477
-364.181640625,-215.1916961669922,10.068147659301758
-364.2838134765625,-214.34201049804688,10.089777946472168
-364.3854064941406,-213.4949188232422,10.110459327697754
-364.4859924316406,-212.6502685546875,10.13087272644043
-364.58587646484375,-211.80812072753903,10.151910781860352
-364.68560791015625,-210.96871948242188,10.173709869384766
-364.7852478027344,-210.1324005126953,10.195778846740724
-364.8851013183594,-209.29917907714844,10.218521118164062
-364.98541259765625,-208.468994140625,10.242679595947266
-365.0854187011719,-207.64158630371097,10.266846656799316
-365.185791015625,-206.81692504882812,10.28995418548584
-365.287109375,-205.9951171875,10.311565399169922
-365.38916015625,-205.17599487304688,10.331689834594728
-365.4920043945313,-204.359130859375,10.350845336914062
-365.59619140625,-203.54444885253903,10.369945526123049
-365.701904296875,-202.7321319580078,10.38962173461914
-365.8100891113281,-201.9227600097656,10.410036087036133
-365.9200439453125,-201.116455078125,10.431608200073242
-366.0312805175781,-200.3130645751953,10.4550199508667
-366.1437072753906,-199.51248168945312,10.48029613494873
-366.2563781738281,-198.7146148681641,10.505537033081056
-366.36956787109375,-197.9193572998047,10.529308319091797
-366.4830627441406,-197.126708984375,10.55107307434082
-366.5968322753906,-196.33641052246097,10.570598602294922
-366.71099853515625,-195.54800415039065,10.58810329437256
-366.825927734375,-194.76116943359375,10.605023384094238
-366.9414978027344,-193.97592163085935,10.62270164489746
-367.0584411621094,-193.1927947998047,10.64154815673828
-367.1760559082031,-192.4119873046875,10.661039352416992
-367.2934265136719,-191.6334228515625,10.68075180053711
-367.4107971191406,-190.8568420410156,10.700888633728027
-367.5279235839844,-190.08201599121097,10.721413612365724
-367.6445617675781,-189.30877685546875,10.741676330566406
-367.76080322265625,-188.53713989257812,10.761098861694336
-367.8768005371094,-187.76719665527344,10.779401779174805
-367.99261474609375,-186.99888610839844,10.796892166137695
-368.1080017089844,-186.23204040527344,10.813992500305176
-368.2226867675781,-185.46658325195312,10.83072280883789
-368.3373107910156,-184.7026824951172,10.847668647766112
-368.4518737792969,-183.9406585693359,10.865447998046877
-368.5658264160156,-183.18023681640625,10.884248733520508
-368.6785583496094,-182.42132568359375,10.903700828552246
-368.7900390625,-181.6639709472656,10.922945022583008
-368.9009094238281,-180.90823364257812,10.941892623901367
-369.0110778808594,-180.1540374755859,10.96060562133789
-369.1200866699219,-179.40109252929688,10.978943824768066
-369.2281188964844,-178.6492919921875,10.996872901916504
-369.335205078125,-177.8986053466797,11.014534950256348
-369.44134521484375,-177.14906311035156,11.031667709350586
-369.5467529296875,-176.40069580078125,11.048051834106444
-369.65142822265625,-175.65347290039062,11.064361572265623
-369.7560729980469,-174.90719604492188,11.08130168914795
-369.86077880859375,-174.16156005859375,11.100751876831056
-369.964599609375,-173.41664123535156,11.122224807739258
-370.0671997070313,-172.6726837158203,11.142972946166992
-370.1698303222656,-171.92994689941406,11.163030624389648
-370.2726135253906,-171.188232421875,11.182700157165527
-370.375,-170.4470977783203,11.202136039733888
-370.47662353515625,-169.70602416992188,11.220806121826172
-370.5778503417969,-168.96493530273438,11.238532066345217
-370.6788330078125,-168.2238311767578,11.25533962249756
-370.7799987792969,-167.48268127441406,11.272259712219238
-370.88128662109375,-166.74142456054688,11.289974212646484
-370.9826965332031,-165.99989318847656,11.30886459350586
-371.0841979980469,-165.2579803466797,11.329445838928224
-371.1850280761719,-164.5159149169922,11.350476264953612
-371.28564453125,-163.7740020751953,11.371158599853516
-371.3865661621094,-163.0323028564453,11.391242027282717
-371.4877624511719,-162.29075622558594,11.41050624847412
-371.5884094238281,-161.54888916015625,11.428519248962402
-371.6889343261719,-160.80650329589844,11.44546127319336
-371.789794921875,-160.06369018554688,11.461627960205078
-371.8907775878906,-159.3205108642578,11.477143287658691
-371.99176025390625,-158.57701110839844,11.492266654968262
-372.0931396484375,-157.83316040039062,11.507899284362791
-372.1950073242187,-157.0888671875,11.524149894714355
-372.2968444824219,-156.3440704345703,11.541220664978027
-372.3982849121094,-155.59884643554688,11.55852222442627
-372.49993896484375,-154.85333251953125,11.576135635375977
-372.6017456054687,-154.1074981689453,11.594208717346191
-372.70306396484375,-153.3612518310547,11.612199783325195
-372.80364990234375,-152.61436462402344,11.62991428375244
-372.9036865234375,-151.866943359375,11.647249221801758
-373.00335693359375,-151.1190185546875,11.664219856262209
-373.1027221679687,-150.37060546875,11.681426048278809
-373.2013854980469,-149.62161254882812,11.699037551879885
-373.2994995117187,-148.87205505371094,11.717516899108888
-373.3975524902344,-148.12225341796875,11.73733139038086
-373.4949645996094,-147.372314453125,11.757887840270996
-373.5918273925781,-146.6222686767578,11.779069900512695
-373.6885986328125,-145.8720703125,11.801695823669434
-373.7845153808594,-145.12176513671875,11.825055122375488
-373.87945556640625,-144.37152099609375,11.84742832183838
-373.9739685058594,-143.62144470214844,11.868432998657228
-374.06787109375,-142.87158203125,11.88776683807373
-374.1611633300781,-142.1216583251953,11.905635833740234
-374.2538146972656,-141.3714141845703,11.922526359558104
-374.3459167480469,-140.62069702148438,11.93942165374756
-374.4378051757813,-139.86968994140625,11.956960678100586
-374.5299377441406,-139.1187744140625,11.975687980651855
-374.6219177246094,-138.36805725097656,11.995793342590332
-374.7138977050781,-137.6175079345703,12.01722240447998
-374.8060302734375,-136.86709594726562,12.039918899536133
-374.8979187011719,-136.1168975830078,12.062698364257812
-374.98980712890625,-135.36692810058594,12.08470630645752
-375.08197021484375,-134.61727905273438,12.105595588684082
-375.1741638183594,-133.8678741455078,12.125242233276367
-375.2664794921875,-133.11856079101562,12.143721580505373
-375.35882568359375,-132.36891174316406,12.16177749633789
-375.4515075683594,-131.61883544921875,12.180458068847656
-375.5447692871094,-130.8684539794922,12.200352668762209
-375.6388854980469,-130.11825561523438,12.22146987915039
-375.7332763671875,-129.36831665039062,12.24360179901123
-375.827880859375,-128.61849975585938,12.267054557800291
-375.9227600097656,-127.86858367919922,12.291871070861816
-376.0176086425781,-127.11852264404295,12.317031860351562
-376.112060546875,-126.36846923828124,12.34137725830078
-376.2067565917969,-125.61849975585938,12.364593505859377
-376.3017272949219,-124.86858367919922,12.386624336242676
-376.3966979980469,-124.1184310913086,12.407669067382812
-376.4917907714844,-123.36776733398438,12.42817211151123
-376.5870361328125,-122.61650848388672,12.44904327392578
-376.6826477050781,-121.86482238769533,12.470372200012209
-376.7791442871094,-121.11300659179688,12.492413520812988
-376.8758239746094,-120.36103057861328,12.515507698059082
-376.9724731445313,-119.60890197753906,12.538887977600098
-377.0694274902344,-118.85660552978516,12.5620698928833
-377.1668701171875,-118.1041259765625,12.585339546203612
-377.2640686035156,-117.35139465332033,12.607955932617188
-377.361328125,-116.5983657836914,12.62936019897461
-377.458984375,-115.84516143798828,12.649599075317385
-377.55718994140625,-115.09171295166016,12.669254302978516
-377.6550598144531,-114.33783721923828,12.688039779663086
-377.7532348632813,-113.58356475830078,12.705514907836914
-377.8522644042969,-112.82891082763672,12.72231101989746
-377.9516906738281,-112.07378387451172,12.739295959472656
-378.0516052246094,-111.31803131103516,12.75761890411377
-378.15191650390625,-110.5616455078125,12.77782917022705
-378.2520446777344,-109.80496215820312,12.79835319519043
-378.3524169921875,-109.04824829101562,12.818485260009766
-378.4531555175781,-108.2915496826172,12.838162422180176
-378.5539855957031,-107.53457641601562,12.857385635375977
-378.6543273925781,-106.77698516845705,12.875906944274902
-378.7543640136719,-106.018798828125,12.893558502197266
-378.8543395996094,-105.26010131835938,12.910629272460938
-378.95458984375,-104.5008773803711,12.928125381469728
-379.0548706054687,-103.74104309082033,12.946537017822266
-379.1554870605469,-102.98056030273438,12.966444969177246
-379.2566833496094,-102.21952056884766,12.98837661743164
-379.3571166992187,-101.45812225341795,13.011117935180664
-379.4573974609375,-100.69669342041016,13.033282279968262
-379.5580139160156,-99.93535614013672,13.054600715637209
-379.6588439941406,-99.17391967773438,13.075233459472656
-379.7590026855469,-98.41170501708984,13.094874382019045
-379.85894775390625,-97.64864349365234,13.113585472106934
-379.95892333984375,-96.88494110107422,13.131365776062012
-380.0592041015625,-96.1208038330078,13.148524284362791
-380.1598510742187,-95.35623168945312,13.166168212890623
-380.2613525390625,-94.59100341796876,13.184950828552246
-380.36334228515625,-93.82498168945312,13.205381393432615
-380.4656677246094,-93.05829620361328,13.22722625732422
-380.5678405761719,-92.29133605957033,13.249348640441896
-380.67034912109375,-91.52429962158205,13.271405220031738
-380.77337646484375,-90.75709533691406,13.293458938598633
-380.87646484375,-89.98946380615234,13.315433502197266
-380.9792785644531,-89.22113037109375,13.336870193481444
-381.08209228515625,-88.45215606689453,13.357743263244627
-381.18511962890625,-87.68257141113281,13.378432273864746
-381.2879333496094,-86.91239929199219,13.398921966552734
-381.390625,-86.14159393310547,13.419113159179688
-381.4935302734375,-85.37019348144531,13.439468383789062
-381.5964050292969,-84.59805297851562,13.4606351852417
-381.69879150390625,-83.82518005371094,13.48242473602295
-381.8010864257813,-83.0517807006836,13.50446891784668
-381.90380859375,-82.27787780761719,13.527585983276367
-382.0060729980469,-81.50341796875,13.551502227783203
-382.10748291015625,-80.72843170166016,13.574538230895996
-382.2088012695313,-79.95301818847656,13.596439361572266
-382.31005859375,-79.17716979980469,13.617561340332031
-382.4112854003906,-78.40061950683594,13.638471603393556
-382.51214599609375,-77.6231460571289,13.659586906433104
-382.6127624511719,-76.84483337402344,13.681195259094238
-382.7135620117187,-76.06590270996094,13.703521728515623
-382.8143310546875,-75.28645324707031,13.726398468017578
-382.9151916503906,-74.50639343261719,13.75009822845459
-383.0160217285156,-73.72559356689453,13.77496337890625
-383.11627197265625,-72.94412994384766,13.799934387207031
-383.2162780761719,-72.16217041015625,13.824064254760742
-383.3162536621094,-71.37982177734375,13.846723556518556
-383.4161376953125,-70.59706115722656,13.867657661437988
-383.5157775878906,-69.81356811523438,13.88703727722168
-383.61529541015625,-69.02881622314453,13.905367851257324
-383.7149658203125,-68.2426528930664,13.923714637756348
-383.8153076171875,-67.45523834228516,13.942863464355469
-383.9163208007813,-66.66685485839844,13.963473320007324
-384.0175476074219,-65.8775634765625,13.985162734985352
-384.1192626953125,-65.0872802734375,14.007952690124512
-384.2210998535156,-64.29596710205078,14.031203269958496
-384.3229675292969,-63.50373458862305,14.053509712219238
-384.4252624511719,-62.710655212402344,14.07433795928955
-384.5278625488281,-61.91667556762695,14.09372615814209
-384.63079833984375,-61.12156677246094,14.11196994781494
-384.7341613769531,-60.324928283691406,14.129899978637695
-384.8380126953125,-59.52662658691406,14.148438453674316
-384.9431762695313,-58.72696685791016,14.168634414672852
-385.0494384765625,-57.926177978515625,14.190170288085938
-385.15618896484375,-57.1241340637207,14.212990760803224
-385.2634582519531,-56.32087707519531,14.236916542053224
-385.3712463378906,-55.51625442504883,14.261850357055664
-385.4793395996094,-54.71025466918945,14.287668228149414
-385.5875549316406,-53.90304946899414,14.31291389465332
-385.6960754394531,-53.094730377197266,14.336977005004885
-385.8050231933594,-52.285213470458984,14.360148429870604
-385.91412353515625,-51.47410202026367,14.382684707641602
-386.0230712890625,-50.66119384765625,14.404762268066406
-386.13238525390625,-49.84656524658203,14.427362442016602
-386.2430114746094,-49.0306510925293,14.451181411743164
-386.354248046875,-48.213172912597656,14.477043151855469
-386.4652404785156,-47.39408874511719,14.505024909973145
-386.57623291015625,-46.57390594482422,14.53320026397705
-386.6876831054687,-45.75275421142578,14.561613082885742
-386.7990417480469,-44.93061828613281,14.589905738830566
-386.9102783203125,-44.10731506347656,14.6172513961792
-387.0211791992187,-43.28274917602539,14.643399238586426
-387.13140869140625,-42.45672225952149,14.668060302734377
-387.2411193847656,-41.629302978515625,14.691591262817385
-387.3504943847656,-40.80034255981445,14.714559555053713
-387.4595031738281,-39.969669342041016,14.73824977874756
-387.5680236816406,-39.13717269897461,14.76379108428955
-387.67584228515625,-38.30297088623047,14.791388511657717
-387.782470703125,-37.46762466430664,14.818946838378906
-387.8887023925781,-36.63142013549805,14.84536075592041
-387.9948425292969,-35.7943229675293,14.870776176452637
-388.1000061035156,-34.955875396728516,14.894763946533203
-388.2044372558594,-34.11600112915039,14.917397499084473
-388.3084411621094,-33.27490997314453,14.938529014587402
-388.4125671386719,-32.4324951171875,14.95970630645752
-388.5164489746094,-31.588457107543945,14.982743263244627
-388.6207275390625,-30.74273109436035,15.008723258972168
-388.7250061035156,-29.89570426940918,15.037338256835938
-388.8283081054687,-29.04793930053711,15.066617965698242
-388.9317321777344,-28.199800491333008,15.095651626586914
-389.0353088378906,-27.3512020111084,15.12369155883789
-389.1383056640625,-26.501495361328125,15.150091171264648
-389.24114990234375,-25.650386810302734,15.175280570983888
-389.3440856933594,-24.797924041748047,15.199566841125488
-389.4474487304687,-23.944408416748047,15.222784042358398
-389.5517578125,-23.08979606628418,15.246150970458984
-389.6568298339844,-22.233783721923828,15.271121978759766
-389.7633361816406,-21.376192092895508,15.298872947692873
-389.8702392578125,-20.51740837097168,15.328369140625
-389.9772644042969,-19.657976150512695,15.358061790466309
-390.0852966308594,-18.7981014251709,15.388319969177246
-390.19384765625,-17.937559127807617,15.418231964111328
-390.30224609375,-17.075952529907227,15.44703197479248
-390.4110107421875,-16.213272094726562,15.474538803100586
-390.52044677734375,-15.34941291809082,15.50128173828125
-390.63043212890625,-14.48430347442627,15.527756690979004
-390.7412109375,-13.617925643920898,15.554213523864746
-390.8526306152344,-12.75026798248291,15.581132888793944
-390.9646606445313,-11.881348609924316,15.60851764678955
-391.07757568359375,-11.011219024658203,15.636771202087402
-391.1911315917969,-10.139914512634276,15.665582656860352
-391.30511474609375,-9.267462730407717,15.694374084472656
-391.4193420410156,-8.39391040802002,15.722118377685549
-391.5340576171875,-7.519346237182617,15.748440742492676
-391.6490783691406,-6.643619537353516,15.773202896118164
-391.7643432617187,-5.766332149505615,15.796608924865724
-391.8801574707031,-4.887345790863037,15.819600105285645
-391.9967041015625,-4.006682395935059,15.843107223510742
-392.1142578125,-3.1244583129882812,15.868290901184082
-392.23284912109375,-2.2405736446380615,15.896339416503906
-392.35150146484375,-1.355063557624817,15.927013397216797
-392.4695434570313,-0.4685612022876739,15.956907272338867
-392.5879211425781,0.4185839295387268,15.98493194580078
-392.7067565917969,1.3063483238220217,16.01078987121582
-392.8251953125,2.195345401763916,16.03413200378418
-392.9432067871094,3.0862550735473633,16.055774688720703
-393.0613708496094,3.979286193847656,16.077871322631836
-393.1806640625,4.874011993408203,16.102628707885742
-393.30029296875,5.769885540008545,16.1293888092041
-393.4196472167969,6.666726589202881,16.157304763793945
-393.5388793945313,7.564700126647949,16.18684959411621
-393.6569213867187,8.463737487792969,16.21574592590332
-393.774169921875,9.363564491271973,16.243316650390625
-393.8907165527344,10.263957023620604,16.269519805908203
-394.0061950683594,11.164955139160156,16.29358673095703
-394.1207580566406,12.066777229309082,16.31591033935547
-394.2337951660156,12.969428062438965,16.337703704833984
-394.3460083007813,13.872699737548828,16.36068344116211
-394.4583740234375,14.775724411010742,16.38570213317871
-394.5688781738281,15.678102493286133,16.41132354736328
-394.6775512695313,16.57938003540039,16.43742561340332
-394.7844543457031,17.47928237915039,16.46336555480957
-394.8896484375,18.377641677856445,16.488554000854492
-394.9930419921875,19.274246215820312,16.512903213500977
-395.094482421875,20.169090270996097,16.536832809448242
-395.1935729980469,21.062114715576172,16.560874938964844
-395.2902526855469,21.953161239624023,16.585622787475586
-395.3856201171875,22.841686248779297,16.61124038696289
-395.4788818359375,23.72750473022461,16.637487411499023
-395.5696716308594,24.610515594482425,16.663349151611328
-395.65875244140625,25.490642547607425,16.68895149230957
-395.74658203125,26.367889404296875,16.714710235595703
-395.8323669433594,27.24253273010254,16.73967170715332
-395.9167785644531,28.114513397216797,16.76399040222168
-396.0002136230469,28.983762741088867,16.78740882873535
-396.0821228027344,29.85045623779297,16.80936050415039
-396.1629638671875,30.714519500732425,16.82978057861328
-396.2436218261719,31.576276779174805,16.849185943603516
-396.3238830566406,32.43585968017578,16.86949348449707
-396.4031677246094,33.29316711425781,16.890867233276367
-396.48089599609375,34.14800262451172,16.911787033081055
-396.5577697753906,35.000370025634766,16.93168830871582
-396.6344604492187,35.850589752197266,16.950613021850586
-396.7102966308594,36.69926834106445,16.968881607055664
-396.7850646972656,37.54707336425781,16.985939025878906
-396.8591613769531,38.394283294677734,17.001670837402344
-396.9331970214844,39.24115753173828,17.016389846801758
-397.0074768066406,40.0882453918457,17.03107452392578
-397.0822143554687,40.93617630004883,17.04730796813965
-397.1579895019531,41.78535461425781,17.0660343170166
-397.23388671875,42.63581085205078,17.08646011352539
-397.30999755859375,43.48737716674805,17.10654640197754
-397.387451171875,44.34031295776367,17.12595558166504
-397.4661560058594,45.195068359375,17.144685745239258
-397.5453186035156,46.05238342285156,17.16169548034668
-397.6251831054687,46.91243743896485,17.176815032958984
-397.70654296875,47.775146484375,17.19049835205078
-397.7901306152344,48.64049530029297,17.204065322875977
-397.8757019042969,49.508567810058594,17.21870231628418
-397.96337890625,50.379432678222656,17.235748291015625
-398.0532531738281,51.25251770019531,17.254940032958984
-398.14410400390625,52.127079010009766,17.274402618408203
-398.2360229492187,53.00276184082031,17.293169021606445
-398.3288879394531,53.87961959838867,17.310623168945312
-398.4215393066406,54.75822448730469,17.325746536254883
-398.5140075683594,55.63883590698242,17.338943481445312
-398.60638427734375,56.52141571044922,17.351078033447266
-398.6984252929687,57.40566635131836,17.362504959106445
-398.7901306152344,58.291446685791016,17.374574661254883
-398.8811340332031,59.17852783203125,17.388206481933594
-398.9713439941406,60.06634140014648,17.403003692626953
-399.0595703125,60.9540901184082,17.41799545288086
-399.1456298828125,61.84091567993164,17.431806564331055
-399.2298583984375,62.72634506225586,17.44435691833496
-399.31103515625,63.61043930053711,17.45514678955078
-399.3887634277344,64.49325561523438,17.463956832885742
-399.46343994140625,65.37445068359375,17.47258949279785
-399.5342102050781,66.2538070678711,17.481563568115234
-399.6009826660156,67.13092803955078,17.492048263549805
-399.6641845703125,68.00552368164062,17.503995895385742
-399.7231140136719,68.87751007080078,17.516027450561523
-399.7779235839844,69.74675750732422,17.52747917175293
-399.8292236328125,70.61317443847656,17.53898048400879
-399.8765869140625,71.4769058227539,17.55059051513672
-399.9193420410156,72.3381576538086,17.56136131286621
-399.9578857421875,73.19686126708984,17.571067810058594
-399.99273681640625,74.05294799804688,17.5805606842041
-400.0234069824219,74.9063949584961,17.590862274169922
-400.0495910644531,75.75719451904297,17.602018356323242
-400.0714721679687,76.60514068603516,17.612682342529297
-400.0897216796875,77.45001983642578,17.622207641601562
-400.1044921875,78.29174041748047,17.630817413330078
-400.1161193847656,79.13063049316406,17.6384334564209
-400.1242065429687,79.96703338623047,17.645389556884766
-400.1287536621094,80.80076599121094,17.6517276763916
-400.1300659179687,81.63168334960938,17.656749725341797
-400.1286926269531,82.45960235595703,17.66053009033203
-400.1250305175781,83.2845230102539,17.663509368896484
-400.1190185546875,84.10657501220703,17.666309356689453
-400.1109924316406,84.9258041381836,17.669456481933594
-400.1016845703125,85.74225616455078,17.673372268676758
-400.09130859375,86.5557632446289,17.677860260009766
-400.0796203613281,87.36615753173828,17.682315826416016
-400.0672302246094,88.17351531982422,17.687475204467773
-400.0540466308594,88.97785949707031,17.693185806274414
-400.0398254394531,89.77940368652344,17.697935104370117
-400.02496337890625,90.57814025878906,17.701763153076172
-400.0097351074219,91.37421417236328,17.70488166809082
-399.9942626953125,92.1679916381836,17.707805633544922
-399.9783325195313,92.95977020263672,17.711132049560547
-399.9622802734375,93.74967956542967,17.71507453918457
-399.94671630859375,94.53754425048828,17.71932601928711
-399.9311828613281,95.32325744628906,17.723535537719727
-399.9154357910156,96.10700225830078,17.72746467590332
-399.89984130859375,96.8890151977539,17.73103904724121
-399.8845520019531,97.66957092285156,17.73434066772461
-399.8690185546875,98.44894409179688,17.737041473388672
-399.8532409667969,99.22720336914062,17.73859214782715
-399.8384704589844,100.00442504882812,17.739715576171875
-399.8240356445313,100.78052520751952,17.741098403930664
-399.8093872070313,101.55553436279295,17.742395401000977
-399.79437255859375,102.32928466796876,17.742897033691406
-399.7810363769531,103.10186767578124,17.744211196899414
-399.7673034667969,103.8731918334961,17.746240615844727
-399.7533264160156,104.64319610595705,17.74825096130371
-399.7396240234375,105.41195678710938,17.749845504760742
-399.7262268066406,106.17945861816406,17.750885009765625
-399.71295166015625,106.94569396972656,17.751239776611328
-399.6997375488281,107.71076202392578,17.750797271728516
-399.6867370605469,108.47469329833984,17.7501163482666
-399.67376708984375,109.23764038085938,17.749385833740234
-399.66070556640625,109.99964141845705,17.74892807006836
-399.6475524902344,110.7605972290039,17.74873161315918
-399.6340026855469,111.52046966552734,17.74860382080078
-399.6198425292969,112.27925872802734,17.748477935791016
-399.6051635742187,113.03699493408205,17.747777938842773
-399.5890197753906,113.7937469482422,17.745250701904297
-399.5719299316406,114.54955291748048,17.74198341369629
-399.55462646484375,115.30477142333984,17.73894500732422
-399.5360107421875,116.05947875976562,17.736818313598633
-399.5157165527344,116.81339263916016,17.734901428222656
-399.4942626953125,117.56646728515624,17.732316970825195
-399.4719848632813,118.3188705444336,17.728784561157227
-399.4490966796875,119.07063293457033,17.724346160888672
-399.4251098632813,119.82188415527344,17.718963623046875
-399.39990234375,120.5728530883789,17.713138580322266
-399.3734436035156,121.32363891601562,17.707490921020508
-399.3460388183594,122.07440948486328,17.70281982421875
-399.3176879882813,122.82522583007812,17.699573516845703
-399.2880859375,123.57575988769533,17.69663429260254
-399.2578125,124.32591247558594,17.69341278076172
-399.227294921875,125.07569885253906,17.689990997314453
-399.1964111328125,125.82521057128906,17.686368942260742
-399.1650085449219,126.57456970214844,17.6821346282959
-399.1334838867187,127.32393646240234,17.677383422851562
-399.1017761230469,128.07334899902344,17.672225952148438
-399.06988525390625,128.82275390625,17.666109085083008
-399.0381164550781,129.57223510742188,17.65928840637207
-399.0067443847656,130.3218536376953,17.652681350708008
-398.9754943847656,131.07171630859375,17.646610260009766
-398.9443359375,131.82186889648438,17.641189575195312
-398.9129638671875,132.57205200195312,17.63552474975586
-398.8816833496094,133.32212829589844,17.629114151000977
-398.8506164550781,134.0720977783203,17.62217140197754
-398.8193054199219,134.8220977783203,17.614269256591797
-398.7874450683594,135.57229614257812,17.604829788208008
-398.75537109375,136.32281494140625,17.594778060913086
-398.7226257324219,137.0735321044922,17.58396339416504
-398.6891784667969,137.82437133789062,17.57216453552246
-398.6551818847656,138.57545471191406,17.560544967651367
-398.6202087402344,139.32681274414062,17.54977035522461
-398.5845642089844,140.07855224609375,17.53963279724121
-398.5476684570313,140.8306427001953,17.53059196472168
-398.5090942382813,141.58265686035156,17.52164077758789
-398.4692687988281,142.33425903320312,17.51213836669922
-398.4284973144531,143.0854034423828,17.502317428588867
-398.38677978515625,143.83609008789062,17.49197006225586
-398.3434143066406,144.58670043945312,17.480714797973633
-398.298583984375,145.3372344970703,17.46885871887207
-398.2523498535156,146.08750915527344,17.456130981445312
-398.2049865722656,146.8373565673828,17.44260597229004
-398.1568908691406,147.58676147460938,17.429040908813477
-398.107421875,148.33575439453125,17.416044235229492
-398.0567932128906,149.0845489501953,17.404035568237305
-398.0050964355469,149.83326721191406,17.393539428710938
-397.9518127441406,150.58139038085938,17.38306999206543
-397.8973083496094,151.32876586914062,17.371829986572266
-397.8418273925781,152.0753173828125,17.359886169433594
-397.7853393554687,152.8211669921875,17.347124099731445
-397.7272644042969,153.56655883789062,17.33289337158203
-397.66790771484375,154.3118133544922,17.31796646118164
-397.607177734375,155.05697631835938,17.302875518798828
-397.5445556640625,155.80194091796875,17.287784576416016
-397.4810791015625,156.5463104248047,17.272621154785156
-397.4166870117187,157.2902374267578,17.257951736450195
-397.3505859375,158.03396606445312,17.245622634887695
-397.2830810546875,158.77760314941406,17.23670768737793
-397.2133483886719,159.5203857421875,17.228506088256836
-397.1418151855469,160.26190185546875,17.219457626342773
-397.06939697265625,161.00210571289062,17.210132598876953
-396.9954833984375,161.7410430908203,17.20062828063965
-396.9185791015625,162.47900390625,17.189788818359375
-396.8392639160156,163.21615600585938,17.17685890197754
-396.7582702636719,163.9525604248047,17.16326904296875
-396.67474365234375,164.68814086914062,17.150110244750977
-396.58837890625,165.42269897460938,17.13815689086914
-396.5009765625,166.1560821533203,17.126934051513672
-396.4119262695313,166.88784790039062,17.11783218383789
-396.3197937011719,167.61756896972656,17.109712600708008
-396.2258911132813,168.3452911376953,17.101261138916016
-396.1312561035156,169.0711669921875,17.09196662902832
-396.0359191894531,169.79513549804688,17.081947326660156
-395.9395446777344,170.51756286621094,17.070947647094727
-395.842529296875,171.23861694335938,17.058916091918945
-395.7449645996094,171.958251953125,17.045621871948242
-395.6470031738281,172.67633056640625,17.03071403503418
-395.548828125,173.39276123046875,17.014541625976562
-395.4505920410156,174.10763549804688,16.998748779296875
-395.35211181640625,174.82135009765625,16.984033584594727
-395.253173828125,175.533935546875,16.970794677734375
-395.1528015136719,176.24476623535156,16.957483291625977
-395.0517883300781,176.95375061035156,16.943552017211914
-394.9505920410156,177.66099548339844,16.929428100585938
-394.8490295410156,178.3666534423828,16.915754318237305
-394.7461242675781,179.07089233398438,16.90243148803711
-394.641845703125,179.7737274169922,16.888900756835938
-394.5368041992187,180.4751892089844,16.875024795532227
-394.43121337890625,181.1751708984375,16.860750198364258
-394.32513427734375,181.8736572265625,16.84646224975586
-394.2183837890625,182.57061767578125,16.832544326782227
-394.1109619140625,183.26614379882812,16.818998336791992
-394.0031127929687,183.960205078125,16.805665969848633
-393.89501953125,184.6527404785156,16.792457580566406
-393.7868347167969,185.34378051757812,16.77962303161621
-393.6787109375,186.0334625244141,16.7681941986084
-393.5703430175781,186.7218780517578,16.758712768554688
-393.4610900878906,187.40867614746097,16.749591827392578
-393.3515625,188.09390258789065,16.739667892456055
-393.241943359375,188.77755737304688,16.728618621826172
-393.1319885253906,189.4595489501953,16.71670150756836
-393.021484375,190.13999938964844,16.70416259765625
-392.9105529785156,190.81935119628903,16.69124984741211
-392.7987060546875,191.4978179931641,16.678003311157227
-392.6862487792969,192.17543029785156,16.664905548095703
-392.5734558105469,192.85202026367188,16.652080535888672
-392.4606018066406,193.5272979736328,16.639741897583008
-392.3469848632813,194.201171875,16.62834358215332
-392.232421875,194.8737030029297,16.61807632446289
-392.1172790527344,195.54505920410156,16.609142303466797
-392.00140380859375,196.2152404785156,16.60103416442871
-391.88427734375,196.88389587402344,16.592552185058594
-391.7664184570313,197.55105590820312,16.582679748535156
-391.6480712890625,198.21678161621097,16.570735931396484
-391.5295104980469,198.881103515625,16.55691909790039
-391.41107177734375,199.54443359375,16.54300308227539
-391.29156494140625,200.20721435546875,16.529598236083984
-391.17144775390625,200.8695373535156,16.51721954345703
-391.0514831542969,201.53121948242188,16.505041122436523
-390.9319458007813,202.19155883789065,16.493911743164062
-390.8117980957031,202.8501434326172,16.4837646484375
-390.69091796875,203.5071563720703,16.473955154418945
-390.569580078125,204.16293334960935,16.464004516601562
-390.44830322265625,204.81768798828125,16.453662872314453
-390.3266296386719,205.47149658203125,16.443344116210938
-390.2039489746094,206.12451171875,16.432519912719727
-390.0806884765625,206.77674865722656,16.420974731445312
-389.9571838378906,207.42819213867188,16.40911102294922
-389.83343505859375,208.07864379882812,16.397380828857422
-389.7088928222656,208.7279052734375,16.38564682006836
-389.5834045410156,209.3759765625,16.373441696166992
-389.4573059082031,210.02297973632812,16.36033058166504
-389.3309326171875,210.66909790039065,16.34711265563965
-389.2038269042969,211.31443786621097,16.334426879882812
-389.07568359375,211.9591064453125,16.322864532470703
-388.9468994140625,212.6031494140625,16.31269073486328
-388.8170776367187,213.24624633789065,16.30358123779297
-388.6863403320313,213.88804626464844,16.29436492919922
-388.5552978515625,214.5287170410156,16.28473663330078
-388.4239807128906,215.1684112548828,16.274499893188477
-388.29193115234375,215.80711364746097,16.264236450195312
-388.1588745117187,216.44496154785156,16.25366973876953
-388.0252685546875,217.08224487304688,16.24228286743164
-387.8909606933594,217.71890258789065,16.229795455932617
-387.7561340332031,218.35496520996097,16.216350555419922
-387.6209716796875,218.9905242919922,16.202762603759766
-387.4852294921875,219.62554931640625,16.189783096313477
-387.3489990234375,220.26019287109375,16.178163528442383
-387.2125244140625,220.8944854736328,16.168142318725586
-387.0751953125,221.52796936035156,16.15836524963379
-386.9374084472656,222.1605224609375,16.147951126098633
-386.7996520996094,222.7922821044922,16.13678550720215
-386.6622009277344,223.4232940673828,16.124813079833984
-386.5245971679687,224.05368041992188,16.112619400024414
-386.386474609375,224.6836853027344,16.09986114501953
-386.2483215332031,225.31349182128903,16.08646583557129
-386.1104431152344,225.9431304931641,16.072715759277344
-385.9730224609375,226.5725250244141,16.05900764465332
-385.8359375,227.20155334472656,16.045913696289062
-385.6990356445313,227.8301696777344,16.03345489501953
-385.5623779296875,228.45831298828125,16.02107048034668
-385.4260559082031,229.0860595703125,16.00873374938965
-385.2901306152344,229.71340942382812,15.996597290039062
-385.1544494628906,230.3403778076172,15.98441219329834
-385.01904296875,230.96710205078125,15.972097396850586
-384.8839416503906,231.59364318847656,15.960352897644045
-384.74896240234375,232.219970703125,15.94958209991455
-384.6138610839844,232.8459320068359,15.939306259155272
-384.4784851074219,233.47122192382812,15.928312301635742
-384.34332275390625,234.0959320068359,15.916274070739746
-384.2081604003906,234.72000122070312,15.903019905090332
-384.07275390625,235.34344482421875,15.888656616210938
-383.9373474121094,235.96658325195312,15.873744010925291
-383.8014221191406,236.58956909179688,15.858104705810549
-383.6648254394531,237.21243286132812,15.841796875
-383.5278015136719,237.83509826660156,15.825100898742676
-383.3908081054687,238.45733642578125,15.808682441711426
-383.2535095214844,239.07913208007812,15.792635917663574
-383.1156311035156,239.7004547119141,15.776954650878906
-382.9774475097656,240.3214569091797,15.762469291687012
-382.8386535644531,240.9420928955078,15.749800682067873
-382.6989135742187,241.56202697753903,15.737406730651855
-382.5587463378906,242.1812744140625,15.724283218383787
-382.4184875488281,242.79994201660156,15.710311889648438
-382.2780456542969,243.41793823242188,15.695706367492676
-382.1371765136719,244.03536987304688,15.680593490600586
-381.99566650390625,244.65249633789065,15.66470718383789
-381.85345458984375,245.26956176757812,15.647958755493164
-381.7106018066406,245.88653564453125,15.630597114562988
-381.5671997070313,246.50343322753903,15.613351821899414
-381.4234313964844,247.1202850341797,15.596269607543944
-381.2789611816406,247.73696899414065,15.579803466796877
-381.13330078125,248.3533935546875,15.56406593322754
-380.9866638183594,248.969482421875,15.548758506774902
-380.8391723632813,249.58509826660156,15.533498764038086
-380.690673828125,250.20018005371097,15.517899513244627
-380.5411682128906,250.81483459472656,15.501737594604492
-380.390380859375,251.42916870117188,15.484685897827148
-380.23828125,252.04327392578125,15.466922760009766
-380.0846862792969,252.6571502685547,15.448480606079102
-379.9297180175781,253.2706298828125,15.429224967956545
-379.77349853515625,253.88377380371097,15.409464836120604
-379.6158142089844,254.4963836669922,15.389168739318848
-379.45697021484375,255.10867309570312,15.368685722351074
-379.2966613769531,255.7206115722656,15.348389625549316
-379.135009765625,256.3324279785156,15.328657150268556
-378.97210693359375,256.9443054199219,15.30998992919922
-378.8074035644531,257.55584716796875,15.292139053344728
-378.6414184570313,258.1668701171875,15.273611068725586
-378.4746398925781,258.7772521972656,15.254549980163574
-378.3068237304687,259.386962890625,15.23520278930664
-378.1377258300781,259.9960021972656,15.215863227844238
-377.9675598144531,260.604736328125,15.195778846740724
-377.7962951660156,261.213134765625,15.17489528656006
-377.623779296875,261.8211975097656,15.153587341308594
-377.4501953125,262.42877197265625,15.132330894470217
-377.2755126953125,263.0358581542969,15.111119270324709
-377.0995178222656,263.6421813964844,15.089666366577148
-376.9224853515625,264.24786376953125,15.067889213562012
-376.74468994140625,264.85296630859375,15.045933723449709
-376.5655822753906,265.4574279785156,15.024009704589844
-376.3850708007813,266.0613708496094,15.001420974731444
-376.20355224609375,266.6650695800781,14.978281021118164
-376.0216979980469,267.2687683105469,14.955921173095703
-375.8390197753906,267.87255859375,14.935574531555176
-375.6548767089844,268.47601318359375,14.916332244873049
-375.4696044921875,269.0788879394531,14.89632511138916
-375.283935546875,269.6813659667969,14.875309944152832
-375.0979919433594,270.2835388183594,14.853228569030762
-374.9115905761719,270.8852844238281,14.83000659942627
-374.72418212890625,271.48687744140625,14.80627727508545
-374.5356140136719,272.0886535644531,14.782482147216797
-374.3460083007813,272.69110107421875,14.758946418762209
-374.1555480957031,273.29400634765625,14.736123085021973
-373.96441650390625,273.8970947265625,14.713338851928713
-373.7729797363281,274.5001525878906,14.690958023071287
-373.5812683105469,275.103271484375,14.669498443603516
-373.3889770507813,275.70648193359375,14.64903450012207
-373.1961059570313,276.30999755859375,14.629009246826172
-373.0031127929687,276.9139709472656,14.608948707580566
-372.81005859375,277.5183410644531,14.588809967041016
-372.61663818359375,278.12298583984375,14.568310737609863
-372.4230651855469,278.72784423828125,14.547201156616213
-372.22955322265625,279.3330078125,14.525087356567385
-372.0363159179687,279.93865966796875,14.502603530883787
-371.8429260253906,280.54473876953125,14.479631423950195
-371.6494140625,281.15118408203125,14.455745697021484
-371.4563903808594,281.75811767578125,14.431036949157717
-371.2644653320313,282.3657531738281,14.406414985656738
-371.073486328125,282.97393798828125,14.382197380065918
-370.8832092285156,283.58270263671875,14.358572959899902
-370.6938171386719,284.1920471191406,14.335553169250488
-370.5055236816406,284.80181884765625,14.312551498413086
-370.3184509277344,285.4117126464844,14.288803100585938
-370.1326904296875,286.0216369628906,14.264101028442385
-369.9483642578125,286.6315002441406,14.238054275512695
-369.7652282714844,287.241455078125,14.21030616760254
-369.5831909179687,287.8517150878906,14.181278228759766
-369.4027099609375,288.46240234375,14.151479721069336
-369.2236328125,289.073486328125,14.120645523071287
-369.0460815429687,289.6849060058594,14.08892822265625
-368.8699645996094,290.2962341308594,14.056461334228516
-368.6957092285156,290.9078369140625,14.023736000061035
-368.5231628417969,291.5196533203125,13.990900039672852
-368.3519287109375,292.1316833496094,13.958635330200195
-368.18212890625,292.7440490722656,13.927257537841797
-368.01361083984375,293.3565368652344,13.896173477172852
-367.8462829589844,293.9689025878906,13.864657402038574
-367.6808166503906,294.5812072753906,13.833440780639648
-367.5166931152344,295.193359375,13.802908897399902
-367.3530578613281,295.8050231933594,13.772065162658691
-367.1893310546875,296.41632080078125,13.739896774291992
-367.0257873535156,297.02728271484375,13.70644760131836
-366.8628234863281,297.6379699707031,13.671808242797852
-366.7004089355469,298.24853515625,13.63672924041748
-366.5377197265625,298.8589172363281,13.60167121887207
-366.3746643066406,299.4690246582031,13.566925048828123
-366.2118835449219,300.0791320800781,13.532288551330566
-366.0495300292969,300.6891174316406,13.497211456298828
-365.88726806640625,301.2987365722656,13.462496757507324
-365.7250061035156,301.9079895019531,13.428596496582031
-365.5628051757813,302.51702880859375,13.395638465881348
-365.4004821777344,303.1258544921875,13.363332748413086
-365.23822021484375,303.7344970703125,13.331449508666992
-365.07574462890625,304.3428955078125,13.299445152282717
-364.9132995605469,304.9510498046875,13.266870498657228
-364.75103759765625,305.5589904785156,13.233284950256348
-364.5889587402344,306.16668701171875,13.198379516601562
-364.4270629882813,306.77423095703125,13.162237167358398
-364.2657165527344,307.38201904296875,13.125503540039062
-364.1045227050781,307.990234375,13.088472366333008
-363.94342041015625,308.5987548828125,13.051487922668455
-363.7826843261719,309.2073974609375,13.013982772827148
-363.62298583984375,309.81634521484375,12.976119041442873
-363.4635009765625,310.42547607421875,12.938615798950195
-363.3039245605469,311.0347900390625,12.901660919189451
-363.144287109375,311.64422607421875,12.864870071411133
-362.9846496582031,312.2538757324219,12.827848434448242
-362.824951171875,312.8636169433594,12.790482521057127
-362.6654052734375,313.47357177734375,12.752917289733888
-362.5058898925781,314.0838623046875,12.715182304382324
-362.3462219238281,314.69451904296875,12.67710018157959
-362.1863098144531,315.30560302734375,12.638519287109377
-362.0261840820313,315.9170837402344,12.59963035583496
-361.8658142089844,316.5288391113281,12.560422897338867
-361.705322265625,317.1409912109375,12.520269393920898
-361.544677734375,317.7535400390625,12.479622840881348
-361.38385009765625,318.36669921875,12.43918800354004
-361.2223205566406,318.98040771484375,12.399714469909668
-361.0603942871094,319.59503173828125,12.361767768859863
-360.8982543945313,320.2104797363281,12.325268745422363
-360.7350158691406,320.8260498046875,12.28878688812256
-360.5714111328125,321.44158935546875,12.25186824798584
-360.40765380859375,322.05712890625,12.214592933654783
-360.2435607910156,322.6727600097656,12.177156448364258
-360.078857421875,323.2886657714844,12.139691352844238
-359.9132385253906,323.9049377441406,12.101669311523438
-359.74700927734375,324.5216064453125,12.062740325927734
-359.58050537109375,325.1387023925781,12.022849082946776
-359.4136047363281,325.7560729980469,11.98264503479004
-359.246337890625,326.37371826171875,11.942427635192873
-359.0787353515625,326.9918212890625,11.902052879333496
-358.9109191894531,327.6103515625,11.861191749572754
-358.7426452636719,328.22930908203125,11.82026195526123
-358.5739440917969,328.8486022949219,11.779352188110352
-358.40484619140625,329.46820068359375,11.73845100402832
-358.23583984375,330.0882263183594,11.69806671142578
-358.0669250488281,330.708740234375,11.65843105316162
-357.897705078125,331.3296203613281,11.618732452392578
-357.7279968261719,331.95068359375,11.578169822692873
-357.55828857421875,332.5721740722656,11.536879539489746
-357.38861083984375,333.194091796875,11.49471664428711
-357.2187194824219,333.8163146972656,11.451455116271973
-357.04864501953125,334.43890380859375,11.406539916992188
-356.8782653808594,335.06201171875,11.360087394714355
-356.7076416015625,335.6859436035156,11.313214302062988
-356.5364685058594,336.31072998046875,11.266993522644045
-356.364990234375,336.9364013671875,11.221137046813965
-356.1934814453125,337.5628967285156,11.17531681060791
-356.02166748046875,338.1898193359375,11.130295753479004
-355.84930419921875,338.8169860839844,11.085747718811035
-355.67657470703125,339.44451904296875,11.041711807250977
-355.50341796875,340.0725402832031,10.998542785644531
-355.3294982910156,340.70086669921875,10.955498695373535
-355.155029296875,341.3294982910156,10.911992073059082
-354.9801940917969,341.9584045410156,10.867629051208496
-354.8052062988281,342.5875244140625,10.822176933288574
-354.6300048828125,343.217041015625,10.77603244781494
-354.4541015625,343.84698486328125,10.729453086853027
-354.2775573730469,344.4774475097656,10.6822509765625
-354.1007385253906,345.10858154296875,10.63449478149414
-353.9241027832031,345.74041748046875,10.586881637573242
-353.74737548828125,346.3727722167969,10.539542198181152
-353.5704650878906,347.0057373046875,10.492451667785645
-353.3932189941406,347.6394348144531,10.446212768554688
-353.2154235839844,348.27386474609375,10.400824546813965
-353.03753662109375,348.90887451171875,10.355137825012209
-352.8598327636719,349.5445556640625,10.30917263031006
-352.68182373046875,350.18072509765625,10.263313293457031
-352.503662109375,350.8174743652344,10.217691421508787
-352.3253479003906,351.4550476074219,10.171924591064451
-352.1467590332031,352.09332275390625,10.125652313232422
-351.9679260253906,352.7322998046875,10.078407287597656
-351.78912353515625,353.37200927734375,10.030282974243164
-351.6102600097656,354.0125427246094,9.981395721435549
-351.431396484375,354.654052734375,9.932442665100098
-351.25262451171875,355.2968444824219,9.884570121765137
-351.0738830566406,355.94097900390625,9.83847427368164
-350.89471435546875,356.5859680175781,9.792960166931152
-350.7154846191406,357.2315979003906,9.747349739074709
-350.5367431640625,357.87799072265625,9.701993942260742
-350.3584899902344,358.525390625,9.657180786132812
-350.1797790527344,359.1733703613281,9.612759590148926
-350.0006408691406,359.8221130371094,9.568153381347656
-349.8216247558594,360.4716796875,9.523314476013184
-349.6427917480469,361.1221618652344,9.478111267089844
-349.4639587402344,361.7734680175781,9.43276023864746
-349.2850341796875,362.4256591796875,9.387348175048828
-349.1058654785156,363.0787963867187,9.341876029968262
-348.92657470703125,363.7327880859375,9.296586036682127
-348.747314453125,364.3876647949219,9.251648902893066
-348.5681457519531,365.0433044433594,9.207253456115724
-348.3889465332031,365.6997375488281,9.16377067565918
-348.2097473144531,366.3571472167969,9.121297836303713
-348.03009033203125,367.01513671875,9.07878589630127
-347.8501892089844,367.6736145019531,9.03573989868164
-347.6702575683594,368.3326416015625,8.991874694824219
-347.4901123046875,368.99212646484375,8.946687698364258
-347.3096923828125,369.6520080566406,8.899972915649414
-347.1288146972656,370.31256103515625,8.85175609588623
-346.9477844238281,370.9742431640625,8.803192138671875
-346.766357421875,371.6373901367187,8.755505561828613
-346.584716796875,372.3017883300781,8.708596229553223
-346.4036865234375,372.967041015625,8.661619186401367
-346.22271728515625,373.6328430175781,8.61489200592041
-346.0413818359375,374.29925537109375,8.568358421325684
-345.8596496582031,374.96636962890625,8.521631240844727
-345.67779541015625,375.6345825195313,8.474021911621094
-345.49578857421875,376.3040466308594,8.425947189331055
-345.31353759765625,376.9747924804687,8.377959251403809
-345.1309509277344,377.6469421386719,8.330317497253418
-344.9483947753906,378.3204650878906,8.283349990844727
-344.7657470703125,378.995361328125,8.237418174743652
-344.58270263671875,379.67138671875,8.19155216217041
-344.39910888671875,380.348388671875,8.14492416381836
-344.2154846191406,381.0265502929687,8.097390174865723
-344.03192138671875,381.70611572265625,8.049722671508789
-343.8482971191406,382.3874816894531,8.002687454223633
-343.6642761230469,383.0709533691406,7.957584857940674
-343.479736328125,383.75640869140625,7.914533138275147
-343.29437255859375,384.4429931640625,7.871438026428223
-343.1092529296875,385.1306457519531,7.827929973602295
-342.9242858886719,385.81939697265625,7.78408670425415
-342.7388610839844,386.5093994140625,7.740155220031738
-342.55267333984375,387.20074462890625,7.695830821990967
-342.3658447265625,387.8936767578125,7.651421546936035
-342.1784362792969,388.5882873535156,7.60757303237915
-341.9907531738281,389.2845458984375,7.56452751159668
-341.80303955078125,389.9822998046875,7.522043228149414
-341.61480712890625,390.6814575195313,7.480606079101563
-341.42596435546875,391.3820495605469,7.440446853637695
-341.23651123046875,392.083984375,7.400996208190918
-341.04632568359375,392.786865234375,7.360861778259277
-340.8559875488281,393.4909057617187,7.320356369018555
-340.66546630859375,394.19622802734375,7.280458450317383
-340.4737548828125,394.902587890625,7.2405290603637695
-340.281005859375,395.6099548339844,7.200411319732666
-340.0874938964844,396.3181457519531,7.160078525543213
-339.8934020996094,397.0271301269531,7.119280815124512
-339.6988525390625,397.7369995117187,7.078503131866455
-339.5035400390625,398.44775390625,7.038189888000488
-339.30731201171875,399.1595458984375,6.998470783233643
-339.11041259765625,399.87249755859375,6.960221290588379
-338.9130859375,400.5862731933594,6.9230055809021
-338.71539306640625,401.3008728027344,6.886744022369385
-338.51708984375,402.0162963867187,6.852007865905762
-338.318115234375,402.7324523925781,6.817930698394775
-338.11883544921875,403.4495239257813,6.784428119659424
-337.91900634765625,404.1674499511719,6.751682758331299
-337.7182922363281,404.8858337402344,6.718739986419678
-337.5172119140625,405.6047668457031,6.684810638427734
-337.31591796875,406.3244323730469,6.650205612182617
-337.1143493652344,407.045166015625,6.61562442779541
-336.9118347167969,407.76708984375,6.581717014312744
-336.70880126953125,408.490234375,6.54841423034668
-336.50640869140625,409.2144470214844,6.515913963317871
-336.3038330078125,409.9396362304687,6.485194206237793
-336.1004333496094,410.66558837890625,6.456142902374268
-335.8966369628906,411.3923645019531,6.427643775939941
-335.6929016113281,412.12005615234375,6.399477481842041
-335.4890441894531,412.8484802246094,6.371930122375488
-335.284912109375,413.5779113769531,6.345731735229492
-335.0804748535156,414.3081970214844,6.320610523223877
-334.875732421875,415.0392761230469,6.29573917388916
-334.6706237792969,415.7711181640625,6.271220684051514
-334.4656066894531,416.503662109375,6.246697902679443
-334.2602233886719,417.23687744140625,6.22255802154541
-334.054931640625,417.9710693359375,6.199540138244629
-333.85003662109375,418.7066650390625,6.178882122039795
-333.6445007324219,419.4434509277344,6.1617937088012695
-333.4376525878906,420.1803283691406,6.145226001739502
-333.23101806640625,420.9176025390625,6.127908706665039
-333.0246276855469,421.6554565429687,6.11026668548584
-332.8177490234375,422.3939208984375,6.092850685119629
-332.60992431640625,423.1331481933594,6.074685096740723
-332.401611328125,423.8733520507813,6.0555739402771
-332.1931457519531,424.61480712890625,6.036357402801514
-331.984375,425.357421875,6.017267227172852
-331.7752990722656,426.10113525390625,5.998412132263184
-331.5662536621094,426.8460083007813,5.979955196380615
-331.3572082519531,427.59185791015625,5.961857318878174
-331.1481018066406,428.3387451171875,5.944190979003906
-330.93914794921875,429.0869445800781,5.9276299476623535
-330.73052978515625,429.836669921875,5.912666320800781
-330.52178955078125,430.5876159667969,5.899364471435547
-330.3125,431.3391723632813,5.88574743270874
-330.1036071777344,432.0914001464844,5.870878219604492
-329.89501953125,432.8442077636719,5.854491710662842
-329.6865539550781,433.5977783203125,5.836523532867432
-329.4776916503906,434.3525390625,5.817492485046387
-329.26861572265625,435.1090087890625,5.798970699310303
-329.0597839355469,435.867431640625,5.782179355621338
-328.8527526855469,436.6276245117187,5.768097877502441
-328.64569091796875,437.388671875,5.755703449249268
-328.4383544921875,438.150390625,5.74387264251709
-328.2315673828125,438.9131164550781,5.732551097869873
-328.02496337890625,439.67681884765625,5.721494674682617
-327.81817626953125,440.441650390625,5.710519790649414
-327.6111755371094,441.2076110839844,5.699338912963867
-327.40423583984375,441.9749145507813,5.688331604003906
-327.1972961425781,442.74359130859375,5.678508758544922
-326.989990234375,443.5133666992187,5.669035911560059
-326.7828674316406,444.2841491699219,5.659404277801514
-326.57611083984375,445.0560607910156,5.650895118713379
-326.3690490722656,445.8293762207031,5.644446849822998
-326.1618957519531,446.6043090820313,5.640994071960449
-325.9544677734375,447.3802490234375,5.639219284057617
-325.74652099609375,448.1565246582031,5.6375885009765625
-325.5387878417969,448.9332275390625,5.636318206787109
-325.33099365234375,449.7105407714844,5.635135650634766
-325.1224365234375,450.4884338378906,5.633903980255127
-324.91326904296875,451.2671203613281,5.632318496704102
-324.7036437988281,452.0466003417969,5.630536079406738
-324.4935607910156,452.826904296875,5.629620552062988
-324.28387451171875,453.6083068847656,5.630141735076904
-324.07452392578125,454.390869140625,5.6329169273376465
-323.8642883300781,455.174072265625,5.6379594802856445
-323.6533203125,455.95745849609375,5.643603324890137
-323.4424743652344,456.74114990234375,5.649688720703125
-323.23199462890625,457.52545166015625,5.656239986419678
-323.02105712890625,458.3103942871094,5.663578987121582
-322.8088684082031,459.0958557128906,5.670727729797363
-322.5964050292969,459.8819580078125,5.677093029022217
-322.3840637207031,460.6687316894531,5.682514190673828
-322.1716003417969,461.4564514160156,5.687948226928711
-321.9586486816406,462.245361328125,5.6942949295043945
-321.7452697753906,463.0354919433594,5.701770305633545
-321.53216552734375,463.82659912109375,5.71063232421875
-321.31890869140625,464.618408203125,5.720472812652588
-321.10565185546875,465.4112548828125,5.731760501861572
-320.8920593261719,466.2052612304687,5.744588851928711
-320.6777648925781,466.99993896484375,5.757116794586182
-320.4632263183594,467.7952880859375,5.76846981048584
-320.24859619140625,468.59136962890625,5.778458118438721
-320.03350830078125,469.3881530761719,5.786848545074463
-319.8178405761719,470.18609619140625,5.794314384460449
-319.6015319824219,470.9853210449219,5.802108287811279
-319.3847351074219,471.7857971191406,5.810995101928711
-319.16845703125,472.5872192382813,5.821223258972168
-318.9518127441406,473.3889770507813,5.831943035125732
-318.734375,474.1910095214844,5.842660903930664
-318.51654052734375,474.9933776855469,5.85318660736084
-318.298095703125,475.7961120605469,5.863157749176025
-318.0788879394531,476.5991516113281,5.874297618865967
-317.85919189453125,477.4023742675781,5.888077259063721
-317.63909912109375,478.2048645019531,5.902725696563721
-317.41815185546875,479.00531005859375,5.916956901550293
-317.1971435546875,479.8034057617187,5.930452823638916
-316.97625732421875,480.59918212890625,5.942605972290039
-316.7550048828125,481.3926696777344,5.9540791511535645
-316.533447265625,482.1838989257813,5.967543601989746
-316.3114929199219,482.97271728515625,5.98460054397583
-316.08807373046875,483.7578125,6.002653121948242
-315.86407470703125,484.5389709472656,6.020275115966797
-315.64013671875,485.3162536621094,6.037287712097168
-315.41595458984375,486.08984375,6.053657054901123
-315.19091796875,486.85986328125,6.069425106048584
-314.9654235839844,487.6267395019531,6.084289073944092
-314.7397155761719,488.390625,6.098663806915283
-314.5138244628906,489.1514892578125,6.113311290740967
-314.2881164550781,489.90924072265625,6.129127502441406
-314.062744140625,490.6637268066406,6.147236347198486
-313.8369445800781,491.4143371582031,6.165911674499512
-313.6112976074219,492.1612548828125,6.183375358581543
-313.3869934082031,492.9046020507813,6.2007527351379395
-313.1639709472656,493.6443176269531,6.219191074371338
-312.94085693359375,494.3807373046875,6.237565040588379
-312.71826171875,495.1142883300781,6.254422664642334
-312.496826171875,495.8450927734375,6.269530773162842
-312.27685546875,496.5731506347656,6.282811164855957
-312.0585632324219,497.298583984375,6.295282363891602
-311.8418273925781,498.0213012695313,6.3084282875061035
-311.62713623046875,498.741455078125,6.322829723358154
-311.41497802734375,499.4591064453125,6.338697910308838
-311.2055969238281,500.1730651855469,6.355912685394287
-310.9986877441406,500.884521484375,6.373062610626221
-310.79400634765625,501.5940246582031,6.391317367553711
-310.59112548828125,502.3011779785156,6.41126012802124
-310.3904113769531,503.005615234375,6.431605815887451
-310.1925354003906,503.7063903808594,6.451110363006592
-309.9976806640625,504.4013366699219,6.4693121910095215
-309.8057861328125,505.0887756347656,6.485785007476807
-309.6166687011719,505.7686462402344,6.500025272369385
-309.43389892578125,506.4378967285156,6.514474391937256
-309.2591857910156,507.0904541015625,6.5338239669799805
-309.0886535644531,507.72760009765625,6.5551252365112305
-308.9215087890625,508.3560791015625,6.571650981903076
-308.7615966796875,508.97320556640625,6.586521625518799
-308.6065979003906,509.574951171875,6.600923538208008
-308.45892333984375,510.1590270996094,6.617816925048828
-308.3143615722656,510.7276306152344,6.63405179977417
-308.17889404296875,511.2797546386719,6.652685165405273
-308.0435791015625,511.8174133300781,6.669317722320557
-307.9165344238281,512.3413696289062,6.685924053192139
-307.7925109863281,512.8499145507812,6.701297283172607
-307.672119140625,513.3455200195312,6.714261054992676
-307.5589294433594,513.8233032226562,6.729519367218018
-307.4454345703125,514.2870483398438,6.7415995597839355
-307.341552734375,514.7360229492188,6.755028247833252
-307.2396545410156,515.1686401367188,6.768143653869629
-307.14007568359375,515.5897216796875,6.777629852294922
-307.0509948730469,515.992919921875,6.791168212890625
-306.9600830078125,516.3798828125,6.803956508636475
-306.8706970214844,516.7576293945312,6.811464309692383
-306.7915344238281,517.1207275390625,6.820435047149658
-306.7122497558594,517.4663696289062,6.829518795013428
-306.632568359375,517.8016357421875,6.83350944519043
-306.5631103515625,518.1240844726562,6.8373565673828125
-306.497314453125,518.4292602539062,6.847295761108398
-306.42694091796875,518.7276611328125,6.8575286865234375
-306.36041259765625,519.0257568359375,6.863289833068848
-306.2996826171875,519.322998046875,6.868907928466797
-306.23687744140625,519.6165161132812,6.87569522857666
-306.1725769042969,519.9072875976562,6.8812055587768555
-306.1106262207031,520.1970825195312,6.884253978729248
-306.05206298828125,520.484130859375,6.887329578399658
-305.9935607910156,520.76708984375,6.892784595489502
-305.93487548828125,521.046630859375,6.901247024536133
-305.8759460449219,521.3238525390625,6.909317970275879
-305.81951904296875,521.5985107421875,6.916372776031494
-305.76434326171875,521.8698120117188,6.9231743812561035
-305.7098388671875,522.1378784179688,6.930792808532715
-305.6544189453125,522.4036254882812,6.937002658843994
-305.600830078125,522.66748046875,6.941503047943115
-305.5494689941406,522.9282836914062,6.945952892303467
-305.4983825683594,523.185546875,6.951084136962891
-305.4477233886719,523.4393920898438,6.957100868225098
-305.39849853515625,523.6903686523438,6.963746070861816
-305.3506164550781,523.9386596679688,6.970529079437256
-305.3046569824219,524.1843872070312,6.977022647857666
-305.26080322265625,524.427490234375,6.9831743240356445
-305.2190246582031,524.6679077148438,6.989203453063965
-305.17919921875,524.905517578125,6.995217800140381
-305.1415710449219,525.140380859375,7.001147270202637
-305.1064453125,525.3726196289062,7.007162094116211
-305.0736083984375,525.6019897460938,7.013246059417725
-305.0430908203125,525.82861328125,7.019319534301758
-305.0148010253906,526.0523681640625,7.025417804718018
-304.98846435546875,526.2733154296875,7.031575679779053
-304.9641418457031,526.4913330078125,7.037999153137207
-304.9421691894531,526.7064208984375,7.044431686401367
-304.92205810546875,526.9185791015625,7.050570011138916
-304.9041748046875,527.1278076171875,7.056715965270996
-304.88836669921875,527.3340454101562,7.062911033630371
-304.8747863769531,527.5372314453125,7.069185256958008
-304.86383056640625,527.7374877929688,7.075709342956543
-304.8550720214844,527.9346923828125,7.082120418548584
-304.84832763671875,528.1287841796875,7.088242530822754
-304.84375,528.3198852539062,7.094290733337402
-304.84271240234375,528.5077514648438,7.100986957550049
-304.84552001953125,528.6919555664062,7.109570503234863
-304.8486022949219,528.8728637695312,7.118195056915283
-304.8555603027344,529.0507202148438,7.126089572906494
-304.8650817871094,529.2249145507812,7.1332316398620605
-304.87506103515625,529.3955688476562,7.138994216918945
-304.8876037597656,529.5630493164062,7.142834186553955
-304.9051208496094,529.7269287109375,7.1482133865356445
-304.9237365722656,529.88720703125,7.156360149383545
-304.942626953125,530.0443115234375,7.164587020874023
-304.9649353027344,530.1980590820312,7.17183780670166
-304.99005126953125,530.34814453125,7.178804397583008
-305.01611328125,530.4945678710938,7.185222148895264
-305.0411376953125,530.6378173828125,7.188417434692383
-305.0677490234375,530.7774658203125,7.1875410079956055
-305.10015869140625,530.9127807617188,7.1876540184021
-305.13299560546875,531.0441284179688,7.191845893859863
-305.1663818359375,531.1721801757812,7.2003960609436035
-305.2000732421875,531.2968139648438,7.20895528793335
-305.2352294921875,531.4179077148438,7.215752601623535
-305.2721252441406,531.53515625,7.221146583557129
-305.31005859375,531.6484375,7.225882053375244
-305.34820556640625,531.7579956054688,7.229925155639648
-305.38507080078125,531.864501953125,7.231738090515137
-305.42156982421875,531.9676513671875,7.230345249176025
-305.46087646484375,532.0668334960938,7.228496551513672
-305.5007629394531,532.1625366210938,7.230880737304688
-305.5390930175781,532.2552490234375,7.237754821777344
-305.57635498046875,532.344970703125,7.244860649108887
-305.6138000488281,532.4314575195312,7.250095367431641
-305.6515197753906,532.5144653320312,7.253625869750977
-305.6891174316406,532.593994140625,7.256293296813965
-305.7262268066406,532.6705322265625,7.258865356445312
-305.7631530761719,532.7445678710938,7.261913776397705
-305.79998779296875,532.8163452148438,7.265580654144287
-305.83660888671875,532.8863525390625,7.269230365753174
-305.87298583984375,532.9552001953125,7.272100925445557
-305.9089660644531,533.0234985351562,7.272796154022217
-305.9461669921875,533.0914916992188,7.272026062011719
-305.9836730957031,533.1603393554688,7.269437789916992
-306.0246887207031,533.22998046875,7.268888473510742
-306.0658264160156,533.301513671875,7.271671772003174
-306.1080627441406,533.3739624023438,7.276836395263672
-306.15142822265625,533.4473266601562,7.282088756561279
-306.19683837890625,533.5220336914062,7.286866664886475
-306.2445068359375,533.5984497070312,7.290759563446045
-306.2951965332031,533.6771850585938,7.293842315673828
-306.3499755859375,533.7598266601562,7.296948432922363
-306.4092712402344,533.8468627929688,7.300678730010986
-306.4731140136719,533.939453125,7.305837631225586
-306.5420227050781,534.036376953125,7.311645030975342
-306.6146545410156,534.1375122070312,7.316391944885254
-306.6913146972656,534.2421264648438,7.318176746368408
-306.77215576171875,534.3504638671875,7.31678581237793
-306.8608093261719,534.4644775390625,7.31637716293335
-306.95562744140625,534.5861206054688,7.320194244384766
-307.05499267578125,534.7130126953125,7.32807207107544
-307.15948486328125,534.8433227539062,7.336024284362793
-307.27093505859375,534.9765625,7.343860149383545
-307.3873596191406,535.1134643554688,7.351404666900635
-307.5072937011719,535.2532348632812,7.358036994934082
-307.6282958984375,535.3950805664062,7.361571311950684
-307.7529296875,535.5355834960938,7.364179134368896
-307.87664794921875,535.6754760742188,7.368136405944824
-307.99920654296875,535.8136596679688,7.374814510345459
-308.1200866699219,535.9495239257812,7.383933067321777
-308.2392883300781,536.0831909179688,7.3933563232421875
-308.3568115234375,536.2146606445312,7.40142297744751
-308.4718322753906,536.3444213867188,7.405856132507324
-308.5863952636719,536.4705200195312,7.408947944641113
-308.6975402832031,536.5953369140625,7.413234710693359
-308.806396484375,536.7181396484375,7.420119285583496
-308.91314697265625,536.8390502929688,7.428717613220215
-309.0178527832031,536.9581298828125,7.436966896057129
-309.1207580566406,537.074951171875,7.444057464599609
-309.2208557128906,537.1903686523438,7.44810152053833
-309.3201904296875,537.3023071289062,7.449431419372559
-309.4173889160156,537.4116821289062,7.451933860778809
-309.5124206542969,537.5187377929688,7.457536697387695
-309.6059265136719,537.6235961914062,7.465522289276123
-309.69976806640625,537.7252807617188,7.478509426116943
-309.7895812988281,537.8268432617188,7.492090225219727
-309.87823486328125,537.9264526367188,7.501478672027588
-309.9658203125,538.02490234375,7.50398588180542
-310.0539855957031,538.1212158203125,7.500167846679688
-310.1440124511719,538.2163696289062,7.497365474700928
-310.23419189453125,538.3136596679688,7.500312805175781
-310.3262939453125,538.4117431640625,7.5102739334106445
-310.41888427734375,538.5114135742188,7.522046089172363
-310.5141906738281,538.6116333007812,7.532104015350342
-310.6127014160156,538.7139892578125,7.540142059326172
-310.71490478515625,538.8202514648438,7.54677677154541
-310.8203430175781,538.930908203125,7.550068378448486
-310.9308166503906,539.0458984375,7.549868106842041
-311.04718017578125,539.1651611328125,7.5454535484313965
-311.17462158203125,539.2911376953125,7.545790672302246
-311.30859375,539.4278564453125,7.55304479598999
-311.4475402832031,539.56884765625,7.564186096191406
-311.5894470214844,539.7127685546875,7.575460910797119
-311.73565673828125,539.8590087890625,7.58561897277832
-311.88519287109375,540.0086669921875,7.593574523925781
-312.03863525390625,540.1607666015625,7.598756313323975
-312.1978454589844,540.3153686523438,7.605862617492676
-312.3595886230469,540.4739990234375,7.617398262023926
-312.5225830078125,540.6361694335938,7.631091594696045
-312.687255859375,540.801513671875,7.641400337219238
-312.85552978515625,540.9685668945312,7.647091388702393
-313.0294494628906,541.1371459960938,7.650073051452637
-313.2113952636719,541.3069458007812,7.654911041259766
-313.3985900878906,541.483154296875,7.664072036743164
-313.58935546875,541.6624755859375,7.675097465515137
-313.7842712402344,541.8442993164062,7.686590671539307
-313.9841003417969,542.0292358398438,7.6974663734436035
-314.18975830078125,542.21630859375,7.709009170532227
-314.3997802734375,542.4072265625,7.719854831695557
-314.6146240234375,542.6009521484375,7.729593753814697
-314.8349304199219,542.7966918945312,7.7386298179626465
-315.06060791015625,542.9947509765625,7.748172760009766
-315.29150390625,543.1954345703125,7.758751392364502
-315.5270690917969,543.3988647460938,7.77050256729126
-315.7669372558594,543.60498046875,7.78303337097168
-316.0113525390625,543.81298828125,7.795921325683594
-316.2602233886719,544.0225830078125,7.808806896209717
-316.5133361816406,544.2341918945312,7.82177734375
-316.770751953125,544.4479370117188,7.835134506225586
-317.03253173828125,544.6636352539062,7.848844528198242
-317.2986755371094,544.8814697265625,7.86353588104248
-317.56903076171875,545.1015014648438,7.878701210021973
-317.84375,545.3231201171875,7.894448757171631
-318.1224365234375,545.546630859375,7.910207271575928
-318.405029296875,545.77197265625,7.925416946411133
-318.691650390625,545.9993896484375,7.940509796142578
-318.9825134277344,546.2286987304688,7.955894470214844
-319.27777099609375,546.4596557617188,7.971908092498779
-319.5773010253906,546.6924438476562,7.988663673400879
-319.8808288574219,546.9273681640625,8.0058012008667
-320.1884460449219,547.1641845703125,8.02338695526123
-320.49993896484375,547.40283203125,8.040629386901855
-320.8156433105469,547.6431274414062,8.057367324829102
-321.1355895996094,547.885009765625,8.073720932006836
-321.45977783203125,548.1285400390625,8.089879035949707
-321.787841796875,548.3734130859375,8.106225967407227
-322.1190185546875,548.6193237304688,8.122722625732422
-322.4524841308594,548.8659057617188,8.139217376708984
-322.7877502441406,549.1134643554688,8.155679702758789
-323.1242370605469,549.362060546875,8.171524047851562
-323.46185302734375,549.611328125,8.18729305267334
-323.79998779296875,549.8607177734375,8.203254699707031
-324.1378479003906,550.10986328125,8.219555854797363
-324.4747619628906,550.3587036132812,8.236194610595703
-324.8102111816406,550.6068115234375,8.253108978271484
-325.1436462402344,550.8541870117188,8.269977569580078
-325.47454833984375,551.1009521484375,8.286691665649414
-325.8028259277344,551.3463134765625,8.303340911865234
-326.12823486328125,551.5907592773438,8.31972885131836
-326.4503173828125,551.8342895507812,8.336161613464355
-326.7690124511719,552.0770874023438,8.352871894836426
-327.0843505859375,552.3191528320312,8.369948387145996
-327.3963928222656,552.5604858398438,8.387128829956055
-327.7051086425781,552.8011474609375,8.40378475189209
-328.01055908203125,553.0411987304688,8.419541358947754
-328.3126220703125,553.2804565429688,8.43449878692627
-328.6109619140625,553.5191650390625,8.449387550354004
-328.9059143066406,553.7565307617188,8.464499473571777
-329.19744873046875,553.9928588867188,8.479822158813477
-329.4857482910156,554.2282104492188,8.4951171875
-329.7709655761719,554.4627685546875,8.509784698486328
-330.05316162109375,554.6962890625,8.523889541625977
-330.3322448730469,554.9285888671875,8.537664413452148
-330.6080322265625,555.15966796875,8.551386833190918
-330.88079833984375,555.3893432617188,8.565092086791992
-331.150634765625,555.6176147460938,8.578649520874023
-331.4178161621094,555.844482421875,8.591899871826172
-331.6823425292969,556.0699462890625,8.604863166809082
-331.9443359375,556.2941284179688,8.617722511291504
-332.2038879394531,556.5171508789062,8.630741119384766
-332.4610290527344,556.7393188476562,8.643978118896484
-332.7159729003906,556.9606323242188,8.657302856445312
-332.96917724609375,557.1812744140625,8.670533180236816
-333.2208251953125,557.4012451171875,8.6835355758667
-333.4710388183594,557.6209716796875,8.696295738220215
-333.7200927734375,557.8406982421875,8.709051132202148
-333.9687194824219,558.060791015625,8.722047805786133
-334.21746826171875,558.281982421875,8.735304832458496
-334.4668884277344,558.504638671875,8.74885368347168
-334.71734619140625,558.7291259765625,8.762598991394043
-334.9687805175781,558.9554443359375,8.776443481445312
-335.22113037109375,559.18359375,8.790513038635254
-335.4742126464844,559.4138793945312,8.804903984069824
-335.7279052734375,559.6461181640625,8.819772720336914
-335.982177734375,559.8800659179688,8.834816932678223
-336.23712158203125,560.1159057617188,8.849836349487305
-336.4925231933594,560.3535766601562,8.864848136901855
-336.7483215332031,560.593017578125,8.880142211914062
-337.0041198730469,560.8345336914062,8.896199226379395
-337.25958251953125,561.0780029296875,8.912993431091309
-337.5144348144531,561.32275390625,8.9302978515625
-337.7680358886719,561.5684204101562,8.947783470153809
-338.0196228027344,561.8150024414062,8.964844703674316
-338.2688293457031,562.06201171875,8.981239318847656
-338.5152282714844,562.309326171875,8.997138977050781
-338.7582702636719,562.5570678710938,9.013076782226562
-338.9980163574219,562.8047485351562,9.02927589416504
-339.234375,563.0525512695312,9.045866012573242
-339.4673767089844,563.30029296875,9.062633514404297
-339.697265625,563.5479125976562,9.079144477844238
-339.9240417480469,563.7953491210938,9.09521198272705
-340.1474609375,564.042724609375,9.110931396484377
-340.36761474609375,564.289794921875,9.126442909240724
-340.5843811035156,564.5364990234375,9.141818046569824
-340.79791259765625,564.7828979492188,9.157220840454102
-341.00848388671875,565.0286254882812,9.172661781311035
-341.21636962890625,565.27392578125,9.18808650970459
-341.4216003417969,565.5187377929688,9.203454971313477
-341.6242980957031,565.7633666992188,9.218756675720217
-341.8243713378906,566.0079345703125,9.234092712402344
-342.0220031738281,566.2522583007812,9.249521255493164
-342.2168884277344,566.4967041015625,9.265003204345703
-342.40911865234375,566.7412109375,9.28042984008789
-342.598876953125,566.985595703125,9.295567512512209
-342.7860107421875,567.229736328125,9.310608863830566
-342.970458984375,567.4739379882812,9.325676918029783
-343.15234375,567.7179565429688,9.340911865234377
-343.33184814453125,567.9616088867188,9.356409072875977
-343.50885009765625,568.2049560546875,9.371973037719728
-343.68328857421875,568.4480590820312,9.387636184692385
-343.85546875,568.690673828125,9.40319538116455
-344.0252990722656,568.93310546875,9.418571472167969
-344.1928405761719,569.1754150390625,9.43397617340088
-344.35821533203125,569.4172973632812,9.449637413024902
-344.5211486816406,569.6588745117188,9.465495109558104
-344.68145751953125,569.900390625,9.481486320495604
-344.8396301269531,570.141357421875,9.497604370117188
-344.9954528808594,570.3821411132812,9.513681411743164
-345.1490173339844,570.6228637695312,9.529650688171388
-345.30035400390625,570.8633422851562,9.545428276062012
-345.4494934082031,571.103759765625,9.56100845336914
-345.596435546875,571.3439331054688,9.576774597167969
-345.740966796875,571.5839233398438,9.592923164367676
-345.8831481933594,571.8238525390625,9.609291076660156
-346.0232238769531,572.0637817382812,9.625640869140623
-346.1611328125,572.3037109375,9.641812324523926
-346.29681396484375,572.5437622070312,9.657747268676758
-346.4302062988281,572.7839965820312,9.673473358154297
-346.56146240234375,573.0242919921875,9.6890287399292
-346.6905212402344,573.264892578125,9.704465866088867
-346.81756591796875,573.5062255859375,9.720037460327148
-346.94287109375,573.74853515625,9.73594570159912
-347.0667724609375,573.9924926757812,9.752245903015137
-347.1898193359375,574.2385864257812,9.76876735687256
-347.3123474121094,574.4871215820312,9.785515785217283
-347.4342956542969,574.7381591796875,9.80231761932373
-347.5555725097656,574.9916381835938,9.81894302368164
-347.6761169433594,575.24755859375,9.835275650024414
-347.79583740234375,575.5059814453125,9.851287841796877
-347.91461181640625,575.7670288085938,9.867257118225098
-348.0323181152344,576.0305786132812,9.883373260498049
-348.1487731933594,576.2964477539062,9.89974308013916
-348.2640686035156,576.5647583007812,9.916290283203123
-348.3781433105469,576.83544921875,9.932931900024414
-348.49078369140625,577.1085815429688,9.949649810791016
-348.60223388671875,577.3842163085938,9.966350555419922
-348.7124328613281,577.6622314453125,9.983073234558104
-348.8209533691406,577.942626953125,9.999801635742188
-348.92755126953125,578.2252807617188,10.01681137084961
-349.0321350097656,578.5097045898438,10.034003257751465
-349.13421630859375,578.7960205078125,10.051339149475098
-349.2341613769531,579.0835571289062,10.068421363830566
-349.3318176269531,579.372314453125,10.085075378417969
-349.4272155761719,579.6618041992188,10.101522445678713
-349.52020263671875,579.9519653320312,10.118019104003906
-349.6105041503906,580.2430419921875,10.134610176086426
-349.6981201171875,580.5352783203125,10.151418685913086
-349.7833557128906,580.828369140625,10.168481826782228
-349.8659362792969,581.1226196289062,10.18575668334961
-349.9460144042969,581.417724609375,10.20301342010498
-350.0235900878906,581.7136840820312,10.21990203857422
-350.09857177734375,582.0103759765625,10.236531257629396
-350.1708679199219,582.307861328125,10.252975463867188
-350.2406921386719,582.6058959960938,10.269037246704102
-350.3077392578125,582.9044189453125,10.284939765930176
-350.3719787597656,583.2032470703125,10.300917625427246
-350.4331970214844,583.5023193359375,10.317059516906738
-350.4915771484375,583.8014526367188,10.333328247070312
-350.5472717285156,584.1008911132812,10.34974479675293
-350.6004638671875,584.4002685546875,10.36610507965088
-350.6514587402344,584.6998291015625,10.38182258605957
-350.7000732421875,584.9995727539062,10.396477699279783
-350.7464904785156,585.2994995117188,10.410026550292969
-350.790771484375,585.5997314453125,10.423277854919434
-350.83209228515625,585.9005737304688,10.437148094177246
-350.87091064453125,586.2020263671875,10.45164966583252
-350.9073181152344,586.5040283203125,10.466719627380373
-350.9415283203125,586.806640625,10.482439041137695
-350.9736022949219,587.110107421875,10.498261451721191
-351.00360107421875,587.4144897460938,10.513216972351074
-351.03125,587.719970703125,10.527094841003418
-351.0566101074219,588.0265502929688,10.540075302124023
-351.0797119140625,588.3344116210938,10.553403854370115
-351.1002197265625,588.6438598632812,10.568029403686523
-351.11859130859375,588.9550170898438,10.584372520446776
-351.13543701171875,589.2679443359375,10.601778984069824
-351.1503601074219,589.5826416015625,10.619543075561523
-351.1634826660156,589.8993530273438,10.637215614318848
-351.1750793457031,590.2180786132812,10.654645919799805
-351.18487548828125,590.5390014648438,10.671818733215332
-351.1927490234375,590.8619384765625,10.689030647277832
-351.19903564453125,591.1866455078125,10.706894874572754
-351.2032165527344,591.5131225585938,10.725564002990724
-351.2052307128906,591.8411865234375,10.74485206604004
-351.2052917480469,592.1708374023438,10.764433860778809
-351.2030334472656,592.502197265625,10.784286499023438
-351.1982116699219,592.8351440429688,10.804646492004396
-351.1905212402344,593.1694946289062,10.825368881225586
-351.1799011230469,593.5052490234375,10.846057891845703
-351.1665954589844,593.842041015625,10.866477966308594
-351.150146484375,594.1798095703125,10.88710117340088
-351.1308288574219,594.5182495117188,10.90809726715088
-351.1085510253906,594.8572998046875,10.929399490356444
-351.0829772949219,595.19677734375,10.951048851013184
-351.0545349121094,595.5366821289062,10.972614288330078
-351.02301025390625,595.8768920898438,10.993955612182615
-350.98809814453125,596.217529296875,11.015036582946776
-350.9503173828125,596.5585327148438,11.036175727844238
-350.90985107421875,596.8997802734375,11.057683944702148
-350.8662109375,597.2413330078125,11.079190254211426
-350.8193664550781,597.5831909179688,11.100774765014648
-350.7691345214844,597.9254150390625,11.122321128845217
-350.71539306640625,598.26806640625,11.144455909729004
-350.6581115722656,598.6109619140625,11.167898178100586
-350.5971984863281,598.9541015625,11.192309379577637
-350.53277587890625,599.29736328125,11.216724395751951
-350.46551513671875,599.6408081054688,11.24074363708496
-350.3955993652344,599.984619140625,11.26436710357666
-350.32232666015625,600.32861328125,11.288338661193848
-350.2452392578125,600.6724243164062,11.313264846801758
-350.1648864746094,601.016357421875,11.33907699584961
-350.0812683105469,601.3602905273438,11.365339279174805
-349.99432373046875,601.7044067382812,11.391836166381836
-349.90423583984375,602.0487060546875,11.418408393859863
-349.8108825683594,602.3933715820312,11.444731712341309
-349.7143859863281,602.7381591796875,11.470992088317873
-349.6144104003906,603.0831298828125,11.497462272644045
-349.5111083984375,603.4281616210938,11.524295806884766
-349.404541015625,603.7733764648438,11.55177879333496
-349.29437255859375,604.1185913085938,11.57993984222412
-349.1805114746094,604.4637451171875,11.608501434326172
-349.0633239746094,604.8090209960938,11.637139320373535
-348.94305419921875,605.1543579101562,11.665599822998049
-348.8194274902344,605.4998168945312,11.694506645202637
-348.6934509277344,605.8455810546875,11.72414207458496
-348.56536865234375,606.1915283203125,11.754646301269531
-348.4345397949219,606.5375366210938,11.78555393218994
-348.3012390136719,606.8837890625,11.8165283203125
-348.1656494140625,607.2305297851562,11.84772777557373
-348.0277099609375,607.5779418945312,11.879279136657717
-347.88739013671875,607.9259033203125,11.911582946777344
-347.744873046875,608.2744140625,11.944668769836426
-347.5999755859375,608.6234130859375,11.977947235107422
-347.45263671875,608.9729614257812,12.011079788208008
-347.3028564453125,609.3233642578125,12.044074058532717
-347.15167236328125,609.6747436523438,12.077754020690918
-346.9983215332031,610.0272216796875,12.113409996032717
-346.8424987792969,610.3807983398438,12.150372505187988
-346.68463134765625,610.7353515625,12.186615943908691
-346.5257568359375,611.0914916992188,12.22129249572754
-346.3656921386719,611.4496459960938,12.254934310913086
-346.2041931152344,611.8101806640625,12.288180351257324
-346.04229736328125,612.1741943359375,12.322748184204102
-345.87908935546875,612.5414428710938,12.35934066772461
-345.7135925292969,612.912109375,12.396228790283203
-345.5465087890625,613.2872924804688,12.43171215057373
-345.3782958984375,613.6672973632812,12.465479850769045
-345.20989990234375,614.0538330078125,12.499903678894045
-345.04058837890625,614.4470825195312,12.540027618408203
-344.8672180175781,614.843505859375,12.58120822906494
-344.6916809082031,615.2440185546875,12.620404243469238
-344.51458740234375,615.6495361328125,12.658442497253418
-344.3348693847656,616.060302734375,12.696850776672363
-344.1524963378906,616.47607421875,12.73688507080078
-343.9678649902344,616.8961181640625,12.777981758117676
-343.7808837890625,617.320068359375,12.819421768188477
-343.5914001464844,617.7477416992188,12.860931396484377
-343.3995666503906,618.1796264648438,12.903806686401367
-343.20526123046875,618.6155395507812,12.948287010192873
-343.007568359375,619.0549926757812,12.99327564239502
-342.80712890625,619.4978637695312,13.037026405334473
-342.6042175292969,619.9448852539062,13.08037567138672
-342.39788818359375,620.3964233398438,13.124833106994627
-342.1871032714844,620.8516845703125,13.169690132141112
-341.9721374511719,621.3103637695312,13.212154388427734
-341.7548828125,621.7745971679688,13.2556734085083
-341.5325927734375,622.2431030273438,13.301175117492676
-341.3064270019531,622.7162475585938,13.350290298461914
-341.0738220214844,623.1915893554688,13.39888858795166
-340.8384704589844,623.6709594726562,13.445549964904783
-340.6015625,624.1564331054688,13.495305061340332
-340.35858154296875,624.6453247070312,13.546069145202637
-340.11236572265625,625.1392211914062,13.601409912109377
-339.85906982421875,625.6343994140625,13.654773712158203
-339.6034240722656,626.1345825195312,13.708683013916016
-339.3421325683594,626.637939453125,13.76205062866211
-339.078125,627.1468505859375,13.817455291748049
-338.8084411621094,627.6591186523438,13.87435531616211
-338.53485107421875,628.1754150390625,13.93083953857422
-338.2577819824219,628.6956787109375,13.987420082092283
-337.9776306152344,629.2207641601562,14.04350471496582
-337.69415283203125,629.750732421875,14.101736068725586
-337.40545654296875,630.284912109375,14.15937328338623
-337.11309814453125,630.8234252929688,14.217134475708008
-336.81787109375,631.3675537109375,14.274107933044434
-336.51971435546875,631.9169921875,14.331637382507324
-336.21868896484375,632.4725341796875,14.39104461669922
-335.913818359375,633.0330200195312,14.453511238098145
-335.606689453125,633.5984497070312,14.516600608825684
-335.2976379394531,634.1685180664062,14.579200744628906
-334.9873352050781,634.74462890625,14.643582344055176
-334.6734619140625,635.3243408203125,14.708048820495604
-334.3598327636719,635.9107666015625,14.777352333068848
-334.04327392578125,636.4995727539062,14.84493350982666
-333.7265930175781,637.0934448242188,14.913496017456056
-333.4072265625,637.6902465820312,14.979999542236328
-333.08673095703125,638.2913208007812,15.044818878173828
-332.7655334472656,638.8988647460938,15.11113739013672
-332.4408264160156,639.5108032226562,15.180312156677246
-332.1137390136719,640.126220703125,15.24997901916504
-331.7851257324219,640.7451171875,15.318653106689451
-331.4560546875,641.368896484375,15.388854026794434
-331.12322998046875,641.9954833984375,15.457058906555176
-330.7881164550781,642.625732421875,15.524497032165527
-330.45135498046875,643.260986328125,15.591513633728027
-330.112060546875,643.9009399414062,15.659464836120604
-329.7704162597656,644.5460815429688,15.731584548950195
-329.4244689941406,645.193603515625,15.803105354309082
-329.0767822265625,645.8447875976562,15.874749183654783
-328.7261657714844,646.4996337890625,15.944693565368652
-328.37200927734375,647.1578369140625,16.01186752319336
-328.0162048339844,647.8228759765625,16.082950592041016
-327.6549987792969,648.4902954101562,16.153385162353516
-327.290283203125,649.1608276367188,16.222063064575195
-326.92498779296875,649.8364868164062,16.292537689208984
-326.5555419921875,650.5156860351562,16.363794326782227
-326.1802978515625,651.19775390625,16.434974670410156
-325.8022766113281,651.88330078125,16.505775451660156
-325.4223327636719,652.5723876953125,16.576698303222656
-325.0396728515625,653.2647094726562,16.649658203125
-324.65313720703125,653.9588012695312,16.72141456604004
-324.26373291015625,654.655029296875,16.789806365966797
-323.8736267089844,655.3551635742188,16.858123779296875
-323.4808349609375,656.0584716796875,16.925907135009766
-323.084716796875,656.7642211914062,16.99129295349121
-322.688232421875,657.4749755859375,17.058895111083984
-322.2892150878906,658.1884765625,17.12668800354004
-321.88763427734375,658.9043579101562,17.192447662353516
-321.4861755371094,659.6246337890625,17.259544372558594
-321.08306884765625,660.3482055664062,17.326446533203125
-320.67767333984375,661.0742797851562,17.391103744506836
-320.27142333984375,661.8043212890625,17.455671310424805
-319.8643493652344,662.537841796875,17.518930435180664
-319.4556579589844,663.2739868164062,17.58049201965332
-319.0470275878906,664.0142211914062,17.642215728759766
-318.6363830566406,664.7574462890625,17.702516555786133
-318.22393798828125,665.50341796875,17.759300231933594
-317.8121643066406,666.253173828125,17.814138412475586
-317.40087890625,667.0068969726562,17.868072509765625
-316.9875793457031,667.7633666992188,17.92131233215332
-316.5731506347656,668.5230712890625,17.97382164001465
-316.1580810546875,669.2861328125,18.025964736938477
-315.7425537109375,670.05224609375,18.07823371887207
-315.3263244628906,670.821044921875,18.13091468811035
-314.9095458984375,671.5921020507812,18.18345069885254
-314.49237060546875,672.365478515625,18.235258102416992
-314.07476806640625,673.1409301757812,18.28630256652832
-313.65692138671875,673.9185180664062,18.33730697631836
-313.2385559082031,674.6980590820312,18.388355255126953
-312.8194274902344,675.4786376953125,18.43735694885254
-312.4007568359375,676.2601318359375,18.484281539916992
-311.98223876953125,677.042724609375,18.527982711791992
-311.5630187988281,677.8268432617188,18.568315505981445
-311.1441650390625,678.6127319335938,18.60569190979004
-310.72552490234375,679.4005126953125,18.64158058166504
-310.30743408203125,680.1901245117188,18.67560386657715
-309.8901062011719,680.9814453125,18.70779609680176
-309.4727783203125,681.774169921875,18.73817253112793
-309.0555114746094,682.5684814453125,18.765819549560547
-308.638916015625,683.3644409179688,18.79175567626953
-308.2228698730469,684.1620483398438,18.815410614013672
-307.8075866699219,684.9611206054688,18.8378963470459
-307.3932800292969,685.7613525390625,18.857954025268555
-306.9801940917969,686.5625610351562,18.87489318847656
-306.5693359375,687.3651733398438,18.890382766723633
-306.16082763671875,688.1693725585938,18.90485191345215
-305.7545166015625,688.9742431640625,18.91914749145508
-305.35076904296875,689.7794799804688,18.932750701904297
-304.9498291015625,690.5843505859375,18.945314407348633
-304.5519714355469,691.3887939453125,18.95726776123047
-304.1568908691406,692.192626953125,18.968442916870117
-303.7647399902344,692.99560546875,18.97805976867676
-303.3766784667969,693.7977294921875,18.98575210571289
-302.99285888671875,694.5986328125,18.99226951599121
-302.6124267578125,695.3981323242188,18.99726676940918
-302.23541259765625,696.1962280273438,18.999820709228516
-301.8623962402344,696.9927978515625,19.001277923583984
-301.4928894042969,697.7874145507812,19.00094413757324
-301.12615966796875,698.5802001953125,18.99869728088379
-300.76251220703125,699.3709106445312,18.99673080444336
-300.4012145996094,700.1597290039062,18.995737075805664
-300.0416259765625,700.9458618164062,18.993881225585938
-299.6842956542969,701.7290649414062,18.990873336791992
-299.3295593261719,702.5094604492188,18.987525939941406
-298.9767761230469,703.2870483398438,18.985332489013672
-298.6244812011719,704.0621337890625,18.984174728393555
-298.2724914550781,704.8341674804688,18.980749130249023
-297.9210510253906,705.6027221679688,18.974016189575195
-297.5698547363281,706.3672485351562,18.9642276763916
-297.2174377441406,707.1287231445312,18.94967460632324
-296.8631591796875,707.8868408203125,18.932153701782227
-296.5064392089844,708.6409912109375,18.91387367248535
-296.1474609375,709.3908081054688,18.89642906188965
-295.7864074707031,710.1358642578125,18.879825592041016
-295.4231872558594,710.8759765625,18.863569259643555
-295.0580749511719,711.6112670898438,18.84699249267578
-294.6909484863281,712.342041015625,18.82976722717285
-294.3208923339844,713.06787109375,18.811967849731445
-293.9476013183594,713.7889404296875,18.792381286621097
-293.5707702636719,714.5046997070312,18.77116584777832
-293.189453125,715.21484375,18.74852752685547
-292.80389404296875,715.9194946289062,18.722850799560547
-292.4149475097656,716.6190185546875,18.694002151489254
-292.0208435058594,717.3123168945312,18.663597106933594
-291.62200927734375,718.0001220703125,18.63096809387207
-291.218017578125,718.6820678710938,18.59747314453125
-290.80804443359375,719.3574829101562,18.56549835205078
-290.3923645019531,720.0262451171875,18.534893035888672
-289.9717102050781,720.6883544921875,18.503572463989254
-289.5467224121094,721.3433837890625,18.471738815307617
-289.11822509765625,721.9922485351562,18.4403133392334
-288.6851806640625,722.6350708007812,18.410446166992188
-288.24676513671875,723.2717895507812,18.37920379638672
-287.805419921875,723.9036865234375,18.34381866455078
-287.3627014160156,724.5309448242188,18.30776023864746
-286.9154357910156,725.151123046875,18.273353576660156
-286.4630126953125,725.765380859375,18.23554039001465
-286.010498046875,726.3763427734375,18.195045471191406
-285.5580749511719,726.9829711914062,18.15392684936523
-285.1017150878906,727.5830078125,18.11199951171875
-284.6425476074219,728.1780395507812,18.069751739501953
-284.1823425292969,728.76904296875,18.026626586914062
-283.7196350097656,729.3549194335938,17.982009887695312
-283.2542724609375,729.9349975585938,17.936012268066406
-282.7872314453125,730.5103149414062,17.888347625732422
-282.31842041015625,731.0806884765625,17.839412689208984
-281.84820556640625,731.6463623046875,17.790132522583008
-281.3769836425781,732.2080078125,17.740318298339844
-280.9046325683594,732.765380859375,17.68973159790039
-280.43157958984375,733.3186645507812,17.639184951782227
-279.95831298828125,733.8681030273438,17.589277267456055
-279.48443603515625,734.4132690429688,17.539154052734375
-279.0098876953125,734.9544067382812,17.48856544494629
-278.5347595214844,735.4913330078125,17.437593460083008
-278.0591735839844,736.0243530273438,17.38614273071289
-277.582763671875,736.5533447265625,17.334392547607422
-277.1053161621094,737.0778198242188,17.282833099365234
-276.62677001953125,737.5980834960938,17.231740951538086
-276.1474609375,738.1141967773438,17.18111801147461
-275.6670227050781,738.6256103515625,17.130142211914062
-275.1854248046875,739.1321411132812,17.07815933227539
-274.7031555175781,739.6339111328125,17.024642944335938
-274.22039794921875,740.131103515625,16.96877670288086
-273.7355041503906,740.6231689453125,16.91091537475586
-273.24835205078125,741.1096801757812,16.851795196533203
-272.75946044921875,741.5914306640625,16.791072845458984
-272.2687072753906,742.0679931640625,16.729061126708984
-271.7757263183594,742.5385131835938,16.666906356811523
-271.2850646972656,742.996826171875,16.604873657226562
-270.80059814453125,743.4385986328125,16.540821075439453
-270.3136901855469,743.8792114257812,16.480192184448242
-269.8243408203125,744.3155517578125,16.420074462890625
-269.333984375,744.7481079101562,16.359495162963867
-268.8426818847656,745.1764526367188,16.297815322875977
-268.349365234375,745.6000366210938,16.234466552734375
-267.8543395996094,746.0184326171875,16.169710159301758
-267.3592224121094,746.4302978515625,16.104219436645508
-266.8700256347656,746.8311157226562,16.040180206298828
-266.3853759765625,747.2214965820312,15.979049682617188
-265.9007873535156,747.6063842773438,15.91545867919922
-265.4145202636719,747.9876098632812,15.84753131866455
-264.92620849609375,748.364013671875,15.776891708374023
-264.4359130859375,748.7352294921875,15.705122947692873
-263.9438781738281,749.1008911132812,15.633224487304688
-263.45037841796875,749.461181640625,15.561391830444336
-262.95587158203125,749.8164672851562,15.489651679992676
-262.4674987792969,750.1629028320312,15.41996955871582
-261.98211669921875,750.5025024414062,15.349202156066896
-261.4945983886719,750.8380126953125,15.276702880859377
-261.0061340332031,751.1694946289062,15.202524185180664
-260.5168762207031,751.49658203125,15.128008842468262
-260.0269775390625,751.81884765625,15.053766250610352
-259.5364990234375,752.1365966796875,14.97884464263916
-259.0454406738281,752.4500732421875,14.903104782104492
-258.55377197265625,752.7583618164062,14.827093124389648
-258.0657958984375,753.0580444335938,14.75131607055664
-257.5845031738281,753.3477783203125,14.67953872680664
-257.1069030761719,753.6310424804688,14.606266975402832
-256.6266784667969,753.9095458984375,14.530613899230955
-256.14459228515625,754.1828002929688,14.454176902770996
-255.661376953125,754.4507446289062,14.37787914276123
-255.1771240234375,754.7131958007812,14.301996231079102
-254.6921539306641,754.9703369140625,14.226526260375977
-254.20697021484375,755.22265625,14.151330947875977
-253.72181701660156,755.470458984375,14.075980186462402
-253.240234375,755.7135620117188,14.000518798828123
-252.7623748779297,755.950439453125,13.926175117492676
-252.283447265625,756.1829223632812,13.851442337036133
-251.80392456054688,756.411376953125,13.776862144470217
-251.3238983154297,756.6353149414062,13.701974868774414
-250.8441925048828,756.8551025390625,13.626639366149902
-250.36471557617188,757.0711669921875,13.551173210144045
-249.8854827880859,757.2836303710938,13.476109504699709
-249.4065399169922,757.4930419921875,13.401580810546877
-248.9280242919922,757.7005615234375,13.326854705810549
-248.4522705078125,757.9046020507812,13.251845359802246
-247.98138427734375,758.1044921875,13.177165031433104
-247.51187133789065,758.3014526367188,13.1039400100708
-247.0423583984375,758.4981079101562,13.030512809753418
-246.57244873046875,758.6941528320312,12.955137252807615
-246.1021270751953,758.8893432617188,12.878419876098633
-245.6313934326172,759.0831909179688,12.80128002166748
-245.1602783203125,759.2762451171875,12.724322319030762
-244.68890380859375,759.4686279296875,12.647171974182127
-244.2213897705078,759.6576538085938,12.570877075195312
-243.75909423828125,759.84375,12.496122360229492
-243.29617309570312,760.0303955078125,12.419427871704102
-242.83688354492188,760.2164916992188,12.340312957763672
-242.3763885498047,760.4036865234375,12.259145736694336
-241.9147186279297,760.5921020507812,12.178062438964844
-241.452392578125,760.7827758789062,12.097501754760742
-240.9895172119141,760.9749755859375,12.016114234924316
-240.52536010742188,761.1665649414062,11.932682037353516
-240.0598602294922,761.3607177734375,11.85062026977539
-239.5925445556641,761.5574340820312,11.773876190185549
-239.12388610839844,761.7521362304688,11.695182800292969
-238.65493774414065,761.9472045898438,11.609435081481934
-238.1858367919922,762.1426391601562,11.515840530395508
-237.71665954589844,762.3392944335938,11.416152000427246
-237.2437286376953,762.5357055664062,11.320232391357422
-236.76661682128903,762.7313232421875,11.227022171020508
-236.2847595214844,762.9259033203125,11.134271621704102
-235.8023681640625,763.1217651367188,11.036672592163086
-235.3202209472656,763.3304443359375,10.93927001953125
-234.8360595703125,763.54345703125,10.841625213623049
-234.34974670410156,763.7542724609375,10.73746109008789
-233.85806274414065,763.9694213867188,10.64384651184082
-233.36366271972656,764.1839599609375,10.555208206176758
-232.8695373535156,764.4066772460938,10.472206115722656
-232.37423706054688,764.628173828125,10.382757186889648
-231.87709045410156,764.8515625,10.289304733276367
-231.3762969970703,765.0728759765625,10.193500518798828
-230.8718414306641,765.2958984375,10.097689628601074
-230.3645782470703,765.5206909179688,10.004561424255373
-229.85401916503903,765.7435913085938,9.90886402130127
-229.34230041503903,765.9696044921875,9.812948226928713
-228.82785034179688,766.1953735351562,9.713811874389648
-228.31039428710935,766.4258422851562,9.61864185333252
-227.7892608642578,766.6536865234375,9.520854949951172
-227.2668304443359,766.8865966796875,9.425840377807615
-226.7417449951172,767.117919921875,9.328411102294922
-226.21551513671875,767.3518676757812,9.229318618774414
-225.68809509277344,767.5869750976562,9.12576961517334
-225.16000366210935,767.8287963867188,9.023923873901367
-224.62942504882812,768.0707397460938,8.921087265014648
-224.0980529785156,768.3187866210938,8.820160865783691
-223.56507873535156,768.5678100585938,8.71870231628418
-223.0319366455078,768.8226318359375,8.618544578552246
-222.4983367919922,769.078369140625,8.517986297607422
-221.96603393554688,769.3380126953125,8.416507720947266
-221.43527221679688,769.5995483398438,8.31348705291748
-220.90667724609375,769.8648071289062,8.211105346679688
-220.37973022460935,770.1307983398438,8.109881401062012
-219.8555603027344,770.4005126953125,8.01025676727295
-219.3340301513672,770.67138671875,7.911119937896728
-218.81459045410156,770.94384765625,7.811182498931885
-218.29795837402344,771.2174072265625,7.710611343383789
-217.78369140625,771.4931030273438,7.61007833480835
-217.2718963623047,771.7709350585938,7.511946678161621
-216.76138305664065,772.04931640625,7.413274765014648
-216.2537841796875,772.3302612304688,7.315469741821289
-215.7472686767578,772.6111450195312,7.216691017150879
-215.2433624267578,772.89453125,7.120183944702148
-214.74044799804688,773.17724609375,7.0221967697143555
-214.2401123046875,773.4627685546875,6.9257001876831055
-213.74020385742188,773.7467041015625,6.827933311462402
-213.24220275878903,774.032958984375,6.734127998352051
-212.74378967285156,774.31689453125,6.639151096343994
-212.2468719482422,774.6028442382812,6.546353816986084
-211.74954223632812,774.8866577148438,6.451527118682861
-211.25323486328125,775.1720581054688,6.358639717102051
-210.75668334960935,775.4556274414062,6.265492916107178
-210.2600860595703,775.7404174804688,6.173740386962891
-209.7623748779297,776.0230102539062,6.081181526184082
-209.26446533203125,776.30615234375,5.988103866577148
-208.7661895751953,776.5895385742188,5.894486427307129
-208.26751708984375,776.8729248046875,5.799866199493408
-207.76840209960935,777.1560668945312,5.7061448097229
-207.26844787597656,777.4390258789062,5.611248970031738
-206.7681121826172,777.7225341796875,5.516987323760986
-206.26678466796875,778.0062866210938,5.42158317565918
-205.7650909423828,778.2909545898438,5.327786445617676
-205.2620849609375,778.5750732421875,5.232455253601074
-204.759033203125,778.8622436523438,5.138598918914795
-204.2540740966797,779.1470947265625,5.041255950927734
-203.74903869628903,779.4340209960938,4.944077014923096
-203.24288940429688,779.7202758789062,4.8445024490356445
-202.7375946044922,780.009765625,4.746812343597412
-202.2308349609375,780.2977294921875,4.648303031921387
-201.7237548828125,780.5873413085938,4.550423622131348
-201.2160186767578,780.87646484375,4.451259136199951
-200.70843505859375,781.1673583984375,4.352184772491455
-200.20001220703125,781.4572143554688,4.252297878265381
-199.69189453125,781.7489013671875,4.1538166999816895
-199.18307495117188,782.0396728515625,4.054815292358398
-198.6740264892578,782.3328247070312,3.9587979316711426
-198.1632537841797,782.6231079101562,3.8636863231658936
-197.6527099609375,782.914794921875,3.7692439556121826
-197.14187622070312,783.2056274414062,3.673814058303833
-196.63099670410156,783.49755859375,3.5798697471618652
-196.11929321289065,783.7874755859375,3.4866878986358643
-195.60784912109375,784.0789184570312,3.395679473876953
-195.0960235595703,784.3687744140625,3.305112838745117
-194.58383178710935,784.658935546875,3.214855670928955
-194.0716094970703,784.9481811523438,3.124993085861206
-193.5590362548828,785.2383422851562,3.0362818241119385
-193.0461883544922,785.52734375,2.9481849670410156
-192.5329437255859,785.8167724609375,2.860452651977539
-192.01937866210935,786.1057739257812,2.77422833442688
-191.505126953125,786.3941040039062,2.687084674835205
-190.99107360839844,786.682373046875,2.600719928741455
-190.47662353515625,786.970458984375,2.513523817062378
-189.96241760253903,787.2586669921875,2.4287374019622803
-189.4471435546875,787.5455322265625,2.3434536457061768
-188.93197631835935,787.83251953125,2.259026527404785
-188.41619873046875,788.1189575195312,2.173073053359986
-187.90054321289065,788.4051513671875,2.0877184867858887
-187.38426208496097,788.6900634765625,2.0008058547973633
-186.8688201904297,788.9765625,1.9165416955947876
-186.35159301757812,789.2614135742188,1.8344614505767824
-185.83432006835935,789.546142578125,1.7547073364257812
-185.31629943847656,789.830078125,1.6747652292251587
-184.798095703125,790.1156616210938,1.6005134582519531
-184.2778778076172,790.39599609375,1.527789831161499
-183.75823974609375,790.6757202148438,1.4533053636550903
-183.23915100097656,790.95556640625,1.3773740530014038
-182.7197723388672,791.2342529296875,1.302311897277832
-182.19921875,791.5100708007812,1.2296714782714844
-181.6773681640625,791.7836303710938,1.157437086105347
-181.154541015625,792.056884765625,1.0879321098327637
-180.6296234130859,792.3279418945312,1.0233495235443115
-180.1032257080078,792.5955200195312,0.9596500396728516
-179.5767364501953,792.8613891601562,0.892986536026001
-179.05064392089844,793.1253662109375,0.8244423270225525
-178.52459716796875,793.3866577148438,0.7562981247901917
-177.99778747558594,793.644775390625,0.6900520324707031
-177.46974182128906,793.8997192382812,0.6256014108657837
-176.94049072265625,794.1525268554688,0.5611422061920166
-176.4104461669922,794.4036865234375,0.4959744811058044
-175.87982177734375,794.6527099609375,0.4291332066059112
-175.34927368164062,794.9000244140625,0.3600900769233703
-174.8192138671875,795.1459350585938,0.2890571355819702
-174.28915405273438,795.390380859375,0.218835562467575
-173.75772094726562,795.6328735351562,0.1523018479347229
-173.2251434326172,795.8741455078125,0.0884209871292114
-172.6925506591797,796.1155395507812,0.0246722996234893
-172.1597137451172,796.3560180664062,-0.0360085368156433
-171.62696838378906,796.5941162109375,-0.0916227549314498
-171.09423828125,796.8292846679688,-0.1456511467695236
-170.56214904785156,797.0628051757812,-0.2004492580890655
-170.03067016601562,797.295166015625,-0.2562358975410461
-169.4996795654297,797.5257568359375,-0.3114974796772003
-168.968505859375,797.7542724609375,-0.3650619983673095
-168.4359893798828,797.9806518554688,-0.4168933928012848
-167.90188598632812,798.20556640625,-0.4666009545326233
-167.3667449951172,798.4276123046875,-0.5164785385131836
-166.8314971923828,798.647705078125,-0.5693379640579224
-166.2969207763672,798.8658447265625,-0.6243841052055359
-165.76312255859375,799.0811767578125,-0.6795898079872131
-165.22962951660156,799.2936401367188,-0.7337828874588013
-164.69537353515625,799.5028076171875,-0.7857131361961365
-164.15928649902344,799.7083129882812,-0.8368347883224487
-163.6221466064453,799.9118041992188,-0.8877540826797485
-163.08457946777344,800.1128540039062,-0.9413244724273682
-162.54757690429688,800.3118286132812,-0.9968817234039308
-162.0114288330078,800.5084838867188,-1.0524985790252686
-161.47569274902344,800.703369140625,-1.1051032543182373
-160.9384307861328,800.8949584960938,-1.1525681018829346
-160.40005493164062,801.0845336914062,-1.1977488994598389
-159.8621368408203,801.27294921875,-1.2458117008209229
-159.3249969482422,801.4603881835938,-1.295696496963501
-158.7893829345703,801.6472778320312,-1.342127799987793
-158.25433349609375,801.8319091796875,-1.383259415626526
-157.7194366455078,802.0131225585938,-1.424142360687256
-157.1851806640625,802.1934814453125,-1.467708945274353
-156.6517333984375,802.3738403320312,-1.5134376287460327
-156.11888122558594,802.5540161132812,-1.5594446659088137
-155.5863800048828,802.7330322265625,-1.6050024032592771
-155.0535430908203,802.9110107421875,-1.650074481964111
-154.5207977294922,803.0890502929688,-1.6936683654785156
-153.98867797851562,803.2671508789062,-1.7364394664764404
-153.45733642578125,803.4439697265625,-1.7799450159072876
-152.92694091796875,803.6199951171875,-1.8245830535888672
-152.39784240722656,803.795654296875,-1.8692095279693604
-151.86956787109375,803.9707641601562,-1.9122800827026367
-151.3411407470703,804.144287109375,-1.953182816505432
-150.8122100830078,804.3162841796875,-1.9929505586624143
-150.28355407714844,804.4886474609375,-2.0325138568878174
-149.75535583496094,804.6605834960938,-2.0711774826049805
-149.22793579101562,804.830810546875,-2.109639883041382
-148.70144653320312,804.9996337890625,-2.148052453994751
-148.1755828857422,805.1673583984375,-2.1866750717163086
-147.65036010742188,805.3331909179688,-2.2269625663757324
-147.12594604492188,805.4976806640625,-2.2697949409484863
-146.6022491455078,805.661376953125,-2.3140830993652344
-146.0786590576172,805.8247680664062,-2.3556365966796875
-145.55389404296875,805.9871826171875,-2.3923585414886475
-145.02806091308594,806.149169921875,-2.4268689155578613
-144.502685546875,806.31005859375,-2.4651083946228027
-143.9780731201172,806.46923828125,-2.5077669620513916
-143.45584106445312,806.628662109375,-2.5509393215179443
-142.93551635742188,806.7874755859375,-2.5915567874908447
-142.41574096679688,806.9443359375,-2.628542900085449
-141.89529418945312,807.0994262695312,-2.664968252182007
-141.374267578125,807.2540893554688,-2.7027270793914795
-140.853271484375,807.4089965820312,-2.741881847381592
-140.33277893066406,807.5645751953125,-2.7809128761291504
-139.8131866455078,807.720458984375,-2.8168928623199463
-139.29449462890625,807.8753051757812,-2.85125732421875
-138.77676391601562,808.02978515625,-2.8855199813842773
-138.260009765625,808.1838989257812,-2.920549154281616
-137.74453735351562,808.3383178710938,-2.9557740688323975
-137.23020935058594,808.4928588867188,-2.990959405899048
-136.7169189453125,808.6480712890625,-3.025084972381592
-136.20408630371094,808.8034057617188,-3.0570905208587646
-135.69113159179688,808.9583740234375,-3.0870931148529053
-135.1786651611328,809.1133422851562,-3.1164708137512207
-134.6669464111328,809.2682495117188,-3.1463515758514404
-134.15611267089844,809.42333984375,-3.17503023147583
-133.64651489257812,809.577392578125,-3.202723979949951
-133.1381378173828,809.7306518554688,-3.2305312156677246
-132.6307373046875,809.8831787109375,-3.2592196464538574
-132.12396240234375,810.0344848632812,-3.2884440422058105
-131.61801147460938,810.1851806640625,-3.317697286605835
-131.1127166748047,810.33544921875,-3.346412420272827
-130.60743713378906,810.4845581054688,-3.374955654144287
-130.10211181640625,810.632568359375,-3.4030869007110596
-129.59725952148438,810.7804565429688,-3.4313910007476807
-129.09347534179688,810.928466796875,-3.4601848125457764
-128.5904541015625,811.076171875,-3.485995292663574
-128.08775329589844,811.2227783203125,-3.506335735321045
-127.5857925415039,811.3673095703125,-3.524879693984986
-127.08474731445312,811.5110473632812,-3.544936418533325
-126.58448028564452,811.654296875,-3.567868709564209
-126.0856704711914,811.79736328125,-3.5914840698242188
-125.58824920654295,811.939697265625,-3.6142537593841553
-125.09164428710938,812.0809936523438,-3.634592056274414
-124.594970703125,812.2203979492188,-3.652730226516723
-124.09781646728516,812.3585205078125,-3.6708600521087646
-123.60098266601562,812.4967041015625,-3.689976692199707
-123.10456085205078,812.6341552734375,-3.710905075073242
-122.60897064208984,812.7709350585938,-3.73263168334961
-122.11469268798828,812.9066772460938,-3.754401683807373
-121.62167358398438,813.0414428710938,-3.776066780090332
-121.12935638427734,813.175537109375,-3.796058654785156
-120.63685607910156,813.3080444335938,-3.8123183250427246
-120.14439392089844,813.4400634765625,-3.825318574905395
-119.6528091430664,813.5723876953125,-3.838824510574341
-119.16178131103516,813.703369140625,-3.854707956314087
-118.6716766357422,813.833740234375,-3.8709464073181152
-118.18291473388672,813.9635620117188,-3.8846709728240967
-117.69522094726562,814.0921020507812,-3.8960132598876953
-117.20816802978516,814.2199096679688,-3.905396699905395
-116.72126007080078,814.3460083007812,-3.9139442443847656
-116.2349624633789,814.469970703125,-3.9229655265808105
-115.74967956542967,814.59375,-3.9326529502868657
-115.26497650146484,814.7161254882812,-3.944103479385376
-114.78091430664062,814.8362426757812,-3.955913782119751
-114.29796600341795,814.9552001953125,-3.967128276824951
-113.81593322753906,815.0733642578125,-3.9774973392486577
-113.33419799804688,815.1897583007812,-3.988330602645874
-112.85271453857422,815.3045043945312,-4.000229835510254
-112.3716278076172,815.41796875,-4.013183116912842
-111.8911361694336,815.5303344726562,-4.0268168449401855
-111.41126251220705,815.6415405273438,-4.0407233238220215
-110.93196868896484,815.7514038085938,-4.054667949676514
-110.45320892333984,815.860107421875,-4.068328857421875
-109.97492218017578,815.967529296875,-4.081457138061523
-109.4969711303711,816.0733032226562,-4.094449043273926
-109.01950073242188,816.1778564453125,-4.107921600341797
-108.54251861572266,816.2813720703125,-4.121962547302246
-108.06593322753906,816.3836059570312,-4.135866165161133
-107.5896224975586,816.4842529296875,-4.149202823638916
-107.11341094970705,816.5830078125,-4.162190914154053
-106.6373291015625,816.679931640625,-4.175508499145508
-106.16158294677734,816.7750854492188,-4.189724445343018
-105.68631744384766,816.8684692382812,-4.203291416168213
-105.21153259277344,816.9595947265625,-4.2157301902771
-104.73715209960938,817.0479125976562,-4.227453231811523
-104.2632827758789,817.1334228515625,-4.239157676696777
-103.78983306884766,817.2164916992188,-4.249771595001221
-103.31710052490234,817.2975463867188,-4.257663726806641
-102.84524536132812,817.3749389648438,-4.263200283050537
-102.3744125366211,817.4486694335938,-4.2693963050842285
-101.90457916259766,817.5197143554688,-4.27723503112793
-101.43579864501952,817.5885620117188,-4.286491870880127
-100.96847534179688,817.6552124023438,-4.295334815979004
-100.50226593017578,817.7188720703125,-4.303375244140625
-100.0370864868164,817.7789916992188,-4.310257911682129
-99.57251739501952,817.8362426757812,-4.315807819366455
-99.10816955566406,817.890625,-4.3208513259887695
-98.64440155029295,817.9427490234375,-4.325906276702881
-98.18160247802734,817.9924926757812,-4.332219123840332
-97.71986389160156,818.0401000976562,-4.339744567871094
-97.2594757080078,818.0853881835938,-4.347510814666748
-96.8005142211914,818.1279907226562,-4.3549909591674805
-96.34278869628906,818.1680908203125,-4.362041473388672
-95.88616180419922,818.2053833007812,-4.36941385269165
-95.43045806884766,818.2399291992188,-4.377701282501221
-94.9754867553711,818.2723388671875,-4.386343955993652
-94.52117919921876,818.3033447265625,-4.393564224243164
-94.06768035888672,818.3326416015625,-4.399351596832275
-93.61511993408205,818.3597412109375,-4.4056477546691895
-93.1634750366211,818.3848266601562,-4.413578510284424
-92.7128677368164,818.4083862304688,-4.422933101654053
-92.26367950439452,818.4310302734375,-4.431180953979492
-91.81594848632812,818.4522094726562,-4.436522006988525
-91.36915588378906,818.4711303710938,-4.439239501953125
-90.92304229736328,818.4874877929688,-4.44154691696167
-90.47767639160156,818.5021362304688,-4.44507360458374
-90.032958984375,818.516357421875,-4.448976516723633
-89.58895111083984,818.529541015625,-4.451125621795654
-89.1457748413086,818.5403442382812,-4.451725006103516
-88.70349884033203,818.5487670898438,-4.453150749206543
-88.26199340820312,818.5557250976562,-4.456162452697754
-87.82102966308594,818.5610961914062,-4.461575508117676
-87.38076782226562,818.5646362304688,-4.469259738922119
-86.9412841796875,818.5663452148438,-4.4788432121276855
-86.50236511230469,818.5658569335938,-4.488987922668457
-86.06342315673828,818.5628051757812,-4.49701452255249
-85.62345886230469,818.5564575195312,-4.5016069412231445
-85.18246459960938,818.5491943359375,-4.504638195037842
-84.74076080322266,818.5413818359375,-4.510908603668213
-84.29793548583984,818.5318603515625,-4.521778583526611
-83.85309600830078,818.5191650390625,-4.535167694091797
-83.40586853027344,818.5054321289062,-4.546579360961914
-82.95513153076172,818.4893798828125,-4.554055213928223
-82.50077819824219,818.4710693359375,-4.5591349601745605
-82.04244995117188,818.4514770507812,-4.563746452331543
-81.57943725585938,818.4309692382812,-4.569241046905518
-81.1107406616211,818.4093017578125,-4.575741291046143
-80.63525390625,818.3864135742188,-4.5825910568237305
-80.15238189697266,818.3619995117188,-4.589399814605713
-79.6620864868164,818.3359985351562,-4.596475601196289
-79.16433715820312,818.3089599609375,-4.603906631469727
-78.65902709960938,818.2810668945312,-4.611441612243652
-78.14612579345703,818.2518310546875,-4.618997097015381
-77.62566375732422,818.22119140625,-4.626613616943359
-77.09745025634766,818.189208984375,-4.634355545043945
-76.56114196777344,818.155517578125,-4.6423234939575195
-76.0164566040039,818.1202392578125,-4.650505065917969
-75.46307373046875,818.0831298828125,-4.658649444580078
-74.90093994140625,818.044189453125,-4.666714668273926
-74.33014678955078,818.0030517578125,-4.6749162673950195
-73.7507095336914,817.9600219726562,-4.683318138122559
-73.16259002685547,817.9149780273438,-4.691895008087158
-72.5658187866211,817.8677978515625,-4.700389385223389
-71.96099853515625,817.8182373046875,-4.709175109863281
-71.34855651855469,817.7665405273438,-4.718379974365234
-70.72879028320312,817.7122802734375,-4.728083610534668
-70.10197448730469,817.6558227539062,-4.7382426261901855
-69.46830749511719,817.5969848632812,-4.748841762542725
-68.82796478271484,817.5359497070312,-4.759489059448242
-68.18141174316406,817.4724731445312,-4.769703388214111
-67.52973175048828,817.4066772460938,-4.779823303222656
-66.87421417236328,817.3383178710938,-4.789934158325195
-66.21627044677734,817.2677001953125,-4.799893379211426
-65.55745697021484,817.1948852539062,-4.809903621673584
-64.89901733398438,817.1193237304688,-4.820239067077637
-64.24186706542969,817.0410766601562,-4.8309550285339355
-63.58651351928711,816.960693359375,-4.841728687286377
-62.933319091796875,816.8779296875,-4.852434158325195
-62.28250503540039,816.7924194335938,-4.862919330596924
-61.63429260253906,816.7042846679688,-4.873046398162842
-60.98892974853515,816.6136474609375,-4.882832050323486
-60.34651565551758,816.5206909179688,-4.892279148101807
-59.70721054077149,816.4251708984375,-4.901423454284668
-59.071067810058594,816.3265991210938,-4.91095495223999
-58.43803405761719,816.2255859375,-4.921054840087891
-57.80812454223633,816.1221313476562,-4.931725025177002
-57.18149185180664,816.0155029296875,-4.942567825317383
-56.55800247192383,815.905517578125,-4.953658103942871
-55.93770217895508,815.7922973632812,-4.965486526489258
-55.32073974609375,815.6759033203125,-4.978090763092041
-54.70722579956055,815.5563354492188,-4.990671634674072
-54.09718704223633,815.433837890625,-5.002328395843506
-53.49049758911133,815.3079833984375,-5.012744426727295
-52.887149810791016,815.1791381835938,-5.022878646850586
-52.28726577758789,815.0474243164062,-5.033025741577148
-51.691043853759766,814.9131469726562,-5.0430827140808105
-51.0984992980957,814.7761840820312,-5.053109169006348
-50.509544372558594,814.6362915039062,-5.063316345214844
-49.9240837097168,814.4937133789062,-5.073367595672607
-49.342018127441406,814.3482055664062,-5.083098411560059
-48.763275146484375,814.1998291015625,-5.092622756958008
-48.18791580200195,814.048583984375,-5.102671146392822
-47.61600875854492,813.8949584960938,-5.113239765167236
-47.04766082763672,813.7390747070312,-5.12384557723999
-46.48294448852539,813.5808715820312,-5.134363651275635
-45.92179489135742,813.4200439453125,-5.144631385803223
-45.36402130126953,813.2567138671875,-5.154480457305908
-44.80973052978515,813.0908813476562,-5.164011478424072
-44.25905227661133,812.9225463867188,-5.173799514770508
-43.711891174316406,812.7518310546875,-5.184013366699219
-43.16842269897461,812.5786743164062,-5.194289207458496
-42.62870407104492,812.4031372070312,-5.204072952270508
-42.09248352050781,812.2251586914062,-5.213037967681885
-41.559791564941406,812.0447387695312,-5.221816062927246
-41.030757904052734,811.8617553710938,-5.230700969696045
-40.50543594360352,811.6763305664062,-5.240878105163574
-39.98380279541016,811.4890747070312,-5.2523274421691895
-39.46593475341797,811.299560546875,-5.2643537521362305
-38.95180130004883,811.1075439453125,-5.277487754821777
-38.4411735534668,810.9131469726562,-5.290439605712891
-37.93415832519531,810.7157592773438,-5.3032965660095215
-37.43070602416992,810.5159301757812,-5.315918445587158
-36.93091583251953,810.3140258789062,-5.3279829025268555
-36.434200286865234,810.1101684570312,-5.340238094329834
-35.9405517578125,809.9047241210938,-5.352694988250732
-35.45050811767578,809.697509765625,-5.3649420738220215
-34.96436309814453,809.4881591796875,-5.377079963684082
-34.482154846191406,809.2765502929688,-5.3893585205078125
-34.0037841796875,809.0629272460938,-5.402190208435059
-33.528987884521484,808.8475952148438,-5.415965557098389
-33.05773162841797,808.6305541992188,-5.430537223815918
-32.589778900146484,808.4120483398438,-5.4451003074646
-32.125099182128906,808.1917724609375,-5.459572792053223
-31.663562774658203,807.969970703125,-5.473231315612793
-31.20509910583496,807.7467041015625,-5.485264301300049
-30.74985122680664,807.5220336914062,-5.497470855712891
-30.29765892028809,807.296630859375,-5.510789394378662
-29.84836769104004,807.0709838867188,-5.524602890014648
-29.40201759338379,806.8450317382812,-5.538081645965576
-28.95849609375,806.6184692382812,-5.550642967224121
-28.517528533935547,806.39111328125,-5.562601089477539
-28.07840919494629,806.1631469726562,-5.575184345245361
-27.640819549560547,805.934814453125,-5.588374614715576
-27.204761505126953,805.7063598632812,-5.60177755355835
-26.77020835876465,805.4779052734375,-5.615072727203369
-26.337087631225582,805.2490234375,-5.6282758712768555
-25.90519142150879,805.0198974609375,-5.64132833480835
-25.47425842285156,804.7906494140625,-5.6541948318481445
-25.04407501220703,804.5616455078125,-5.666792392730713
-24.61455726623535,804.33251953125,-5.679093360900879
-24.185701370239254,804.1032104492188,-5.691339492797852
-23.75751686096191,803.8734130859375,-5.703835487365723
-23.329917907714844,803.6431884765625,-5.716932773590088
-22.902700424194336,803.4127807617188,-5.730775356292725
-22.475631713867188,803.1819458007812,-5.744769096374512
-22.048574447631836,802.9507446289062,-5.7584710121154785
-21.62128257751465,802.7190551757812,-5.771811485290527
-21.193456649780273,802.4867553710938,-5.785117149353027
-20.76494026184082,802.2537231445312,-5.798153877258301
-20.335668563842773,802.0199584960938,-5.811182498931885
-19.905607223510746,801.7857666015625,-5.824184417724609
-19.47471618652344,801.5508422851562,-5.837137699127197
-19.042903900146484,801.3150024414062,-5.849853992462158
-18.61021614074707,801.078125,-5.861976623535156
-18.176584243774418,800.8400268554688,-5.87356424331665
-17.74192237854004,800.60107421875,-5.885219097137451
-17.306299209594727,800.361328125,-5.897522926330566
-16.86969566345215,800.1207275390625,-5.910497188568115
-16.43213653564453,799.8793334960938,-5.924228668212891
-15.993616104125977,799.63720703125,-5.938619613647461
-15.55393123626709,799.3942260742188,-5.953752517700195
-15.112947463989258,799.150390625,-5.969150543212891
-14.670766830444336,798.9051513671875,-5.985193729400635
-14.22704792022705,798.6589965820312,-6.001489639282227
-13.78203582763672,798.4117431640625,-6.0181121826171875
-13.335874557495115,798.1635131835938,-6.035129547119141
-12.888449668884276,797.9140625,-6.051229953765869
-12.439878463745115,797.6638793945312,-6.067202091217041
-11.990174293518066,797.4130249023438,-6.083071231842041
-11.539572715759276,797.1609497070312,-6.098620414733887
-11.088153839111328,796.9074096679688,-6.113478183746338
-10.635886192321776,796.6525268554688,-6.12723445892334
-10.182790756225586,796.3966064453125,-6.140100002288818
-9.729296684265137,796.1392822265625,-6.153192520141602
-9.275418281555176,795.8809204101562,-6.167436599731445
-8.821154594421387,795.6216430664062,-6.183091163635254
-8.3663911819458,795.3612670898438,-6.199752330780029
-7.910343647003174,795.0999145507812,-6.214727401733398
-7.453582286834717,794.8357543945312,-6.227382659912109
-6.995951175689697,794.5697021484375,-6.238293170928955
-6.537722110748291,794.3021240234375,-6.2493181228637695
-6.078132152557373,794.0339965820312,-6.2592315673828125
-5.618063926696777,793.7648315429688,-6.2672224044799805
-5.158601760864258,793.494384765625,-6.276101589202881
-4.698789596557617,793.2239379882812,-6.287072658538818
-4.238390922546387,792.9528198242188,-6.2999420166015625
-3.777401924133301,792.6796264648438,-6.3114495277404785
-3.315643072128296,792.40478515625,-6.320964813232422
-2.85356068611145,792.1282348632812,-6.330319404602051
-2.3910810947418213,791.8505249023438,-6.341548442840576
-1.928036093711853,791.572265625,-6.354309558868408
-1.4646655321121216,791.2930297851562,-6.3668742179870605
-1.0008132457733154,791.0132446289062,-6.378702640533447
-0.5363789796829224,790.7333374023438,-6.389903545379639
-0.0717887431383133,790.4524536132812,-6.40151309967041
0.3929592072963714,790.1708984375,-6.413795471191406
0.8577496409416199,789.888671875,-6.426966667175293
1.3223590850830078,789.605224609375,-6.440866947174072
1.7869654893875122,789.3209838867188,-6.455660820007324
2.25170373916626,789.0360107421875,-6.471186637878418
2.7164504528045654,788.75,-6.487627983093262
3.1812572479248047,788.462890625,-6.504770278930664
3.645916700363159,788.1744995117188,-6.522543907165527
4.110799312591553,787.8853149414062,-6.539997100830078
4.575864791870117,787.5952758789062,-6.557053089141846
5.041121482849121,787.3047485351562,-6.573925495147705
5.506392002105713,787.0133666992188,-6.590267181396484
5.971817970275879,786.7213745117188,-6.606279373168945
6.43760871887207,786.428955078125,-6.621201038360596
6.903669357299805,786.1359252929688,-6.634461402893066
7.3693695068359375,785.8419189453125,-6.647588729858398
7.834958553314209,785.5476684570312,-6.6615190505981445
8.300636291503906,785.2534790039062,-6.676435947418213
8.766480445861816,784.9594116210938,-6.692336082458496
9.23247241973877,784.6651611328125,-6.708616733551025
9.698452949523926,784.369384765625,-6.725463390350342
10.164963722229004,784.072998046875,-6.74283504486084
10.6320219039917,783.7763671875,-6.760539531707764
11.099505424499512,783.4797973632812,-6.778881072998047
11.567317962646484,783.1832885742188,-6.797847747802734
12.035290718078612,782.88671875,-6.817047119140625
12.503561973571776,782.59033203125,-6.8358917236328125
12.972216606140137,782.2938842773438,-6.854109764099121
13.441357612609863,781.9974365234375,-6.871934413909912
13.911067008972168,781.7011108398438,-6.88993501663208
14.381108283996582,781.4049072265625,-6.908824920654297
14.851452827453612,781.1092529296875,-6.928508758544922
15.322080612182615,780.8139038085938,-6.948397636413574
15.793262481689451,780.5189208984375,-6.967722415924072
16.26491355895996,780.2239379882812,-6.986799716949463
16.736865997314453,779.9284057617188,-7.006017208099365
17.209156036376953,779.6325073242188,-7.025113582611084
17.681631088256836,779.3363037109375,-7.043841361999512
18.1545467376709,779.0406494140625,-7.062221527099609
18.62762451171875,778.7450561523438,-7.080569267272949
19.100595474243164,778.4490356445312,-7.098913192749023
19.573448181152344,778.1525268554688,-7.1172614097595215
20.04637336730957,777.8558959960938,-7.135789394378662
20.5196590423584,777.5592651367188,-7.154836654663086
20.992948532104492,777.2622680664062,-7.175220966339111
21.46633529663086,776.965087890625,-7.19715690612793
21.940109252929688,776.6680908203125,-7.21998405456543
22.414451599121097,776.37109375,-7.2418928146362305
22.889026641845703,776.0731201171875,-7.261730194091797
23.364152908325195,775.7748413085938,-7.280270099639893
23.839839935302734,775.4769287109375,-7.299258708953857
24.315746307373047,775.1790161132812,-7.317792892456055
24.791400909423828,774.8807373046875,-7.335014820098877
25.266756057739254,774.581787109375,-7.352429389953613
25.742401123046875,774.2830200195312,-7.370327949523926
26.218584060668945,773.9844360351562,-7.388863563537598
26.695255279541016,773.6859130859375,-7.407909393310547
27.172672271728516,773.3876953125,-7.426653861999512
27.650245666503903,773.0887451171875,-7.4449462890625
28.12808609008789,772.7899169921875,-7.462952613830566
28.60675621032715,772.491943359375,-7.480494022369385
29.08591079711914,772.1942138671875,-7.497890472412109
29.565420150756836,771.896484375,-7.515539646148682
30.045331954956055,771.5988159179688,-7.533596515655518
30.525876998901367,771.3013305664062,-7.551689624786377
31.00721740722656,771.0042724609375,-7.569773197174072
31.48929786682129,770.7073364257812,-7.587639331817627
31.97214698791504,770.41064453125,-7.6051788330078125
32.45573425292969,770.1144409179688,-7.6228485107421875
32.93873977661133,769.8175659179688,-7.642986297607422
