x,y,z
26.63820457458496,759.1875610351562,-7.702856063842773
27.28797912597656,758.76611328125,-7.720893383026123
27.942216873168945,758.3401489257812,-7.739031791687012
28.601272583007812,757.9105224609375,-7.7589006423950195
29.265838623046875,757.4776611328125,-7.780625820159912
29.935747146606445,757.041259765625,-7.803787708282471
30.610595703125,756.6014404296875,-7.828417778015137
31.290483474731445,756.1588134765625,-7.854155540466309
31.97587013244629,755.7138671875,-7.880282878875732
32.66701126098633,755.2675170898438,-7.906146049499512
33.36357498168945,754.8203735351562,-7.930502891540527
34.06334686279297,754.371826171875,-7.952887058258057
34.76619338989258,753.9236450195312,-7.973996639251709
35.47200012207031,753.4772338867188,-7.994614124298096
36.18035507202149,753.03271484375,-8.015097618103027
36.89057159423828,752.590087890625,-8.036795616149902
37.60234451293945,752.1495971679688,-8.06010913848877
38.31578826904297,751.7122192382812,-8.0839262008667
39.03086471557617,751.2781982421875,-8.108301162719727
39.74724197387695,750.8472900390625,-8.132902145385742
40.46453094482422,750.419677734375,-8.157928466796875
41.1823616027832,749.9951171875,-8.18270206451416
41.90073776245117,749.5737915039062,-8.204858779907227
42.61985778808594,749.1560668945312,-8.224493026733398
43.338905334472656,748.7415771484375,-8.24427604675293
44.057029724121094,748.3301391601562,-8.263667106628418
44.7738037109375,747.9212646484375,-8.282158851623535
45.489200592041016,747.51416015625,-8.2999267578125
46.2033805847168,747.1091918945312,-8.317354202270508
46.91602325439453,746.705810546875,-8.335123062133789
47.62702941894531,746.30419921875,-8.353493690490723
48.33598709106445,745.9038696289062,-8.372703552246094
49.04261016845703,745.5042724609375,-8.392973899841309
49.74705123901367,745.1056518554688,-8.413774490356445
50.44962310791016,744.7077026367188,-8.436101913452148
51.14997482299805,744.3099975585938,-8.459458351135254
51.84740447998047,743.9116821289062,-8.48181438446045
52.54181289672851,743.5123901367188,-8.501152038574219
53.2336540222168,743.11328125,-8.51736831665039
53.92295837402344,742.7151489257812,-8.533804893493652
54.60919189453125,742.3169555664062,-8.551419258117676
55.29206466674805,741.9186401367188,-8.570253372192383
55.971717834472656,741.5200805664062,-8.590043067932129
56.64933395385742,741.1219482421875,-8.610971450805664
57.32477188110352,740.7236328125,-8.633581161499023
57.99767303466797,740.3245849609375,-8.657323837280273
58.667823791503906,739.9248657226562,-8.681739807128906
59.3349609375,739.5242309570312,-8.705887794494629
59.999141693115234,739.1229858398438,-8.729191780090332
60.660400390625,738.7211303710938,-8.751680374145508
61.31851959228515,738.31884765625,-8.773344993591309
61.97384262084961,737.91650390625,-8.79423713684082
62.6265869140625,737.5144653320312,-8.814657211303711
63.276893615722656,737.112548828125,-8.834778785705566
63.924949645996094,736.7111206054688,-8.85515308380127
64.57091522216797,736.3101196289062,-8.876211166381836
65.21412658691406,735.9083251953125,-8.896692276000977
65.85535430908203,735.5072021484375,-8.916542053222656
66.49481964111328,735.1065063476562,-8.936372756958008
67.13198852539062,734.7058715820312,-8.95634937286377
67.7666015625,734.3052368164062,-8.975589752197266
68.39991760253906,733.9069213867188,-8.996108055114746
69.03112030029297,733.5081176757812,-9.017970085144045
69.66014862060547,733.1073608398438,-9.038622856140137
70.28730773925781,732.7056274414062,-9.05606460571289
70.91271209716797,732.3037719726562,-9.071680068969728
71.53648376464844,731.9025268554688,-9.08750343322754
72.1579818725586,731.501220703125,-9.10353946685791
72.77725982666016,731.0997924804688,-9.119303703308104
73.39500427246094,730.6986694335938,-9.134652137756348
74.01212310791016,730.2990112304688,-9.150379180908203
74.6280746459961,729.89990234375,-9.167171478271484
75.24278259277344,729.5014038085938,-9.185150146484377
75.85635375976562,729.1035766601562,-9.20386028289795
76.46891784667969,728.7062377929688,-9.222634315490724
77.08078002929688,728.3096923828125,-9.24105167388916
77.69195556640625,727.9139404296875,-9.259045600891112
78.302001953125,727.5188598632812,-9.276982307434082
78.91094207763672,727.1245727539062,-9.295187950134276
79.51898956298828,726.7310791015625,-9.313191413879396
80.12632751464844,726.33837890625,-9.330535888671877
80.73307800292969,725.9463500976562,-9.34682273864746
81.33941650390625,725.5554809570312,-9.362324714660645
81.94532775878906,725.1659545898438,-9.378106117248535
82.5505599975586,724.77734375,-9.394539833068848
83.15526580810547,724.3893432617188,-9.411733627319336
83.75997924804688,724.0018920898438,-9.429292678833008
84.36553955078125,723.6146850585938,-9.44752597808838
84.97205352783203,723.2271118164062,-9.466388702392578
85.5796127319336,722.8388671875,-9.48537826538086
86.18828582763672,722.4496459960938,-9.503938674926758
86.79804992675781,722.059326171875,-9.52214241027832
87.40900421142578,721.6679077148438,-9.540160179138184
88.02129364013672,721.2754516601562,-9.558009147644045
88.63482666015625,720.881591796875,-9.575767517089844
89.24950408935547,720.4862060546875,-9.593635559082031
89.86551666259766,720.0892944335938,-9.611516952514648
90.48287200927734,719.6908569335938,-9.629349708557127
91.10148620605467,719.2908935546875,-9.6473388671875
91.72126770019533,718.8892822265625,-9.665650367736816
92.34220886230467,718.4861450195312,-9.684396743774414
92.96431732177734,718.0816040039062,-9.703721046447754
93.58763122558594,717.6758422851562,-9.723495483398438
94.21231079101562,717.2692260742188,-9.74372100830078
94.83845520019533,716.8621826171875,-9.764676094055176
95.46560668945312,716.4547119140625,-9.78608512878418
96.09374237060548,716.046630859375,-9.807305335998535
96.72345733642578,715.6389770507812,-9.82757568359375
97.35468292236328,715.2313842773438,-9.846634864807127
97.98735809326172,714.8241577148438,-9.864302635192873
98.62142181396484,714.4183349609375,-9.881789207458496
99.25624084472656,714.0137939453125,-9.899703979492188
99.89144134521484,713.6099853515625,-9.917316436767578
100.52742767333984,713.2074584960938,-9.933761596679688
101.1647720336914,712.8071899414062,-9.949726104736328
101.8028793334961,712.4088745117188,-9.966476440429688
102.44123840332033,712.0120849609375,-9.984283447265623
103.07966613769533,711.6168823242188,-10.003165245056152
103.71825408935548,711.2229614257812,-10.022825241088867
104.35730743408205,710.830078125,-10.042606353759766
104.99674224853516,710.438232421875,-10.061779022216797
105.63639068603516,710.0468139648438,-10.080199241638184
106.27556610107422,709.6553955078125,-10.097731590270996
106.91447448730467,709.2643432617188,-10.114314079284668
107.553466796875,708.8735961914062,-10.129639625549316
108.19271850585938,708.4829711914062,-10.143884658813477
108.8322296142578,708.0924682617188,-10.157792091369627
109.47196197509766,707.7012329101562,-10.171533584594728
110.1119613647461,707.3094482421875,-10.18514347076416
110.75236511230467,706.9169311523438,-10.19857692718506
111.3933334350586,706.5234985351562,-10.211785316467283
112.03482818603516,706.1290893554688,-10.224865913391112
112.6769561767578,705.7334594726562,-10.2376127243042
113.31968688964844,705.3365478515625,-10.249921798706056
113.96295166015624,704.9381103515625,-10.26217269897461
114.60694885253906,704.5382080078125,-10.274080276489258
115.25176239013672,704.1367797851562,-10.285619735717772
115.89743041992188,703.73388671875,-10.297364234924316
116.54389190673828,703.3291015625,-10.30906581878662
117.19116973876952,702.9223022460938,-10.320350646972656
117.8397979736328,702.51416015625,-10.331315994262695
118.4897003173828,702.104736328125,-10.342586517333984
119.14060974121094,701.6939086914062,-10.354543685913086
119.7926254272461,701.2819213867188,-10.367379188537598
120.44597625732422,700.8690185546875,-10.381243705749512
121.10076904296876,700.4551391601562,-10.396331787109377
121.75716400146484,700.0402221679688,-10.41233253479004
122.4153060913086,699.6248779296875,-10.429089546203612
123.07450103759766,699.2083129882812,-10.44639015197754
123.73484802246094,698.7904052734375,-10.463022232055664
124.39691925048828,698.3717651367188,-10.478178024291992
125.06063079833984,697.9520874023438,-10.491192817687988
125.7259292602539,697.531982421875,-10.502364158630373
126.39242553710938,697.1123046875,-10.51358127593994
127.05936431884766,696.6920776367188,-10.525351524353027
127.72663116455078,696.2711791992188,-10.537604331970217
128.3949737548828,695.8502807617188,-10.550230979919434
129.06483459472656,695.4295654296875,-10.563935279846191
129.73590087890625,695.0084838867188,-10.578174591064451
130.4080047607422,694.5868530273438,-10.592808723449709
131.08103942871094,694.1646118164062,-10.607550621032717
131.75511169433594,693.7420043945312,-10.621819496154783
132.4303741455078,693.3187866210938,-10.635162353515623
133.1068115234375,692.8948974609375,-10.647069931030272
133.78399658203125,692.4700927734375,-10.657867431640623
134.46209716796875,692.044921875,-10.668120384216309
135.14097595214844,691.6193237304688,-10.67781925201416
135.82070922851562,691.1932373046875,-10.687292098999023
136.50131225585938,690.7666625976562,-10.696946144104004
137.18289184570312,690.33935546875,-10.706953048706056
137.86546325683594,689.9114990234375,-10.71738624572754
138.54908752441406,689.4829711914062,-10.728282928466797
139.23374938964844,689.0538330078125,-10.739606857299805
139.91952514648438,688.6242065429688,-10.75135326385498
140.6063232421875,688.19384765625,-10.763567924499512
141.2942657470703,687.7625732421875,-10.775569915771484
141.9834747314453,687.3303833007812,-10.786571502685549
142.67398071289062,686.897216796875,-10.796028137207031
143.36573791503906,686.4639282226562,-10.80527687072754
144.0583038330078,686.0299072265625,-10.814508438110352
144.7516326904297,685.5945434570312,-10.82235050201416
145.4466094970703,685.1590576171875,-10.829602241516112
146.1430206298828,684.7238159179688,-10.837434768676758
146.84022521972656,684.2879638671875,-10.84633731842041
147.53802490234375,683.8515014648438,-10.856663703918455
148.23672485351562,683.4146728515625,-10.868553161621094
148.93698120117188,682.9773559570312,-10.88192653656006
149.63894653320312,682.53955078125,-10.895672798156738
150.3426055908203,682.1011962890625,-10.909619331359863
151.0470428466797,681.6615600585938,-10.922698974609377
151.7526092529297,681.22119140625,-10.934598922729492
152.45989990234375,680.7806396484375,-10.945070266723633
153.1688232421875,680.3397216796875,-10.953953742980955
153.8791961669922,679.8992309570312,-10.96275520324707
154.59056091308594,679.458740234375,-10.97215461730957
155.3028106689453,679.01806640625,-10.981950759887695
156.01634216308594,678.5776977539062,-10.991995811462402
156.7313995361328,678.1375732421875,-11.002429962158203
157.4477081298828,677.697509765625,-11.013047218322754
158.1650848388672,677.2572021484375,-11.023488998413086
158.88365173339844,676.81689453125,-11.03329086303711
159.60328674316406,676.3765869140625,-11.042495727539062
160.3237762451172,675.9360961914062,-11.051111221313477
161.0451202392578,675.4955444335938,-11.059289932250977
161.76710510253906,675.0546264648438,-11.067054748535156
162.48973083496094,674.6133422851562,-11.074464797973633
163.21299743652344,674.1716918945312,-11.081443786621094
163.936767578125,673.729736328125,-11.08863925933838
164.66087341308594,673.287353515625,-11.09656047821045
165.38528442382812,672.8446044921875,-11.10508155822754
166.11007690429688,672.4010620117188,-11.114134788513184
166.83558654785156,671.9572143554688,-11.123764038085938
167.56161499023438,671.5128173828125,-11.134071350097656
168.28758239746094,671.0671997070312,-11.144058227539062
169.0137939453125,670.6204223632812,-11.152914047241213
169.74012756347656,670.1721801757812,-11.1605224609375
170.46685791015625,669.7232666015625,-11.166813850402832
171.1937713623047,669.2741088867188,-11.17358684539795
171.92037963867188,668.8239135742188,-11.181042671203612
172.64675903320312,668.3723754882812,-11.18851375579834
173.37413024902344,667.921142578125,-11.19637393951416
174.1020965576172,667.4697265625,-11.20541763305664
174.8300323486328,667.0176391601562,-11.215904235839844
175.5580291748047,666.5648803710938,-11.22778606414795
176.28640747070312,666.1113891601562,-11.240482330322266
177.01548767089844,665.6571655273438,-11.252955436706545
177.74526977539062,665.2020263671875,-11.264275550842283
178.47462463378906,664.7453002929688,-11.27430534362793
179.2039031982422,664.28759765625,-11.283300399780272
179.9334716796875,663.8299560546875,-11.292031288146973
180.66319274902344,663.3716430664062,-11.3007230758667
181.39309692382812,662.9127197265625,-11.309683799743652
182.1232757568359,662.453369140625,-11.319198608398438
182.8536376953125,661.9932250976562,-11.329209327697754
183.58433532714844,661.5324096679688,-11.339520454406738
184.3155517578125,661.0712280273438,-11.34985637664795
185.04722595214844,660.609619140625,-11.360267639160156
185.7790985107422,660.1475219726562,-11.37076187133789
186.51126098632812,659.6849365234375,-11.381450653076172
187.24407958984375,659.2223510742188,-11.392431259155272
187.9774932861328,658.7593383789062,-11.40326690673828
188.71148681640625,658.295654296875,-11.413293838500977
189.44627380371097,657.8313598632812,-11.42176628112793
190.1819305419922,657.3673095703125,-11.429783821105955
190.9180450439453,656.9033203125,-11.438187599182127
191.65440368652344,656.43896484375,-11.446983337402344
192.3913726806641,655.9745483398438,-11.456415176391602
193.12921142578125,655.510009765625,-11.467039108276367
193.8678436279297,655.0450439453125,-11.478076934814451
194.60740661621097,654.579833984375,-11.489585876464844
195.3473968505859,654.1137084960938,-11.50129222869873
196.0878448486328,653.6466674804688,-11.512602806091309
196.82920837402344,653.1788330078125,-11.522911071777344
197.57125854492188,652.7096557617188,-11.53150463104248
198.3141632080078,652.2398681640625,-11.53796672821045
199.0577392578125,651.7701416015625,-11.544599533081056
199.8014984130859,651.2998657226562,-11.552078247070312
200.54556274414065,650.8289794921875,-11.560287475585938
201.2908477783203,650.3580932617188,-11.569753646850586
202.03712463378903,649.8870239257812,-11.58077621459961
202.7840881347656,649.415283203125,-11.593031883239746
203.53173828125,648.9427490234375,-11.605809211730955
204.2803497314453,648.4696044921875,-11.618515014648438
205.0299530029297,647.9959716796875,-11.63111972808838
205.780029296875,647.521728515625,-11.643895149230955
206.5303955078125,647.04638671875,-11.656335830688477
207.2816162109375,646.5702514648438,-11.667802810668944
208.03390502929688,646.0939331054688,-11.678741455078123
208.78680419921875,645.6173706054688,-11.690149307250977
209.5399169921875,645.1401977539062,-11.701996803283691
210.2935028076172,644.6625366210938,-11.714648246765137
211.0479736328125,644.1847534179688,-11.728641510009766
211.80319213867188,643.706787109375,-11.744244575500488
212.5590362548828,643.2283325195312,-11.761148452758787
213.31564331054688,642.749267578125,-11.778273582458496
214.07321166992188,642.2696533203125,-11.795143127441406
214.83181762695312,641.789794921875,-11.81159210205078
215.59129333496097,641.3099975585938,-11.828402519226074
216.3512420654297,640.82958984375,-11.845036506652832
217.11212158203125,640.3486328125,-11.859257698059082
217.8744201660156,639.8681030273438,-11.872230529785156
218.63771057128903,639.3881225585938,-11.885650634765623
219.4012451171875,638.9083862304688,-11.898918151855469
220.16505432128903,638.4285278320312,-11.912203788757324
220.92958068847656,637.9484252929688,-11.925078392028809
221.69544982910156,637.4683837890625,-11.937432289123535
222.462158203125,636.98828125,-11.949801445007324
223.22857666015625,636.5072021484375,-11.962008476257324
223.9955139160156,636.02587890625,-11.973898887634276
224.7633819580078,635.5443725585938,-11.984618186950684
225.5321807861328,635.0625,-11.99361801147461
226.30172729492188,634.5808715820312,-12.002575874328612
227.07144165039065,634.0991821289062,-12.012683868408203
227.8414001464844,633.6172485351562,-12.02398681640625
228.61231994628903,633.1354370117188,-12.03683376312256
229.3841094970703,632.6532592773438,-12.051031112670898
230.15670776367188,632.17041015625,-12.065305709838867
230.93016052246097,631.6868286132812,-12.078317642211914
231.70443725585935,631.2026977539062,-12.089984893798828
232.4792022705078,630.7181396484375,-12.101048469543455
233.25436401367188,630.2333374023438,-12.111849784851074
234.030029296875,629.7481079101562,-12.12244701385498
234.80636596679688,629.262451171875,-12.132842063903809
235.58355712890625,628.7763061523438,-12.142541885375977
236.36163330078125,628.2901000976562,-12.151700973510742
237.14013671875,627.8032836914062,-12.160555839538574
237.9192657470703,627.316162109375,-12.168750762939451
238.69918823242188,626.8289794921875,-12.176716804504396
239.4796600341797,626.3413696289062,-12.18465518951416
240.26028442382812,625.8529663085938,-12.192967414855955
241.04150390625,625.3634643554688,-12.200178146362305
241.82345581054688,624.8724975585938,-12.20426082611084
242.60598754882812,624.3806762695312,-12.205960273742676
243.38873291015625,623.8889770507812,-12.207703590393066
244.17095947265625,623.3958740234375,-12.20940399169922
244.9532470703125,622.9017333984375,-12.210603713989258
245.7365875244141,622.4078369140625,-12.212905883789062
246.5199737548828,621.9132690429688,-12.217191696166992
247.30335998535156,621.4180297851562,-12.224037170410156
248.08721923828125,620.9224243164062,-12.233479499816896
248.8718109130859,620.4255981445312,-12.244589805603027
249.6572723388672,619.9276733398438,-12.255867958068848
250.44285583496097,619.4281616210938,-12.266283988952637
251.22836303710935,618.92724609375,-12.2760591506958
252.01443481445312,618.4256591796875,-12.28473663330078
252.80133056640625,617.923583984375,-12.292284965515137
253.58888244628903,617.4210815429688,-12.299700736999512
254.37692260742188,616.918212890625,-12.30713176727295
255.1654510498047,616.4149780273438,-12.314579963684082
255.9547119140625,615.9115600585938,-12.322406768798828
256.7448425292969,615.4080810546875,-12.330698013305664
257.5357360839844,614.9044799804688,-12.339677810668944
258.32733154296875,614.4006958007812,-12.349312782287598
259.1198425292969,613.8970947265625,-12.359569549560549
259.9132080078125,613.3933715820312,-12.370895385742188
260.7076721191406,612.8895263671875,-12.38170051574707
261.50347900390625,612.3856201171875,-12.390368461608888
262.3005065917969,611.8822021484375,-12.398202896118164
263.0981140136719,611.37939453125,-12.406486511230469
263.89593505859375,610.8770141601562,-12.415736198425291
264.694580078125,610.3751831054688,-12.427124977111816
265.49420166015625,609.8735961914062,-12.440176010131836
266.2950439453125,609.3724975585938,-12.454150199890137
267.0966796875,608.8715209960938,-12.468015670776367
267.8984375,608.3698120117188,-12.480802536010742
268.70068359375,607.8674926757812,-12.491828918457031
269.50341796875,607.3646850585938,-12.50015926361084
270.3066711425781,606.8626098632812,-12.50757122039795
271.1096496582031,606.3607788085938,-12.51548957824707
271.91192626953125,605.8582153320312,-12.523414611816406
272.7146911621094,605.3560180664062,-12.531851768493652
273.5179443359375,604.8544921875,-12.541345596313477
274.3209228515625,604.3529052734375,-12.55174732208252
275.1231994628906,603.8514404296875,-12.562921524047852
275.9248352050781,603.3505249023438,-12.574786186218262
276.7254943847656,602.8501586914062,-12.586714744567873
277.5248107910156,602.3507690429688,-12.597578048706056
278.32220458984375,601.8522338867188,-12.60692310333252
279.117431640625,601.3552856445312,-12.615243911743164
279.9105529785156,600.860595703125,-12.623351097106934
280.7012939453125,600.3677368164062,-12.63140869140625
281.4896240234375,599.8767700195312,-12.638701438903809
282.2756652832031,599.3876342773438,-12.645343780517578
283.0592956542969,598.900146484375,-12.651326179504396
283.8403015136719,598.4144287109375,-12.657529830932615
284.6183166503906,597.9296875,-12.664437294006348
285.3928527832031,597.4457397460938,-12.671628952026367
286.1638488769531,596.9617919921875,-12.679112434387209
286.9311218261719,596.4777221679688,-12.686311721801758
287.69439697265625,595.9930419921875,-12.693367958068848
288.4527282714844,595.5065307617188,-12.699508666992188
289.206298828125,595.0189208984375,-12.704654693603516
289.9554138183594,594.5307006835938,-12.710432052612305
290.6995544433594,594.040771484375,-12.717350959777832
291.4385986328125,593.5491943359375,-12.725885391235352
292.17291259765625,593.055908203125,-12.736449241638184
292.90216064453125,592.5597534179688,-12.748472213745115
293.6262512207031,592.0606689453125,-12.761922836303713
294.34503173828125,591.5590209960938,-12.777323722839355
295.0560607910156,591.0518188476562,-12.792470932006836
295.76123046875,590.5410766601562,-12.807103157043455
296.459228515625,590.0249633789062,-12.819221496582031
297.1485595703125,589.5037841796875,-12.826871871948242
297.8316955566406,588.980224609375,-12.833599090576172
298.5101623535156,588.4552612304688,-12.841700553894045
299.1832275390625,587.9278564453125,-12.85299301147461
299.8506164550781,587.3976440429688,-12.866698265075684
300.51312255859375,586.8657836914062,-12.880831718444824
301.1709899902344,586.3327026367188,-12.894417762756348
301.824462890625,585.7991333007812,-12.90792751312256
302.4739685058594,585.2651977539062,-12.92093563079834
303.1201477050781,584.7315063476562,-12.933192253112791
303.7633056640625,584.1983642578125,-12.945845603942873
304.40386962890625,583.6666870117188,-12.959280967712402
305.041748046875,583.1365966796875,-12.972207069396973
305.6773681640625,582.6082763671875,-12.984307289123535
306.31121826171875,582.0823364257812,-12.995433807373049
306.94384765625,581.5595092773438,-13.005720138549805
307.5751647949219,581.0399780273438,-13.015938758850098
308.2051696777344,580.5237426757812,-13.0261869430542
308.8338317871094,580.010986328125,-13.036401748657228
309.4613037109375,579.5016479492188,-13.046735763549805
310.08758544921875,578.9954223632812,-13.057584762573242
310.712646484375,578.4923706054688,-13.069317817687988
311.3365478515625,577.9925537109375,-13.081700325012209
311.9589538574219,577.4953002929688,-13.094616889953612
312.5801086425781,577.001220703125,-13.107610702514648
313.19989013671875,576.5101928710938,-13.120007514953612
313.8181457519531,576.0220947265625,-13.132137298583984
314.43463134765625,575.5368041992188,-13.14432144165039
315.04925537109375,575.0543823242188,-13.15634536743164
315.6620178222656,574.5745849609375,-13.168429374694824
316.2728576660156,574.096923828125,-13.180636405944824
316.88153076171875,573.6211547851562,-13.193085670471191
317.4881591796875,573.1470336914062,-13.2059326171875
318.092529296875,572.6743774414062,-13.21904468536377
318.69451904296875,572.2030029296875,-13.23257064819336
319.2942199707031,571.7327270507812,-13.246484756469728
319.8914489746094,571.2636108398438,-13.260279655456545
320.4862060546875,570.7954711914062,-13.273746490478516
321.07830810546875,570.3280639648438,-13.287381172180176
321.66790771484375,569.861572265625,-13.300909042358398
322.2550048828125,569.3958740234375,-13.314471244812012
322.83953857421875,568.9310302734375,-13.328185081481934
323.4216003417969,568.467041015625,-13.34192943572998
324.0011291503906,568.0036010742188,-13.355252265930176
324.57818603515625,567.5404052734375,-13.368060111999512
325.1534118652344,567.078125,-13.381296157836914
325.7266845703125,566.6163330078125,-13.395048141479492
326.2978820800781,566.1546630859375,-13.40947723388672
326.8672180175781,565.693115234375,-13.424887657165527
327.4344482421875,565.2313232421875,-13.440884590148926
328.0000305175781,564.769287109375,-13.457367897033691
328.56396484375,564.3070678710938,-13.473876953125
329.1260681152344,563.844482421875,-13.49044704437256
329.685546875,563.380859375,-13.507475852966309
330.24261474609375,562.9166870117188,-13.523902893066406
330.7975158691406,562.451904296875,-13.538860321044922
331.3495178222656,561.9860229492188,-13.55315113067627
331.8987731933594,561.5194091796875,-13.566645622253418
332.44549560546875,561.0531616210938,-13.579898834228516
332.98931884765625,560.5864868164062,-13.593465805053713
333.52996826171875,560.1193237304688,-13.606666564941406
334.0683288574219,559.6524047851562,-13.619464874267578
334.6047058105469,559.1858520507812,-13.633428573608398
335.138916015625,558.7195434570312,-13.648658752441406
335.67083740234375,558.2534790039062,-13.66525936126709
336.20098876953125,557.7882080078125,-13.68344783782959
336.7298583984375,557.3239135742188,-13.703179359436035
337.257080078125,556.85986328125,-13.7232084274292
337.782958984375,556.3963623046875,-13.742633819580078
338.3078308105469,555.9340209960938,-13.761968612670898
338.8309326171875,555.4729614257812,-13.78211498260498
339.3523254394531,555.013427734375,-13.802741050720217
339.872314453125,554.5551147460938,-13.822370529174805
340.3912353515625,554.0980834960938,-13.839317321777344
340.909423828125,553.6422119140625,-13.853175163269045
341.42755126953125,553.1893920898438,-13.867508888244627
341.9447326660156,552.7389526367188,-13.884159088134766
342.45989990234375,552.2899780273438,-13.90237045288086
342.9731140136719,551.8425903320312,-13.920073509216309
343.4859313964844,551.3972778320312,-13.935995101928713
343.9984130859375,550.9534912109375,-13.950263023376465
344.5107727050781,550.5121459960938,-13.965330123901367
345.0218811035156,550.07275390625,-13.981796264648438
345.5310974121094,549.6349487304688,-13.999692916870115
346.0380554199219,549.1984252929688,-14.017589569091797
346.5433654785156,548.7636108398438,-14.035039901733398
347.0475769042969,548.33056640625,-14.05234718322754
347.55010986328125,547.89892578125,-14.070304870605469
348.05010986328125,547.468505859375,-14.089484214782717
348.5471496582031,547.0392456054688,-14.10920238494873
349.04107666015625,546.6112060546875,-14.12789535522461
349.5322570800781,546.1840209960938,-14.145530700683594
350.0207214355469,545.7574462890625,-14.162445068359377
350.506103515625,545.3314819335938,-14.178789138793944
350.9881591796875,544.9064331054688,-14.194778442382812
351.466796875,544.4827880859375,-14.210837364196776
351.94189453125,544.06005859375,-14.227027893066406
352.41326904296875,543.6380004882812,-14.24322509765625
352.88134765625,543.2167358398438,-14.259027481079102
353.3464660644531,542.7962646484375,-14.274927139282228
353.8084411621094,542.3762817382812,-14.291345596313477
354.267333984375,541.9568481445312,-14.30838680267334
354.72308349609375,541.538330078125,-14.325553894042969
355.1761169433594,541.12109375,-14.34267234802246
355.6263122558594,540.705078125,-14.360090255737305
356.0737609863281,540.2899780273438,-14.378286361694336
356.5181884765625,539.8760375976562,-14.396632194519045
356.9595642089844,539.4628295898438,-14.414135932922363
357.39801025390625,539.05078125,-14.430343627929688
357.83355712890625,538.6393432617188,-14.446329116821287
358.2662048339844,538.2288208007812,-14.462679862976074
358.69549560546875,537.8193359375,-14.478747367858888
359.1214294433594,537.4110717773438,-14.49375343322754
359.544189453125,537.0039672851562,-14.50743007659912
359.9640808105469,536.5980834960938,-14.519453048706056
360.3811340332031,536.1932983398438,-14.530572891235352
360.7952575683594,535.7897338867188,-14.542330741882324
361.2063293457031,535.3872680664062,-14.555465698242188
361.61419677734375,534.9857177734375,-14.569533348083496
362.0185546875,534.5850830078125,-14.583524703979492
362.4194030761719,534.1854248046875,-14.597025871276855
362.8172607421875,533.7865600585938,-14.610824584960938
363.2126770019531,533.3887939453125,-14.62600803375244
363.6049499511719,532.99169921875,-14.642026901245115
363.9928894042969,532.5941162109375,-14.657503128051758
364.3768615722656,532.1963500976562,-14.671914100646973
364.757080078125,531.798828125,-14.686230659484863
365.1336669921875,531.401611328125,-14.701333045959473
365.50628662109375,531.005126953125,-14.716872215270996
365.87451171875,530.6090698242188,-14.731857299804688
366.2388610839844,530.2138671875,-14.746390342712402
366.5995788574219,529.819091796875,-14.761505126953123
366.9569396972656,529.4244995117188,-14.777003288269045
367.311279296875,529.03076171875,-14.792513847351074
367.6621398925781,528.637451171875,-14.806596755981444
368.0093994140625,528.2442626953125,-14.819646835327148
368.3526611328125,527.8514404296875,-14.83265209197998
368.6923828125,527.459716796875,-14.845693588256836
369.028564453125,527.0689086914062,-14.85918426513672
369.3602294921875,526.6785888671875,-14.872218132019045
369.6878662109375,526.2889404296875,-14.885005950927734
370.0118408203125,525.9002075195312,-14.898571014404297
370.3321838378906,525.5123291015625,-14.913097381591797
370.64886474609375,525.1250610351562,-14.927613258361816
370.962158203125,524.7382202148438,-14.942094802856444
371.27197265625,524.351806640625,-14.956475257873535
371.5784606933594,523.9660034179688,-14.97152614593506
371.8811340332031,523.5804443359375,-14.987600326538086
372.1795043945313,523.1954956054688,-15.0043306350708
372.47357177734375,522.811279296875,-15.021550178527832
372.7635192871094,522.4279174804688,-15.039281845092772
373.0489807128906,522.044677734375,-15.056988716125488
373.33062744140625,521.6619262695312,-15.074546813964844
373.608642578125,521.2794189453125,-15.091851234436035
373.8831787109375,520.8973388671875,-15.108620643615724
374.1541442871094,520.5155639648438,-15.125261306762695
374.42132568359375,520.1346435546875,-15.143040657043455
374.6844482421875,519.7548217773438,-15.16150951385498
374.9435119628906,519.3759155273438,-15.179744720458984
375.1981506347656,518.99755859375,-15.196660995483398
375.4484558105469,518.6198120117188,-15.21164321899414
375.69378662109375,518.2420654296875,-15.224546432495115
375.9356384277344,517.865478515625,-15.236306190490724
376.1746520996094,517.4903564453125,-15.248926162719728
376.4090881347656,517.1154174804688,-15.261467933654783
376.63916015625,516.7411499023438,-15.272881507873535
376.8663940429687,516.36865234375,-15.284405708312988
377.08984375,515.9974365234375,-15.296246528625488
377.30950927734375,515.6276245117188,-15.30808162689209
377.52593994140625,515.2593383789062,-15.31898593902588
377.7379455566406,514.8914184570312,-15.32699203491211
377.9485168457031,514.5260620117188,-15.334434509277344
378.1565551757813,514.1620483398438,-15.343376159667969
378.3610229492187,513.7990112304688,-15.354005813598633
378.5620422363281,513.4370727539062,-15.366460800170898
378.7601318359375,513.0769653320312,-15.379825592041016
378.9548034667969,512.7188110351562,-15.392921447753906
379.1458740234375,512.3621826171875,-15.40480136871338
379.3342895507813,512.0071411132812,-15.41607666015625
379.5204162597656,511.6530151367187,-15.427577018737791
379.7039489746094,511.2994689941406,-15.439128875732422
379.8850708007813,510.9466247558594,-15.450993537902832
380.0637817382813,510.594482421875,-15.463197708129885
380.2403564453125,510.2431945800781,-15.475815773010254
380.4148254394531,509.89208984375,-15.488418579101562
380.5871276855469,509.5408325195313,-15.500353813171388
380.757568359375,509.1891479492187,-15.511604309082031
380.9260559082031,508.8367004394531,-15.522336959838867
381.0926513671875,508.4830932617187,-15.532600402832031
381.2576599121094,508.12847900390625,-15.542704582214355
381.4213562011719,507.7727355957031,-15.552896499633787
381.5834655761719,507.4153442382813,-15.563467025756836
381.7437744140625,507.0553283691406,-15.573648452758787
381.9027404785156,506.692138671875,-15.582735061645508
382.0606689453125,506.3256530761719,-15.590518951416016
382.21734619140625,505.9561462402344,-15.597867012023926
382.37255859375,505.58355712890625,-15.605497360229492
382.5262756347656,505.2078552246094,-15.614178657531738
382.677978515625,504.8287353515625,-15.623956680297852
382.8274230957031,504.4458923339844,-15.633634567260742
382.975341796875,504.0592956542969,-15.642745018005373
383.1217956542969,503.6690368652344,-15.651128768920898
383.2670593261719,503.2751770019531,-15.659265518188477
383.4106140136719,502.8777160644531,-15.667261123657228
383.5521545410156,502.4767761230469,-15.67520809173584
383.691162109375,502.0727844238281,-15.683712005615234
383.8276672363281,501.6662292480469,-15.69334602355957
383.9612426757813,501.25726318359375,-15.703654289245604
384.092041015625,500.8460083007813,-15.714014053344728
384.2202453613281,500.4326171875,-15.724075317382812
384.345947265625,500.01715087890625,-15.733404159545898
384.46875,499.5993957519531,-15.741546630859377
384.5889892578125,499.1795654296875,-15.748883247375488
384.707275390625,498.758056640625,-15.756454467773438
384.8233337402344,498.3348693847656,-15.76440143585205
384.9368896484375,497.9098205566406,-15.77180004119873
385.0485534667969,497.4832458496094,-15.779047966003418
385.1579895019531,497.05523681640625,-15.786084175109863
385.2648315429687,496.6256103515625,-15.792722702026367
385.3695068359375,496.1942138671875,-15.798992156982422
385.471923828125,495.7614440917969,-15.80514430999756
385.5713195800781,495.32720947265625,-15.810240745544434
385.6678771972656,494.8915100097656,-15.814811706542969
385.7621154785156,494.4548034667969,-15.819499015808104
385.8533325195313,494.0171203613281,-15.82449436187744
385.9416198730469,493.5784606933594,-15.829704284667969
386.02728271484375,493.1390075683594,-15.835179328918455
386.1100463867187,492.69873046875,-15.840662956237791
386.1897888183594,492.2575378417969,-15.845551490783691
386.2669677734375,491.8153991699219,-15.84931755065918
386.3414916992187,491.372314453125,-15.85184097290039
386.4129943847656,490.9284362792969,-15.853856086730955
386.4818115234375,490.4839172363281,-15.856138229370115
386.5474548339844,490.03863525390625,-15.858287811279297
386.6096801757813,489.5926818847656,-15.85913372039795
386.669189453125,489.14605712890625,-15.857437133789062
386.7261047363281,488.6990051269531,-15.854211807250977
386.78076171875,488.2516479492187,-15.85077667236328
386.8327331542969,487.8038330078125,-15.84735107421875
386.88189697265625,487.3555603027344,-15.844072341918944
386.9285888671875,486.9068908691406,-15.841437339782717
386.9728393554687,486.4580078125,-15.839046478271484
387.01409912109375,486.0086975097656,-15.83633804321289
387.0522766113281,485.5588073730469,-15.832106590270996
387.0880737304687,485.1082153320313,-15.8264741897583
387.1210632324219,484.6570129394531,-15.820256233215332
387.15142822265625,484.2054748535156,-15.815019607543944
387.1792907714844,483.753662109375,-15.811440467834473
387.20208740234375,483.3013610839844,-15.807602882385254
387.2210388183594,482.84869384765625,-15.801569938659668
387.23687744140625,482.39593505859375,-15.793434143066406
387.2510681152344,481.943359375,-15.785057067871094
387.2631530761719,481.4908447265625,-15.777796745300291
387.2724609375,481.0381164550781,-15.772137641906738
387.2783508300781,480.5850524902344,-15.767024040222168
387.2806701660156,480.1318664550781,-15.760639190673828
387.2796936035156,479.67877197265625,-15.751927375793455
387.2755737304687,479.22601318359375,-15.740744590759276
387.2701721191406,478.7734375,-15.728172302246094
387.2626647949219,478.3209228515625,-15.715852737426758
387.2524108886719,477.8686218261719,-15.70494556427002
387.239990234375,477.4166564941406,-15.69493579864502
387.2249145507813,476.9651794433594,-15.683748245239258
387.2083435058594,476.5139770507813,-15.670259475708008
387.1905517578125,476.0631408691406,-15.654869079589844
387.172119140625,475.61285400390625,-15.639482498168944
387.1527099609375,475.1628723144531,-15.62463665008545
387.1321105957031,474.7130737304687,-15.609925270080566
387.1101684570313,474.2636413574219,-15.594938278198242
387.0877075195313,473.8147277832031,-15.580509185791016
387.0638427734375,473.3661804199219,-15.5664701461792
387.0387573242187,472.9178161621094,-15.55243682861328
387.0121154785156,472.4697570800781,-15.537700653076172
386.9837341308594,472.0221862792969,-15.522002220153809
386.953369140625,471.5752258300781,-15.505517959594728
386.9216003417969,471.12884521484375,-15.489660263061523
386.8876647949219,470.6832275390625,-15.474417686462402
386.85113525390625,470.23870849609375,-15.45905303955078
386.8125305175781,469.7951965332031,-15.443483352661133
386.771728515625,469.3525695800781,-15.427844047546388
386.7286987304687,468.9109191894531,-15.412071228027344
386.6834106445313,468.47021484375,-15.395956993103027
386.6356506347656,468.0303039550781,-15.379624366760254
386.58538818359375,467.5913391113281,-15.363157272338867
386.5330505371094,467.1533203125,-15.347043991088867
386.4783630371094,466.71636962890625,-15.33103084564209
386.4212341308594,466.2804565429687,-15.315008163452148
386.3615417480469,465.8457336425781,-15.299041748046877
386.2991638183594,465.4122009277344,-15.28285312652588
386.2344055175781,464.9796752929687,-15.26581859588623
386.1673889160156,464.5481262207031,-15.247729301452637
386.0975036621094,464.11761474609375,-15.229289054870604
386.0249328613281,463.6883544921875,-15.210573196411133
385.9501647949219,463.2601013183594,-15.191161155700684
385.8728942871094,462.8330993652344,-15.171202659606934
385.7932434082031,462.4074401855469,-15.150629043579102
385.7115783691406,461.9830017089844,-15.13014316558838
385.6271057128906,461.5597534179687,-15.109212875366213
385.5404968261719,461.13763427734375,-15.087757110595703
385.452392578125,460.7166137695313,-15.065556526184082
385.3620300292969,460.296630859375,-15.043079376220703
385.26953125,459.87738037109375,-15.020694732666016
385.1756591796875,459.4586486816406,-14.998838424682615
385.0801086425781,459.0405578613281,-14.9773530960083
384.9827575683594,458.6230773925781,-14.956136703491213
384.883544921875,458.2060546875,-14.93491554260254
384.7825317382813,457.7892761230469,-14.913222312927246
384.679931640625,457.37255859375,-14.890743255615234
384.5758972167969,456.9558715820313,-14.867695808410645
384.4696350097656,456.5392761230469,-14.844849586486816
384.3609924316406,456.1226806640625,-14.821781158447266
384.250732421875,455.7058410644531,-14.798277854919434
384.1383361816406,455.2889099121094,-14.773680686950684
384.0241394042969,454.8716735839844,-14.748053550720217
383.90814208984375,454.4539489746094,-14.721710205078123
383.7899475097656,454.0357360839844,-14.69481372833252
383.6698303222656,453.6168212890625,-14.666836738586426
383.5479736328125,453.1972961425781,-14.638727188110352
383.4240417480469,452.777099609375,-14.61093044281006
383.2978515625,452.3562316894531,-14.582666397094728
383.1697998046875,451.9344177246094,-14.552946090698242
383.0397033691406,451.5119323730469,-14.521759033203123
382.9084777832031,451.0886535644531,-14.489853858947754
382.7750549316406,450.66497802734375,-14.458022117614746
382.6393432617187,450.2406921386719,-14.426675796508787
382.50140380859375,449.8158874511719,-14.395813941955566
382.36181640625,449.3903503417969,-14.365278244018556
382.2203369140625,448.9640808105469,-14.33488941192627
382.0767517089844,448.536865234375,-14.30400848388672
381.9301452636719,448.1087036132813,-14.270715713500977
381.78265380859375,447.67913818359375,-14.236136436462402
381.63385009765625,447.2483825683594,-14.2013521194458
381.4837646484375,446.81646728515625,-14.16782569885254
381.3319396972656,446.3835144042969,-14.135302543640137
381.1779174804687,445.94964599609375,-14.1016263961792
381.0226135253906,445.5148620605469,-14.066571235656738
380.8666076660156,445.0789489746094,-14.030734062194824
380.7097778320313,444.6417846679687,-13.99445915222168
380.5519409179687,444.203369140625,-13.958144187927246
380.3927307128906,443.7640075683594,-13.921497344970703
380.2325134277344,443.3235473632813,-13.884512901306152
380.0718688964844,442.88189697265625,-13.847725868225098
379.9102478027344,442.4392700195313,-13.810840606689451
379.74798583984375,441.9955139160156,-13.77382755279541
379.5850830078125,441.5507507324219,-13.73664665222168
379.42132568359375,441.1048889160156,-13.698962211608888
379.2571716308594,440.6578369140625,-13.661070823669434
379.0927734375,440.2095642089844,-13.623374938964844
378.9278869628906,439.76019287109375,-13.585960388183594
378.7620239257813,439.3099060058594,-13.548014640808104
378.5954895019531,438.8585815429687,-13.509034156799316
378.427734375,438.4063415527344,-13.466553688049316
378.2602844238281,437.9524841308594,-13.419217109680176
378.09527587890625,437.49749755859375,-13.37412452697754
377.9296569824219,437.0421752929687,-13.33265781402588
377.762451171875,436.5863952636719,-13.293408393859863
377.5938415527344,436.129638671875,-13.253758430480955
377.42474365234375,435.6718444824219,-13.210747718811035
377.2566528320313,435.2120056152344,-13.165422439575195
377.0893859863281,434.7500915527344,-13.120623588562012
376.9208068847656,434.2872009277344,-13.076449394226074
376.7507629394531,433.8233947753906,-13.033068656921388
376.5793151855469,433.3591003417969,-12.989251136779783
376.4067687988281,432.8941650390625,-12.94465160369873
376.23388671875,432.4285278320313,-12.900275230407717
376.0601501464844,431.9622192382813,-12.856718063354492
375.88568115234375,431.495361328125,-12.815384864807127
375.7080383300781,431.0277099609375,-12.771761894226074
375.5301513671875,430.5587768554687,-12.725245475769045
375.35260009765625,430.0885620117187,-12.678631782531738
375.173583984375,429.6173706054687,-12.632871627807615
374.9939575195313,429.144775390625,-12.589211463928224
374.8115234375,428.67181396484375,-12.544496536254885
374.6289367675781,428.197509765625,-12.498717308044434
374.4462890625,427.721923828125,-12.452543258666992
374.2628173828125,427.2451477050781,-12.406089782714844
374.0783081054687,426.7672424316406,-12.35910987854004
373.8926086425781,426.2882385253906,-12.311659812927246
373.7059326171875,425.8080139160156,-12.26345920562744
373.518310546875,425.32672119140625,-12.214941024780272
373.3296813964844,424.8443298339844,-12.165770530700684
373.14007568359375,424.3608703613281,-12.115608215332031
372.9498291015625,423.876220703125,-12.064778327941896
372.7589111328125,423.3903503417969,-12.013614654541016
372.5671691894531,422.9033203125,-11.962323188781738
372.3745422363281,422.41510009765625,-11.910659790039062
372.1814575195313,421.9254150390625,-11.858597755432127
371.9878234863281,421.4342041015625,-11.80616855621338
371.7934265136719,420.9414978027344,-11.753203392028809
371.5984497070313,420.4471740722656,-11.699597358703612
371.4029541015625,419.95123291015625,-11.645545959472656
371.2066345214844,419.4537658691406,-11.591205596923828
371.0094604492187,418.9548645019531,-11.536538124084473
370.81146240234375,418.4544982910156,-11.481252670288086
370.6128234863281,417.95263671875,-11.42535400390625
370.4134826660156,417.4494018554687,-11.369074821472168
370.2133483886719,416.9448547363281,-11.312533378601074
370.0124206542969,416.4389343261719,-11.255675315856934
369.8105163574219,415.93170166015625,-11.19839859008789
369.6076965332031,415.4232482910156,-11.140748023986816
369.4039001464844,414.9135437011719,-11.082777976989746
369.1992492675781,414.402587890625,-11.024370193481444
368.9934692382813,413.8904418945313,-10.965582847595217
368.78656005859375,413.377197265625,-10.906472206115724
368.57855224609375,412.86279296875,-10.847224235534668
368.3694458007813,412.34722900390625,-10.787728309631348
368.1590881347656,411.8304443359375,-10.727766036987305
367.9475402832031,411.3123474121094,-10.667332649230955
367.7346801757813,410.7929382324219,-10.606529235839844
367.5206604003906,410.27203369140625,-10.545377731323242
367.3049621582031,409.7498779296875,-10.48390007019043
367.0876159667969,409.22613525390625,-10.421778678894045
366.8687744140625,408.7005615234375,-10.35908031463623
366.6480407714844,408.1731872558594,-10.295985221862791
366.4254455566406,407.6437072753906,-10.232870101928713
366.2008361816406,407.1119689941406,-10.169807434082031
365.9739685058594,406.57806396484375,-10.106867790222168
365.7445373535156,406.0418701171875,-10.043893814086914
365.5133361816406,405.5029296875,-9.980610847473145
365.2799987792969,404.9614562988281,-9.916975021362305
365.0442810058594,404.4177856445313,-9.853145599365234
364.805908203125,403.8721008300781,-9.789254188537598
364.5651245117187,403.324462890625,-9.725163459777832
364.3222351074219,402.77484130859375,-9.66109561920166
364.07720947265625,402.223388671875,-9.597478866577148
363.8297424316406,401.6701049804687,-9.534533500671388
363.5791931152344,401.11517333984375,-9.471652030944824
363.3258972167969,400.5582885742187,-9.408684730529783
363.0698547363281,399.9996032714844,-9.345837593078612
362.8106994628906,399.4392700195313,-9.282852172851562
362.5482482910156,398.8772277832031,-9.219283103942873
362.2826843261719,398.3133544921875,-9.15479850769043
362.0140380859375,397.7477722167969,-9.089749336242676
361.74224853515625,397.1804504394531,-9.024155616760254
361.4671020507813,396.6116027832031,-8.958062171936035
361.1885681152344,396.0411376953125,-8.891655921936035
360.9067687988281,395.468994140625,-8.825104713439941
360.62152099609375,394.8952026367187,-8.758249282836914
360.3326721191406,394.3196105957031,-8.691014289855957
360.040283203125,393.7421875,-8.623381614685059
359.74444580078125,393.16265869140625,-8.555328369140625
359.44537353515625,392.5808410644531,-8.486976623535156
359.1430358886719,391.99664306640625,-8.41845989227295
358.83734130859375,391.409912109375,-8.349763870239258
358.52850341796875,390.8204650878906,-8.281065940856934
358.21661376953125,390.22802734375,-8.212393760681152
357.9013977050781,389.6325378417969,-8.143787384033203
357.5823669433594,389.0337829589844,-8.074921607971191
357.259521484375,388.431396484375,-8.005590438842773
356.9327087402344,387.8252258300781,-7.935626029968262
356.6018371582031,387.2152404785156,-7.864983558654785
356.2668762207031,386.6014404296875,-7.793526649475098
355.9281311035156,385.9837341308594,-7.721477031707764
355.58538818359375,385.3621826171875,-7.6487250328063965
355.2386474609375,384.7368469238281,-7.575168609619141
354.8882141113281,384.1078796386719,-7.501127243041992
354.5341491699219,383.4752807617187,-7.426426410675049
354.1763000488281,382.8392333984375,-7.351137638092041
353.81488037109375,382.1997985839844,-7.275750160217285
353.4494934082031,381.5570983886719,-7.200329303741455
353.08026123046875,380.9109802246094,-7.124573230743408
352.7071838378906,380.261474609375,-7.048252582550049
352.3299865722656,379.60882568359375,-6.970728874206543
351.94891357421875,378.9533386230469,-6.892332077026367
351.5642395019531,378.295166015625,-6.813510894775391
351.1758728027344,377.634521484375,-6.734484672546387
350.78399658203125,376.9714050292969,-6.655610084533691
350.3885498046875,376.3057556152344,-6.577426433563232
349.9891357421875,375.6376647949219,-6.499479293823242
349.58551025390625,374.9672546386719,-6.421408176422119
349.1773986816406,374.29486083984375,-6.342797756195068
348.76458740234375,373.6208190917969,-6.26357364654541
348.34698486328125,372.945556640625,-6.183923721313477
347.9243469238281,372.2695617675781,-6.1037211418151855
347.49658203125,371.5932922363281,-6.022809028625488
347.063720703125,370.9173583984375,-5.941193580627441
346.6260070800781,370.2425842285156,-5.858921051025391
346.1834411621094,369.5697326660156,-5.776413440704346
345.7365417480469,368.8992919921875,-5.693866729736328
345.28558349609375,368.231689453125,-5.611407279968262
344.8306884765625,367.5672912597656,-5.5295305252075195
344.3721008300781,366.9061279296875,-5.448459625244141
343.9101867675781,366.2483215332031,-5.368170738220215
343.4449462890625,365.5940246582031,-5.288311004638672
342.976318359375,364.9434509277344,-5.208576679229736
342.50433349609375,364.2969055175781,-5.128518104553223
342.0293884277344,363.6547546386719,-5.047954082489014
341.5517272949219,363.01763916015625,-4.967561721801758
341.0716247558594,362.3858337402344,-4.887664794921875
340.5893859863281,361.7594909667969,-4.8084635734558105
340.10504150390625,361.1387939453125,-4.730166435241699
339.6186828613281,360.5239562988281,-4.652456760406494
339.1302490234375,359.91510009765625,-4.575379848480225
338.6395568847656,359.3123779296875,-4.498948097229004
338.1468200683594,358.7158508300781,-4.4228973388671875
337.652099609375,358.12567138671875,-4.347256183624268
337.155517578125,357.5417785644531,-4.272243499755859
336.6571960449219,356.96417236328125,-4.197866439819336
336.1572265625,356.392822265625,-4.124035835266113
335.6555480957031,355.8277587890625,-4.0508012771606445
335.1522216796875,355.268798828125,-3.978192806243897
334.64715576171875,354.71624755859375,-3.9058523178100586
334.14031982421875,354.1700439453125,-3.8337388038635254
333.6319580078125,353.63018798828125,-3.7615556716918945
333.1219482421875,353.09698486328125,-3.689107894897461
332.6107482910156,352.5699462890625,-3.616915702819824
332.0981750488281,352.04931640625,-3.54500675201416
331.5845031738281,351.5348815917969,-3.4734129905700684
331.07012939453125,351.02581787109375,-3.402775526046753
330.5547790527344,350.5224304199219,-3.33314847946167
330.03814697265625,350.0249938964844,-3.2641873359680176
329.5205078125,349.53289794921875,-3.1954593658447266
329.00189208984375,349.04620361328125,-3.126771926879883
328.48193359375,348.56524658203125,-3.058335065841675
327.96112060546875,348.08984375,-2.9906225204467773
327.4397277832031,347.61981201171875,-2.9235565662384033
326.9177551269531,347.1549377441406,-2.8570916652679443
326.39501953125,346.6952209472656,-2.790783405303955
325.87152099609375,346.24029541015625,-2.72485089302063
325.3472595214844,345.7898864746094,-2.659395933151245
324.8224182128906,345.34381103515625,-2.5944578647613525
324.2969970703125,344.9021911621094,-2.529970169067383
323.77093505859375,344.4649963378906,-2.4656033515930176
323.2442321777344,344.03216552734375,-2.401122570037842
322.7170715332031,343.6034851074219,-2.3367066383361816
322.1896057128906,343.1785888671875,-2.2724063396453857
321.6617431640625,342.75762939453125,-2.2081522941589355
321.1336364746094,342.34039306640625,-2.1440670490264893
320.6054992675781,341.9264831542969,-2.0804615020751953
320.0775146484375,341.515625,-2.017526149749756
319.5495300292969,341.1078186035156,-1.9553941488265991
319.02178955078125,340.70281982421875,-1.8938353061676023
318.49444580078125,340.3001403808594,-1.832932949066162
317.96746826171875,339.8999328613281,-1.772573471069336
317.4410705566406,339.501953125,-1.7125612497329712
316.9154357910156,339.1061096191406,-1.65265953540802
316.3907470703125,338.7123107910156,-1.592891812324524
315.8669738769531,338.3203125,-1.5332975387573242
315.344482421875,337.9299011230469,-1.4740455150604248
314.8231506347656,337.5410461425781,-1.415135383605957
314.3029479980469,337.1536865234375,-1.3564095497131348
313.7840881347656,336.7675476074219,-1.2976014614105225
313.2665100097656,336.382568359375,-1.238757610321045
312.7503967285156,335.99871826171875,-1.180112361907959
312.23602294921875,335.61566162109375,-1.1215851306915283
311.7234802246094,335.23345947265625,-1.063210129737854
311.2126770019531,334.8521423339844,-1.0051462650299072
310.70355224609375,334.4715576171875,-0.9476431608200072
310.19635009765625,334.0913391113281,-0.8906140923500061
309.69091796875,333.711669921875,-0.8341966867446899
309.18719482421875,333.3326721191406,-0.7784308195114136
308.6853332519531,332.9543762207031,-0.7229070067405701
308.1855163574219,332.5765380859375,-0.6675431728363037
307.6878356933594,332.1990051269531,-0.6124016046524048
307.1922607421875,331.8218688964844,-0.557377815246582
306.6990051269531,331.44500732421875,-0.5025385618209839
306.2080993652344,331.06842041015625,-0.4480296969413757
305.719482421875,330.6921081542969,-0.3938526511192322
305.23333740234375,330.3160095214844,-0.3399178385734558
304.749755859375,329.9398193359375,-0.2861906290054321
304.2687072753906,329.5634765625,-0.2327939569950103
303.7903137207031,329.18701171875,-0.1795971095561981
303.3145751953125,328.8103942871094,-0.1263085752725601
302.8416442871094,328.4335632324219,-0.0728830397129058
302.3717346191406,328.0562438964844,-0.0193558931350708
301.9049072265625,327.678466796875,0.0339683294296264
301.4407958984375,327.3006286621094,0.0872529745101928
300.9794921875,326.92254638671875,0.1410515308380127
300.5216979980469,326.54339599609375,0.1953268647193908
300.0670471191406,326.16375732421875,0.2488756775856018
299.6150817871094,325.78399658203125,0.3011930584907532
299.166015625,325.4040832519531,0.3524615466594696
298.7199401855469,325.02398681640625,0.4036677479743957
298.27679443359375,324.6436462402344,0.4547600746154785
297.83624267578125,324.26300048828125,0.5055809617042542
297.3983459472656,323.882080078125,0.5560739636421204
296.96337890625,323.5007019042969,0.605269193649292
296.53118896484375,323.1191711425781,0.6518691182136536
296.1012268066406,322.7381286621094,0.6973673701286316
295.6743469238281,322.3569641113281,0.7437112331390381
295.25067138671875,321.9751892089844,0.7909858226776123
294.8296813964844,321.59271240234375,0.8381475210189819
294.4110107421875,321.2096862792969,0.884364902973175
293.99468994140625,320.82659912109375,0.928970754146576
293.5807189941406,320.44439697265625,0.9726815223693848
293.16937255859375,320.0626525878906,1.0163047313690186
292.7605895996094,319.681396484375,1.0603080987930298
292.35418701171875,319.3002624511719,1.1048907041549685
291.9500732421875,318.9189758300781,1.1494821310043335
291.54791259765625,318.5381164550781,1.1939276456832886
291.1476745605469,318.15777587890625,1.238030195236206
290.74920654296875,317.7786560058594,1.282262086868286
290.3526306152344,317.4005432128906,1.3265631198883057
289.9579772949219,317.0232849121094,1.370764136314392
289.565185546875,316.6466369628906,1.414823293685913
289.17425537109375,316.2705993652344,1.4588067531585691
288.7848205566406,315.8954162597656,1.502458095550537
288.39697265625,315.5209655761719,1.5452104806900024
288.01068115234375,315.14739990234375,1.586690902709961
287.6258850097656,314.7747497558594,1.627110242843628
287.242431640625,314.403076171875,1.6667808294296265
286.8602294921875,314.032470703125,1.7063591480255127
286.4795227050781,313.6623840332031,1.7454692125320437
286.1003112792969,313.29254150390625,1.7838873863220217
285.722412109375,312.9235534667969,1.8220078945159912
285.345947265625,312.5556335449219,1.8602653741836548
284.97125244140625,312.1883850097656,1.8988707065582275
284.59857177734375,311.8215637207031,1.9377895593643188
284.2280578613281,311.45501708984375,1.9762858152389529
283.85955810546875,311.0888977050781,2.013521671295166
283.4928283691406,310.72332763671875,2.049278736114502
283.12799072265625,310.3581848144531,2.084592819213867
282.7650146484375,309.9934387207031,2.120513439178467
282.404052734375,309.6285705566406,2.157166004180908
282.04498291015625,309.26373291015625,2.194441318511963
281.6878356933594,308.89892578125,2.2318484783172607
281.332763671875,308.534423828125,2.268273115158081
280.979248046875,308.17083740234375,2.30391788482666
280.6275939941406,307.80828857421875,2.339514970779419
280.2781982421875,307.4461364746094,2.375168800354004
279.9313659667969,307.08367919921875,2.410632371902466
279.58660888671875,306.7209777832031,2.444542646408081
279.24359130859375,306.3582763671875,2.477013111114502
278.9023742675781,305.9957275390625,2.5090460777282715
278.5633239746094,305.6331481933594,2.541273832321167
278.22637939453125,305.2703552246094,2.5738844871520996
277.8914794921875,304.90740966796875,2.6068098545074463
277.55859375,304.5443420410156,2.639685869216919
277.2276306152344,304.1814270019531,2.671837091445923
276.89849853515625,303.8190002441406,2.703505277633667
276.57135009765625,303.45684814453125,2.73492169380188
276.2464294433594,303.094482421875,2.766519784927368
275.9234924316406,302.73175048828125,2.7983968257904053
275.6018981933594,302.3685607910156,2.8298847675323486
275.28131103515625,302.0048522949219,2.860956907272339
274.96142578125,301.64056396484375,2.8916430473327637
274.64227294921875,301.2755126953125,2.922107458114624
274.32330322265625,300.90985107421875,2.9523866176605225
274.0040283203125,300.5436096191406,2.982257604598999
273.6842956542969,300.1763916015625,3.011918783187866
273.3641662597656,299.8078308105469,3.0415267944335938
273.0435791015625,299.4377746582031,3.0704824924468994
272.7221374511719,299.0663757324219,3.0983967781066895
272.3995056152344,298.693603515625,3.1257197856903076
272.0757751464844,298.3190002441406,3.1530885696411133
271.7508850097656,297.9424133300781,3.1808440685272217
271.4248962402344,297.5637512207031,3.208768844604492
271.0976257324219,297.18328857421875,3.2365479469299316
270.76910400390625,296.80096435546875,3.263305187225342
270.43951416015625,296.41680908203125,3.288411855697632
270.1084289550781,296.0308532714844,3.312462329864502
269.7759704589844,295.64251708984375,3.3368725776672363
269.4424743652344,295.25164794921875,3.361684560775757
269.1085205078125,294.8578186035156,3.3856637477874756
268.7738037109375,294.4613952636719,3.4087212085723877
268.4382019042969,294.0624084472656,3.431300640106201
268.10174560546875,293.6609802246094,3.453874111175537
267.7644958496094,293.2570495605469,3.476716995239258
267.4267883300781,292.8503723144531,3.4998669624328613
267.0887756347656,292.44091796875,3.5233960151672363
266.7504577636719,292.02880859375,3.547177314758301
266.41192626953125,291.61419677734375,3.570873260498047
266.0732421875,291.1972961425781,3.5941240787506104
265.7345886230469,290.77825927734375,3.616712093353271
265.3963317871094,290.357177734375,3.638157606124878
265.0586853027344,289.9337463378906,3.658724546432495
264.7217712402344,289.5077209472656,3.6790270805358887
264.38568115234375,289.079345703125,3.6988043785095215
264.05072021484375,288.6483154296875,3.717210054397583
263.7171325683594,288.21453857421875,3.7345430850982666
263.3848571777344,287.7784118652344,3.751096487045288
263.0538024902344,287.3402099609375,3.767926216125488
262.7242736816406,286.8997497558594,3.784913063049317
262.3970642089844,286.45654296875,3.801838636398315
262.072265625,286.0104675292969,3.8184702396392822
261.7493591308594,285.56201171875,3.834836006164551
261.4283447265625,285.11138916015625,3.850636959075928
261.10980224609375,284.6581726074219,3.866060972213745
260.7937927246094,284.202392578125,3.881761074066162
260.4794006347656,283.7447204589844,3.897970676422119
260.1669616699219,283.2849426269531,3.914534330368042
259.856689453125,282.8227233886719,3.931283950805664
259.5488586425781,282.35791015625,3.9484105110168457
259.24298095703125,281.89093017578125,3.9657578468322754
258.9383850097656,281.42236328125,3.983219623565674
258.635009765625,280.95245361328125,4.000535488128662
258.3329772949219,280.4812316894531,4.0170183181762695
258.0321044921875,280.0085144042969,4.0324482917785645
257.7321472167969,279.53424072265625,4.047889709472656
257.432861328125,279.0583801269531,4.062383651733398
257.1338806152344,278.58111572265625,4.07550048828125
256.8349914550781,278.1026306152344,4.0874176025390625
256.53582763671875,277.6231384277344,4.09885835647583
256.2360534667969,277.1426696777344,4.110431671142578
255.93576049804688,276.66119384765625,4.122035980224609
255.6348419189453,276.1788024902344,4.1334309577941895
255.3331298828125,275.6955261230469,4.144758701324463
255.03030395507812,275.2115783691406,4.156636714935303
254.7264404296875,274.7271728515625,4.168793201446533
254.42172241210935,274.24212646484375,4.180933952331543
254.1161651611328,273.7563781738281,4.19303560256958
253.80972290039065,273.2699890136719,4.205192565917969
253.50241088867188,272.7829895019531,4.217414379119873
253.1944274902344,272.2952575683594,4.229330062866211
252.8858642578125,271.8067932128906,4.240876197814941
252.5768890380859,271.31744384765625,4.252301216125488
252.26760864257812,270.8271789550781,4.263442516326904
251.9581756591797,270.3359680175781,4.27376127243042
251.64865112304688,269.8436279296875,4.283199787139893
251.3388671875,269.3502502441406,4.292366981506348
251.02908325195312,268.85565185546875,4.30147647857666
250.71951293945312,268.35980224609375,4.309838771820068
250.41026306152344,267.8626403808594,4.317376613616943
250.1014862060547,267.36419677734375,4.324129581451416
249.79324340820312,266.8644104003906,4.330552577972412
249.4860382080078,266.36297607421875,4.337031841278076
249.18019104003903,265.8597717285156,4.343822002410889
248.87567138671875,265.35479736328125,4.350673198699951
248.5725555419922,264.8479919433594,4.3574957847595215
248.2714080810547,264.3391418457031,4.3642377853393555
247.9722900390625,263.8283386230469,4.37052583694458
247.6750030517578,263.3158874511719,4.376501560211182
247.37957763671875,262.80169677734375,4.382723808288574
247.0865478515625,262.2855224609375,4.389681816101074
246.7962646484375,261.7671813964844,4.396172046661377
246.50830078125,261.2469482421875,4.401608467102051
246.22251892089844,260.7252197265625,4.4059343338012695
245.93893432617188,260.2019958496094,4.409218788146973
245.6574249267578,259.6773986816406,4.41148567199707
245.37782287597656,259.1513977050781,4.41309118270874
245.09996032714844,258.6238098144531,4.414511680603027
244.82376098632812,258.0945739746094,4.416205883026123
244.54934692382812,257.5636901855469,4.4184064865112305
244.27642822265625,257.0315246582031,4.420378684997559
244.0048828125,256.498291015625,4.4221601486206055
243.7349853515625,255.96397399902344,4.424074172973633
243.46681213378903,255.4285888671875,4.426477909088135
243.20034790039065,254.89202880859375,4.429235935211182
242.9353179931641,254.3543701171875,4.432093620300293
242.67169189453125,253.8156585693359,4.434904098510742
242.4093780517578,253.27618408203125,4.437342643737793
242.14808654785156,252.7362365722656,4.4393439292907715
241.8878631591797,252.19573974609375,4.441147327423096
241.6287078857422,251.6545867919922,4.44322395324707
241.3708038330078,251.1125030517578,4.445213794708252
241.1141662597656,250.5694580078125,4.4469170570373535
240.8587188720703,250.0254821777344,4.4485087394714355
240.6045379638672,249.48062133789065,4.4503350257873535
240.35194396972656,248.93478393554688,4.452537536621094
240.1012725830078,248.38775634765625,4.454779624938965
239.85255432128903,247.8396148681641,4.456544876098633
239.6053771972656,247.29054260253903,4.457874774932861
239.3597412109375,246.740478515625,4.459297180175781
239.11593627929688,246.189208984375,4.461370944976807
238.8741912841797,245.636474609375,4.464066505432129
238.6340484619141,245.08245849609375,4.467682361602783
238.39537048339844,244.52737426757812,4.472574234008789
238.15887451171875,243.97122192382812,4.478009223937988
237.92442321777344,243.41419982910156,4.483092308044434
237.6918182373047,242.85643005371097,4.487488746643066
237.4612579345703,242.29779052734375,4.491097450256348
237.2331695556641,241.7381134033203,4.493982315063477
237.00733947753903,241.1774139404297,4.496366024017334
236.78396606445312,240.61538696289065,4.498917102813721
236.5633087158203,240.0518798828125,4.501699924468994
236.34536743164065,239.4868621826172,4.505197525024414
236.13009643554688,238.92059326171875,4.508999347686768
235.91741943359375,238.3535614013672,4.513234615325928
235.7074432373047,237.7858734130859,4.5179972648620605
235.50033569335935,237.21749877929688,4.523227691650391
235.29617309570312,236.6484375,4.528279781341553
235.09478759765625,236.0786895751953,4.532787322998047
234.8960723876953,235.50827026367188,4.537151336669922
234.70013427734375,234.93722534179688,4.541616439819336
234.5067596435547,234.36566162109375,4.545910835266113
234.315673828125,233.79376220703125,4.549776554107666
234.12660217285156,233.22169494628903,4.553244590759277
233.9393768310547,232.6495819091797,4.5569047927856445
233.7539520263672,232.0773468017578,4.5615949630737305
233.57069396972656,231.5049743652344,4.566015243530273
233.3889617919922,230.93267822265625,4.569654941558838
233.20864868164065,230.36050415039065,4.572340488433838
233.03009033203125,229.78855895996097,4.57472038269043
232.85333251953125,229.21673583984375,4.576973915100098
232.67819213867188,228.6448516845703,4.5788044929504395
232.5047149658203,228.0729217529297,4.580171585083008
232.3326873779297,227.5010681152344,4.581075191497803
232.16175842285156,226.92947387695312,4.581850528717041
231.99183654785156,226.3581390380859,4.582364559173584
231.82327270507812,225.7869873046875,4.582902908325195
231.6561279296875,225.21603393554688,4.583888530731201
231.4901428222656,224.6454315185547,4.585328578948975
231.3258056640625,224.0750274658203,4.58699369430542
231.16323852539065,223.50502014160156,4.58905553817749
231.0028839111328,222.9356384277344,4.590637683868408
230.8441467285156,222.3670196533203,4.59102201461792
230.68667602539065,221.79913330078125,4.5915117263793945
230.53111267089844,221.2318115234375,4.593143939971924
230.37757873535156,220.66488647460935,4.595910549163818
230.2251434326172,220.09832763671875,4.598760604858398
230.07345581054688,219.5328063964844,4.601740837097168
229.9237518310547,218.96823120117188,4.604828834533691
229.77630615234375,218.40460205078125,4.607938766479492
229.6309814453125,217.84193420410156,4.611031532287598
229.4877166748047,217.2802734375,4.614283561706543
229.34686279296875,216.71945190429688,4.617466449737549
229.20846557617188,216.15951538085935,4.62039041519165
229.0725250244141,215.60061645507812,4.622678756713867
228.9389190673828,215.04298400878903,4.62407112121582
228.80755615234375,214.48684692382812,4.6245951652526855
228.67823791503903,213.9323883056641,4.625010967254639
228.5513610839844,213.37966918945312,4.625834941864014
228.4269256591797,212.8286590576172,4.626935958862305
228.3046417236328,212.2796173095703,4.628122329711914
228.18405151367188,211.7327423095703,4.628772735595703
228.0654296875,211.1883087158203,4.629068851470947
227.948974609375,210.6465606689453,4.62948751449585
227.8344268798828,210.10755920410156,4.630367279052734
227.72146606445312,209.5712432861328,4.631939888000488
227.6100616455078,209.0375061035156,4.634025573730469
227.50083923339844,208.50640869140625,4.63598108291626
227.3932647705078,207.9781188964844,4.637447357177734
227.2870635986328,207.45269775390625,4.638236999511719
227.18226623535156,206.93016052246097,4.638032913208008
227.078857421875,206.4104766845703,4.636919021606445
226.9764862060547,205.8936309814453,4.635185241699219
226.8749084472656,205.37940979003903,4.633377552032471
226.77427673339844,204.8677215576172,4.631545066833496
226.6741485595703,204.3586578369141,4.629800796508789
226.5742645263672,203.85206604003903,4.627669334411621
226.4743194580078,203.34730529785156,4.625283718109131
226.37432861328125,202.84442138671875,4.622865676879883
226.2742919921875,202.34402465820312,4.620725631713867
226.17431640625,201.84716796875,4.619070529937744
226.0746612548828,201.35519409179688,4.618014812469482
225.97544860839844,200.86911010742188,4.617476940155029
225.876708984375,200.3890838623047,4.617311477661133
225.77838134765625,199.91476440429688,4.617213726043701
225.68081665039065,199.4458770751953,4.616376876831055
225.58396911621097,198.98292541503903,4.614367961883545
225.4877471923828,198.5262451171875,4.6110429763793945
225.392333984375,198.07630920410156,4.607337474822998
225.2971038818359,197.63319396972656,4.6039581298828125
225.20245361328125,197.1965789794922,4.600503921508789
225.1083526611328,196.76617431640625,4.596048355102539
225.01458740234375,196.3421936035156,4.590304851531982
224.92105102539065,195.92466735839844,4.58333158493042
224.82762145996097,195.51290893554688,4.575169563293457
224.7339630126953,195.1056976318359,4.566065788269043
224.63929748535156,194.7020263671875,4.556942939758301
224.54437255859375,194.30157470703125,4.549154758453369
224.4485626220703,193.90432739257812,4.542409420013428
224.35169982910156,193.5101776123047,4.535351276397705
224.25424194335935,193.11892700195312,4.5277886390686035
224.1561584472656,192.7301483154297,4.519721984863281
224.0567169189453,192.3427734375,4.511523246765137
223.9553070068359,191.95751953125,4.503899574279785
223.8526153564453,191.5751037597656,4.497127532958984
223.74900817871097,191.19564819335935,4.490751266479492
223.64419555664065,190.8192596435547,4.484321594238281
223.5379180908203,190.4460601806641,4.47791051864624
223.42982482910156,190.0762176513672,4.4722700119018555
223.3199920654297,189.7097930908203,4.467864990234375
223.20892333984375,189.34674072265625,4.463684558868408
223.0961456298828,188.9871368408203,4.459004878997803
222.9810485839844,188.6311798095703,4.453351020812988
222.86294555664065,188.27932739257812,4.446932315826416
222.74085998535156,187.93218994140625,4.441591739654541
222.61614990234375,187.58929443359375,4.4364776611328125
222.4890289306641,187.25047302246097,4.430610656738281
222.3593292236328,186.91558837890625,4.423459053039551
222.22642517089844,186.5850067138672,4.416020393371582
222.0906219482422,186.258544921875,4.408061981201172
221.9520721435547,185.93630981445312,4.39987325668335
221.8109130859375,185.6186065673828,4.391695976257324
221.66702270507812,185.3059234619141,4.383864402770996
221.52088928222656,184.99794006347656,4.376321792602539
221.3671112060547,184.6959991455078,4.373332500457764
221.2165679931641,184.3962860107422,4.367720603942871
221.0605010986328,184.1023712158203,4.360416412353516
220.90386962890625,183.81280517578125,4.349210262298584
220.74124145507812,183.53009033203125,4.338706970214844
220.5794677734375,183.2513885498047,4.3266401290893555
220.41021728515625,182.98025512695312,4.317026615142822
220.2416076660156,182.7127990722656,4.3061370849609375
220.06483459472656,182.45469665527344,4.300962924957275
219.89352416992188,182.19692993164065,4.294703483581543
219.7169952392578,181.9444580078125,4.28673791885376
219.5388641357422,181.69627380371097,4.274500370025635
219.35552978515625,181.4549102783203,4.261213302612305
219.17335510253903,181.2181701660156,4.246095180511475
218.9850921630859,180.9893035888672,4.2330427169799805
218.79595947265625,180.7681579589844,4.225613594055176
218.6072540283203,180.5491485595703,4.21859073638916
218.4158477783203,180.33758544921875,4.214083194732666
218.22683715820312,180.12692260742188,4.205499172210693
218.03330993652344,179.9232177734375,4.194836139678955
217.8402404785156,179.72299194335938,4.18050479888916
217.6422882080078,179.53062438964844,4.168430328369141
217.44879150390625,179.34071350097656,4.155515670776367
217.25277709960935,179.15548706054688,4.142016410827637
217.05555725097656,178.97891235351562,4.134195804595947
216.8646697998047,178.80006408691406,4.123693943023682
216.66720581054688,178.63107299804688,4.117213249206543
216.4748382568359,178.4627685546875,4.1090593338012695
216.2854461669922,178.29403686523438,4.095071792602539
216.0916290283203,178.13372802734375,4.079588413238525
215.89813232421875,177.97528076171875,4.0611371994018555
215.70361328125,177.82225036621094,4.045284271240234
215.51173400878903,177.67022705078125,4.036167621612549
215.32101440429688,177.517578125,4.025662422180176
215.12515258789065,177.3754119873047,4.018225193023682
214.93450927734375,177.22972106933594,4.009946346282959
214.7436065673828,177.08555603027344,3.996399402618408
214.5482482910156,176.95127868652344,3.985809564590454
214.35633850097656,176.8137664794922,3.972750186920166
214.1615295410156,176.6807403564453,3.956511259078979
213.9636077880859,176.55386352539062,3.939452648162842
213.76759338378903,176.4269256591797,3.9223382472991943
213.57052612304688,176.3018035888672,3.906961441040039
213.37210083007812,176.1777801513672,3.8947560787200928
213.172607421875,176.0541229248047,3.8850557804107666
212.97171020507812,175.93162536621094,3.876430034637451
212.7695770263672,175.81069946289062,3.867432117462158
212.5666046142578,175.6909637451172,3.857693910598755
212.36300659179688,175.57247924804688,3.847264051437378
212.15899658203125,175.45518493652344,3.836269617080689
211.95472717285156,175.3389434814453,3.82487154006958
211.75027465820312,175.22373962402344,3.812718152999878
211.5456695556641,175.109619140625,3.7992959022521977
211.34080505371097,174.99765014648438,3.7863571643829346
211.13699340820312,174.88661193847656,3.7742648124694824
210.9341278076172,174.77684020996094,3.763006210327149
210.7321319580078,174.66845703125,3.7528879642486577
210.53106689453125,174.56118774414062,3.743955612182617
210.3308258056641,174.45504760742188,3.736018180847168
210.13131713867188,174.35003662109375,3.7280936241149902
209.932373046875,174.2463836669922,3.719580173492432
209.73403930664065,174.14390563964844,3.71045184135437
209.53602600097656,174.04275512695312,3.700829267501831
209.3383331298828,173.9429168701172,3.69087815284729
209.1409454345703,173.84445190429688,3.6807103157043457
208.94387817382812,173.74749755859375,3.67072319984436
208.7471923828125,173.6521453857422,3.661009550094605
208.5510406494141,173.5582275390625,3.6517486572265625
208.35549926757812,173.4658203125,3.6429641246795654
208.16065979003903,173.37509155273438,3.634988307952881
207.9666290283203,173.28570556640625,3.6275901794433594
207.77330017089844,173.19784545898438,3.620316505432129
207.58070373535156,173.1114959716797,3.612886428833008
207.3889007568359,173.0265655517578,3.6052632331848145
207.19790649414065,172.94302368164062,3.5975453853607178
207.0076904296875,172.8608856201172,3.589848518371582
206.8182678222656,172.77992248535156,3.5820720195770264
206.62953186035156,172.7000274658203,3.5743720531463623
206.44126892089844,172.62123107910156,3.5669925212860107
206.25338745117188,172.54324340820312,3.5599348545074463
206.0658721923828,172.46595764160156,3.5530245304107666
205.87869262695312,172.38951110839844,3.546071767807007
205.6918182373047,172.313720703125,3.539076805114746
205.5052490234375,172.23846435546875,3.5320498943328857
205.31881713867188,172.163818359375,3.5248608589172363
205.1325225830078,172.0896453857422,3.517538547515869
204.94635009765625,172.0160369873047,3.5103375911712646
204.7601776123047,171.94305419921875,3.503249406814575
204.5738525390625,171.8705291748047,3.496083498001098
204.38671875,171.7983856201172,3.488860607147217
204.1983184814453,171.72621154785156,3.4816746711730957
204.00819396972656,171.6539306640625,3.4746179580688477
203.81597900390625,171.58154296875,3.467773914337158
203.62147521972656,171.50885009765625,3.4610185623168945
203.4243621826172,171.4358367919922,3.45408296585083
203.22393798828125,171.36251831054688,3.447084665298462
203.0196228027344,171.28854370117188,3.4400956630706787
202.81114196777344,171.21388244628906,3.4328863620758057
202.59829711914065,171.1387176513672,3.425407886505127
202.3810882568359,171.0629119873047,3.4176015853881836
202.15960693359375,170.98646545410156,3.4092929363250732
201.9336395263672,170.90948486328125,3.400684118270874
201.70323181152344,170.83200073242188,3.3918538093566895
201.46839904785156,170.75396728515625,3.3830971717834473
201.2295684814453,170.6756134033203,3.3743605613708496
200.98724365234375,170.59690856933594,3.3655526638031006
200.74176025390625,170.517822265625,3.3565635681152344
200.49334716796875,170.43844604492188,3.3472495079040527
200.24200439453125,170.35879516601562,3.3374531269073486
199.9878692626953,170.27880859375,3.3271446228027344
199.73098754882812,170.198486328125,3.31648850440979
199.47154235839844,170.11769104003906,3.305729866027832
199.209716796875,170.03639221191406,3.295013189315796
198.9454803466797,169.9547119140625,3.284501791000366
198.6790313720703,169.87258911132812,3.274108648300171
198.4104766845703,169.79005432128906,3.2636215686798096
198.1399688720703,169.70721435546875,3.2528786659240723
197.8675842285156,169.62387084960938,3.242001533508301
197.59336853027344,169.54013061523438,3.230948686599731
197.3173370361328,169.4561309814453,3.2197256088256836
197.03953552246097,169.37205505371094,3.2084896564483643
196.76014709472656,169.2878875732422,3.197471857070923
196.4792633056641,169.20347595214844,3.1865270137786865
196.1969451904297,169.1190185546875,3.1758062839508057
195.9132080078125,169.03433227539062,3.1653101444244385
195.62814331054688,168.9492950439453,3.1549370288848877
195.3416748046875,168.8638458251953,3.1445298194885254
195.0536346435547,168.77804565429688,3.134139060974121
194.7639007568359,168.69195556640625,3.1239004135131836
194.47250366210935,168.6055450439453,3.113570213317871
194.17919921875,168.51893615722656,3.1030397415161133
193.88360595703125,168.431884765625,3.0923337936401367
193.58526611328125,168.3440704345703,3.0815744400024414
193.2835998535156,168.25523376464844,3.0708718299865723
192.978271484375,168.16549682617188,3.0602622032165527
192.66928100585935,168.07469177246094,3.0496506690979004
192.3568572998047,167.98277282714844,3.038771152496338
192.04115295410156,167.88961791992188,3.0273900032043457
191.72219848632812,167.7949981689453,3.015427589416504
191.39991760253903,167.69898986816406,3.0032145977020264
191.07440185546875,167.6014862060547,2.9910905361175537
190.74581909179688,167.50241088867188,2.9792373180389404
190.414306640625,167.4019012451172,2.9674549102783203
190.08009338378903,167.2999267578125,2.9552221298217773
189.7432403564453,167.1964111328125,2.9423651695251465
189.40382385253903,167.0913543701172,2.928830146789551
189.06187438964844,166.98484802246094,2.9150118827819824
188.7174530029297,166.87701416015625,2.9010086059570312
188.37081909179688,166.767578125,2.8868978023529053
188.02186584472656,166.65676879882812,2.8730175495147705
187.6707763671875,166.54441833496094,2.8591928482055664
187.317626953125,166.43032836914062,2.845466375350952
186.9623565673828,166.31472778320312,2.832001209259033
186.60499572753903,166.19776916503906,2.8185935020446777
186.24571228027344,166.07919311523438,2.8048529624938965
185.88449096679688,165.9591064453125,2.7906346321105957
185.5213165283203,165.83763122558594,2.7761688232421875
185.15618896484375,165.7146759033203,2.761806011199951
184.78916931152344,165.59024047851562,2.74753475189209
184.42013549804688,165.46426391601562,2.733473300933838
184.04910278320312,165.33645629882812,2.7193398475646973
183.6758575439453,165.20733642578125,2.7050435543060303
183.3003845214844,165.07699584960938,2.690547466278076
182.9227294921875,164.9453125,2.6754441261291504
182.54275512695312,164.81253051757812,2.6599245071411133
182.16046142578125,164.67849731445312,2.644225835800171
181.77586364746097,164.54302978515625,2.6284425258636475
181.3889923095703,164.40611267089844,2.6125946044921875
180.9998779296875,164.26773071289062,2.5964982509613037
180.6086273193359,164.12786865234375,2.579786539077759
180.21517944335935,163.9864501953125,2.5623254776000977
179.81936645507812,163.8437042236328,2.5445973873138428
179.42117309570312,163.69952392578125,2.527057409286499
179.02059936523438,163.5538330078125,2.510028600692749
178.6176300048828,163.4066162109375,2.493436336517334
178.21237182617188,163.2578125,2.4767017364501953
177.8048858642578,163.10760498046875,2.4595115184783936
177.3950653076172,162.9561309814453,2.4418511390686035
176.98284912109375,162.8035430908203,2.424080610275269
176.56820678710938,162.6497802734375,2.4067673683166504
176.15118408203125,162.49456787109375,2.3901286125183105
175.73184204101562,162.33743286132812,2.374113082885742
175.3104248046875,162.1785125732422,2.3578908443450928
174.88685607910156,162.0182342529297,2.3409976959228516
174.4611053466797,161.85659790039062,2.3233609199523926
174.03330993652344,161.69329833984375,2.305161237716675
173.60357666015625,161.5281982421875,2.286574125289917
173.1720428466797,161.36134338378906,2.267324209213257
172.7388153076172,161.19252014160156,2.247131109237671
172.3039093017578,161.02157592773438,2.226118803024292
171.8670654296875,160.8483123779297,2.204904317855835
171.4283905029297,160.6724853515625,2.1836178302764893
170.98789978027344,160.49404907226562,2.1626083850860596
170.54566955566406,160.31317138671875,2.141608953475952
170.10179138183594,160.13034057617188,2.120148181915283
169.6564178466797,159.9454345703125,2.0989794731140137
169.2097625732422,159.7580108642578,2.078273296356201
168.76193237304688,159.56793212890625,2.0579373836517334
168.31298828125,159.3753662109375,2.03787612915039
167.8628692626953,159.18038940429688,2.0178351402282715
167.4116668701172,158.98292541503906,1.9976338148117063
166.95941162109375,158.78292846679688,1.97724187374115
166.5061798095703,158.58030700683594,1.956789255142212
166.0520477294922,158.37521362304688,1.9362057447433472
165.59703063964844,158.1678009033203,1.9155572652816772
165.14132690429688,157.95797729492188,1.8949031829833984
164.68507385253906,157.74571228027344,1.8742769956588743
164.22853088378906,157.5309295654297,1.853626728057861
163.7720184326172,157.31378173828125,1.832805633544922
163.31600952148438,157.09449768066406,1.8116788864135744
162.8610076904297,156.87319946289062,1.7900763750076294
162.40740966796875,156.65016174316406,1.767899513244629
161.95538330078125,156.42578125,1.7456713914871216
161.50526428222656,156.20005798339844,1.7238609790802002
161.05715942382812,155.97311401367188,1.7028050422668457
160.6108856201172,155.74539184570312,1.682983160018921
160.16653442382812,155.51681518554688,1.6646873950958252
159.72454833984375,155.2872772216797,1.6465318202972412
159.28485107421875,155.05718994140625,1.627828598022461
158.84747314453125,154.82705688476562,1.6089645624160769
158.4124298095703,154.5968017578125,1.5903326272964478
157.9795379638672,154.366455078125,1.5724339485168457
157.54873657226562,154.13583374023438,1.555817723274231
157.11984252929688,153.9047088623047,1.5395437479019165
156.69293212890625,153.6732940673828,1.522636651992798
156.26800537109375,153.44180297851562,1.505096435546875
155.8450164794922,153.21046447753906,1.4870052337646484
155.4241180419922,152.9790496826172,1.468266248703003
155.00547790527344,152.7474365234375,1.4488410949707031
154.58909606933594,152.5155792236328,1.4288098812103271
154.1748809814453,152.2834930419922,1.4089207649230957
153.76309204101562,152.05068969726562,1.389254808425903
153.3536834716797,151.8169708251953,1.3693981170654297
152.94662475585938,151.58265686035156,1.349475383758545
152.54202270507812,151.34803771972656,1.329414129257202
152.1399688720703,151.11318969726562,1.3091778755187988
151.74073791503906,150.87828063964844,1.28935444355011
151.3444366455078,150.64306640625,1.2701646089553833
150.9510498046875,150.407470703125,1.2516155242919922
150.56056213378906,150.17149353027344,1.2336440086364746
150.17295837402344,149.9349822998047,1.2160687446594238
149.78817749023438,149.6980743408203,1.1985958814620972
149.40614318847656,149.4609832763672,1.181182861328125
149.02682495117188,149.2238311767578,1.1637961864471436
148.6501922607422,148.98672485351562,1.146559715270996
148.2763214111328,148.7496337890625,1.129565954208374
147.9051971435547,148.51255798339844,1.112876534461975
147.53680419921875,148.27552795410156,1.0964921712875366
147.17111206054688,148.03846740722656,1.0804722309112549
146.80819702148438,147.8012237548828,1.064972996711731
146.4481201171875,147.5636444091797,1.0498732328414917
146.09103393554688,147.3257293701172,1.0346975326538086
145.7370147705078,147.08750915527344,1.0194298028945925
145.38601684570312,146.84901428222656,1.0039539337158203
145.03802490234375,146.61033630371094,0.9883601069450378
144.69309997558594,146.3715362548828,0.972961723804474
144.35110473632812,146.13270568847656,0.9579932689666748
144.01194763183594,145.89378356933594,0.9432913064956664
143.67552185058594,145.6546630859375,0.928642988204956
143.34173583984375,145.4154815673828,0.914081335067749
143.010498046875,145.17637634277344,0.8995859622955322
142.68177795410156,144.93743896484375,0.8850099444389343
142.35543823242188,144.69871520996094,0.8705039024353027
142.0314178466797,144.4601287841797,0.8562317490577698
141.70948791503906,144.22166442871094,0.8423452377319336
141.3893585205078,143.98333740234375,0.8288305997848511
141.07093811035156,143.7449493408203,0.8154237270355225
140.75393676757812,143.5063934326172,0.8019009828567505
140.43800354003906,143.26754760742188,0.7883025407791138
140.12301635742188,143.02835083007812,0.7747099995613098
139.80874633789062,142.78875732421875,0.7611281275749207
139.49497985839844,142.54867553710938,0.7473928332328796
139.1814422607422,142.30780029296875,0.7333655953407288
138.8678741455078,142.06564331054688,0.7191141843795776
138.5538787841797,141.82192993164062,0.7046802043914795
138.239013671875,141.57652282714844,0.6900715827941895
137.92291259765625,141.32928466796875,0.6753866076469421
137.6052703857422,141.080078125,0.6604664325714111
137.28587341308594,140.82859802246094,0.6452499628067017
136.96446228027344,140.574462890625,0.6297918558120728
136.64077758789062,140.31752014160156,0.6140760183334351
136.3146209716797,140.0579071044922,0.5980417132377625
135.98594665527344,139.79554748535156,0.5816946029663086
135.65478515625,139.53074645996094,0.564626157283783
135.3211212158203,139.26345825195312,0.5470038056373596
134.98516845703125,138.99313354492188,0.529299795627594
134.64707946777344,138.7196502685547,0.5117925405502319
134.30673217773438,138.44309997558594,0.4945124983787536
133.9640655517578,138.16346740722656,0.4775278568267822
133.61907958984375,137.8807830810547,0.460748553276062
133.27182006835938,137.5950164794922,0.4442205131053924
132.92234802246094,137.30621337890625,0.4277754724025726
132.5708465576172,137.0146484375,0.4110694527626037
132.2174530029297,136.7205810546875,0.3941972851753235
131.8624267578125,136.4239501953125,0.3770252764225006
131.5059356689453,136.12457275390625,0.359856367111206
131.14820861816406,135.82188415527344,0.3428654074668884
130.78904724121094,135.51622009277344,0.3260978460311889
130.4285888671875,135.2075958251953,0.3095332384109497
130.06715393066406,134.89608764648438,0.2925116419792175
129.70457458496094,134.58218383789062,0.2745481729507446
129.341064453125,134.26576232910156,0.255678653717041
128.9769744873047,133.94644165039062,0.2361668348312378
128.6124267578125,133.62442016601562,0.2160861194133758
128.24783325195312,133.29953002929688,0.1955334842205047
127.88365173339844,132.9715576171875,0.1744673252105713
127.52015686035156,132.64044189453125,0.1530945301055908
127.15784454345705,132.30638122558594,0.1317353844642639
126.7974624633789,131.96951293945312,0.1104197204113006
126.4394302368164,131.63037109375,0.0884563326835632
126.0840835571289,131.2894744873047,0.0657595098018646
125.73161315917967,130.94737243652344,0.0434123575687408
125.38233184814452,130.60400390625,0.0218925178050994
125.0365753173828,130.2591094970703,0.0018959939479827
124.69409942626952,129.91285705566406,-0.0161543488502502
124.35499572753906,129.5653839111328,-0.033383309841156
124.01913452148438,129.21717834472656,-0.0517748892307281
123.685791015625,128.86923217773438,-0.071000263094902
123.35514831542967,128.521728515625,-0.0901715904474258
123.02749633789062,128.17437744140625,-0.1091091036796569
122.70259857177734,127.82714080810548,-0.1271984875202179
122.37982177734376,127.48001098632812,-0.1448321342468261
122.05873107910156,127.13321685791016,-0.1619760990142822
121.73949432373048,126.78665161132812,-0.1789270043373108
121.4226303100586,126.4401626586914,-0.1962857842445373
121.1080093383789,126.09403228759766,-0.214082658290863
120.7955093383789,125.74839782714844,-0.2323685586452484
120.48514556884766,125.40324401855467,-0.2511062026023865
120.17713165283205,125.05828857421876,-0.2701247334480285
119.87149047851562,124.7135009765625,-0.2892803847789764
119.5681610107422,124.36883544921876,-0.3084794580936432
119.26707458496094,124.02410888671876,-0.3275827169418335
118.96824645996094,123.6791000366211,-0.3468555808067322
118.67164611816406,123.33397674560548,-0.3661368787288666
118.37727355957033,122.98883056640624,-0.3853588402271271
118.08497619628906,122.64389038085938,-0.4049378633499145
117.79488372802734,122.29926300048828,-0.424803078174591
117.50701141357422,121.95475769042967,-0.4448764026165008
117.22111511230467,121.61027526855467,-0.4649197459220886
116.93709564208984,121.26555633544922,-0.484224408864975
116.65470123291016,120.92035675048828,-0.5030230283737183
116.37383270263672,120.57450103759766,-0.5213521718978882
116.09435272216795,120.22795104980467,-0.539068877696991
115.81627655029295,119.88053131103516,-0.5561761260032654
115.53968048095705,119.53218841552734,-0.5734226107597351
115.26422119140624,119.1831512451172,-0.5910952091217041
114.98966979980467,118.83348846435548,-0.6087647676467896
114.7160415649414,118.48285675048828,-0.6263293623924255
114.44313049316406,118.1310577392578,-0.6438789367675781
114.17086791992188,117.77769470214844,-0.6611064672470093
113.89923858642578,117.42242431640624,-0.6780470609664917
113.62813568115234,117.06513214111328,-0.6951794624328613
113.35747528076172,116.70592498779295,-0.7126811742782593
113.08715057373048,116.34478759765624,-0.7305468916893005
112.81696319580078,115.98181915283205,-0.7486543655395508
112.54696655273438,115.6168441772461,-0.7664757370948792
112.27739715576172,115.24969482421876,-0.7839275598526001
112.00831604003906,114.88037109375,-0.8012511730194092
111.73971557617188,114.50887298583984,-0.8186191320419312
111.47183227539062,114.13519287109376,-0.8364235162734985
111.20455169677734,113.7595672607422,-0.8548855781555176
110.93777465820312,113.38207244873048,-0.8737705945968628
110.67156219482422,113.00255584716795,-0.8926054239273071
110.40608978271484,112.6209716796875,-0.9112956523895264
110.14129638671876,112.23728942871094,-0.9298977255821228
109.877197265625,111.85147094726562,-0.948761224746704
109.61359405517578,111.46373748779295,-0.9679203033447266
109.3506088256836,111.0740966796875,-0.987028419971466
109.08855438232422,110.68240356445312,-1.005973219871521
108.82757568359376,110.28870391845705,-1.0247830152511597
108.56768798828124,109.89312744140624,-1.0434938669204712
108.30911254882812,109.49557495117188,-1.06230890750885
108.05207061767578,109.09598541259766,-1.0809751749038696
107.79661560058594,108.69450378417967,-1.0994664430618286
107.5429229736328,108.29110717773438,-1.1177911758422852
107.29100036621094,107.88595581054688,-1.136249303817749
107.04071044921876,107.47920989990234,-1.1550233364105225
106.79220581054688,107.0708465576172,-1.1739439964294434
106.54556274414062,106.6608428955078,-1.192941427230835
106.3008804321289,106.24916076660156,-1.211991548538208
106.0580596923828,105.83589935302734,-1.2317126989364624
105.81708526611328,105.42100524902344,-1.252122402191162
105.57803344726562,105.00440216064452,-1.2726101875305176
105.34119415283205,104.58594512939452,-1.2927794456481934
105.1064453125,104.16571044921876,-1.3125520944595337
104.87366485595705,103.74369049072266,-1.3320801258087158
104.64287567138672,103.31980895996094,-1.351181983947754
104.41402435302734,102.8941650390625,-1.3701192140579224
104.18683624267578,102.46697998046876,-1.3893321752548218
103.9608917236328,102.0384750366211,-1.408668041229248
103.73592376708984,101.60851287841795,-1.427839994430542
103.51187133789062,101.17666625976562,-1.4461300373077393
103.28868103027344,100.74270629882812,-1.4641659259796145
103.06598663330078,100.30654907226562,-1.4827568531036377
102.84334564208984,99.86813354492188,-1.5020955801010132
102.620849609375,99.4271011352539,-1.5218030214309692
102.39842987060548,98.98336029052734,-1.541638970375061
102.17605590820312,98.53704833984376,-1.56203031539917
101.95396423339844,98.08799743652344,-1.5833576917648315
101.7322769165039,97.63616943359376,-1.6058417558670044
101.510986328125,97.1813507080078,-1.6289499998092651
101.2904815673828,96.72315979003906,-1.6523157358169556
101.0709457397461,96.2615203857422,-1.6757681369781494
100.8524932861328,95.79642486572266,-1.6989648342132568
100.6351318359375,95.32815551757812,-1.7223974466323853
100.41901397705078,94.85684967041016,-1.7459561824798584
100.20436096191406,94.3824691772461,-1.769490361213684
99.99131774902344,93.90502166748048,-1.7927460670471191
99.7800521850586,93.4244613647461,-1.8158336877822876
99.57101440429688,92.94050598144533,-1.839289307594299
99.3639678955078,92.4533233642578,-1.8631917238235471
99.15869903564452,91.9630355834961,-1.887328863143921
98.95506286621094,91.46978759765624,-1.9115214347839355
98.75320434570312,90.97354125976562,-1.9356365203857424
98.55319213867188,90.47429656982422,-1.95961332321167
98.3548583984375,89.97212219238281,-1.9835686683654783
98.15806579589844,89.46707916259766,-2.0077338218688965
97.96288299560548,88.95909881591797,-2.0321247577667236
97.76930236816406,88.44820404052734,-2.0569047927856445
97.57743072509766,87.93433380126953,-2.082059144973755
97.38709259033205,87.41754913330078,-2.107597589492798
97.1981201171875,86.89784240722656,-2.133216142654419
97.01077270507812,86.37500762939453,-2.158723831176758
96.82501220703124,85.8488998413086,-2.1837682723999023
96.6403579711914,85.3196029663086,-2.208242416381836
96.45630645751952,84.7871322631836,-2.231682538986206
96.2737045288086,84.25135803222656,-2.2548508644104004
96.09195709228516,83.71273040771484,-2.2785911560058594
95.91038513183594,83.17158508300781,-2.3028855323791504
95.72884368896484,82.62775421142578,-2.327134132385254
95.54762268066406,82.08096313476562,-2.3506877422332764
95.36707305908205,81.53104400634766,-2.3745293617248535
95.18687438964844,80.97822570800781,-2.399348020553589
95.00667572021484,80.42268371582031,-2.425092935562134
94.82645416259766,79.86445617675781,-2.451549768447876
94.64608764648438,79.30360412597656,-2.47855806350708
94.46568298339844,78.73991394042969,-2.5054266452789307
94.2859878540039,78.17308807373047,-2.5322229862213135
94.1070327758789,77.60311126708984,-2.5593459606170654
93.9285659790039,77.03003692626953,-2.5866777896881104
93.75033569335938,76.4539794921875,-2.6138291358947754
93.57263946533205,75.87479400634766,-2.640643835067749
93.3955307006836,75.29244232177734,-2.667113780975342
93.21903228759766,74.70683288574219,-2.692984819412231
93.04296112060548,74.11793518066406,-2.7180187702178955
92.8675537109375,73.52579498291016,-2.7426629066467285
92.69284057617188,72.9306640625,-2.767850637435913
92.51862335205078,72.33268737792969,-2.7938170433044434
92.34513854980467,71.73181915283203,-2.8206069469451904
92.17250061035156,71.12815856933594,-2.848630905151367
92.00067901611328,70.52152252197266,-2.877683639526367
91.82957458496094,69.91155242919922,-2.9067471027374268
91.65961456298828,69.2979507446289,-2.9355132579803467
91.4906768798828,68.68061065673828,-2.9634451866149902
91.3216323852539,68.0602035522461,-2.990442276000977
91.15328216552734,67.43672180175781,-3.0171120166778564
90.98546600341795,66.81028747558594,-3.043724298477173
90.81787109375,66.18095397949219,-3.069753646850586
90.65087127685548,65.54862213134766,-3.095557928085327
90.48412322998048,64.9134750366211,-3.1219730377197266
90.31729125976562,64.2756118774414,-3.1489005088806152
90.15042114257812,63.63505935668945,-3.1762475967407227
89.98347473144531,62.99187850952149,-3.203996181488037
89.81611633300781,62.34615707397461,-3.2320947647094727
89.64813995361328,61.69798278808594,-3.26064133644104
89.47962951660156,61.04743576049805,-3.290292501449585
89.31038665771484,60.394718170166016,-3.3213915824890137
89.14010620117188,59.73994445800781,-3.353566884994507
88.96784973144531,59.0831413269043,-3.3862152099609375
88.7939224243164,58.42398452758789,-3.418384552001953
88.6180648803711,57.76236724853515,-3.4491782188415527
88.44005584716797,57.0983772277832,-3.4781675338745117
88.26050567626953,56.43248748779297,-3.506709098815918
88.07896423339844,55.765235900878906,-3.5357463359832764
87.89531707763672,55.09678268432617,-3.5658769607543945
87.70977783203125,54.426998138427734,-3.5969722270965576
87.52278137207031,53.755428314208984,-3.6289522647857666
87.3343505859375,53.08192825317383,-3.662575244903565
87.1438217163086,52.40653991699219,-3.6972780227661137
86.95116424560547,51.72922897338867,-3.732431173324585
86.75647735595703,51.04994583129883,-3.7678394317626953
86.5596694946289,50.36869812011719,-3.803421258926392
86.3608169555664,49.685508728027344,-3.839246988296509
86.16004943847656,49.000274658203125,-3.8753502368927
85.95726013183594,48.31281661987305,-3.9116830825805664
85.7523422241211,47.62285232543945,-3.948129415512085
85.5451889038086,46.92997360229492,-3.984178304672241
85.33587646484375,46.23384475708008,-4.0193328857421875
85.12511444091797,45.534664154052734,-4.05485725402832
84.91291809082031,44.83262634277344,-4.091808319091797
84.69902801513672,44.12784957885742,-4.130018711090088
84.48384857177734,43.420166015625,-4.1695556640625
84.26817321777344,42.70928955078125,-4.2110137939453125
84.0513687133789,41.99529647827149,-4.2537736892700195
83.83335876464844,41.278053283691406,-4.296779632568359
83.61451721191406,40.55735778808594,-4.339193820953369
83.39463806152344,39.83341217041016,-4.381457805633545
83.17373657226562,39.10615158081055,-4.423828601837158
82.9521484375,38.37505340576172,-4.46597146987915
82.72969055175781,37.63956451416016,-4.5075154304504395
82.50618743896484,36.89914321899414,-4.548389911651611
82.28179931640625,36.15370178222656,-4.589509963989258
82.05593872070312,35.40373611450195,-4.631380081176758
81.82889556884766,34.649330139160156,-4.673931121826172
81.6015853881836,33.890785217285156,-4.717899799346924
81.37393188476562,33.12884521484375,-4.7634382247924805
81.14571380615234,32.36396789550781,-4.809597969055176
80.91710662841797,31.596529006958008,-4.855221748352051
80.688232421875,30.826881408691406,-4.899562835693359
80.45919799804688,30.055479049682617,-4.942425727844238
80.23058319091797,29.28275680541992,-4.9838948249816895
80.0028076171875,28.509374618530273,-5.025230884552002
79.775634765625,27.735811233520508,-5.067081928253174
79.5491943359375,26.962438583374023,-5.109893798828125
79.32425689697266,26.18924140930176,-5.154562950134277
79.10061645507812,25.41659164428711,-5.2013092041015625
78.87804412841797,24.644880294799805,-5.2495317459106445
78.65709686279297,23.87420082092285,-5.299094200134277
78.43791198730469,23.105009078979492,-5.349313735961914
78.21993255615234,22.337554931640625,-5.3999786376953125
78.0032958984375,21.57203483581543,-5.450157642364502
77.78864288330078,20.808549880981445,-5.5001373291015625
77.57626342773438,20.047273635864254,-5.550598621368408
77.3656005859375,19.288490295410156,-5.601317405700684
77.1566390991211,18.532142639160156,-5.65194034576416
76.94973754882812,17.77786636352539,-5.703320503234863
76.74466705322266,17.02572250366211,-5.756113529205322
76.54141998291016,16.275814056396484,-5.810166358947754
76.33952331542969,15.52819538116455,-5.865251541137695
76.13848876953125,14.782903671264648,-5.919912815093994
75.93870544433594,14.03993797302246,-5.973433971405029
75.73997497558594,13.299683570861816,-6.026381015777588
75.54219055175781,12.56233024597168,-6.078904151916504
75.3450698852539,11.826902389526367,-6.131184101104736
75.14771270751953,11.092523574829102,-6.182576656341553
74.95040130615234,10.359267234802246,-6.233135223388672
74.75355529785156,9.627619743347168,-6.284230709075928
74.5571517944336,8.897866249084473,-6.3364362716674805
74.36107635498047,8.170324325561523,-6.389276504516602
74.16544342041016,7.4450364112854,-6.443223476409912
73.97018432617188,6.721860408782959,-6.498518943786621
73.77510833740234,6.00070858001709,-6.554627418518066
73.58030700683594,5.28174352645874,-6.610945224761963
73.38567352294922,4.565176486968994,-6.666967391967773
73.19104766845703,3.851483106613159,-6.721996307373047
72.99716186523438,3.1406328678131104,-6.776337146759033
72.80325317382812,2.432816743850708,-6.829189300537109
72.61087799072266,1.7277088165283203,-6.8821916580200195
72.41924285888672,1.0251572132110596,-6.936727046966553
72.227783203125,0.3255165517330169,-6.991852760314941
72.03767395019531,-0.3712479770183563,-7.047292232513428
71.84898376464844,-1.0657812356948853,-7.104080677032471
71.66049194335938,-1.7576265335083008,-7.161642074584961
71.47207641601562,-2.4467883110046387,-7.218825817108154
71.28404998779297,-3.1334095001220703,-7.275424957275391
71.09603881835938,-3.817502021789551,-7.331308841705322
70.908203125,-4.499009132385254,-7.386396408081055
70.72114562988281,-5.177957534790039,-7.441579818725586
70.53447723388672,-5.854268550872803,-7.497044563293457
70.34822845458984,-6.528001308441162,-7.552649974822998
70.16302490234375,-7.199481010437012,-7.608315944671631
69.9788589477539,-7.868999004364014,-7.66483211517334
69.79547882080078,-8.536436080932617,-7.722011566162109
69.61315155029297,-9.201831817626951,-7.779348373413086
69.43223571777344,-9.865346908569336,-7.837174415588379
69.25267028808594,-10.526843070983888,-7.895373344421387
69.07447814941406,-11.186113357543944,-7.953643798828125
68.89759826660156,-11.84310531616211,-8.011960983276367
68.72212982177734,-12.497827529907228,-8.070341110229492
68.54838562011719,-13.150388717651367,-8.128824234008789
68.37600708007812,-13.80067253112793,-8.18765640258789
68.20478057861328,-14.448648452758787,-8.246764183044434
68.0351333618164,-15.094467163085938,-8.306055068969727
67.86688232421875,-15.7382173538208,-8.365663528442383
67.69963073730469,-16.379793167114258,-8.425315856933594
67.53314208984375,-17.018980026245117,-8.484583854675293
67.36734008789062,-17.65573501586914,-8.543318748474121
67.20236206054688,-18.290102005004883,-8.601737976074219
67.03832244873047,-18.92225646972656,-8.660477638244629
66.87521362304688,-19.551982879638672,-8.720430374145508
66.71200561523438,-20.179065704345703,-8.781761169433594
66.5482406616211,-20.803436279296875,-8.843233108520508
66.3839111328125,-21.425548553466797,-8.90413761138916
66.2196044921875,-22.045974731445312,-8.965155601501465
66.05450439453125,-22.66425514221191,-9.026358604431152
65.88817596435547,-23.27987289428711,-9.088053703308104
65.72124481201172,-23.89272689819336,-9.14976692199707
65.5543212890625,-24.502927780151367,-9.210681915283203
65.38733673095703,-25.110456466674805,-9.270566940307615
65.22034454345703,-25.715391159057617,-9.329977989196776
65.05329132080078,-26.317718505859375,-9.389422416687012
64.88613891601562,-26.917314529418945,-9.449318885803224
64.71882629394531,-27.51419448852539,-9.510246276855469
64.55135345458984,-28.108491897583008,-9.57214069366455
64.38321685791016,-28.70034408569336,-9.634183883666992
64.2143783569336,-29.289941787719727,-9.696004867553713
64.04487609863281,-29.87720489501953,-9.757654190063477
63.87445068359375,-30.461708068847656,-9.819742202758787
63.70266342163086,-31.042980194091797,-9.88145637512207
63.52950668334961,-31.621095657348633,-9.94157600402832
63.35433197021485,-32.195960998535156,-10.000480651855469
63.17723083496094,-32.767662048339844,-10.058629989624023
62.9983024597168,-33.336177825927734,-10.116592407226562
62.81739044189453,-33.901283264160156,-10.17447280883789
62.63425064086914,-34.462860107421875,-10.232020378112791
62.44869613647461,-35.02098846435547,-10.288397789001465
62.26033782958984,-35.57572937011719,-10.34329319000244
62.06928634643555,-36.12720489501953,-10.397588729858398
61.8752555847168,-36.67523956298828,-10.4525146484375
61.67791748046875,-37.21932601928711,-10.50802516937256
61.477333068847656,-37.759307861328125,-10.563547134399414
61.27306365966797,-38.29519271850586,-10.61927604675293
61.06467056274414,-38.82706069946289,-10.675894737243652
60.85088348388672,-39.3546028137207,-10.732138633728027
60.63163757324219,-39.87776184082031,-10.787625312805176
60.40726089477539,-40.39638900756836,-10.842724800109863
60.17746353149414,-40.910499572753906,-10.897333145141602
59.94209289550781,-41.419803619384766,-10.952777862548828
59.701751708984375,-41.924049377441406,-11.009127616882324
59.456424713134766,-42.42315673828125,-11.065709114074709
59.20576858520508,-42.9169921875,-11.12224006652832
58.949920654296875,-43.40571594238281,-11.177698135375977
58.689186096191406,-43.88981628417969,-11.23149585723877
58.424049377441406,-44.36953353881836,-11.28549575805664
58.15483474731445,-44.84477996826172,-11.340723991394045
57.88199996948242,-45.31560897827149,-11.39741325378418
57.60615921020508,-45.78186798095703,-11.454976081848145
57.32722473144531,-46.243526458740234,-11.512652397155762
57.04433059692383,-46.700382232666016,-11.570049285888672
56.75807571411133,-47.15283966064453,-11.626886367797852
56.46922302246094,-47.60150146484375,-11.683574676513672
56.177791595458984,-48.04624938964844,-11.739937782287598
55.883907318115234,-48.48678970336914,-11.796401977539062
55.588157653808594,-48.92343521118164,-11.853555679321287
55.291141510009766,-49.35639572143555,-11.911337852478027
54.99284362792969,-49.78547286987305,-11.968342781066896
54.693946838378906,-50.21120834350586,-12.023616790771484
54.39439010620117,-50.6337890625,-12.076985359191896
54.09379196166992,-51.05341339111328,-12.127528190612791
53.79285430908203,-51.47029113769531,-12.176408767700195
53.49161911010742,-51.88435745239258,-12.22435474395752
53.18981170654297,-52.29561233520508,-12.270241737365724
52.88856887817383,-52.70484924316406,-12.316327095031738
52.58735656738281,-53.11151885986328,-12.363093376159668
52.28569793701172,-53.51531600952149,-12.411194801330566
51.98476028442383,-53.9167594909668,-12.459227561950684
51.68452072143555,-54.315879821777344,-12.505430221557615
51.384422302246094,-54.71315383911133,-12.55030918121338
51.08460998535156,-55.10950469970703,-12.596173286437988
50.78443145751953,-55.5045166015625,-12.643945693969728
50.48353576660156,-55.89780807495117,-12.693578720092772
50.18181228637695,-56.28923034667969,-12.744121551513672
49.8790397644043,-56.67864227294922,-12.794346809387209
49.57516098022461,-57.06605529785156,-12.843639373779297
49.270057678222656,-57.45159149169922,-12.89271354675293
48.96400451660156,-57.835357666015625,-12.942259788513184
48.65684509277344,-58.21723175048828,-12.992262840270996
48.34811019897461,-58.59679412841797,-13.042490005493164
48.037811279296875,-58.97395324707031,-13.092577934265137
47.72613525390625,-59.34888458251953,-13.142868041992188
47.41350936889648,-59.72206497192383,-13.193530082702637
47.10018539428711,-60.093650817871094,-13.244524955749512
46.78538131713867,-60.4630012512207,-13.29549503326416
46.468135833740234,-60.82959747314453,-13.346550941467283
46.1495361328125,-61.19411087036133,-13.397819519042969
45.82954025268555,-61.55649185180664,-13.449424743652344
45.5078010559082,-61.91642761230469,-13.501401901245115
45.18409729003906,-62.27383041381836,-13.553075790405272
44.85853958129883,-62.628692626953125,-13.603546142578123
44.53129196166992,-62.98108673095703,-13.652562141418455
44.203086853027344,-63.33152770996094,-13.701309204101562
43.87355041503906,-63.6796760559082,-13.750688552856444
43.54241561889648,-64.02513885498047,-13.800700187683104
43.20997619628906,-64.36797332763672,-13.850817680358888
42.87662124633789,-64.70870971679688,-13.900545120239258
42.542240142822266,-65.04763793945312,-13.950489044189451
42.20659255981445,-65.38462829589844,-14.000951766967772
41.869850158691406,-65.71981811523438,-14.051862716674805
41.532264709472656,-66.05335235595703,-14.102813720703123
41.19399642944336,-66.38542938232422,-14.153654098510742
40.855098724365234,-66.71610260009766,-14.20447826385498
40.51542282104492,-67.04521942138672,-14.255327224731444
40.17506790161133,-67.3727798461914,-14.306170463562012
39.834171295166016,-67.69886016845703,-14.356837272644045
39.49262237548828,-68.02339172363281,-14.407301902770996
39.15030288696289,-68.3463134765625,-14.45741367340088
38.80708694458008,-68.66765594482422,-14.507044792175291
38.462928771972656,-68.98754119873047,-14.55624008178711
38.11795425415039,-69.30607604980469,-14.605450630187988
37.77218246459961,-69.62335205078125,-14.654834747314451
37.42573928833008,-69.93949127197266,-14.704092979431152
37.07854843139648,-70.25448608398438,-14.753055572509766
36.730525970458984,-70.56843566894531,-14.801833152770996
36.381595611572266,-70.88140869140625,-14.850748062133787
36.031463623046875,-71.19317626953125,-14.900152206420898
35.67997360229492,-71.50362396240234,-14.949944496154783
35.327247619628906,-71.81287384033203,-14.99998664855957
34.9735107421875,-72.12110900878906,-15.050705909729004
34.61853790283203,-72.42816925048828,-15.10211181640625
34.26145935058594,-72.73351287841797,-15.152925491333008
33.902278900146484,-73.03736114501953,-15.201863288879396
33.541221618652344,-73.33977508544922,-15.24891471862793
33.178985595703125,-73.64091491699219,-15.29605484008789
32.815513610839844,-73.94058227539062,-15.343975067138672
32.45024108886719,-74.23828125,-15.392114639282228
32.082847595214844,-74.53334045410156,-15.4387788772583
31.71431541442871,-74.82669067382812,-15.484331130981444
31.34451484680176,-75.11824035644531,-15.529683113098145
30.973169326782227,-75.4078369140625,-15.575358390808104
30.60013961791992,-75.69547271728516,-15.62109375
30.22517204284668,-75.98102569580078,-15.665897369384766
29.848655700683594,-76.26509857177734,-15.710344314575195
29.47048568725586,-76.54744720458984,-15.755376815795898
29.090391159057617,-76.82740783691406,-15.801373481750488
28.708518981933594,-77.10475158691406,-15.848589897155762
28.32493019104004,-77.37928009033203,-15.896682739257812
27.939725875854492,-77.65119934082031,-15.945135116577148
27.552165985107425,-77.92013549804688,-15.992239952087402
27.162351608276367,-78.18649291992188,-16.037418365478516
26.77042579650879,-78.45040893554688,-16.081995010375977
26.3769588470459,-78.71177673339844,-16.128446578979492
25.982324600219727,-78.97068786621094,-16.17765235900879
25.58636474609375,-79.22650146484375,-16.228248596191406
25.187646865844727,-79.47830963134766,-16.277284622192383
24.786396026611328,-79.72767639160156,-16.323795318603516
24.383081436157227,-79.97555541992188,-16.36884117126465
23.977684020996097,-80.2215576171875,-16.41519546508789
23.56949806213379,-80.46498107910156,-16.46173667907715
23.157922744750977,-80.70474243164062,-16.506946563720703
22.743999481201172,-80.94065856933594,-16.55140495300293
22.329017639160156,-81.17508697509766,-16.596435546875
21.9112491607666,-81.40665435791016,-16.640947341918945
21.490516662597656,-81.63494110107422,-16.684066772460938
21.06764030456543,-81.86180877685547,-16.72376823425293
20.64293098449707,-82.08822631835938,-16.760761260986328
20.21657371520996,-82.31439971923828,-16.800277709960938
19.7879581451416,-82.53857421875,-16.842960357666016
19.356382369995117,-82.76000213623047,-16.88658332824707
18.92212677001953,-82.9800033569336,-16.92874526977539
18.48512077331543,-83.19889831542969,-16.968082427978516
18.04561996459961,-83.41620635986328,-17.006412506103516
17.6041259765625,-83.63208770751953,-17.045488357543945
17.159910202026367,-83.84601593017578,-17.084697723388672
16.71259307861328,-84.05790710449219,-17.12169075012207
16.26243019104004,-84.26819610595703,-17.15540313720703
15.81012725830078,-84.47760009765625,-17.187366485595703
15.355710983276367,-84.68605041503906,-17.219690322875977
14.89879322052002,-84.89286041259766,-17.252384185791016
14.43912124633789,-85.09789276123047,-17.284393310546875
13.977060317993164,-85.3015365600586,-17.317047119140625
13.512455940246582,-85.50385284423828,-17.350086212158203
13.045205116271973,-85.70484924316406,-17.38334083557129
12.575117111206056,-85.90403747558594,-17.416316986083984
12.10208225250244,-86.10125732421875,-17.448579788208008
11.626240730285645,-86.29691314697266,-17.480188369750977
11.14793586730957,-86.49131774902344,-17.512109756469727
10.666961669921877,-86.6837387084961,-17.544584274291992
10.182907104492188,-86.87360382080078,-17.576416015625
9.695993423461914,-87.06141662597656,-17.606264114379883
9.20682430267334,-87.24773406982422,-17.63514518737793
8.715320587158203,-87.4322738647461,-17.66394805908203
8.220723152160645,-87.61416625976562,-17.69222068786621
7.722453594207764,-87.79299926757812,-17.717287063598633
7.223109245300293,-87.97212982177734,-17.742517471313477
6.72191047668457,-88.14970397949219,-17.769641876220703
6.218320369720459,-88.3253402709961,-17.798280715942383
5.712123394012451,-88.49952697753906,-17.82727813720703
5.20319128036499,-88.67305755615234,-17.855358123779297
4.692127704620361,-88.84725952148438,-17.882816314697266
4.178844928741455,-89.0216064453125,-17.90938949584961
3.663437366485596,-89.19599151611328,-17.93487548828125
3.1461496353149414,-89.37028503417969,-17.959840774536133
2.6272172927856445,-89.54520416259766,-17.98418617248535
2.107025623321533,-89.72114562988281,-18.007471084594727
1.585639715194702,-89.8980941772461,-18.030031204223633
1.0630155801773071,-90.07622528076172,-18.052276611328125
0.5391969084739685,-90.25584411621094,-18.07398796081543
0.0143114970996975,-90.43698120117188,-18.095170974731445
-0.5116286277770996,-90.61979675292967,-18.115985870361328
-1.0385082960128784,-90.80452728271484,-18.136693954467773
-1.5663059949874878,-90.99108123779295,-18.15737533569336
-2.0949888229370117,-91.17963409423828,-18.177921295166016
-2.6246068477630615,-91.3702163696289,-18.198076248168945
-3.155144214630127,-91.56291961669922,-18.21773338317871
-3.6865739822387695,-91.75769805908205,-18.237140655517575
-4.218900203704834,-91.95482635498048,-18.25627899169922
-4.752343654632568,-92.15370178222656,-18.275012969970703
-5.286854267120361,-92.35449981689452,-18.293046951293945
-5.822325706481934,-92.55762481689452,-18.310728073120117
-6.359005451202393,-92.76293182373048,-18.32767677307129
-6.89695405960083,-92.97032165527344,-18.343711853027344
-7.435997486114502,-93.17985534667967,-18.359569549560547
-7.9761061668396,-93.39187622070312,-18.375389099121097
-8.517481803894043,-93.60652923583984,-18.390174865722656
-9.06019687652588,-93.8233642578125,-18.40381622314453
-9.60409164428711,-94.04277801513672,-18.417163848876953
-10.149213790893556,-94.26502990722656,-18.430397033691406
-10.695725440979004,-94.4899444580078,-18.44331932067871
-11.243752479553224,-94.71766662597656,-18.45587921142578
-11.793438911437988,-94.94827270507812,-18.468114852905273
-12.344810485839844,-95.18171691894533,-18.480295181274418
-12.89783763885498,-95.41829681396484,-18.492576599121097
-13.452532768249512,-95.65806579589844,-18.50490379333496
-14.008801460266112,-95.90145874023438,-18.51689720153809
-14.56643295288086,-96.14857482910156,-18.52861595153809
-15.125146865844728,-96.39930725097656,-18.54043960571289
-15.684613227844238,-96.65386199951172,-18.552928924560547
-16.244564056396484,-96.9128189086914,-18.56583595275879
-16.805051803588867,-97.1762466430664,-18.578418731689453
-17.36626625061035,-97.44490814208984,-18.588245391845703
-17.928119659423828,-97.71905517578124,-18.59393310546875
-18.489696502685547,-97.99810791015624,-18.598756790161133
-19.050960540771484,-98.28196716308594,-18.603620529174805
-19.61236000061035,-98.5693130493164,-18.60534286499023
-20.173171997070312,-98.86133575439452,-18.604185104370117
-20.73323631286621,-99.1585693359375,-18.601730346679688
-21.29265785217285,-99.46038055419922,-18.59908103942871
-21.851428985595703,-99.7666244506836,-18.596708297729492
-22.409265518188477,-100.07776641845705,-18.594802856445312
-22.965930938720703,-100.39427947998048,-18.592798233032227
-23.521175384521484,-100.71649932861328,-18.59026336669922
-24.075048446655273,-101.04417419433594,-18.58769798278809
-24.62742805480957,-101.37767791748048,-18.58424949645996
-25.17812156677246,-101.71681213378906,-18.58002662658691
-25.726593017578125,-102.06190490722656,-18.575172424316406
-26.272640228271484,-102.41243743896484,-18.56954765319824
-26.815874099731445,-102.76791381835938,-18.563093185424805
-27.3558349609375,-103.1282730102539,-18.556169509887695
-27.89243507385254,-103.49312591552734,-18.548410415649418
-28.425371170043945,-103.86233520507812,-18.540115356445312
-28.954221725463867,-104.23592376708984,-18.533090591430664
-29.480321884155273,-104.61192321777344,-18.526123046875
-30.00390625,-104.99006652832033,-18.516504287719727
-30.523956298828125,-105.37165069580078,-18.50442695617676
-31.040828704833984,-105.75611877441406,-18.49286460876465
-31.556167602539062,-106.14144134521484,-18.481931686401367
-32.07007598876953,-106.52664947509766,-18.470041275024418
-32.58213424682617,-106.91266632080078,-18.45694923400879
-33.092010498046875,-107.3001708984375,-18.44365501403809
-33.600284576416016,-107.6884536743164,-18.43003845214844
-34.10682678222656,-108.07770538330078,-18.416183471679688
-34.61129379272461,-108.46815490722656,-18.402610778808594
-35.11395263671875,-108.85951232910156,-18.38959503173828
-35.61512756347656,-109.25137329101562,-18.376300811767575
-36.11463928222656,-109.6440887451172,-18.361019134521484
-36.61186218261719,-110.03845977783205,-18.3442325592041
-37.106964111328125,-110.43401336669922,-18.32773780822754
-37.600582122802734,-110.82969665527344,-18.311580657958984
-38.09236145019531,-111.22579193115234,-18.294906616210938
-38.581520080566406,-111.62299346923828,-18.277135848999023
-39.06854248046875,-112.02084350585938,-18.258520126342773
-39.553466796875,-112.41895294189452,-18.2396240234375
-40.03540802001953,-112.8177261352539,-18.220911026000977
-40.51420974731445,-113.2168197631836,-18.202178955078125
-40.989864349365234,-113.6157684326172,-18.183481216430664
-41.4622917175293,-114.01441955566406,-18.164682388305664
-41.93106460571289,-114.41300201416016,-18.145225524902344
-42.3956413269043,-114.81193542480467,-18.125450134277344
-42.856407165527344,-115.21078491210938,-18.10578155517578
-43.31345748901367,-115.60938262939452,-18.086265563964844
-43.766387939453125,-116.00778198242188,-18.06673240661621
-44.21516036987305,-116.40594482421876,-18.047210693359375
-44.65982437133789,-116.80394744873048,-18.02806854248047
-45.100284576416016,-117.20189666748048,-18.00943946838379
-45.53652572631836,-117.59993743896484,-17.99115753173828
-45.968788146972656,-117.997802734375,-17.97283363342285
-46.396976470947266,-118.39566040039062,-17.95438575744629
-46.820987701416016,-118.79357147216795,-17.935792922973633
-47.240936279296875,-119.19115447998048,-17.91680908203125
-47.656742095947266,-119.58808135986328,-17.896604537963867
-48.06835174560547,-119.9843978881836,-17.875978469848633
-48.47590637207031,-120.38008880615234,-17.855249404907227
-48.87976837158203,-120.77499389648438,-17.833940505981445
-49.27992248535156,-121.16870880126952,-17.811626434326172
-49.676544189453125,-121.56108856201172,-17.788850784301758
-50.06995391845703,-121.9521255493164,-17.76543617248535
-50.4603385925293,-122.3416519165039,-17.7412166595459
-50.84732437133789,-122.72982788085938,-17.716279983520508
-51.231441497802734,-123.1163558959961,-17.69118309020996
-51.612579345703125,-123.50137329101562,-17.66621208190918
-51.99062728881836,-123.8847198486328,-17.6409912109375
-52.36560821533203,-124.26654815673828,-17.615339279174805
-52.73762130737305,-124.64691162109376,-17.589088439941406
-53.10694885253906,-125.02576446533205,-17.561908721923828
-53.47377014160156,-125.40306091308594,-17.534255981445312
-53.83808898925781,-125.77896118164062,-17.50716781616211
-54.19962692260742,-126.15367126464844,-17.480243682861328
-54.55855941772461,-126.52687072753906,-17.452709197998047
-54.91495132446289,-126.8983383178711,-17.424104690551758
-55.26863479614258,-127.26868438720705,-17.394962310791016
-55.61989212036133,-127.63815307617188,-17.36566925048828
-55.96900939941406,-128.0066680908203,-17.336177825927734
-56.31608581542969,-128.37413024902344,-17.30657196044922
-56.66095352172851,-128.7410430908203,-17.276931762695312
-57.00374984741211,-129.10760498046875,-17.247045516967773
-57.34467697143555,-129.4738006591797,-17.21677017211914
-57.68381881713867,-129.83969116210938,-17.186063766479492
-58.02124786376953,-130.20542907714844,-17.155107498168945
-58.35734558105469,-130.57093811035156,-17.123863220214844
-58.69218063354492,-130.9361572265625,-17.092342376708984
-59.02589416503906,-131.30108642578125,-17.060487747192383
-59.3586311340332,-131.66578674316406,-17.028432846069336
-59.690547943115234,-132.03028869628906,-16.996017456054688
-60.02165985107422,-132.3946990966797,-16.96314811706543
-60.35187530517578,-132.75904846191406,-16.930105209350586
-60.681251525878906,-133.12332153320312,-16.896955490112305
-61.00995635986328,-133.48733520507812,-16.863773345947266
-61.33765411376953,-133.85125732421875,-16.83057975769043
-61.664306640625,-134.21507263183594,-16.797386169433594
-61.98989486694336,-134.57888793945312,-16.764171600341797
-62.31430435180664,-134.9427947998047,-16.73078155517578
-62.637569427490234,-135.3068389892578,-16.697200775146484
-62.959720611572266,-135.6709442138672,-16.663490295410156
-63.280643463134766,-136.03524780273438,-16.6298770904541
-63.60014343261719,-136.39999389648438,-16.596343994140625
-63.91828918457031,-136.76507568359375,-16.562761306762695
-64.23532104492188,-137.13018798828125,-16.529247283935547
-64.55125427246094,-137.49549865722656,-16.49604606628418
-64.8661880493164,-137.86109924316406,-16.462791442871094
-65.18006896972656,-138.22714233398438,-16.42893409729004
-65.49290466308594,-138.59371948242188,-16.3942928314209
-65.80501556396484,-138.9605712890625,-16.359270095825195
-66.11614227294922,-139.3280792236328,-16.324277877807617
-66.42620086669922,-139.69630432128906,-16.289077758789062
-66.73551940917969,-140.06475830078125,-16.253644943237305
-67.04386901855469,-140.43374633789062,-16.21823501586914
-67.3511734008789,-140.80349731445312,-16.182968139648438
-67.65769958496094,-141.1738739013672,-16.14740753173828
-67.96345520019531,-141.5449676513672,-16.111055374145508
-68.26853942871094,-141.9166717529297,-16.07382583618164
-68.57292938232422,-142.28907775878906,-16.036088943481445
-68.8761215209961,-142.66250610351562,-15.998567581176758
-69.17833709716797,-143.03662109375,-15.961023330688477
-69.47996520996094,-143.41091918945312,-15.923295974731444
-69.78074645996094,-143.78567504882812,-15.88557243347168
-70.08059692382812,-144.16110229492188,-15.847918510437012
-70.37954711914062,-144.5372772216797,-15.810372352600098
-70.67762756347656,-144.91429138183594,-15.772953987121582
-70.97480773925781,-145.29226684570312,-15.735684394836426
-71.27119445800781,-145.6712646484375,-15.698010444641112
-71.56668853759766,-146.05137634277344,-15.659372329711914
-71.8613510131836,-146.432373046875,-15.620299339294434
-72.15503692626953,-146.8144073486328,-15.581711769104004
-72.44792938232422,-147.19717407226562,-15.543720245361328
-72.73990631103516,-147.5806884765625,-15.505895614624023
-73.03114318847656,-147.96487426757812,-15.467333793640137
-73.32147979736328,-148.349853515625,-15.428235054016112
-73.61064910888672,-148.7358856201172,-15.38841438293457
-73.89917755126953,-149.12255859375,-15.348003387451172
-74.18714141845703,-149.50979614257812,-15.30676555633545
-74.47401428222656,-149.89773559570312,-15.264875411987305
-74.75982666015625,-150.28607177734375,-15.223294258117676
-75.04501342773438,-150.67428588867188,-15.181781768798828
-75.32948303222656,-151.0623779296875,-15.140274047851562
-75.61339569091797,-151.45018005371094,-15.098668098449709
-75.89668273925781,-151.8378143310547,-15.056368827819824
-76.1792984008789,-152.2253875732422,-15.013792991638184
-76.46150970458984,-152.61268615722656,-14.971413612365724
-76.74334716796875,-152.99954223632812,-14.92959976196289
-77.02500915527344,-153.3856964111328,-14.888467788696287
-77.3065414428711,-153.77098083496094,-14.847858428955078
-77.5880355834961,-154.15528869628906,-14.807767868041992
-77.8694839477539,-154.53857421875,-14.768024444580078
-78.15084838867188,-154.92066955566406,-14.728720664978027
-78.4322280883789,-155.3015594482422,-14.69008731842041
-78.71395111083984,-155.68133544921875,-14.651867866516112
-78.99601745605469,-156.05995178222656,-14.613609313964844
-79.27821350097656,-156.43743896484375,-14.574958801269531
-79.56078338623047,-156.81350708007812,-14.536664962768556
-79.84375762939453,-157.188232421875,-14.499449729919434
-80.1270980834961,-157.56155395507812,-14.463085174560549
-80.41108703613281,-157.93309020996094,-14.426743507385254
-80.6958999633789,-158.30276489257812,-14.389509201049805
-80.98126220703125,-158.6708221435547,-14.351237297058104
-81.2673110961914,-159.03729248046875,-14.312333106994627
-81.55409240722656,-159.402099609375,-14.273428916931152
-81.84117889404297,-159.76553344726562,-14.234685897827148
-82.1286849975586,-160.12730407714844,-14.196274757385254
-82.41700744628906,-160.48699951171875,-14.157609939575195
-82.70584869384766,-160.84481811523438,-14.118781089782717
-82.99520874023438,-161.2008514404297,-14.079937934875488
-83.28524017333984,-161.55503845214844,-14.041081428527832
-83.5759506225586,-161.90737915039062,-14.002226829528809
-83.86722564697266,-162.2581329345703,-13.963663101196287
-84.15923309326172,-162.6071319580078,-13.925322532653809
-84.45198059082031,-162.95433044433594,-13.887136459350586
-84.74542999267578,-163.2997589111328,-13.849177360534668
-85.039794921875,-163.64315795898438,-13.81104564666748
-85.33503723144531,-163.9845428466797,-13.772747039794922
-85.63092803955078,-164.32394409179688,-13.73447608947754
-85.9278793334961,-164.6609649658203,-13.696149826049805
-86.22657775878906,-164.9951171875,-13.656567573547363
-86.52629089355469,-165.32667541503906,-13.615306854248049
-86.8275146484375,-165.6551971435547,-13.571727752685549
-87.12930297851562,-165.98114013671875,-13.527599334716797
-87.43195343017578,-166.3043212890625,-13.484451293945312
-87.73583984375,-166.62474060058594,-13.443707466125488
-88.0410385131836,-166.94190979003906,-13.403823852539062
-88.34742736816406,-167.2559356689453,-13.36405086517334
-88.65526580810547,-167.56658935546875,-13.323128700256348
-88.964599609375,-167.87391662597656,-13.281296730041504
-89.27511596679688,-168.17835998535156,-13.239532470703123
-89.58694458007812,-168.48011779785156,-13.199258804321287
-89.90094757080078,-168.77781677246094,-13.159597396850586
-90.21658325195312,-169.07176208496094,-13.120508193969728
-90.53338623046876,-169.36181640625,-13.082014083862305
-90.8516082763672,-169.64747619628906,-13.044200897216797
-91.1710205078125,-169.92860412597656,-13.007004737854004
-91.49124145507812,-170.2052459716797,-12.969538688659668
-91.81188201904295,-170.47763061523438,-12.93166732788086
-92.13291931152344,-170.7458038330078,-12.893524169921877
-92.45417785644533,-171.01028442382812,-12.855917930603027
-92.7759246826172,-171.27072143554688,-12.818896293640137
-93.09795379638672,-171.52720642089844,-12.782297134399414
-93.41986846923828,-171.77980041503906,-12.745588302612305
-93.7413558959961,-172.02883911132812,-12.708754539489746
-94.0623016357422,-172.2746124267578,-12.672248840332031
-94.3827667236328,-172.5172576904297,-12.636570930480955
-94.70271301269533,-172.75686645507812,-12.601892471313477
-95.0219955444336,-172.99386596679688,-12.568132400512695
-95.34066772460938,-173.228515625,-12.534368515014648
-95.65857696533205,-173.46128845214844,-12.500298500061035
-95.97539520263672,-173.6929168701172,-12.466103553771973
-96.2916030883789,-173.92356872558594,-12.432504653930664
-96.60753631591795,-174.1529541015625,-12.39936637878418
-96.92333984375,-174.38111877441406,-12.366621971130373
-97.239013671875,-174.60862731933594,-12.334064483642578
-97.55479431152344,-174.83575439453125,-12.301433563232422
-97.87102508544922,-175.0628204345703,-12.268898963928224
-98.18817901611328,-175.289794921875,-12.236329078674316
-98.50692749023438,-175.5167236328125,-12.203408241271973
-98.82787322998048,-175.7441864013672,-12.170005798339844
-99.15193176269533,-175.9728240966797,-12.135941505432127
-99.48011016845705,-176.20352172851562,-12.100921630859377
-99.8133316040039,-176.43658447265625,-12.06504249572754
-100.15213012695312,-176.6717071533203,-12.028435707092283
-100.49674224853516,-176.90830993652344,-11.99110507965088
-100.84691619873048,-177.1459503173828,-11.952924728393556
-101.2021713256836,-177.38458251953125,-11.914173126220703
-101.56204223632812,-177.6241455078125,-11.875585556030272
-101.92674255371094,-177.8640594482422,-11.83749008178711
-102.29631042480467,-178.10447692871094,-11.799840927124023
-102.6710433959961,-178.34536743164062,-11.76226043701172
-103.05138397216795,-178.58663940429688,-11.723464965820312
-103.43708801269533,-178.82884216308594,-11.682762145996094
-103.82772827148438,-179.07237243652344,-11.640961647033691
-104.22323608398438,-179.3168182373047,-11.599139213562012
-104.62391662597656,-179.5617218017578,-11.55744171142578
-105.02974700927734,-179.80706787109375,-11.515640258789062
-105.44070434570312,-180.0525360107422,-11.472966194152832
-105.85621643066406,-180.29820251464844,-11.429733276367188
-106.27580261230467,-180.54440307617188,-11.386199951171877
-106.69923400878906,-180.79139709472656,-11.34213638305664
-107.12631225585938,-181.03909301757812,-11.29746437072754
-107.55680847167967,-181.2873687744141,-11.252388954162598
-107.99061584472656,-181.53611755371097,-11.20681381225586
-108.42754364013672,-181.7853240966797,-11.160825729370115
-108.8673324584961,-182.03477478027344,-11.114228248596191
-109.30960845947266,-182.2844390869141,-11.06705093383789
-109.75411224365234,-182.53428649902344,-11.018707275390623
-110.2002182006836,-182.7845458984375,-10.968179702758787
-110.64703369140624,-183.03504943847656,-10.91589641571045
-111.09333038330078,-183.28578186035156,-10.864121437072754
-111.53870391845705,-183.5359649658203,-10.81384563446045
-111.98258209228516,-183.78509521484375,-10.764817237854004
-112.42432403564452,-184.032958984375,-10.716361045837402
-112.8630142211914,-184.28025817871097,-10.667242050170898
-113.29857635498048,-184.5269470214844,-10.616595268249512
-113.73123931884766,-184.7728576660156,-10.564970970153809
-114.16085815429688,-185.017822265625,-10.513944625854492
-114.58767700195312,-185.2612762451172,-10.464288711547852
-115.0115966796875,-185.50299072265625,-10.41558074951172
-115.43191528320312,-185.7429046630859,-10.366790771484377
-115.84857177734376,-185.9811553955078,-10.318229675292969
-116.26177215576172,-186.21783447265625,-10.269949913024902
-116.67194366455078,-186.4530487060547,-10.22253131866455
-117.07940673828124,-186.68609619140625,-10.175707817077637
-117.48406219482422,-186.91700744628903,-10.12924861907959
-117.88595581054688,-187.1460418701172,-10.083552360534668
-118.28521728515624,-187.37290954589844,-10.038575172424316
-118.68187713623048,-187.59716796875,-9.994074821472168
-119.07584381103516,-187.81866455078125,-9.950034141540527
-119.4670867919922,-188.03741455078125,-9.906729698181152
-119.8558349609375,-188.25311279296875,-9.8641996383667
-120.24225616455078,-188.4654083251953,-9.822277069091797
-120.6263427734375,-188.67442321777344,-9.780198097229004
-121.00837707519533,-188.87973022460935,-9.737289428710938
-121.38801574707033,-189.0816650390625,-9.693719863891602
-121.7652587890625,-189.2808837890625,-9.651171684265137
-122.14046478271484,-189.47691345214844,-9.61025619506836
-122.51350402832033,-189.66976928710935,-9.571267127990724
-122.88401794433594,-189.8594512939453,-9.533801078796388
-123.25189971923828,-190.04574584960935,-9.49713897705078
-123.61766815185548,-190.2278594970703,-9.460371971130373
-123.98109436035156,-190.40640258789065,-9.423314094543455
-124.34239196777344,-190.58213806152344,-9.387107849121094
-124.70196533203124,-190.754638671875,-9.351957321166992
-125.0598373413086,-190.92333984375,-9.317262649536133
-125.4157257080078,-191.08831787109375,-9.28274154663086
-125.76951599121094,-191.24952697753903,-9.248652458190918
-126.12091827392578,-191.40701293945312,-9.21503448486328
-126.46978759765624,-191.56109619140625,-9.1820707321167
-126.8162612915039,-191.7116546630859,-9.149617195129396
-127.16020965576172,-191.85861206054688,-9.117231369018556
-127.50146484375,-192.00241088867188,-9.084744453430176
-127.84029388427734,-192.1422576904297,-9.051831245422363
-128.17666625976562,-192.27845764160156,-9.0184907913208
-128.51026916503906,-192.4123382568359,-8.985968589782715
-128.8416290283203,-192.5431365966797,-8.955212593078613
-129.1705780029297,-192.67120361328125,-8.926852226257324
-129.4970245361328,-192.79698181152344,-8.901300430297852
-129.8216094970703,-192.91921997070312,-8.87680435180664
-130.14414978027344,-193.0373077392578,-8.84972858428955
-130.46412658691406,-193.15261840820312,-8.819560050964355
-130.78175354003906,-193.26516723632812,-8.788934707641602
-131.09742736816406,-193.3745574951172,-8.76050853729248
-131.4110565185547,-193.48143005371097,-8.735393524169922
-131.72238159179688,-193.58526611328125,-8.712823867797852
-132.0325164794922,-193.6827392578125,-8.690982818603516
-132.33921813964844,-193.7741241455078,-8.664864540100098
-132.64137268066406,-193.8641357421875,-8.634598731994629
-132.9396209716797,-193.95285034179688,-8.605069160461426
-133.23492431640625,-194.0391387939453,-8.578030586242676
-133.52774047851562,-194.12332153320312,-8.554649353027344
-133.8187713623047,-194.2045440673828,-8.534968376159668
-134.107421875,-194.2815704345703,-8.51505184173584
-134.391357421875,-194.35736083984375,-8.491095542907715
-134.67044067382812,-194.43386840820312,-8.463109016418457
-134.94573974609375,-194.50929260253903,-8.433712005615234
-135.21804809570312,-194.58346557617188,-8.404797554016113
-135.4883575439453,-194.65736389160156,-8.378854751586914
-135.75704956054688,-194.72933959960935,-8.355939865112305
-136.0237579345703,-194.7993621826172,-8.335336685180664
-136.28802490234375,-194.86773681640625,-8.315885543823242
-136.5490264892578,-194.9341735839844,-8.295608520507812
-136.80673217773438,-195.00010681152344,-8.27415657043457
-137.06155395507812,-195.0652008056641,-8.251717567443848
-137.3138427734375,-195.1295928955078,-8.229042053222656
-137.56399536132812,-195.1927947998047,-8.207006454467773
-137.8119354248047,-195.2548828125,-8.185892105102539
-138.05760192871094,-195.31602478027344,-8.16565990447998
-138.30096435546875,-195.376220703125,-8.145989418029785
-138.54214477539062,-195.43569946289065,-8.126727104187012
-138.78118896484375,-195.49456787109375,-8.107717514038086
-139.01820373535156,-195.55284118652344,-8.0886869430542
-139.2532501220703,-195.6105194091797,-8.069713592529297
-139.48643493652344,-195.66754150390625,-8.050867080688477
-139.7178955078125,-195.72406005859375,-8.032143592834473
-139.94775390625,-195.78021240234375,-8.013607025146484
-140.17637634277344,-195.83604431152344,-7.995558261871338
-140.40426635742188,-195.8915100097656,-7.978151798248291
-140.6319580078125,-195.94680786132812,-7.961258888244629
-140.85980224609375,-196.0022735595703,-7.944437503814697
-141.08837890625,-196.0581970214844,-7.927775382995605
-141.3191680908203,-196.1146697998047,-7.910937309265137
-141.55404663085938,-196.17218017578125,-7.892966747283936
-141.79373168945312,-196.2311859130859,-7.8735737800598145
-142.03822326660156,-196.2915496826172,-7.8535003662109375
-142.28834533691406,-196.3533477783203,-7.833239555358887
-142.5458984375,-196.4171905517578,-7.813013076782227
-142.81214904785156,-196.48301696777344,-7.792657375335693
-143.08763122558594,-196.55088806152344,-7.771662712097168
-143.37234497070312,-196.6208648681641,-7.749716281890869
-143.6649169921875,-196.6927795410156,-7.726937294006348
-143.96226501464844,-196.7658843994141,-7.70411491394043
-144.26229858398438,-196.83990478515625,-7.681405544281006
-144.5643768310547,-196.9150390625,-7.658722400665283
-144.8681182861328,-196.9910888671875,-7.635735511779785
-145.172607421875,-197.06800842285156,-7.61229944229126
-145.47662353515625,-197.1457672119141,-7.588777542114258
-145.7793731689453,-197.2241973876953,-7.565445899963379
-146.08050537109375,-197.303466796875,-7.542428016662598
-146.3797149658203,-197.38360595703125,-7.519718647003174
-146.67640686035156,-197.46453857421875,-7.496967792510986
-146.96998596191406,-197.5465850830078,-7.474225997924805
-147.2601318359375,-197.62977600097656,-7.451591491699219
-147.5466766357422,-197.7140655517578,-7.4291300773620605
-147.82949829101562,-197.7996826171875,-7.407031059265137
-148.10841369628906,-197.8870086669922,-7.385333061218262
-148.3833770751953,-197.97569274902344,-7.363983631134033
-148.65415954589844,-198.06576538085935,-7.342703819274902
-148.92071533203125,-198.1573944091797,-7.321346282958984
-149.18310546875,-198.25048828125,-7.299994945526123
-149.44139099121094,-198.3449249267578,-7.278899669647217
-149.6956329345703,-198.4405059814453,-7.258074283599853
-149.94586181640625,-198.537109375,-7.237339973449707
-150.19204711914062,-198.6346893310547,-7.216455459594727
-150.43423461914062,-198.73333740234375,-7.195814609527588
-150.67257690429688,-198.8326110839844,-7.175581455230713
-150.9071044921875,-198.93243408203125,-7.155682563781738
-151.13790893554688,-199.03285217285156,-7.136084079742432
-151.36508178710938,-199.13372802734375,-7.116861343383789
-151.58871459960938,-199.2350921630859,-7.098349094390869
-151.80906677246094,-199.3364715576172,-7.080637454986572
-152.02638244628906,-199.4378662109375,-7.063539505004883
-152.24075317382812,-199.5393829345703,-7.046367645263672
-152.45216369628906,-199.6415100097656,-7.028920650482178
-152.6606903076172,-199.74432373046875,-7.011346817016602
-152.866455078125,-199.84776306152344,-6.99367094039917
-153.06951904296875,-199.95199584960935,-6.975827693939209
-153.26998901367188,-200.05734252929688,-6.958152770996094
-153.46820068359375,-200.16357421875,-6.940721035003662
-153.66445922851562,-200.2710418701172,-6.923745155334473
-153.85906982421875,-200.37960815429688,-6.907205104827881
-154.0520782470703,-200.48927307128903,-6.89104700088501
-154.2434539794922,-200.5998992919922,-6.8750200271606445
-154.43325805664062,-200.7116851806641,-6.85894775390625
-154.621826171875,-200.82460021972656,-6.842764377593994
-154.8095245361328,-200.93865966796875,-6.826504707336426
-154.9966278076172,-201.05369567871097,-6.810214519500732
-155.18336486816406,-201.16958618164065,-6.793883800506592
-155.3700408935547,-201.28656005859375,-6.777388095855713
-155.5570526123047,-201.40480041503903,-6.760669708251953
-155.74468994140625,-201.5244140625,-6.743808269500732
-155.93309020996094,-201.64561462402344,-6.726918697357178
-156.1224365234375,-201.7685546875,-6.710017204284668
-156.31297302246094,-201.89341735839844,-6.69303560256958
-156.50482177734375,-202.0204620361328,-6.675888538360596
-156.6981201171875,-202.14952087402344,-6.6585588455200195
-156.8927764892578,-202.2808837890625,-6.641049861907959
-157.08877563476562,-202.4147186279297,-6.623352527618408
-157.28622436523438,-202.5511474609375,-6.605401039123535
-157.48516845703125,-202.69029235839844,-6.587164402008057
-157.68556213378906,-202.83218383789065,-6.568746089935303
-157.88734436035156,-202.9769287109375,-6.550251483917236
-158.0903778076172,-203.1247100830078,-6.531806468963623
-158.2947998046875,-203.2757110595703,-6.513411521911621
-158.50096130371094,-203.4303741455078,-6.494795322418213
-158.70921325683594,-203.5890655517578,-6.475750923156738
-158.91954040527344,-203.75167846679688,-6.45610237121582
-159.1315155029297,-203.917724609375,-6.4359307289123535
-159.34478759765625,-204.087158203125,-6.41542911529541
-159.55935668945312,-204.25994873046875,-6.394819736480713
-159.7754364013672,-204.4359436035156,-6.374223709106445
-159.99298095703125,-204.61509704589844,-6.353679656982422
-160.2120361328125,-204.79737854003903,-6.33308219909668
-160.43260192871094,-204.98275756835935,-6.3122053146362305
-160.65464782714844,-205.171142578125,-6.290892124176025
-160.8780975341797,-205.3625030517578,-6.269339084625244
-161.10304260253906,-205.5567626953125,-6.247623443603516
-161.32955932617188,-205.75389099121097,-6.2255682945251465
-161.55743408203125,-205.95413208007812,-6.203322410583496
-161.78663635253906,-206.15757751464844,-6.180777549743652
-162.0171356201172,-206.36419677734375,-6.157834529876709
-162.24888610839844,-206.5739898681641,-6.134392738342285
-162.48403930664062,-206.78469848632812,-6.106449604034424
-162.7172393798828,-207.00146484375,-6.075224876403809
-162.95018005371094,-207.2210998535156,-6.046342849731445
-163.1856689453125,-207.4421844482422,-6.0200605392456055
-163.42308044433594,-207.66656494140625,-5.995397090911865
-163.6621551513672,-207.8944091796875,-5.971797943115234
-163.90328979492188,-208.1259002685547,-5.947183132171631
-164.1456298828125,-208.36151123046875,-5.921704292297363
-164.38937377929688,-208.59930419921875,-5.8935441970825195
-164.63185119628906,-208.84088134765625,-5.863232612609863
-164.8728790283203,-209.08615112304688,-5.832718849182129
-165.11334228515625,-209.3347625732422,-5.803386211395264
-165.35394287109375,-209.58578491210935,-5.774891376495361
-165.59410095214844,-209.8401031494141,-5.747262001037598
-165.83396911621094,-210.097412109375,-5.71968412399292
-166.0739288330078,-210.35696411132812,-5.69167423248291
-166.3134765625,-210.61886596679688,-5.663191318511963
-166.5520477294922,-210.88375854492188,-5.634042739868164
-166.79000854492188,-211.1510772705078,-5.604482173919678
-167.02749633789062,-211.4206085205078,-5.574643611907959
-167.26419067382812,-211.692626953125,-5.544799327850342
-167.49935913085938,-211.9676818847656,-5.514865398406982
-167.7333526611328,-212.2452087402344,-5.484593868255615
-167.96607971191406,-212.5254821777344,-5.453851699829102
-168.19757080078125,-212.80844116210935,-5.4225263595581055
-168.42767333984375,-213.09417724609375,-5.3906965255737305
-168.65652465820312,-213.3824462890625,-5.358916282653809
-168.88409423828125,-213.6732635498047,-5.327481269836426
-169.11062622070312,-213.9664306640625,-5.296408176422119
-169.33612060546875,-214.2619476318359,-5.265069007873535
-169.56051635742188,-214.5597686767578,-5.233017921447754
-169.7837677001953,-214.85992431640625,-5.200424671173096
-170.0059051513672,-215.16241455078125,-5.1674346923828125
-170.2268524169922,-215.4674835205078,-5.134156703948975
-170.44679260253906,-215.7751007080078,-5.101171970367432
-170.66580200195312,-216.08523559570312,-5.068395614624023
-170.88368225097656,-216.39805603027344,-5.0356926918029785
-171.1004638671875,-216.71356201171875,-5.002880096435547
-171.31639099121094,-217.0316162109375,-4.9700188636779785
-171.53143310546875,-217.35226440429688,-4.93690299987793
-171.7452850341797,-217.67579650878903,-4.903693675994873
-171.95779418945312,-218.0022125244141,-4.870511054992676
-172.16897583007812,-218.3313446044922,-4.837510108947754
-172.37840270996094,-218.6633758544922,-4.80492639541626
-172.5858917236328,-218.99842834472656,-4.7723588943481445
-172.79112243652344,-219.3365173339844,-4.739541053771973
-172.9937744140625,-219.6777801513672,-4.706441879272461
-173.1939697265625,-220.02207946777344,-4.673022270202637
-173.39198303222656,-220.36912536621097,-4.639790058135986
-173.5872344970703,-220.7194366455078,-4.606672763824463
-173.77967834472656,-221.0730438232422,-4.57337760925293
-173.96990966796875,-221.42933654785156,-4.539743900299072
-174.157958984375,-221.78819274902344,-4.504680633544922
-174.3434600830078,-222.14990234375,-4.467818260192871
-174.52627563476562,-222.5142517089844,-4.4308247566223145
-174.70758056640625,-222.8807373046875,-4.394399166107178
-174.88697814941406,-223.2497711181641,-4.358737468719482
-175.06533813476562,-223.62088012695312,-4.32193660736084
-175.2421417236328,-223.99427795410156,-4.284320831298828
-175.41732788085938,-224.3698577880859,-4.2468581199646
-175.59072875976562,-224.74789428710935,-4.209819793701172
-175.76112365722656,-225.12921142578125,-4.1744561195373535
-175.9281463623047,-225.5132751464844,-4.143022537231445
-176.0923309326172,-225.8990936279297,-4.114727020263672
-176.2516326904297,-226.28778076171875,-4.08741569519043
-176.40646362304688,-226.6794891357422,-4.055291652679443
-176.5583038330078,-227.07411193847656,-4.014260292053223
-176.70602416992188,-227.4718475341797,-3.970366954803467
-176.8523406982422,-227.8709716796875,-3.933237791061402
-176.99778747558594,-228.2711944580078,-3.9039247035980225
-177.14125061035156,-228.67349243164065,-3.880573034286499
-177.27536010742188,-229.08255004882812,-3.855950117111206
-177.39495849609375,-229.50262451171875,-3.822285890579224
-177.51315307617188,-229.9253387451172,-3.783023834228515
-177.62757873535156,-230.3505096435547,-3.744417667388916
-177.73924255371094,-230.77821350097656,-3.709153413772583
-177.84933471679688,-231.20877075195312,-3.6738574504852295
-177.9559783935547,-231.6426239013672,-3.63627815246582
-178.06011962890625,-232.0794677734375,-3.5960545539855957
-178.1619110107422,-232.5191650390625,-3.556469440460205
-178.26248168945312,-232.96156311035156,-3.518397808074951
-178.36361694335938,-233.4060516357422,-3.478285312652588
-178.462646484375,-233.85299682617188,-3.435309410095215
-178.55955505371094,-234.30210876464844,-3.39128041267395
-178.65505981445312,-234.7533721923828,-3.3468384742736816
-178.74856567382812,-235.20724487304688,-3.3024001121520996
-178.84080505371094,-235.6636199951172,-3.2580771446228027
-178.93301391601562,-236.122314453125,-3.213089942932129
-179.02488708496094,-236.58364868164065,-3.1665687561035156
-179.1160888671875,-237.0474548339844,-3.119511365890503
-179.20716857910156,-237.51370239257812,-3.072294235229492
-179.2975311279297,-237.9824676513672,-3.0251729488372803
-179.38648986816406,-238.45362854003903,-2.977856159210205
-179.4741973876953,-238.9269866943359,-2.930229425430298
-179.55987548828125,-239.40261840820312,-2.88211441040039
-179.64306640625,-239.880615234375,-2.8336617946624756
-179.72412109375,-240.3610687255859,-2.785426378250122
-179.80345153808594,-240.84405517578125,-2.7374391555786133
-179.8807830810547,-241.32986450195312,-2.689796209335327
-179.95603942871094,-241.8186187744141,-2.642289638519287
-180.02938842773438,-242.310302734375,-2.594763994216919
-180.10092163085938,-242.80470275878903,-2.5474507808685303
-180.1702423095703,-243.3019256591797,-2.500479936599731
-180.23611450195312,-243.80226135253903,-2.453634262084961
-180.29879760742188,-244.30563354492188,-2.406371593475342
-180.35890197753903,-244.81158447265625,-2.359067440032959
-180.4157257080078,-245.320068359375,-2.3119091987609863
-180.4698181152344,-245.8311004638672,-2.2637922763824463
-180.5212860107422,-246.34474182128903,-2.2131497859954834
-180.57020568847656,-246.8607635498047,-2.160699367523194
-180.6171417236328,-247.37884521484375,-2.1085593700408936
-180.66287231445312,-247.8990173339844,-2.057147264480591
-180.7081298828125,-248.42117309570312,-2.005559206008911
-180.75257873535156,-248.94532775878903,-1.9538819789886477
-180.79562377929688,-249.47183227539065,-1.9021170139312744
-180.8365936279297,-250.00131225585935,-1.8500196933746336
-180.8775177001953,-250.53347778320312,-1.7977300882339478
-180.9187164306641,-251.06829833984375,-1.745545744895935
-180.9597320556641,-251.60592651367188,-1.6933035850524902
-181.000244140625,-252.1464385986328,-1.6402204036712646
-181.0399932861328,-252.68980407714844,-1.5859413146972656
-181.07923889160156,-253.2356719970703,-1.5308830738067627
-181.11770629882812,-253.78390502929688,-1.4756205081939695
-181.15579223632812,-254.3343811035156,-1.4200999736785889
-181.19351196289065,-254.8870086669922,-1.364214301109314
-181.23043823242188,-255.44175720214844,-1.3085718154907229
-181.2665252685547,-255.99868774414065,-1.253641963005066
-181.3020782470703,-256.557861328125,-1.1996150016784668
-181.33792114257812,-257.1194763183594,-1.1455079317092896
-181.3737640380859,-257.6836242675781,-1.0903311967849731
-181.4092559814453,-258.2502746582031,-1.0339921712875366
-181.4447021484375,-258.81927490234375,-0.976542830467224
-181.48004150390625,-259.39031982421875,-0.9189403057098388
-181.51564025878903,-259.96343994140625,-0.8612890243530273
-181.55128479003903,-260.5386962890625,-0.8030221462249756
-181.5863037109375,-261.1162414550781,-0.7443141937255859
-181.62075805664065,-261.6963806152344,-0.68529212474823
-181.6544952392578,-262.2795715332031,-0.6266160011291504
-181.6880645751953,-262.8660583496094,-0.568283200263977
-181.72169494628903,-263.4562072753906,-0.5097955465316772
-181.755126953125,-264.0503234863281,-0.4503011107444763
-181.78814697265625,-264.6485595703125,-0.3894636332988739
-181.8208923339844,-265.2508850097656,-0.3272402286529541
-181.85305786132812,-265.8570861816406,-0.264115035533905
-181.884765625,-266.46710205078125,-0.2006919085979461
-181.916259765625,-267.0809326171875,-0.1370507627725601
-181.9474334716797,-267.6985168457031,-0.073465421795845
-181.97801208496097,-268.31988525390625,-0.0101699829101562
-182.0074462890625,-268.9452209472656,0.0523508191108703
-182.03643798828125,-269.5744934082031,0.1143367886543273
-182.06494140625,-270.2079772949219,0.1763239502906799
-182.0926055908203,-270.8456726074219,0.2381219863891601
-182.11964416503903,-271.487548828125,0.2996968626976013
-182.1464385986328,-272.134033203125,0.3614698648452759
-182.17306518554688,-272.7855529785156,0.4242067635059356
-182.1993103027344,-273.4423828125,0.4880697727203369
-182.22496032714844,-274.10455322265625,0.5525001287460327
-182.25045776367188,-274.7723693847656,0.6173758506774902
-182.27603149414065,-275.44610595703125,0.683050811290741
-182.30160522460935,-276.12615966796875,0.7498894929885864
-182.3273773193359,-276.8125305175781,0.8174529075622559
-182.3537445068359,-277.5054626464844,0.885822057723999
-182.37998962402344,-278.2051696777344,0.95465087890625
-182.40638732910156,-278.9117736816406,1.0235941410064695
-182.4336395263672,-279.625244140625,1.0924478769302368
-182.4622039794922,-280.3457336425781,1.1610047817230225
-182.49127197265625,-281.0738220214844,1.2295403480529783
-182.5210876464844,-281.8096923828125,1.2983527183532717
-182.5518035888672,-282.55303955078125,1.3664655685424805
-182.58351135253903,-283.30426025390625,1.4341907501220703
-182.6167907714844,-284.0644226074219,1.5031894445419312
-182.6514434814453,-284.83355712890625,1.5730016231536863
-182.68707275390625,-285.61114501953125,1.6426249742507937
-182.72364807128903,-286.3969421386719,1.7115592956542969
-182.76190185546875,-287.1914367675781,1.780693292617798
-182.8018798828125,-287.9952697753906,1.850464463233948
-182.8428192138672,-288.80810546875,1.919693112373352
-182.8855438232422,-289.63018798828125,1.9893051385879517
-182.9300994873047,-290.46173095703125,2.0609092712402344
-182.97572326660156,-291.30224609375,2.1343963146209717
-183.02230834960935,-292.150146484375,2.2074098587036133
-183.0704345703125,-293.00457763671875,2.278325080871582
-183.1187286376953,-293.8658752441406,2.346679925918579
-183.16668701171875,-294.7334289550781,2.410518169403076
-183.21568298339844,-295.6090393066406,2.4723258018493652
-183.2650146484375,-296.49395751953125,2.5341029167175293
-183.31434631347656,-297.3880310058594,2.596277236938477
-183.36410522460935,-298.2908020019531,2.6599338054656982
-183.4134826660156,-299.2013854980469,2.7250993251800537
-183.4620361328125,-300.1191101074219,2.7912068367004395
-183.50965881347656,-301.04327392578125,2.8572540283203125
-183.5564422607422,-301.9732971191406,2.921818733215332
-183.60206604003903,-302.9088439941406,2.9841067790985107
-183.646728515625,-303.85028076171875,3.044689416885376
-183.69113159179688,-304.7973327636719,3.1030099391937256
-183.7337646484375,-305.75018310546875,3.1591134071350098
-183.77639770507812,-306.70849609375,3.2123990058898926
-183.81814575195312,-307.6733093261719,3.264322280883789
-183.85939025878903,-308.644775390625,3.3151302337646484
-183.9012908935547,-309.62261962890625,3.3654232025146484
-183.9437713623047,-310.60662841796875,3.4156901836395264
-183.9868927001953,-311.5959167480469,3.464827060699463
-184.0306396484375,-312.5899353027344,3.511118173599243
-184.0753173828125,-313.5888366699219,3.553861141204834
-184.1221618652344,-314.59454345703125,3.5955183506011963
-184.17315673828125,-315.60760498046875,3.640430212020874
-184.22952270507812,-316.6266784667969,3.693989753723145
-184.2853851318359,-317.6492614746094,3.753698348999023
-184.34068298339844,-318.6741638183594,3.812282085418701
-184.3970642089844,-319.7014465332031,3.8655052185058594
-184.45472717285156,-320.7315979003906,3.913055419921875
-184.5142517089844,-321.76556396484375,3.9574925899505615
-184.5758819580078,-322.80364990234375,4.000377178192139
-184.6399383544922,-323.8454284667969,4.04205846786499
-184.70681762695312,-324.890625,4.082442760467529
-184.77508544921875,-325.9391784667969,4.1208930015563965
-184.84664916992188,-326.9910888671875,4.1562886238098145
-184.92074584960935,-328.0467224121094,4.189700603485107
-184.99720764160156,-329.1064453125,4.222257137298584
-185.07667541503903,-330.1702880859375,4.255556106567383
-185.15870666503903,-331.2379455566406,4.290148735046387
-185.2429656982422,-332.3089599609375,4.325411319732666
-185.3286590576172,-333.3831787109375,4.3602118492126465
-185.41517639160156,-334.4604797363281,4.392867088317871
-185.5021820068359,-335.5408935546875,4.422924995422363
-185.5895233154297,-336.6244812011719,4.450597286224365
-185.67599487304688,-337.7115173339844,4.4760918617248535
-185.76202392578125,-338.8018493652344,4.498685359954834
-185.8470458984375,-339.8958740234375,4.519196033477783
-185.9298858642578,-340.9934997558594,4.537260055541992
-186.011474609375,-342.0946350097656,4.553584575653076
-186.0904083251953,-343.199462890625,4.56787109375
-186.16697692871097,-344.3079528808594,4.580190181732178
-186.240966796875,-345.41986083984375,4.590762138366699
-186.3126678466797,-346.5354309082031,4.599935054779053
-186.38201904296875,-347.65435791015625,4.606720924377441
-186.44894409179688,-348.77703857421875,4.611804962158203
-186.513671875,-349.90411376953125,4.617389678955078
-186.57662963867188,-351.03533935546875,4.624314785003662
-186.6380157470703,-352.169921875,4.632590293884277
-186.69876098632812,-353.30731201171875,4.640749931335449
-186.7589111328125,-354.4472961425781,4.646566390991211
-186.81906127929688,-355.58978271484375,4.6493449211120605
-186.8789978027344,-356.7348937988281,4.649427890777588
-186.9390411376953,-357.88214111328125,4.645616054534912
-186.99913024902344,-359.0317077636719,4.639019966125488
-187.0593109130859,-360.1834411621094,4.6276774406433105
-187.1200256347656,-361.3376770019531,4.613605499267578
-187.18162536621097,-362.4940185546875,4.597463607788086
-187.2445373535156,-363.6517028808594,4.5796966552734375
-187.30862426757812,-364.81005859375,4.5611186027526855
-187.37408447265625,-365.96826171875,4.541690826416016
-187.4412078857422,-367.125732421875,4.521578311920166
-187.5095062255859,-368.2818908691406,4.500833034515381
-187.57945251464844,-369.4362182617187,4.479631423950195
-187.64984130859375,-370.58831787109375,4.457720756530762
-187.72125244140625,-371.7379760742187,4.43662691116333
-187.7936553955078,-372.8852844238281,4.415013313293457
-187.8666229248047,-374.030029296875,4.393311500549316
-187.9398498535156,-375.1719665527344,4.372650146484375
-188.0126037597656,-376.31097412109375,4.352482318878174
-188.08399963378903,-377.44683837890625,4.33009147644043
-188.1540985107422,-378.5797119140625,4.303785800933838
-188.2227783203125,-379.7105712890625,4.270942211151123
-188.28956604003903,-380.83935546875,4.233164310455322
-188.3543243408203,-381.9657897949219,4.190977096557617
-188.4176483154297,-383.0895690917969,4.148171424865723
-188.4790802001953,-384.2109375,4.107778549194336
-188.53744506835935,-385.3294677734375,4.069268703460693
-188.5929718017578,-386.4444274902344,4.030777454376221
-188.64598083496097,-387.5560607910156,3.990983009338379
-188.69691467285156,-388.66497802734375,3.949057340621948
-188.74574279785156,-389.771240234375,3.904759168624878
-188.7928009033203,-390.87506103515625,3.8589162826538086
-188.83937072753903,-391.9765625,3.8144702911376953
-188.88552856445312,-393.0755920410156,3.7723546028137207
-188.93063354492188,-394.1715393066406,3.730242729187012
-188.9755859375,-395.2640380859375,3.686711311340332
-189.0210876464844,-396.3533630371094,3.6414501667022705
-189.0672607421875,-397.4400634765625,3.594395875930786
-189.115234375,-398.5241394042969,3.547384023666382
-189.16717529296875,-399.6053466796875,3.5036303997039795
-189.219970703125,-400.6835632324219,3.460434675216675
-189.27459716796875,-401.7589721679687,3.415046215057373
-189.33294677734375,-402.8307495117187,3.3683650493621826
-189.3939514160156,-403.8981018066406,3.3222832679748535
-189.45578002929688,-404.96240234375,3.275480270385742
-189.5196075439453,-406.0245056152344,3.22771954536438
-189.5856170654297,-407.0845031738281,3.179523229598999
-189.65382385253903,-408.1419067382813,3.1299092769622803
-189.7238311767578,-409.1963195800781,3.0787086486816406
-189.79608154296875,-410.2478637695313,3.0275564193725586
-189.8699493408203,-411.2967834472656,2.979121208190918
-189.94378662109375,-412.3428649902344,2.932633638381958
-190.01687622070312,-413.3857727050781,2.884887218475342
-190.0894775390625,-414.4255676269531,2.8355581760406494
-190.16033935546875,-415.4627990722656,2.7840943336486816
-190.22821044921875,-416.49761962890625,2.7305941581726074
-190.29360961914065,-417.5300903320313,2.675215244293213
-190.35655212402344,-418.56011962890625,2.6203575134277344
-190.4167022705078,-419.5881652832031,2.568402051925659
-190.4728240966797,-420.6138000488281,2.519524097442627
-190.5241546630859,-421.6363830566406,2.470496416091919
-190.5723876953125,-422.6554565429687,2.4201221466064453
-190.618408203125,-423.671142578125,2.368227005004883
-190.66114807128903,-424.6841735839844,2.315342903137207
-190.7014007568359,-425.6949157714844,2.2627973556518555
-190.74044799804688,-426.7033081054687,2.211764335632324
-190.7796936035156,-427.708740234375,2.163297176361084
-190.8188934326172,-428.7112426757813,2.1190695762634277
-190.8561248779297,-429.7103271484375,2.077228546142578
-190.8927001953125,-430.7055969238281,2.035825729370117
-190.9295959472656,-431.6971130371094,1.99443781375885
-190.9665374755859,-432.6854248046875,1.9538118839263916
-191.0029754638672,-433.6711730957031,1.9139915704727173
-191.0391387939453,-434.6544189453125,1.874669313430786
-191.0764007568359,-435.634765625,1.835318922996521
-191.11502075195312,-436.6122131347656,1.7984451055526731
-191.1550140380859,-437.5868225097656,1.766177535057068
-191.19500732421875,-438.5579833984375,1.7369108200073242
-191.23472595214844,-439.5250549316406,1.7079596519470217
-191.27520751953125,-440.48834228515625,1.679169535636902
-191.31593322753903,-441.4484558105469,1.6503629684448242
-191.3563690185547,-442.4059753417969,1.6209479570388794
-191.39663696289065,-443.3609924316406,1.5907578468322754
-191.43756103515625,-444.31341552734375,1.5604443550109863
-191.47984313964844,-445.2630615234375,1.531792163848877
-191.5235595703125,-446.20989990234375,1.5071079730987549
-191.56790161132812,-447.15325927734375,1.486278057098389
-191.61131286621097,-448.0927429199219,1.4657694101333618
-191.65499877929688,-449.0281677246094,1.445404291152954
-191.69924926757812,-449.96002197265625,1.424828290939331
-191.7429962158203,-450.88916015625,1.4031585454940796
-191.78640747070312,-451.8158264160156,1.3810302019119265
-191.82972717285156,-452.7400512695313,1.3594173192977903
-191.87356567382812,-453.6614074707031,1.3385919332504272
-191.9185791015625,-454.57952880859375,1.3193907737731934
-191.9636993408203,-455.4943237304687,1.302807331085205
-192.0078887939453,-456.4056091308594,1.2872717380523682
-192.05189514160156,-457.3132934570313,1.2720465660095217
-192.09613037109375,-458.2174987792969,1.2573344707489014
-192.13967895507812,-459.1185302734375,1.242671012878418
-192.18211364746097,-460.0168151855469,1.227344989776611
-192.2239990234375,-460.9122924804687,1.2119524478912354
-192.2650451660156,-461.804931640625,1.1965028047561646
-192.30523681640625,-462.6947021484375,1.18133544921875
-192.34542846679688,-463.5813293457031,1.166856050491333
-192.3850250244141,-464.46484375,1.153594970703125
-192.42295837402344,-465.3450317382813,1.140925645828247
-192.46023559570312,-466.2219848632813,1.1282312870025637
-192.4974822998047,-467.0956726074219,1.1158583164215088
-192.53387451171875,-467.9661865234375,1.103356957435608
-192.5693817138672,-468.8336486816406,1.0900942087173462
-192.6047210693359,-469.6981506347656,1.076387882232666
-192.64016723632812,-470.5597229003906,1.0626667737960815
-192.67544555664065,-471.41839599609375,1.0487971305847168
-192.71109008789065,-472.2740783691406,1.0346462726593018
-192.74734497070312,-473.12652587890625,1.0210307836532593
-192.78421020507812,-473.975830078125,1.0085890293121338
-192.82183837890625,-474.8218688964844,0.9973818063735962
-192.8597717285156,-475.6646423339844,0.9870850443840028
-192.89791870117188,-476.5040588378906,0.9765236377716064
-192.9365692138672,-477.3401184082031,0.9650309085845948
-192.97561645507812,-478.17291259765625,0.9524121284484864
-193.0148773193359,-479.0027465820313,0.93887460231781
-193.05441284179688,-479.8299255371094,0.9247063398361206
-193.0942840576172,-480.6543884277344,0.9106192588806152
-193.1345977783203,-481.4759826660156,0.896889328956604
-193.1751251220703,-482.2943115234375,0.8830512762069702
-193.21514892578125,-483.10931396484375,0.8690854907035828
-193.2549743652344,-483.9211120605469,0.8559389114379883
-193.29449462890625,-484.72998046875,0.8442522287368774
-193.3326416015625,-485.5359802246094,0.8333789110183716
-193.36917114257812,-486.3388977050781,0.821852445602417
-193.40484619140625,-487.1385192871094,0.8094505071640015
-193.43946838378903,-487.93505859375,0.7963234186172485
-193.47296142578125,-488.7286071777344,0.782987117767334
-193.5050811767578,-489.5195007324219,0.770069420337677
-193.5359649658203,-490.3077087402344,0.7579935789108276
-193.56594848632812,-491.0929870605469,0.7462512254714966
-193.59486389160156,-491.8750915527344,0.7353602647781372
-193.6222686767578,-492.654052734375,0.7259618639945984
-193.64816284179688,-493.4297790527344,0.7181193828582764
-193.6720733642578,-494.202392578125,0.7104544639587402
-193.6948699951172,-494.9718322753906,0.702073335647583
-193.71713256835935,-495.738037109375,0.692915678024292
-193.73887634277344,-496.5010070800781,0.6833271980285645
-193.760009765625,-497.2611083984375,0.6736859679222107
-193.7809906005859,-498.0185546875,0.6642217636108398
-193.80213928222656,-498.7732238769531,0.6551331877708435
-193.8239898681641,-499.52490234375,0.6465136408805847
-193.8465576171875,-500.2732849121094,0.6388319134712219
-193.86911010742188,-501.0184020996094,0.631987452507019
-193.89208984375,-501.7602233886719,0.6256203651428223
-193.91607666015625,-502.4989929199219,0.6195046901702881
-193.93991088867188,-503.2343444824219,0.6127656698226929
-193.9637451171875,-503.9665222167969,0.604744553565979
-193.98765563964844,-504.6956481933594,0.5948017239570618
-194.01174926757812,-505.4219665527344,0.5826529264450073
-194.03643798828125,-506.1458740234375,0.568976879119873
-194.061279296875,-506.8674621582031,0.5545331239700317
-194.08627319335935,-507.5863037109375,0.5403017997741699
-194.11175537109375,-508.3023376464844,0.5263255834579468
-194.1375732421875,-509.01507568359375,0.5131609439849854
-194.1629943847656,-509.7243347167969,0.5013177394866943
-194.18768310546875,-510.4303283691406,0.4909446537494659
-194.21121215820312,-511.1331787109375,0.4809313416481018
-194.23353576660156,-511.8331604003906,0.4691352844238281
-194.2554473876953,-512.530029296875,0.4552994072437286
-194.27651977539065,-513.223876953125,0.4397092163562774
-194.29653930664065,-513.9148559570312,0.4220446944236755
-194.3155517578125,-514.6033325195312,0.4021045565605163
-194.3341064453125,-515.2896728515625,0.3818414807319641
-194.35189819335935,-515.9736938476562,0.3618005216121673
-194.3689422607422,-516.6552124023438,0.3415529727935791
-194.38494873046875,-517.33349609375,0.3209726214408874
-194.3997344970703,-518.0081787109375,0.300465315580368
-194.41343688964844,-518.6795654296875,0.2803410291671753
-194.42665100097656,-519.3478393554688,0.2616713345050812
-194.43902587890625,-520.0134887695312,0.2453633546829223
-194.4499969482422,-520.676513671875,0.230135977268219
-194.459716796875,-521.3367919921875,0.2137427330017089
-194.4689178466797,-521.9940185546875,0.1956409215927124
-194.47760009765625,-522.6477661132812,0.1764768958091735
-194.4856414794922,-523.298095703125,0.1562864184379577
-194.4932403564453,-523.9454345703125,0.1361147165298462
-194.4995574951172,-524.5904541015625,0.1159830093383789
-194.5047607421875,-525.2333374023438,0.0960617661476135
-194.5090484619141,-525.8739624023438,0.0755001604557037
-194.5129547119141,-526.5116577148438,0.0540215075016021
-194.51551818847656,-527.1460571289062,0.0318861901760101
-194.51690673828125,-527.7771606445312,0.0098452568054199
-194.5170440673828,-528.4052124023438,-0.0113979578018188
-194.5165100097656,-529.03076171875,-0.0309620797634124
-194.51426696777344,-529.65380859375,-0.0495982468128204
-194.5100250244141,-530.274169921875,-0.0691810399293899
-194.50489807128903,-530.891357421875,-0.0900106579065322
-194.4989471435547,-531.5053100585938,-0.112151563167572
-194.4920959472656,-532.1159057617188,-0.1354233175516128
-194.48399353027344,-532.7237548828125,-0.1589181423187255
-194.4744415283203,-533.3291625976562,-0.1831797659397125
-194.4643096923828,-533.932373046875,-0.207517459988594
-194.45346069335935,-534.5332641601562,-0.2316392958164215
-194.4419708251953,-535.1316528320312,-0.255928635597229
-194.43019104003903,-535.7275390625,-0.2804409563541412
-194.41802978515625,-536.3209228515625,-0.3049395084381103
-194.4053497314453,-536.9120483398438,-0.3289873003959656
-194.39227294921875,-537.50146484375,-0.3523549437522888
-194.3787384033203,-538.0894775390625,-0.3749458789825439
-194.3645782470703,-538.6764526367188,-0.3974427580833435
-194.3503570556641,-539.2627563476562,-0.4206998646259308
-194.3362579345703,-539.8485107421875,-0.4451278448104858
-194.32228088378903,-540.4341430664062,-0.4709373414516449
-194.30812072753903,-541.0198364257812,-0.497602105140686
-194.29421997070312,-541.606201171875,-0.5253810882568359
-194.28074645996097,-542.193603515625,-0.5540043115615845
-194.2674560546875,-542.7824096679688,-0.5827670097351074
-194.2544403076172,-543.3726806640625,-0.611400842666626
-194.24176025390625,-543.9644775390625,-0.6402971744537354
-194.2296600341797,-544.5579223632812,-0.6690039038658142
-194.21798706054688,-545.1533813476562,-0.697196900844574
-194.206787109375,-545.750732421875,-0.7250635623931885
-194.19630432128903,-546.3502807617188,-0.7526199817657471
-194.1862030029297,-546.9519653320312,-0.7803987860679626
-194.1764984130859,-547.5557250976562,-0.809141993522644
-194.1675567626953,-548.16162109375,-0.8392375707626343
-194.1593017578125,-548.7696533203125,-0.8706961870193481
-194.15158081054688,-549.3799438476562,-0.9033505320549012
-194.14431762695312,-549.9925537109375,-0.9372114539146424
-194.1376190185547,-550.6078491210938,-0.9717705845832824
-194.13124084472656,-551.2260131835938,-1.0064653158187866
-194.12527465820312,-551.8471069335938,-1.040711760520935
-194.1202392578125,-552.4707641601562,-1.0743441581726074
-194.11570739746097,-553.096923828125,-1.106536865234375
-194.11056518554688,-553.7246704101562,-1.1378581523895264
-194.10528564453125,-554.3531494140625,-1.169113039970398
-194.10037231445312,-554.981689453125,-1.199681282043457
-194.094970703125,-555.609619140625,-1.228715896606445
-194.08755493164065,-556.2361450195312,-1.257924199104309
-194.0787048339844,-556.8612060546875,-1.288623929023743
-194.06863403320312,-557.4842529296875,-1.321162462234497
-194.0570068359375,-558.1047973632812,-1.355234146118164
-194.0432586669922,-558.7228393554688,-1.3910143375396729
-194.0281982421875,-559.338623046875,-1.428455114364624
-194.0115966796875,-559.9522705078125,-1.466358304023743
-193.99269104003903,-560.564208984375,-1.504086136817932
-193.97235107421875,-561.174560546875,-1.540714144706726
-193.95184326171875,-561.7828369140625,-1.5768791437149048
-193.9306182861328,-562.387939453125,-1.611735463142395
-193.906982421875,-562.9896850585938,-1.6463464498519895
-193.88201904296875,-563.5880737304688,-1.680586338043213
-193.85675048828125,-564.1832275390625,-1.713299036026001
-193.8307647705078,-564.7754516601562,-1.7446153163909912
-193.80435180664065,-565.365234375,-1.77507483959198
-193.777587890625,-565.9528198242188,-1.805038332939148
-193.7503662109375,-566.5379638671875,-1.8355112075805664
-193.7229461669922,-567.1207275390625,-1.866952419281006
-193.6951904296875,-567.7008666992188,-1.8998017311096191
-193.6673583984375,-568.2783813476562,-1.93364679813385
-193.6395568847656,-568.8533325195312,-1.9668012857437136
-193.61126708984375,-569.4261474609375,-1.9982211589813232
-193.5823516845703,-569.9970092773438,-2.02828049659729
-193.55319213867188,-570.5660400390625,-2.0585291385650635
-193.5240020751953,-571.1331787109375,-2.089771509170532
-193.4951171875,-571.69775390625,-2.120820999145508
-193.4662628173828,-572.2600708007812,-2.15146541595459
-193.4373779296875,-572.8204956054688,-2.1817097663879395
-193.4086456298828,-573.3795776367188,-2.211174249649048
-193.38047790527344,-573.9376220703125,-2.2398264408111572
-193.3525390625,-574.4949340820312,-2.2684316635131836
-193.32440185546875,-575.0513305664062,-2.29787015914917
-193.2965850830078,-575.6068115234375,-2.3280394077301025
-193.2693328857422,-576.1615600585938,-2.3585333824157715
-193.2424163818359,-576.7156372070312,-2.3895576000213623
-193.215576171875,-577.269287109375,-2.4212894439697266
-193.1890563964844,-577.8228149414062,-2.4537479877471924
-193.16297912597656,-578.37646484375,-2.4867806434631348
-193.13720703125,-578.9302978515625,-2.5202853679656982
-193.11154174804688,-579.484375,-2.5537612438201904
-193.0862274169922,-580.0386352539062,-2.5870771408081055
-193.0616149902344,-580.5929565429688,-2.6204898357391357
-193.03717041015625,-581.1470947265625,-2.6541614532470703
-193.01235961914065,-581.7011108398438,-2.688065528869629
-192.9874725341797,-582.2550048828125,-2.7219722270965576
-192.9627227783203,-582.8087768554688,-2.7553582191467285
-192.938232421875,-583.3626708984375,-2.787820339202881
-192.91387939453125,-583.9165649414062,-2.819612979888916
-192.88917541503903,-584.4703369140625,-2.8518412113189697
-192.8643493652344,-585.02392578125,-2.885181665420532
-192.8396453857422,-585.5773315429688,-2.9195642471313477
-192.81527709960935,-586.1306762695312,-2.954742431640625
-192.79090881347656,-586.684326171875,-2.989824056625366
-192.76580810546875,-587.2384033203125,-3.0252676010131836
-192.7403259277344,-587.7930297851562,-3.061429500579834
-192.71499633789065,-588.3482055664062,-3.0980336666107178
-192.6897735595703,-588.9039916992188,-3.134711265563965
-192.66439819335935,-589.4602661132812,-3.171135187149048
-192.63870239257812,-590.0172119140625,-3.207247257232666
-192.6126708984375,-590.5747680664062,-3.243122100830078
-192.5863037109375,-591.1331176757812,-3.2790865898132324
-192.55995178222656,-591.6920776367188,-3.3150954246520996
-192.53353881835935,-592.2517700195312,-3.3508806228637695
-192.507080078125,-592.812255859375,-3.386244058609009
-192.48019409179688,-593.37353515625,-3.421543598175049
-192.45297241210935,-593.9356079101562,-3.4571056365966797
-192.4255523681641,-594.4984130859375,-3.4929518699645996
-192.39796447753903,-595.0620727539062,-3.5288193225860596
-192.3700408935547,-595.62646484375,-3.5643656253814697
-192.3415069580078,-596.191650390625,-3.6000375747680664
-192.31236267089844,-596.7575073242188,-3.6361706256866455
-192.2828369140625,-597.3241577148438,-3.672815322875977
-192.2533416748047,-597.8914794921875,-3.709590435028076
-192.2238311767578,-598.4593505859375,-3.746171712875366
-192.1941070556641,-599.02783203125,-3.782302856445313
-192.16409301757812,-599.5970458984375,-3.8178067207336426
-192.1336975097656,-600.1666259765625,-3.853265047073364
-192.10308837890625,-600.7365112304688,-3.8894057273864746
-192.07247924804688,-601.3065185546875,-3.926663875579834
-192.04193115234375,-601.8765869140625,-3.965116024017334
-192.01150512695312,-602.4468383789062,-4.004024028778076
-191.98097229003903,-603.0177001953125,-4.042456150054932
-191.94981384277344,-603.58935546875,-4.080710411071777
-191.9185485839844,-604.161865234375,-4.118670463562012
-191.8872528076172,-604.735107421875,-4.156789302825928
-191.85614013671875,-605.3089599609375,-4.194681167602539
-191.8249969482422,-605.88330078125,-4.232264041900635
-191.7938232421875,-606.45849609375,-4.2694525718688965
-191.76271057128903,-607.0347900390625,-4.305934429168701
-191.7316436767578,-607.6124267578125,-4.341411590576172
-191.7007598876953,-608.19140625,-4.375835418701172
-191.669921875,-608.771728515625,-4.409843444824219
-191.638916015625,-609.3529052734375,-4.444057941436768
-191.60838317871097,-609.9351196289062,-4.478368759155273
-191.5781707763672,-610.5184326171875,-4.5128278732299805
-191.5480804443359,-611.1028442382812,-4.547423839569092
-191.51773071289065,-611.6884765625,-4.582057952880859
-191.4871826171875,-612.2755126953125,-4.6172895431518555
-191.45669555664065,-612.8640747070312,-4.653148651123047
-191.42626953125,-613.4542236328125,-4.689528942108154
-191.39584350585935,-614.046142578125,-4.7263946533203125
-191.3655548095703,-614.6399536132812,-4.76342248916626
-191.3355712890625,-615.2359619140625,-4.799929618835449
-191.3054962158203,-615.8342895507812,-4.8357954025268555
-191.27537536621097,-616.435302734375,-4.870729446411133
-191.2450256347656,-617.039306640625,-4.903775215148926
-191.21446228027344,-617.6461791992188,-4.9353437423706055
-191.18373107910156,-618.2554931640625,-4.966986656188965
-191.15330505371097,-618.8673095703125,-4.999052047729492
-191.12310791015625,-619.4817504882812,-5.031891345977783
-191.093017578125,-620.09912109375,-5.065095901489258
-191.0629119873047,-620.7198486328125,-5.098418235778809
-191.0323181152344,-621.343994140625,-5.132241249084473
-191.0015869140625,-621.9718017578125,-5.166484355926514
-190.97084045410156,-622.603271484375,-5.201051235198975
-190.94102478027344,-623.23828125,-5.235004425048828
-190.9118804931641,-623.8768310546875,-5.268398284912109
-190.8826904296875,-624.5187377929688,-5.301220417022705
-190.85345458984375,-625.1644287109375,-5.333461761474609
-190.8245849609375,-625.8135375976562,-5.365198612213135
-190.7960968017578,-626.4663696289062,-5.395707130432129
-190.76739501953125,-627.1229248046875,-5.424736976623535
-190.73825073242188,-627.782470703125,-5.453683853149414
-190.70909118652344,-628.4448852539062,-5.482943534851074
-190.67971801757812,-629.1100463867188,-5.511988162994385
-190.6497039794922,-629.7780151367188,-5.540138244628906
-190.6186065673828,-630.4485473632812,-5.568115234375
-190.5865936279297,-631.1217041015625,-5.595883369445801
-190.5537567138672,-631.7972412109375,-5.622892379760742
-190.5203399658203,-632.4750366210938,-5.64969539642334
-190.486328125,-633.15478515625,-5.676998138427734
-190.45159912109375,-633.8366088867188,-5.704130172729492
-190.4163818359375,-634.5208740234375,-5.730337142944336
-190.38088989257812,-635.2080078125,-5.754575729370117
-190.34439086914065,-635.8978271484375,-5.776580333709717
-190.3063812255859,-636.5894775390625,-5.79915714263916
-190.2684326171875,-637.2826538085938,-5.822700500488281
-190.230712890625,-637.9773559570312,-5.847120761871338
-190.19235229492188,-638.6735229492188,-5.872368812561035
-190.15240478515625,-639.37158203125,-5.899123668670654
-190.11215209960935,-640.0716552734375,-5.926933765411377
-190.07177734375,-640.7736206054688,-5.955533504486084
-190.03076171875,-641.4773559570312,-5.9851765632629395
-189.98988342285156,-642.1829223632812,-6.014004707336426
-189.94952392578125,-642.8904418945312,-6.040942192077637
-189.91018676757812,-643.5996704101562,-6.066778182983398
-189.8701171875,-644.3106079101562,-6.090901851654053
-189.82920837402344,-645.0234375,-6.112332820892334
-189.7884979248047,-645.7372436523438,-6.131959915161133
-189.74815368652344,-646.451904296875,-6.151589870452881
-189.7071075439453,-647.1672973632812,-6.17195463180542
-189.66567993164065,-647.883544921875,-6.192648887634277
-189.62448120117188,-648.601318359375,-6.213106155395508
-189.5824737548828,-649.3208618164062,-6.232670307159424
-189.5394744873047,-650.0421752929688,-6.251667022705078
-189.496826171875,-650.7648315429688,-6.270612716674805
-189.4550323486328,-651.4884643554688,-6.288556098937988
-189.41323852539065,-652.213134765625,-6.305262088775635
-189.37136840820312,-652.9390258789062,-6.320161819458008
-189.32923889160156,-653.666259765625,-6.333527565002441
-189.2868499755859,-654.3944702148438,-6.346291542053223
-189.24435424804688,-655.1234741210938,-6.35957145690918
-189.20176696777344,-655.8532104492188,-6.3735551834106445
-189.1588897705078,-656.583740234375,-6.38698673248291
-189.11517333984375,-657.3150634765625,-6.3993754386901855
-189.07069396972656,-658.0466918945312,-6.411335468292236
-189.0257873535156,-658.7781982421875,-6.422464370727539
-188.9805908203125,-659.5089111328125,-6.432793617248535
-188.9353485107422,-660.23828125,-6.443510055541992
-188.88986206054688,-660.9661865234375,-6.454676628112793
-188.84385681152344,-661.6923828125,-6.465419292449951
-188.79751586914065,-662.4168701171875,-6.474626541137695
-188.7506866455078,-663.1395874023438,-6.482278347015381
-188.70266723632812,-663.8600463867188,-6.489965915679932
-188.65394592285156,-664.578125,-6.497467517852783
-188.60482788085935,-665.2940063476562,-6.503777027130127
-188.55465698242188,-666.0078735351562,-6.508815765380859
-188.503662109375,-666.7197265625,-6.51230525970459
-188.45297241210935,-667.4295654296875,-6.514270782470703
-188.4014892578125,-668.1370849609375,-6.515562057495117
-188.34909057617188,-668.842529296875,-6.515795707702637
-188.2972412109375,-669.5457763671875,-6.514130592346191
-188.2456817626953,-670.2468872070312,-6.511192798614502
-188.19349670410156,-670.9456176757812,-6.5072784423828125
-188.14144897460935,-671.6419067382812,-6.502677917480469
-188.0894775390625,-672.3355712890625,-6.49790620803833
-188.0378570556641,-673.0267333984375,-6.492682933807373
-187.9866485595703,-673.7154541015625,-6.486802101135254
-187.93536376953125,-674.4017944335938,-6.481199741363525
-187.8842315673828,-675.0858154296875,-6.476473808288574
-187.83346557617188,-675.7673950195312,-6.472726345062256
-187.7832489013672,-676.4464721679688,-6.470013618469238
-187.7335662841797,-677.123291015625,-6.467897415161133
-187.68408203125,-677.7977294921875,-6.466084957122803
-187.636474609375,-678.4698486328125,-6.462191104888916
-187.58914184570312,-679.1395874023438,-6.456402778625488
-187.54156494140625,-679.8067016601562,-6.451518535614014
-187.49508666992188,-680.471435546875,-6.447864055633545
-187.4497833251953,-681.1328735351562,-6.443675994873047
-187.405029296875,-681.7913208007812,-6.438562393188477
-187.3608856201172,-682.447509765625,-6.432845592498779
-187.31800842285156,-683.101806640625,-6.426974296569824
-187.27658081054688,-683.7545166015625,-6.4213690757751465
-187.23626708984375,-684.4053344726562,-6.4158244132995605
-187.1970367431641,-685.0546875,-6.410377502441406
-187.1589813232422,-685.70263671875,-6.40497350692749
-187.1217498779297,-686.349365234375,-6.399343013763428
-187.0852508544922,-686.9949951171875,-6.39317512512207
-187.04966735839844,-687.6397094726562,-6.386785507202148
-187.0149078369141,-688.2838745117188,-6.380110740661621
-186.98065185546875,-688.9274291992188,-6.372751712799072
-186.94667053222656,-689.5704345703125,-6.365056037902832
-186.91307067871097,-690.2129516601562,-6.357339859008789
-186.87966918945312,-690.85498046875,-6.349318981170654
-186.8461456298828,-691.4963989257812,-6.340869426727295
-186.81251525878903,-692.137451171875,-6.332258224487305
-186.7786407470703,-692.7781372070312,-6.3235249519348145
-186.7445831298828,-693.4185791015625,-6.314876079559326
-186.7102203369141,-694.05908203125,-6.306457996368408
-186.67562866210935,-694.7003173828125,-6.297942161560059
-186.6408843994141,-695.3430786132812,-6.2891011238098145
-186.60577392578125,-695.9879150390625,-6.279960632324219
-186.57028198242188,-696.6351928710938,-6.270153522491455
-186.5351104736328,-697.2848510742188,-6.260080814361572
-186.4998321533203,-697.9368896484375,-6.250021457672119
-186.464111328125,-698.5911865234375,-6.239818096160889
-186.42822265625,-699.2476806640625,-6.229184627532959
-186.392578125,-699.906005859375,-6.218494415283203
-186.35699462890625,-700.5657958984375,-6.2081403732299805
-186.3211212158203,-701.2261962890625,-6.197958469390869
-186.28501892089844,-701.8862915039062,-6.187812805175781
-186.2488555908203,-702.5452270507812,-6.17709493637085
-186.2126312255859,-703.202392578125,-6.165503978729248
-186.17633056640625,-703.8572387695312,-6.153522968292236
-186.1399688720703,-704.5093994140625,-6.141873836517334
-186.103515625,-705.1583862304688,-6.1303510665893555
-186.06700134277344,-705.80419921875,-6.11897087097168
-186.0300445556641,-706.4468383789062,-6.107823371887207
-185.9927520751953,-707.0866088867188,-6.097628116607666
-185.9551696777344,-707.7235717773438,-6.088495254516602
-185.9171142578125,-708.3575439453125,-6.079046726226807
-185.87863159179688,-708.9884033203125,-6.0687689781188965
-185.83990478515625,-709.6163940429688,-6.057746410369873
-185.80059814453125,-710.241455078125,-6.0463457107543945
-185.76101684570312,-710.8629760742188,-6.035081386566162
-185.7213897705078,-711.4810791015625,-6.023982524871826
-185.68145751953125,-712.0958862304688,-6.012930870056152
-185.6410217285156,-712.7075805664062,-6.001804828643799
-185.6005096435547,-713.3163452148438,-5.990390777587891
-185.56004333496097,-713.9221801757812,-5.978654384613037
-185.51963806152344,-714.5252685546875,-5.96647310256958
-185.4789581298828,-715.1255493164062,-5.954045295715332
-185.43836975097656,-715.7229614257812,-5.941512107849121
-185.398193359375,-716.317138671875,-5.928833961486816
-185.3578643798828,-716.9081420898438,-5.915750980377197
-185.3173828125,-717.495849609375,-5.901666641235352
-185.2766265869141,-718.0803833007812,-5.8867692947387695
-185.2356109619141,-718.66162109375,-5.872111797332764
-185.194580078125,-719.2398681640625,-5.858235836029053
-185.15325927734375,-719.8147583007812,-5.844972133636475
-185.1115875244141,-720.3862915039062,-5.832326412200928
-185.069580078125,-720.95458984375,-5.820195198059082
-185.02769470214844,-721.5199584960938,-5.8081207275390625
-184.9855499267578,-722.0824584960938,-5.7961344718933105
-184.94322204589844,-722.64208984375,-5.784161567687988
-184.9010009765625,-723.1988525390625,-5.771821022033691
-184.8590850830078,-723.7525024414062,-5.759247779846191
-184.81719970703125,-724.302490234375,-5.746661186218262
-184.77523803710935,-724.84912109375,-5.7339982986450195
-184.7333068847656,-725.392333984375,-5.721214294433594
-184.6916351318359,-725.9323120117188,-5.708386421203613
-184.65017700195312,-726.4690551757812,-5.695470333099365
-184.60877990722656,-727.0028686523438,-5.682440757751465
-184.5676727294922,-727.53369140625,-5.669674873352051
-184.52720642089844,-728.0615844726562,-5.657711029052734
-184.48751831054688,-728.5865478515625,-5.6468095779418945
-184.44854736328125,-729.1083984375,-5.637146949768066
-184.4102478027344,-729.6270141601562,-5.62851619720459
-184.3733673095703,-730.1431884765625,-5.620669364929199
-184.33834838867188,-730.65673828125,-5.612128257751465
-184.30503845214844,-731.167724609375,-5.602744102478027
-184.2740478515625,-731.6762084960938,-5.593692779541016
-184.2451629638672,-732.1817626953125,-5.585358619689941
-184.21864318847656,-732.68408203125,-5.57758092880249
-184.1947784423828,-733.18310546875,-5.569491386413574
-184.1729736328125,-733.6784057617188,-5.560250759124756
-184.1528778076172,-734.1703491210938,-5.549929141998291
-184.1348876953125,-734.6588134765625,-5.539100646972656
-184.11831665039065,-735.1441040039062,-5.527744770050049
-184.10305786132812,-735.6263427734375,-5.5155744552612305
-184.08932495117188,-736.10546875,-5.50333309173584
-184.07669067382812,-736.5816040039062,-5.491608142852783
-184.0650177001953,-737.0547485351562,-5.480594158172607
-184.0542907714844,-737.524658203125,-5.470142364501953
-184.0447235107422,-737.9913940429688,-5.459794521331787
-184.03628540039065,-738.4547729492188,-5.449526786804199
-184.02931213378903,-738.9153442382812,-5.439352035522461
-184.0232696533203,-739.373046875,-5.42912483215332
-184.0181579589844,-739.8279418945312,-5.418504238128662
-184.01409912109375,-740.2797241210938,-5.407748699188232
-184.0107879638672,-740.7284545898438,-5.3974995613098145
-184.0082092285156,-741.174072265625,-5.38786506652832
-184.00662231445312,-741.6165161132812,-5.378606796264648
-184.00637817382812,-742.0556030273438,-5.3691558837890625
-184.0074920654297,-742.4912719726562,-5.358925819396973
-184.00982666015625,-742.923583984375,-5.3481011390686035
-184.01365661621097,-743.3528442382812,-5.337183475494385
-184.018798828125,-743.7789916992188,-5.32659387588501
-184.02552795410156,-744.2021484375,-5.316216468811035
-184.03379821777344,-744.6221923828125,-5.305727958679199
-184.04335021972656,-745.0390625,-5.294952869415283
-184.05430603027344,-745.4526977539062,-5.284374713897705
-184.06716918945312,-745.8630981445312,-5.27396297454834
-184.0816650390625,-746.270263671875,-5.263558864593506
-184.09762573242188,-746.6741333007812,-5.25331974029541
-184.1156463623047,-747.07470703125,-5.243361949920654
-184.13580322265625,-747.4720458984375,-5.233578205108643
-184.1584320068359,-747.8660278320312,-5.223673343658447
-184.18307495117188,-748.2568969726562,-5.213972091674805
-184.2100067138672,-748.6444091796875,-5.204599857330322
-184.23936462402344,-749.0287475585938,-5.195494651794434
-184.27127075195312,-749.4097900390625,-5.186598300933838
-184.30560302734375,-749.7874145507812,-5.178019046783447
-184.34225463867188,-750.1617431640625,-5.169917583465576
-184.3814697265625,-750.5326538085938,-5.1620869636535645
-184.4229431152344,-750.9000244140625,-5.154571056365967
-184.46665954589844,-751.2640991210938,-5.147313594818115
-184.5126953125,-751.624755859375,-5.140271186828613
-184.56106567382812,-751.98193359375,-5.133292198181152
-184.6116485595703,-752.335693359375,-5.126297473907471
-184.6644744873047,-752.68603515625,-5.118931770324707
-184.7200469970703,-753.0330200195312,-5.110725402832031
-184.7782745361328,-753.3765258789062,-5.102234840393066
-184.83843994140625,-753.716552734375,-5.094236373901367
-184.9008331298828,-754.0530395507812,-5.086874961853027
-184.9653778076172,-754.3860473632812,-5.08021354675293
-185.0320587158203,-754.7157592773438,-5.074509143829346
-185.1005859375,-755.0419311523438,-5.069411277770996
-185.1712951660156,-755.3645629882812,-5.064089298248291
-185.24417114257812,-755.6837768554688,-5.058045387268066
-185.31871032714844,-755.9996948242188,-5.051607608795166
-185.39501953125,-756.3128662109375,-5.045706272125244
-185.47254943847656,-756.6239013671875,-5.041084289550781
-185.5518341064453,-756.932861328125,-5.037878036499023
-185.63319396972656,-757.2398071289062,-5.035637855529785
-185.71694946289065,-757.5447387695312,-5.033670902252197
-185.8026123046875,-757.847900390625,-5.031569004058838
-185.89013671875,-758.1495361328125,-5.029053211212158
-185.97962951660156,-758.4498291015625,-5.026031494140625
-186.07034301757812,-758.7493896484375,-5.023011207580566
-186.16273498535156,-759.048095703125,-5.02065896987915
-186.25669860839844,-759.34619140625,-5.019113063812256
-186.35211181640625,-759.6439819335938,-5.018186569213867
-186.4493408203125,-759.941650390625,-5.017286777496338
-186.54806518554688,-760.2395629882812,-5.015740394592285
-186.64764404296875,-760.5382690429688,-5.013762474060059
-186.74850463867188,-760.8377075195312,-5.011673450469971
-186.85104370117188,-761.1378173828125,-5.009615421295166
-186.95501708984375,-761.4388427734375,-5.007998466491699
-187.06019592285156,-761.7407836914062,-5.00715446472168
-187.16677856445312,-762.0435180664062,-5.007206916809082
-187.2754364013672,-762.346923828125,-5.007415771484375
-187.38584899902344,-762.6510620117188,-5.007031440734863
-187.49761962890625,-762.955810546875,-5.005692481994629
-187.6104431152344,-763.2614135742188,-5.003412246704102
-187.7247772216797,-763.567626953125,-5.000607967376709
-187.8415679931641,-763.8740234375,-4.997580528259277
-187.9593048095703,-764.1812744140625,-4.994690895080566
-188.07882690429688,-764.4896240234375,-4.9925856590271
-188.2018890380859,-764.80029296875,-4.990333080291748
-188.32908630371097,-765.114990234375,-4.985935211181641
-188.45993041992188,-765.434814453125,-4.97991418838501
-188.5949859619141,-765.7589721679688,-4.97319221496582
-188.73443603515625,-766.0869140625,-4.965681552886963
-188.87713623046875,-766.418701171875,-4.957612991333008
-189.02293395996097,-766.754150390625,-4.950056552886963
-189.17274475097656,-767.0930786132812,-4.942934989929199
-189.32620239257812,-767.4356689453125,-4.935680389404297
-189.4834899902344,-767.7814331054688,-4.928567886352539
-189.6441650390625,-768.1296997070312,-4.9215006828308105
-189.80816650390625,-768.4796752929688,-4.914283752441406
-189.9748992919922,-768.8303833007812,-4.907181262969971
-190.1443023681641,-769.1806030273438,-4.90014123916626
-190.3161163330078,-769.5294189453125,-4.892696380615234
-190.48944091796875,-769.8762817382812,-4.884941577911377
-190.66409301757812,-770.2207641601562,-4.8767290115356445
-190.8402404785156,-770.562255859375,-4.868439674377441
-191.0168304443359,-770.9006958007812,-4.860629081726074
-191.1944580078125,-771.2356567382812,-4.853211879730225
-191.37261962890625,-771.5670776367188,-4.846219062805176
-191.55091857910156,-771.89501953125,-4.839438438415527
-191.72952270507812,-772.2194213867188,-4.83308744430542
-191.90835571289065,-772.540283203125,-4.82678747177124
-192.0871734619141,-772.857421875,-4.820248603820801
-192.26600646972656,-773.1708984375,-4.813412189483643
-192.44512939453125,-773.4808349609375,-4.80684757232666
-192.6247100830078,-773.7872924804688,-4.801342487335205
-192.8048553466797,-774.090087890625,-4.796856880187988
-192.9856109619141,-774.3890991210938,-4.793243408203125
-193.1668701171875,-774.6840209960938,-4.790428161621094
-193.34890747070312,-774.9750366210938,-4.788175106048584
-193.53179931640625,-775.2619018554688,-4.785811424255371
-193.71478271484375,-775.5451049804688,-4.783238887786865
-193.89808654785156,-775.8246459960938,-4.780361652374268
-194.0818023681641,-776.1005249023438,-4.777011871337891
-194.265380859375,-776.3729858398438,-4.7737650871276855
-194.44825744628903,-776.6424560546875,-4.771498680114746
-194.63055419921875,-776.9091186523438,-4.7709879875183105
-194.8132171630859,-777.172119140625,-4.771204471588135
-194.99606323242188,-777.431640625,-4.770135879516602
-195.17823791503903,-777.6883544921875,-4.76765775680542
-195.3604431152344,-777.9418334960938,-4.764488220214844
-195.5423583984375,-778.1922607421875,-4.761109828948975
-195.7240753173828,-778.4400024414062,-4.757822036743164
-195.9061279296875,-778.6853637695312,-4.755017280578613
-196.08859252929688,-778.9285888671875,-4.753008842468262
-196.2718811035156,-779.1696166992188,-4.751756191253662
-196.45623779296875,-779.4081420898438,-4.749962329864502
-196.64111328125,-779.6448974609375,-4.747109413146973
-196.82669067382812,-779.8806762695312,-4.743471622467041
-197.013427734375,-780.1154174804688,-4.739471435546875
-197.20166015625,-780.3491821289062,-4.735466480255127
-197.39161682128903,-780.58203125,-4.731601715087891
-197.58335876464844,-780.8140258789062,-4.7278056144714355
-197.7766876220703,-781.0453491210938,-4.724093437194824
-197.9719390869141,-781.275634765625,-4.720273971557617
-198.1690673828125,-781.5052490234375,-4.716165542602539
-198.3678741455078,-781.7341918945312,-4.711834907531738
-198.56842041015625,-781.962646484375,-4.7075018882751465
-198.7709503173828,-782.190673828125,-4.703116416931152
-198.97511291503903,-782.4185180664062,-4.698837757110596
-199.18142700195312,-782.6458740234375,-4.694876670837402
-199.38999938964844,-782.8729248046875,-4.69107723236084
-199.60073852539065,-783.0997314453125,-4.68708610534668
-199.81385803222656,-783.3260498046875,-4.682916164398193
-200.0293884277344,-783.5521240234375,-4.678483486175537
-200.24728393554688,-783.7779541015625,-4.673890590667725
-200.46766662597656,-784.0034790039062,-4.669208526611328
-200.6905212402344,-784.2288208007812,-4.664481163024902
-200.91586303710935,-784.4541625976562,-4.659965515136719
-201.14405822753903,-784.6792602539062,-4.655630111694336
-201.37510681152344,-784.9043579101562,-4.651411533355713
-201.6090087890625,-785.12939453125,-4.647083759307861
-201.8457794189453,-785.3543701171875,-4.642594814300537
-202.08547973632812,-785.5791015625,-4.638068199157715
-202.32801818847656,-785.8037109375,-4.633516788482666
-202.5734710693359,-786.028076171875,-4.628876209259033
-202.8218994140625,-786.252197265625,-4.624184608459473
-203.07313537597656,-786.4762573242188,-4.61939811706543
-203.32725524902344,-786.7000732421875,-4.614424228668213
-203.58447265625,-786.9234008789062,-4.6092023849487305
-203.8445587158203,-787.1463623046875,-4.603860378265381
-204.10748291015625,-787.368896484375,-4.598511219024658
-204.3733062744141,-787.5909423828125,-4.593236923217773
-204.64208984375,-787.8123168945312,-4.588187217712402
-204.9137725830078,-788.0330200195312,-4.583176612854004
-205.1882171630859,-788.253173828125,-4.5781989097595215
-205.4656219482422,-788.4725952148438,-4.573296546936035
-205.74609375,-788.6911010742188,-4.568418502807617
-206.02951049804688,-788.9088134765625,-4.5635809898376465
-206.316162109375,-789.1256713867188,-4.558328628540039
-206.60609436035156,-789.341552734375,-4.5524582862854
-206.89920043945312,-789.5565185546875,-4.54589319229126
-207.1955413818359,-789.7705078125,-4.5387396812438965
-207.49478149414065,-789.9833984375,-4.5316162109375
-207.7972717285156,-790.1948852539062,-4.524574279785156
-208.10267639160156,-790.4049682617188,-4.517948150634766
-208.4105529785156,-790.6138305664062,-4.512598514556885
-208.72103881835935,-790.821044921875,-4.508414268493652
-209.0338897705078,-791.0269165039062,-4.505577087402344
-209.34915161132812,-791.2315063476562,-4.503900051116943
-209.66714477539065,-791.4343872070312,-4.502079486846924
-209.9883270263672,-791.6350708007812,-4.496852397918701
-210.3116455078125,-791.8341064453125,-4.487387180328369
-210.6369476318359,-792.0316162109375,-4.476666450500488
-210.9644012451172,-792.2257080078125,-4.467195510864258
-211.29249572753903,-792.4169921875,-4.459959506988525
-211.62115478515625,-792.6045532226562,-4.453668594360352
-211.94976806640625,-792.7882080078125,-4.448172092437744
-212.27830505371097,-792.9668579101562,-4.442121982574463
-212.6055908203125,-793.1409912109375,-4.433453559875488
-212.93112182617188,-793.312255859375,-4.423191547393799
-213.2554473876953,-793.479736328125,-4.41188383102417
-213.57830810546875,-793.6442260742188,-4.399745941162109
-213.8996124267578,-793.806640625,-4.387772083282471
-214.2198944091797,-793.9662475585938,-4.376516819000244
-214.5392303466797,-794.1228637695312,-4.365954875946045
-214.857421875,-794.2764282226562,-4.355966091156006
-215.17434692382812,-794.4269409179688,-4.346018314361572
-215.4898681640625,-794.574462890625,-4.3361430168151855
-215.8039093017578,-794.7188720703125,-4.326564311981201
-216.1163024902344,-794.8607788085938,-4.317167282104492
-216.42730712890625,-794.9998779296875,-4.307842254638672
-216.737060546875,-795.13671875,-4.298233985900879
-217.04571533203125,-795.2713623046875,-4.288259983062744
-217.3532867431641,-795.4039306640625,-4.277801990509033
-217.65965270996097,-795.5347900390625,-4.266745567321777
-217.9649658203125,-795.66455078125,-4.255631446838379
-218.2696228027344,-795.7925415039062,-4.244485855102539
-218.5739593505859,-795.9187622070312,-4.232974529266357
-218.8778381347656,-796.04345703125,-4.220963001251221
-219.18112182617188,-796.1666259765625,-4.208946228027344
-219.48410034179688,-796.2877197265625,-4.1970319747924805
-219.78663635253903,-796.4069213867188,-4.185550212860107
-220.0889129638672,-796.524169921875,-4.174576282501221
-220.390869140625,-796.6395874023438,-4.164118766784668
-220.69236755371097,-796.753173828125,-4.153653144836426
-220.99359130859375,-796.8645629882812,-4.142690658569336
-221.2943420410156,-796.9741821289062,-4.13099479675293
-221.59454345703125,-797.082275390625,-4.11879825592041
-221.8944091796875,-797.188720703125,-4.106907367706299
-222.19406127929688,-797.2933959960938,-4.0956244468688965
-222.49366760253903,-797.39599609375,-4.084611892700195
-222.79299926757812,-797.496826171875,-4.0736775398254395
-223.0918426513672,-797.5961303710938,-4.062949180603027
-223.39047241210935,-797.693115234375,-4.052602291107178
-223.68861389160156,-797.7881469726562,-4.042334079742432
-223.98634338378903,-797.8814086914062,-4.032107353210449
-224.28382873535156,-797.972412109375,-4.021798133850098
-224.58108520507812,-798.0615234375,-4.0113959312438965
-224.87806701660156,-798.1488037109375,-4.000898838043213
-225.1747589111328,-798.2340698242188,-3.990018606185913
-225.4712677001953,-798.3174438476562,-3.978374481201172
-225.76744079589844,-798.399658203125,-3.966501712799072
-226.0634307861328,-798.4799194335938,-3.9551022052764897
-226.35931396484375,-798.5581665039062,-3.9442660808563232
-226.6550140380859,-798.6343994140625,-3.9336256980896
-226.95057678222656,-798.7086791992188,-3.922762870788574
-227.245849609375,-798.7811279296875,-3.911496639251709
-227.5407867431641,-798.8519897460938,-3.9001214504241943
-227.8354034423828,-798.9207763671875,-3.888654947280884
-228.1296844482422,-798.9877319335938,-3.876924514770508
-228.42381286621097,-799.05322265625,-3.8650035858154297
-228.71795654296875,-799.1173095703125,-3.8529248237609863
-229.01199340820312,-799.1801147460938,-3.8410136699676514
-229.30612182617188,-799.2411499023438,-3.8293347358703618
-229.6003265380859,-799.30078125,-3.817775011062622
-229.89474487304688,-799.3591918945312,-3.806108236312866
-230.1898498535156,-799.4161376953125,-3.793884515762329
-230.48577880859375,-799.4723510742188,-3.7813971042633057
-230.7829132080078,-799.5274658203125,-3.769114017486572
-231.08148193359375,-799.5810546875,-3.756908893585205
-231.3814392089844,-799.6339111328125,-3.744708299636841
-231.6829833984375,-799.6859130859375,-3.7325518131256104
-231.986328125,-799.7363891601562,-3.7203330993652344
-232.2913360595703,-799.7859497070312,-3.708083152770996
-232.59793090820312,-799.8345947265625,-3.695780038833618
-232.9060516357422,-799.8818359375,-3.683199405670166
-233.2156219482422,-799.928466796875,-3.6704375743865967
-233.5267333984375,-799.9736938476562,-3.657680034637451
-233.83941650390625,-800.0176391601562,-3.64507794380188
-234.1537628173828,-800.0604248046875,-3.632495641708374
-234.46978759765625,-800.1017456054688,-3.619591236114502
-234.7875213623047,-800.1419677734375,-3.606292486190796
-235.1069793701172,-800.1812744140625,-3.5929033756256104
-235.4283905029297,-800.2192993164062,-3.579626083374023
-235.75184631347656,-800.256103515625,-3.5661816596984863
-236.07733154296875,-800.2919311523438,-3.5522565841674805
-236.4048309326172,-800.32666015625,-3.537860870361328
-236.73431396484375,-800.3602294921875,-3.5230088233947754
-237.06585693359375,-800.3926391601562,-3.5080111026763916
-237.39952087402344,-800.4236450195312,-3.4929795265197754
-237.7354736328125,-800.4534912109375,-3.4777607917785645
-238.07369995117188,-800.482421875,-3.4622743129730225
-238.41421508789065,-800.5106811523438,-3.446117401123047
-238.757080078125,-800.5376586914062,-3.4293057918548584
-239.1021728515625,-800.563720703125,-3.4124045372009277
-239.4496612548828,-800.5886840820312,-3.395651340484619
-239.7996368408203,-800.6126708984375,-3.3790225982666016
-240.1522216796875,-800.6357421875,-3.3625099658966064
-240.5074462890625,-800.6580200195312,-3.3458621501922607
-240.86529541015625,-800.6798095703125,-3.329047679901123
-241.22579956054688,-800.700927734375,-3.3121559619903564
-241.58900451660156,-800.7210693359375,-3.294957399368286
-241.95492553710935,-800.7406616210938,-3.277416229248047
-242.32357788085935,-800.7598266601562,-3.259406089782715
-242.69496154785156,-800.7786865234375,-3.2408981323242188
-243.0690155029297,-800.7971801757812,-3.2221617698669434
-243.4456024169922,-800.815185546875,-3.2038283348083496
-243.82472229003903,-800.8328857421875,-3.1859049797058105
-244.2062225341797,-800.8504638671875,-3.167684316635132
-244.5899658203125,-800.8679809570312,-3.148866653442383
-244.9756774902344,-800.885986328125,-3.129516839981079
-245.36312866210935,-800.9042358398438,-3.110081434249878
-245.7522735595703,-800.9225463867188,-3.0908656120300293
-246.14320373535156,-800.9412231445312,-3.0712456703186035
-246.5358428955078,-800.9605712890625,-3.0509536266326904
-246.93014526367188,-800.9806518554688,-3.0296006202697754
-247.32603454589844,-801.0013427734375,-3.007469415664673
-247.72341918945312,-801.0223999023438,-2.985461711883545
-248.1224365234375,-801.043701171875,-2.9638710021972656
-248.5230407714844,-801.0651245117188,-2.942497968673706
-248.9251251220703,-801.0872192382812,-2.9208667278289795
-249.32859802246097,-801.1099243164062,-2.8994035720825195
-249.73355102539065,-801.1328735351562,-2.8779444694519043
-250.14007568359375,-801.1568603515625,-2.8561577796936035
-250.5481109619141,-801.1819458007812,-2.834252119064331
-250.9576416015625,-801.2080078125,-2.812422275543213
-251.3687438964844,-801.2347412109375,-2.790903806686402
-251.7815399169922,-801.2625122070312,-2.769551992416382
-252.19610595703125,-801.291015625,-2.747835636138916
-252.6123809814453,-801.3201904296875,-2.7251720428466797
-253.03024291992188,-801.3505249023438,-2.702234268188477
-253.4496612548828,-801.3817138671875,-2.679810047149658
-253.8708038330078,-801.4131469726562,-2.6577417850494385
-254.29373168945312,-801.445068359375,-2.6351518630981445
-254.71836853027344,-801.478271484375,-2.6114161014556885
-255.14474487304688,-801.5126953125,-2.5865814685821533
-255.5728454589844,-801.5477905273438,-2.56151819229126
-256.0028076171875,-801.5831909179688,-2.536588668823242
-256.4346618652344,-801.6185913085938,-2.5114378929138184
-256.8682861328125,-801.654296875,-2.4852848052978516
-257.30352783203125,-801.6903076171875,-2.458857297897339
-257.7402648925781,-801.726318359375,-2.4328534603118896
-258.1785888671875,-801.7620239257812,-2.4075448513031006
-258.61846923828125,-801.7976684570312,-2.382669687271118
-259.05999755859375,-801.8336181640625,-2.3579721450805664
-259.5030212402344,-801.8695678710938,-2.3335704803466797
-259.9478759765625,-801.9055786132812,-2.3091824054718018
-260.3946228027344,-801.9417114257812,-2.2847628593444824
-260.84326171875,-801.9777221679688,-2.259976387023926
-261.2937927246094,-802.0137329101562,-2.234801769256592
-261.7461853027344,-802.0493774414062,-2.2098708152770996
-262.2006530761719,-802.0850830078125,-2.184634208679199
-262.6570739746094,-802.1201782226562,-2.1586031913757324
-263.11541748046875,-802.1553344726562,-2.1317362785339355
-263.5755920410156,-802.1908569335938,-2.1046435832977295
-264.0376892089844,-802.2262573242188,-2.0774729251861572
-264.5017395019531,-802.2616577148438,-2.049700975418091
-264.9677734375,-802.29736328125,-2.0209033489227295
-265.43560791015625,-802.333740234375,-1.991781234741211
-265.9054260253906,-802.370361328125,-1.9626076221466064
-266.3772277832031,-802.4068603515625,-1.933363437652588
-266.8508605957031,-802.4434814453125,-1.9042160511016848
-267.3262634277344,-802.4802856445312,-1.8756179809570312
-267.8034973144531,-802.5171508789062,-1.8478593826293943
-268.2826232910156,-802.5543212890625,-1.820727825164795
-268.7638244628906,-802.5913696289062,-1.7933416366577148
-269.24688720703125,-802.62890625,-1.7656692266464231
-269.7318115234375,-802.6670532226562,-1.7382211685180664
-270.2187194824219,-802.70556640625,-1.7106086015701294
-270.7075500488281,-802.7440795898438,-1.6824116706848145
-271.19818115234375,-802.7828369140625,-1.6542651653289795
-271.6905822753906,-802.82177734375,-1.6264375448226929
-272.184814453125,-802.8609619140625,-1.5984439849853516
-272.6808166503906,-802.9002075195312,-1.5696051120758057
-273.1785888671875,-802.9395141601562,-1.540101408958435
-273.6780090332031,-802.9788208007812,-1.5105732679367063
-274.17926025390625,-803.0181884765625,-1.481123447418213
-274.68231201171875,-803.0576782226562,-1.4513530731201172
-275.18719482421875,-803.097412109375,-1.4212968349456787
-275.69390869140625,-803.1372680664062,-1.391279697418213
-276.2025146484375,-803.177001953125,-1.3615041971206665
-276.7130126953125,-803.216552734375,-1.331947684288025
-277.2253112792969,-803.256103515625,-1.3028737306594849
-277.7394714355469,-803.2955932617188,-1.2744494676589966
-278.2556457519531,-803.3349609375,-1.2460143566131592
-278.77392578125,-803.3742065429688,-1.2170660495758057
-279.2942810058594,-803.4136352539062,-1.187769651412964
-279.8166809082031,-803.453125,-1.1581788063049316
-280.34100341796875,-803.4921264648438,-1.1284459829330444
-280.86724853515625,-803.5308227539062,-1.097987413406372
-281.3952331542969,-803.569580078125,-1.067119836807251
-281.9249572753906,-803.6082763671875,-1.0361394882202148
-282.4564208984375,-803.6466674804688,-1.0049574375152588
-282.98956298828125,-803.6849975585938,-0.9734647870063782
-283.5244140625,-803.7230834960938,-0.9417217969894408
-284.06103515625,-803.760986328125,-0.909759759902954
-284.599365234375,-803.798828125,-0.8775498270988464
-285.1392517089844,-803.8369140625,-0.8454855680465698
-285.6806640625,-803.8751220703125,-0.8138660192489624
-286.2236328125,-803.9130859375,-0.7827485203742981
-286.7680969238281,-803.950927734375,-0.7519219517707825
-287.314208984375,-803.9889526367188,-0.7211520075798035
-287.8619689941406,-804.0279541015625,-0.6910045146942139
-288.41143798828125,-804.0673217773438,-0.6614977717399597
-288.962646484375,-804.1068725585938,-0.6321731805801392
-289.5154113769531,-804.146728515625,-0.6033735275268555
-290.06976318359375,-804.18701171875,-0.5748075842857361
-290.62579345703125,-804.2276611328125,-0.5457647442817688
-291.1834716796875,-804.2684936523438,-0.5163571834564209
-291.7427673339844,-804.309814453125,-0.4864327311515808
-292.30352783203125,-804.3515625,-0.4565835297107696
-292.8656921386719,-804.3936157226562,-0.4266857504844665
-293.4290771484375,-804.4356689453125,-0.3961140513420105
-293.993408203125,-804.4781494140625,-0.3647599220275879
-294.5578918457031,-804.52099609375,-0.3330456912517547
-295.1217956542969,-804.5639038085938,-0.301874041557312
-295.6844177246094,-804.6068725585938,-0.2718513011932373
-296.24505615234375,-804.6497802734375,-0.2424599081277847
-296.8033752441406,-804.6934204101562,-0.2137463390827179
-297.35919189453125,-804.7373046875,-0.1856348514556884
-297.9122619628906,-804.7814331054688,-0.1579048484563827
-298.46234130859375,-804.8257446289062,-0.1301338523626327
-299.00921630859375,-804.8704223632812,-0.1019447445869445
-299.5528259277344,-804.9154052734375,-0.0734701156616211
-300.093017578125,-804.9610595703125,-0.0451726764440536
-300.6297912597656,-805.0070190429688,-0.0171640813350677
-301.1631164550781,-805.052978515625,0.0107695162296295
-301.6929931640625,-805.0992431640625,0.0382275879383087
-302.2196044921875,-805.1458129882812,0.0652093887329101
-302.74285888671875,-805.1921997070312,0.0922475457191467
-303.26275634765625,-805.2389526367188,0.118932694196701
-303.7794494628906,-805.2857055664062,0.1448177397251129
-304.29290771484375,-805.3322143554688,0.1702073216438293
-304.8031005859375,-805.3784790039062,0.1952455043792724
-305.31005859375,-805.4244995117188,0.2199454307556152
-305.8138122558594,-805.4703369140625,0.2440701127052307
-306.3144226074219,-805.5158081054688,0.2673868834972381
-306.8117980957031,-805.5606689453125,0.2900913655757904
-307.3058166503906,-805.605224609375,0.3122785985469818
-307.79644775390625,-805.6490478515625,0.3343642652034759
-308.2839660644531,-805.6923217773438,0.3563843965530395
-308.7684020996094,-805.7346801757812,0.3789201378822326
-309.249755859375,-805.7765502929688,0.4020839333534241
-309.7279052734375,-805.8187866210938,0.4247004687786102
-310.2027587890625,-805.8604736328125,0.4463703036308288
-310.6743469238281,-805.901123046875,0.4673798382282257
-311.1424865722656,-805.9412841796875,0.4873047173023224
-311.60723876953125,-805.9810180664062,0.5062190294265747
-312.0686340332031,-806.0203247070312,0.5247820615768433
-312.52789306640625,-806.0592041015625,0.5429596900939941
-312.98565673828125,-806.0974731445312,0.5612021684646606
-313.4422302246094,-806.135498046875,0.5789489150047302
-313.8974609375,-806.17333984375,0.5954271554946899
-314.3508605957031,-806.2103271484375,0.6108249425888062
-314.80194091796875,-806.246337890625,0.6255725622177124
-315.2502746582031,-806.2817993164062,0.6397509574890137
-315.6956787109375,-806.3160400390625,0.6536509394645691
-316.1378173828125,-806.349365234375,0.6676054000854492
-316.57672119140625,-806.3817138671875,0.6818721294403076
-317.01220703125,-806.4127197265625,0.6972948312759399
-317.44415283203125,-806.4426879882812,0.7141834497451782
-317.8734436035156,-806.472412109375,0.7307649254798889
-318.3010559082031,-806.501220703125,0.7468026876449585
-318.7265319824219,-806.5287475585938,0.7616246938705444
-319.149169921875,-806.5557861328125,0.7745810747146606
-319.5687255859375,-806.5822143554688,0.7856361269950867
-319.9850158691406,-806.6079711914062,0.7966890335083008
-320.39837646484375,-806.6328125,0.8085909485816956
-320.81036376953125,-806.656494140625,0.8223416209220886
-321.221435546875,-806.6799926757812,0.8375623226165771
-321.6314392089844,-806.7035522460938,0.8518428802490234
-322.03961181640625,-806.725830078125,0.8642263412475586
-322.44464111328125,-806.746826171875,0.8752754926681519
-322.844482421875,-806.7667236328125,0.8864761590957642
-323.2381286621094,-806.784912109375,0.8979805707931519
-323.62518310546875,-806.8014526367188,0.9096975326538086
-324.005126953125,-806.81591796875,0.9217208623886108
-324.3773193359375,-806.8287353515625,0.9338539242744446
-324.7417297363281,-806.8397216796875,0.9459717273712158
-325.098388671875,-806.8487548828125,0.9582340717315674
-325.44769287109375,-806.855712890625,0.9703630208969116
-325.78961181640625,-806.8604125976562,0.9818187952041626
-326.12384033203125,-806.8626098632812,0.9929442405700684
-326.4502868652344,-806.8626098632812,1.003727912902832
-326.7691955566406,-806.8597412109375,1.0144169330596924
-327.0801696777344,-806.8535766601562,1.025151014328003
-327.3832092285156,-806.8450317382812,1.0357062816619873
-327.67822265625,-806.8331909179688,1.0465617179870603
-327.96502685546875,-806.8181762695312,1.0585395097732544
-328.2451477050781,-806.8012084960938,1.070625066757202
-328.5207824707031,-806.7815551757812,1.0820212364196775
-328.79400634765625,-806.7587280273438,1.0927433967590332
-329.06451416015625,-806.7304077148438,1.1064949035644531
-329.331787109375,-806.6998901367188,1.1233394145965576
-329.5962219238281,-806.6688842773438,1.1380629539489746
-329.8580017089844,-806.634521484375,1.1491435766220093
-330.1169128417969,-806.5961303710938,1.1570481061935425
-330.371826171875,-806.5549926757812,1.1647579669952393
-330.6225891113281,-806.510986328125,1.1744455099105835
-330.8697509765625,-806.4635620117188,1.185368299484253
-331.1137390136719,-806.4139404296875,1.1948258876800537
-331.3546447753906,-806.36181640625,1.2020074129104614
-331.5923156738281,-806.307861328125,1.2080843448638916
-331.82647705078125,-806.25244140625,1.2133183479309082
-332.05621337890625,-806.1961669921875,1.2179020643234253
-332.2813415527344,-806.1385498046875,1.222988247871399
-332.5024108886719,-806.0805053710938,1.228619933128357
-332.7193908691406,-806.0211791992188,1.2369927167892456
-332.93255615234375,-805.9614868164062,1.2432618141174316
-333.14215087890625,-805.9012451171875,1.247465968132019
-333.34832763671875,-805.8406982421875,1.251562476158142
-333.55145263671875,-805.7804565429688,1.2597227096557615
-333.7519226074219,-805.7203369140625,1.266741394996643
-333.9500427246094,-805.659423828125,1.2708361148834229
-334.1462097167969,-805.597900390625,1.2758575677871704
-334.3408203125,-805.5361328125,1.2807366847991943
-334.5341491699219,-805.4737548828125,1.2858123779296875
-334.7264404296875,-805.410400390625,1.290845274925232
-334.9184875488281,-805.3453979492188,1.2957323789596558
-335.1116638183594,-805.2811279296875,1.2981117963790894
-335.3058776855469,-805.2125854492188,1.3033640384674072
-335.50225830078125,-805.1437377929688,1.3065381050109863
-335.7008361816406,-805.074951171875,1.310983180999756
-335.8997802734375,-804.9996337890625,1.314617156982422
-336.1022033691406,-804.927001953125,1.318500518798828
-336.3049011230469,-804.8496704101562,1.3192241191864014
-336.5089416503906,-804.7684326171875,1.3220558166503906
-336.7150573730469,-804.6851806640625,1.3241899013519287
-336.921142578125,-804.5955200195312,1.3249578475952148
-337.1293640136719,-804.5066528320312,1.3262534141540527
-337.337158203125,-804.4096069335938,1.3276804685592651
-337.54766845703125,-804.3129272460938,1.3287256956100464
-337.7589111328125,-804.2112426757812,1.3294168710708618
-337.9715881347656,-804.1046142578125,1.329463243484497
-338.1862487792969,-803.9959716796875,1.3293811082839966
-338.4009094238281,-803.8809204101562,1.3295800685882568
-338.61639404296875,-803.7636108398438,1.3305985927581787
-338.8317565917969,-803.6429443359375,1.3335611820220947
-339.0462646484375,-803.5184326171875,1.3369016647338867
-339.26080322265625,-803.3916015625,1.3372844457626345
-339.4757385253906,-803.261962890625,1.3378145694732666
-339.6909484863281,-803.12841796875,1.3388549089431765
-339.9066162109375,-802.9916381835938,1.33999502658844
-340.12249755859375,-802.8526000976562,1.3413368463516235
-340.3370666503906,-802.7093505859375,1.342785120010376
-340.55035400390625,-802.5632934570312,1.3438371419906616
-340.76116943359375,-802.4142456054688,1.344939112663269
-340.969482421875,-802.263427734375,1.3462761640548706
-341.1754150390625,-802.110595703125,1.3478994369506836
-341.3790283203125,-801.9557495117188,1.3499267101287842
-341.58062744140625,-801.7993774414062,1.3515114784240725
-341.7793884277344,-801.6412353515625,1.352325677871704
-341.9742431640625,-801.4815673828125,1.3524367809295654
-342.16485595703125,-801.321044921875,1.3523542881011963
-342.35107421875,-801.1597900390625,1.3524346351623535
-342.5327453613281,-800.9978637695312,1.3527662754058838
-342.7099304199219,-800.8353271484375,1.3531746864318848
-342.8825988769531,-800.67236328125,1.3537044525146484
-343.051025390625,-800.5093383789062,1.3542325496673584
-343.21484375,-800.3460693359375,1.3552265167236328
-343.3742370605469,-800.1830444335938,1.3570287227630615
-343.5297546386719,-800.0205688476562,1.3590294122695925
-343.68109130859375,-799.8582763671875,1.3606876134872437
-343.82830810546875,-799.6959838867188,1.3616981506347656
-343.9708251953125,-799.53369140625,1.3622366189956665
-344.1060791015625,-799.3693237304688,1.3659262657165527
-344.2393798828125,-799.2081298828125,1.3701189756393433
-344.36895751953125,-799.04736328125,1.3728352785110474
-344.4933166503906,-798.8861694335938,1.3738120794296265
-344.613037109375,-798.7255249023438,1.3739354610443115
-344.728759765625,-798.5659790039062,1.373866081237793
-344.8403625488281,-798.4073486328125,1.3742505311965942
-344.9483947753906,-798.2500610351562,1.3753987550735474
-345.0534362792969,-798.094482421875,1.3766520023345947
-345.1551513671875,-797.9400634765625,1.3772470951080322
-345.25396728515625,-797.7870483398438,1.3775068521499634
-345.349609375,-797.6350708007812,1.377947449684143
-345.44232177734375,-797.4841918945312,1.378807783126831
-345.5323791503906,-797.3348388671875,1.3798880577087402
-345.6197814941406,-797.186767578125,1.3808579444885254
-345.70489501953125,-797.0396118164062,1.3814949989318848
-345.7881774902344,-796.89306640625,1.3817672729492188
-345.86993408203125,-796.7470703125,1.3818960189819336
-345.95001220703125,-796.6007690429688,1.3816803693771362
-346.0294189453125,-796.453857421875,1.3813039064407349
-346.1086120605469,-796.3062133789062,1.3811156749725342
-346.18701171875,-796.156494140625,1.3811488151550293
-346.265625,-796.0048828125,1.3815549612045288
-346.3438415527344,-795.8505859375,1.381960391998291
-346.421875,-795.69384765625,1.3819406032562256
-346.4996643066406,-795.5343627929688,1.3815979957580566
-346.5767822265625,-795.3716430664062,1.381186604499817
-346.6531982421875,-795.2056884765625,1.3808317184448242
-346.7294616699219,-795.0363159179688,1.3805983066558838
-346.8051452636719,-794.86279296875,1.3804363012313845
-346.8808288574219,-794.6851806640625,1.3806219100952148
-346.9564514160156,-794.5035400390625,1.380975365638733
-347.0323181152344,-794.3184814453125,1.3805948495864868
-347.10809326171875,-794.1296997070312,1.3791091442108154
-347.1842956542969,-793.9376220703125,1.3767242431640625
-347.2604675292969,-793.7420654296875,1.3733556270599363
-347.33599853515625,-793.5426635742188,1.369786262512207
-347.4114074707031,-793.3397827148438,1.365801215171814
-347.48626708984375,-793.1334838867188,1.3617615699768066
-347.55975341796875,-792.9230346679688,1.359382152557373
-347.6330871582031,-792.70947265625,1.358625411987305
-347.7059020996094,-792.49267578125,1.358390212059021
-347.7789001464844,-792.2733154296875,1.356759548187256
-347.8514404296875,-792.0513305664062,1.3539118766784668
-347.92352294921875,-791.8262939453125,1.3502001762390137
-347.9955139160156,-791.5984497070312,1.3455508947372437
-348.0658874511719,-791.367431640625,1.3398302793502808
-348.1349792480469,-791.133544921875,1.3344348669052124
-348.20367431640625,-790.89697265625,1.329437017440796
-348.27178955078125,-790.657958984375,1.324075698852539
-348.3386535644531,-790.4161376953125,1.319159984588623
-348.40484619140625,-790.171875,1.3156276941299438
-348.4712219238281,-789.9251708984375,1.3128328323364258
-348.5368957519531,-789.6758422851562,1.310021162033081
-348.6017761230469,-789.423828125,1.3068768978118896
-348.66546630859375,-789.169189453125,1.303569793701172
-348.72760009765625,-788.9116821289062,1.3006848096847534
-348.7882995605469,-788.651611328125,1.298256754875183
-348.8472900390625,-788.388916015625,1.2961980104446411
-348.90411376953125,-788.1237182617188,1.294085144996643
-348.958740234375,-787.8560791015625,1.291815161705017
-349.01104736328125,-787.5863647460938,1.2892425060272217
-349.0610656738281,-787.3148193359375,1.2863247394561768
-349.1085510253906,-787.041748046875,1.2831004858016968
-349.1533508300781,-786.7676391601562,1.279828667640686
-349.19512939453125,-786.492919921875,1.276628017425537
-349.2335510253906,-786.2180786132812,1.273648977279663
-349.2687072753906,-785.9436645507812,1.2710298299789429
-349.30078125,-785.67041015625,1.2683851718902588
-349.32965087890625,-785.3985595703125,1.2656469345092771
-349.3553466796875,-785.1285400390625,1.2627708911895752
-349.3778076171875,-784.8603515625,1.2597163915634155
-349.39703369140625,-784.5941162109375,1.2562148571014404
-349.41314697265625,-784.3300170898438,1.252253532409668
-349.4262390136719,-784.0682373046875,1.2479732036590576
-349.4365234375,-783.8087158203125,1.24346661567688
-349.4440612792969,-783.5515747070312,1.2389777898788452
-349.4488220214844,-783.2967529296875,1.2345588207244873
-349.4510498046875,-783.044189453125,1.2302478551864624
-349.45086669921875,-782.7939453125,1.2259891033172607
-349.4483947753906,-782.5459594726562,1.221670389175415
-349.4437255859375,-782.300048828125,1.2172327041625977
-349.436767578125,-782.05615234375,1.2126089334487915
-349.4276428222656,-781.814208984375,1.2077890634536743
-349.4164123535156,-781.5740356445312,1.2028729915618896
-349.40338134765625,-781.3355712890625,1.1979753971099854
-349.3886413574219,-781.0986938476562,1.1932439804077148
-349.3721618652344,-780.86328125,1.1885943412780762
-349.354248046875,-780.6290893554688,1.183907985687256
-349.3350830078125,-780.3956909179688,1.1791205406188965
-349.31475830078125,-780.1629638671875,1.1741905212402344
-349.29339599609375,-779.930908203125,1.1691553592681885
-349.27130126953125,-779.6992797851562,1.164089322090149
-349.2483825683594,-779.4680786132812,1.1592094898223877
-349.224853515625,-779.2369384765625,1.154595136642456
-349.20074462890625,-779.005859375,1.1501697301864624
-349.1758728027344,-778.7747192382812,1.1458964347839355
-349.15045166015625,-778.5433959960938,1.1417789459228516
-349.1246032714844,-778.3117065429688,1.137721300125122
-349.0982666015625,-778.079345703125,1.1336822509765625
-349.0713806152344,-777.8462524414062,1.1297417879104614
-349.0442199707031,-777.6121215820312,1.125845193862915
-349.01666259765625,-777.3767700195312,1.1219700574874878
-348.9887390136719,-777.14013671875,1.1182235479354858
-348.96044921875,-776.9020385742188,1.1145930290222168
-348.9317626953125,-776.6620483398438,1.1110694408416748
-348.90252685546875,-776.419921875,1.1076505184173584
-348.8725891113281,-776.1753540039062,1.1044323444366455
-348.8419494628906,-775.9281616210938,1.101158618927002
-348.8103942871094,-775.6783447265625,1.0977377891540527
-348.7780456542969,-775.426025390625,1.0941966772079468
-348.74481201171875,-775.1710815429688,1.090506672859192
-348.7108459472656,-774.9136352539062,1.0867292881011963
-348.6762390136719,-774.6539306640625,1.0827127695083618
-348.6412048339844,-774.391845703125,1.0785351991653442
-348.6055603027344,-774.1268310546875,1.074230432510376
-348.5692443847656,-773.8587036132812,1.0698208808898926
-348.5323181152344,-773.5870361328125,1.0653984546661377
-348.4945373535156,-773.311279296875,1.061110019683838
-348.45574951171875,-773.0310668945312,1.0570173263549805
-348.4159240722656,-772.7462768554688,1.053025722503662
-348.375,-772.4570922851562,1.0487760305404663
-348.3329772949219,-772.1630859375,1.0440975427627563
-348.2897644042969,-771.8642578125,1.0391863584518433
-348.2454528808594,-771.5602416992188,1.034216284751892
-348.1998291015625,-771.2510375976562,1.0293747186660769
-348.1529846191406,-770.936279296875,1.0246552228927612
-348.1053161621094,-770.6160278320312,1.0199153423309326
-348.056640625,-770.2906494140625,1.0151740312576294
-348.0069580078125,-769.96044921875,1.0106351375579834
-347.9566955566406,-769.625244140625,1.0061405897140503
-347.9058837890625,-769.285400390625,1.0017077922821045
-347.8545837402344,-768.9407958984375,0.9974944591522216
-347.8025207519531,-768.5909423828125,0.9944840669631958
-347.75042724609375,-768.236083984375,0.9923338890075684
-347.6979064941406,-767.8768920898438,0.989743709564209
-347.6445007324219,-767.513671875,0.9860831499099731
-347.59033203125,-767.146240234375,0.9810397624969482
-347.5355224609375,-766.7743530273438,0.9747556447982788
-347.4805908203125,-766.3977661132812,0.9681577086448668
-347.4254150390625,-766.0155639648438,0.9629977941513062
-347.37115478515625,-765.6282348632812,0.9581211805343628
-347.31695556640625,-765.236572265625,0.9523319005966188
-347.26239013671875,-764.8408203125,0.9446978569030762
-347.2079162597656,-764.4405517578125,0.9360008239746094
-347.1535339355469,-764.0358276367188,0.9269356727600098
-347.0991516113281,-763.626708984375,0.9180396795272828
-347.0446472167969,-763.213623046875,0.90904700756073
-346.99029541015625,-762.7969360351562,0.8997286558151245
-346.9359436035156,-762.37646484375,0.8897212147712708
-346.8814697265625,-761.9522094726562,0.8793494701385498
-346.8268127441406,-761.5242919921875,0.8689377307891846
-346.7721252441406,-761.0925903320312,0.8584113121032715
-346.7175598144531,-760.6572265625,0.8474136590957642
-346.6634826660156,-760.21826171875,0.8359277248382568
-346.60968017578125,-759.775390625,0.8242876529693604
-346.5560302734375,-759.3284912109375,0.812719464302063
-346.5024108886719,-758.87744140625,0.8012276291847229
-346.4486999511719,-758.4223022460938,0.7895808815956116
-346.39508056640625,-757.962890625,0.7777260541915894
-346.3416748046875,-757.4992065429688,0.7659950256347656
-346.2884216308594,-757.0310668945312,0.7546794414520264
-346.2352600097656,-756.5586547851562,0.7438358068466187
-346.18218994140625,-756.0820922851562,0.7328848838806152
-346.1291809082031,-755.6015014648438,0.7214226126670837
-346.07611083984375,-755.1168212890625,0.7094337344169617
-346.0229797363281,-754.6279907226562,0.6973445415496826
-345.9693908691406,-754.1348876953125,0.6854026317596436
-345.9153137207031,-753.6375732421875,0.6736171841621399
-345.86065673828125,-753.1360473632812,0.6615386009216309
-345.8053894042969,-752.6304321289062,0.6493093371391296
-345.7495422363281,-752.1206665039062,0.6370604038238525
-345.69305419921875,-751.606689453125,0.6245603561401367
-345.63568115234375,-751.0885620117188,0.6121000647544861
-345.57757568359375,-750.566162109375,0.600188136100769
-345.51873779296875,-750.0396728515625,0.5886617302894592
-345.45916748046875,-749.509521484375,0.5770078897476196
-345.3988952636719,-748.9757690429688,0.5650812387466431
-345.337890625,-748.438232421875,0.5532568097114563
-345.276123046875,-747.897216796875,0.5416032075881958
-345.2136535644531,-747.3527221679688,0.5294448733329773
-345.150634765625,-746.8049926757812,0.5161768198013306
-345.08685302734375,-746.2538452148438,0.5018737316131592
-345.0225524902344,-745.698974609375,0.4874365329742431
-344.9576416015625,-745.1404418945312,0.4725502729415893
-344.89202880859375,-744.5785522460938,0.4560430943965912
-344.8261413574219,-744.0130004882812,0.438654363155365
-344.7599792480469,-743.443603515625,0.4210592806339264
-344.6935729980469,-742.870361328125,0.4031828343868255
-344.62786865234375,-742.2939453125,0.3828803300857544
-344.5612487792969,-741.7142333984375,0.3608532547950744
-344.4940185546875,-741.1297607421875,0.3406644463539123
-344.4273681640625,-740.54052734375,0.323361873626709
-344.3613586425781,-739.947265625,0.3068179786205292
-344.29534912109375,-739.350830078125,0.2886117696762085
-344.2272033691406,-738.751220703125,0.2720534205436706
-344.1587219238281,-738.1480712890625,0.2576698958873749
-344.0903625488281,-737.5416259765625,0.2435362637042999
-344.0218811035156,-736.93212890625,0.2277930080890655
-343.953125,-736.3197021484375,0.2100439369678497
-343.88397216796875,-735.7037353515625,0.1912707984447479
-343.81396484375,-735.0844116210938,0.1712022423744201
-343.7428894042969,-734.4618530273438,0.1493020951747894
-343.6710205078125,-733.835693359375,0.1273791790008545
-343.59857177734375,-733.20556640625,0.1069940626621246
-343.5257263183594,-732.5719604492188,0.0878534913063049
-343.4520568847656,-731.9354858398438,0.0694227516651153
-343.3776550292969,-731.296630859375,0.0514666438102722
-343.3025817871094,-730.65576171875,0.0330532491207122
-343.22705078125,-730.0130004882812,0.0137594938278198
-343.15130615234375,-729.3681640625,-0.0061242282390594
-343.07550048828125,-728.7212524414062,-0.0264141112565994
-342.9998474121094,-728.0725708007812,-0.0476415604352951
-342.9237976074219,-727.4228515625,-0.069131314754486
-342.8477478027344,-726.7728271484375,-0.0905567854642868
-342.7723083496094,-726.1234130859375,-0.112088605761528
-342.6976318359375,-725.47509765625,-0.1331843137741089
-342.62353515625,-724.8282470703125,-0.1532772183418274
-342.5499572753906,-724.1835327148438,-0.1726406812667846
-342.477783203125,-723.5409545898438,-0.191714733839035
-342.4070739746094,-722.9008178710938,-0.2102033793926239
-342.33746337890625,-722.2635498046875,-0.2273469120264053
-342.2693176269531,-721.62890625,-0.2427407503128051
-342.20330810546875,-720.9968872070312,-0.2575506567955017
-342.1388854980469,-720.367431640625,-0.2727781534194946
-342.0758056640625,-719.74072265625,-0.2884865403175354
-342.01409912109375,-719.116943359375,-0.3044837713241577
-341.95361328125,-718.4960327148438,-0.3205080330371856
-341.89398193359375,-717.8778076171875,-0.3362294733524322
-341.835205078125,-717.2620849609375,-0.3515439629554748
-341.7768859863281,-716.6489868164062,-0.366354763507843
-341.71856689453125,-716.0386962890625,-0.3806488513946533
-341.6607360839844,-715.4314575195312,-0.3945662081241607
-341.6033020019531,-714.8272705078125,-0.4082150161266327
-341.5458679199219,-714.2261962890625,-0.4210506677627563
-341.4883117675781,-713.628173828125,-0.4324132204055786
-341.4311828613281,-713.0330810546875,-0.442637175321579
-341.3742980957031,-712.4408569335938,-0.4529509842395782
-341.3170471191406,-711.8515014648438,-0.4637104868888855
-341.25982666015625,-711.2651977539062,-0.4749610722064972
-341.2026672363281,-710.6820068359375,-0.4864314794540405
-341.1454162597656,-710.1019897460938,-0.4984205961227417
-341.0880126953125,-709.5249633789062,-0.5107221603393555
-341.0302734375,-708.9505004882812,-0.5228655338287354
-340.9720764160156,-708.3786010742188,-0.534807562828064
-340.9132385253906,-707.809326171875,-0.5461043119430542
-340.8536682128906,-707.2428588867188,-0.5570062398910522
-340.79327392578125,-706.6796875,-0.568163275718689
-340.7320251464844,-706.119873046875,-0.5789466500282288
-340.66973876953125,-705.5635375976562,-0.5888649225234985
-340.60638427734375,-705.0103759765625,-0.5976912379264832
-340.54205322265625,-704.4603271484375,-0.6055278778076172
-340.476806640625,-703.913330078125,-0.6126192808151245
-340.41119384765625,-703.3692016601562,-0.6198413372039795
-340.3447265625,-702.8280639648438,-0.6275585293769836
-340.2773132324219,-702.2900390625,-0.6359493732452393
-340.20916748046875,-701.7550659179688,-0.645037829875946
-340.1404113769531,-701.2233276367188,-0.6545140743255615
-340.0707092285156,-700.6947631835938,-0.6641136407852173
-339.999755859375,-700.1690063476562,-0.6729744672775269
-339.9275817871094,-699.6459350585938,-0.6809046268463135
-339.8539123535156,-699.1256103515625,-0.6882312297821045
-339.7787780761719,-698.6083984375,-0.6959120631217957
-339.70281982421875,-698.0943603515625,-0.7041856050491333
-339.6255798339844,-697.5838623046875,-0.7121649384498596
-339.5472106933594,-697.076904296875,-0.7191699743270874
-339.468017578125,-696.5732421875,-0.7250155210494995
-339.38812255859375,-696.0726928710938,-0.7302169799804688
-339.3304748535156,-695.5938720703125,-0.7382757663726807
-339.31146240234375,-695.1436767578125,-0.7462401390075684
-339.2901306152344,-694.6927490234375,-0.746158242225647
-339.2524108886719,-694.2417602539062,-0.7453487515449524
-339.2035217285156,-693.793212890625,-0.7473840117454529
-339.14892578125,-693.346923828125,-0.7528254985809326
-339.09075927734375,-692.9033813476562,-0.7601876258850098
-339.0316467285156,-692.4623413085938,-0.7677598595619202
-338.9731750488281,-692.0234375,-0.7746008634567261
-338.915283203125,-691.586669921875,-0.7803049087524414
-338.8575439453125,-691.1517944335938,-0.7849772572517395
-338.79986572265625,-690.7189331054688,-0.7894513607025146
-338.7419128417969,-690.2881469726562,-0.7940669059753418
-338.68328857421875,-689.8594360351562,-0.7988544702529907
-338.6236877441406,-689.4328002929688,-0.8038860559463501
-338.5628967285156,-689.00830078125,-0.8088312745094299
-338.50067138671875,-688.5861206054688,-0.8133293390274048
-338.4365234375,-688.166015625,-0.8167470693588257
-338.36981201171875,-687.7481689453125,-0.8178673386573792
-338.3031005859375,-687.3323974609375,-0.819390594959259
-338.2347717285156,-686.9188232421875,-0.8224127292633057
-338.1641540527344,-686.507568359375,-0.8265794515609741
-338.09185791015625,-686.098388671875,-0.8311885595321655
-338.0181579589844,-685.69091796875,-0.835651159286499
-337.943603515625,-685.2848510742188,-0.8403465747833252
-337.8669738769531,-684.8801879882812,-0.8445789813995361
-337.7889099121094,-684.4766845703125,-0.8481595516204834
-337.7096862792969,-684.0741577148438,-0.8512043952941895
-337.62921142578125,-683.67236328125,-0.853915810585022
-337.5472717285156,-683.2713012695312,-0.8564931750297546
-337.46417236328125,-682.8710327148438,-0.8592255115509033
-337.3801574707031,-682.4713745117188,-0.8621704578399658
-337.295166015625,-682.0722045898438,-0.865463376045227
-337.2093200683594,-681.6732177734375,-0.8691666722297668
-337.12249755859375,-681.2744750976562,-0.8730416297912598
-337.03448486328125,-680.875732421875,-0.8765639066696167
-336.9455871582031,-680.4768676757812,-0.8797493577003479
-336.85589599609375,-680.07763671875,-0.8827731013298035
-336.76580810546875,-679.677978515625,-0.8854517936706543
-336.6753234863281,-679.2776489257812,-0.8875672221183777
-336.5841064453125,-678.8768310546875,-0.8893815279006958
-336.49188232421875,-678.4754638671875,-0.8910642862319946
-336.3993225097656,-678.0733642578125,-0.8928797245025635
-336.305908203125,-677.6703491210938,-0.8947616815567017
-336.21148681640625,-677.2659912109375,-0.896081805229187
-336.11669921875,-676.860107421875,-0.8966180086135864
-336.0210876464844,-676.4522705078125,-0.8968830704689026
-335.92425537109375,-676.0425415039062,-0.8972502946853638
-335.8262634277344,-675.6304321289062,-0.8979786038398743
-335.7268371582031,-675.2152709960938,-0.8991214036941528
-335.62567138671875,-674.7967529296875,-0.9003483057022095
-335.5227355957031,-674.374267578125,-0.90139639377594
-335.4180603027344,-673.9478759765625,-0.9022236466407776
-335.31195068359375,-673.5174560546875,-0.9029066562652588
-335.2044982910156,-673.083251953125,-0.9036141633987428
-335.0958557128906,-672.645751953125,-0.9047588109970092
-334.9862365722656,-672.2050170898438,-0.9061682224273682
-334.876220703125,-671.76123046875,-0.907435178756714
-334.7660827636719,-671.314453125,-0.9084196090698242
-334.65594482421875,-670.8649291992188,-0.9086657762527466
-334.54571533203125,-670.4132080078125,-0.9086369276046752
-334.4357604980469,-669.958984375,-0.9087104201316832
-334.3265686035156,-669.502685546875,-0.9096689224243164
-334.2170104980469,-669.0445556640625,-0.9106502532958984
-334.1076354980469,-668.5841674804688,-0.9109784960746764
-333.99859619140625,-668.1219482421875,-0.9104868173599244
-333.8898010253906,-667.65771484375,-0.9090042114257812
-333.7814636230469,-667.191650390625,-0.9074902534484864
-333.67315673828125,-666.723876953125,-0.9067376852035522
-333.5651550292969,-666.2548217773438,-0.9069706201553344
-333.45697021484375,-665.784423828125,-0.9078274965286256
-333.3486022949219,-665.3124389648438,-0.9077542424201964
-333.2408142089844,-664.8387451171875,-0.906396746635437
-333.1341857910156,-664.3631591796875,-0.9047192335128784
-333.027587890625,-663.8863525390625,-0.904018759727478
-332.9206848144531,-663.4080810546875,-0.9037537574768066
-332.8133850097656,-662.928466796875,-0.9023785591125488
-332.70623779296875,-662.4473266601562,-0.8994567394256592
-332.5992736816406,-661.9642944335938,-0.8949822783470154
-332.49273681640625,-661.4794921875,-0.8904492855072021
-332.3855895996094,-660.9932250976562,-0.8858586549758911
-332.2779235839844,-660.505126953125,-0.8807299137115479
-332.169921875,-660.0149536132812,-0.8744338750839233
-332.0622253417969,-659.5228881835938,-0.8676118850708008
-331.9543151855469,-659.02880859375,-0.8607951402664185
-331.8460998535156,-658.5327758789062,-0.8544266223907471
-331.7375183105469,-658.034423828125,-0.8476632237434387
-331.6293640136719,-657.5338745117188,-0.8404491543769836
-331.5214538574219,-657.03125,-0.8336541652679443
-331.4137268066406,-656.526611328125,-0.8282425403594971
-331.306396484375,-656.0199584960938,-0.8243485689163208
-331.198974609375,-655.5113525390625,-0.8206157088279724
-331.0925598144531,-655.0003051757812,-0.8166778683662415
-330.98736572265625,-654.48681640625,-0.8126711845397949
-330.883056640625,-653.9708862304688,-0.8080400228500366
-330.77947998046875,-653.4525756835938,-0.802932620048523
-330.6761474609375,-652.9323120117188,-0.7973040342330933
-330.5736389160156,-652.4100341796875,-0.7912505865097046
-330.47198486328125,-651.885986328125,-0.7849005460739136
-330.37115478515625,-651.3600463867188,-0.7781636714935303
-330.2710266113281,-650.8323364257812,-0.7709140181541443
-330.1715393066406,-650.3026733398438,-0.7631968259811401
-330.07281494140625,-649.771240234375,-0.7551823854446411
-329.97491455078125,-649.2379150390625,-0.747127890586853
-329.8778381347656,-648.7029418945312,-0.7392551302909851
-329.7812805175781,-648.1663208007812,-0.7314977049827576
-329.6851501464844,-647.628173828125,-0.7239004373550415
-329.58941650390625,-647.0885009765625,-0.7163721323013306
-329.49395751953125,-646.547119140625,-0.7087845206260681
-329.3987731933594,-646.0040893554688,-0.7010995745658875
-329.3039855957031,-645.4594116210938,-0.6936540603637695
-329.2091979980469,-644.9130249023438,-0.6864426136016846
-329.11419677734375,-644.3650512695312,-0.6792420148849487
-329.01885986328125,-643.8154296875,-0.6716926693916321
-328.9230651855469,-643.26416015625,-0.6634697914123535
-328.82647705078125,-642.7111206054688,-0.6543513536453247
-328.7294616699219,-642.1563720703125,-0.6448488235473633
-328.63153076171875,-641.5999145507812,-0.6352732181549072
-328.5322265625,-641.0419921875,-0.6258240938186646
-328.43170166015625,-640.482666015625,-0.6167730093002319
-328.3299255371094,-639.9217529296875,-0.6080740690231323
-328.2273254394531,-639.3591918945312,-0.5993544459342957
-328.1239929199219,-638.794921875,-0.5906305313110352
-328.0201416015625,-638.2286376953125,-0.5821481943130493
-327.9158630371094,-637.6604614257812,-0.5743153691291809
-327.81109619140625,-637.0904541015625,-0.5673558712005615
-327.7055969238281,-636.5186767578125,-0.5608760118484497
-327.59942626953125,-635.9450073242188,-0.5538037419319153
-327.49322509765625,-635.3690795898438,-0.5464135408401489
-327.3871154785156,-634.7910766601562,-0.5390434265136719
-327.2808532714844,-634.2108764648438,-0.5316742062568665
-327.1737365722656,-633.6286010742188,-0.5236420631408691
-327.0664367675781,-633.0440673828125,-0.5144287943840027
-326.9596252441406,-632.4574584960938,-0.5049920678138733
-326.8529052734375,-631.8687133789062,-0.4959642291069031
-326.7459411621094,-631.2780151367188,-0.4871569871902466
-326.6388854980469,-630.685302734375,-0.4782761931419372
-326.532470703125,-630.0901489257812,-0.4694534540176391
-326.42681884765625,-629.4926147460938,-0.4609713554382324
-326.321533203125,-628.892578125,-0.4523636102676391
-326.2168884277344,-628.2901611328125,-0.443207323551178
-326.1129150390625,-627.685302734375,-0.4335216879844665
-326.0091247558594,-627.0782470703125,-0.4235186278820038
-325.9051818847656,-626.4690551757812,-0.4120356440544128
-325.8016662597656,-625.857666015625,-0.3989670872688293
-325.69818115234375,-625.2443237304688,-0.385241836309433
-325.59417724609375,-624.6290893554688,-0.3705960810184479
-325.49017333984375,-624.0122680664062,-0.3558509349822998
-325.3859558105469,-623.3937377929688,-0.3415720462799072
-325.2813720703125,-622.7734985351562,-0.3280854225158691
-325.1766357421875,-622.1513061523438,-0.3147449195384979
-325.07177734375,-621.5269775390625,-0.3011065423488617
-324.9670715332031,-620.9003295898438,-0.2874979972839355
-324.8622741699219,-620.2714233398438,-0.2743398547172546
-324.7571716308594,-619.6402587890625,-0.2609750032424927
-324.6518859863281,-619.0067749023438,-0.2467887699604034
-324.54669189453125,-618.371337890625,-0.2321319431066513
-324.4419860839844,-617.7339477539062,-0.2170779407024383
-324.3380432128906,-617.0947265625,-0.2015397697687149
-324.2350769042969,-616.4537353515625,-0.1861772984266281
-324.1331787109375,-615.81103515625,-0.1706454902887344
-324.03277587890625,-615.1664428710938,-0.1547464877367019
-323.93377685546875,-614.5202026367188,-0.1390099227428436
-323.8359680175781,-613.8721923828125,-0.1227608919143676
-323.73968505859375,-613.222412109375,-0.1049869060516357
-323.6457824707031,-612.571044921875,-0.0870584547519683
-323.5538635253906,-611.9185180664062,-0.0700733512639999
-323.4637451171875,-611.264892578125,-0.0540350526571273
-323.3752136230469,-610.610595703125,-0.0393979102373123
-323.2887268066406,-609.9551391601562,-0.0260373502969741
-323.20440673828125,-609.2979736328125,-0.0132706761360168
-323.12225341796875,-608.6389770507812,7.015466690063477e-05
-323.04217529296875,-607.9782104492188,0.0151167511940002
-322.9624328613281,-607.3160400390625,0.0327987968921661
-322.885009765625,-606.6526489257812,0.0509991943836212
-322.8087158203125,-605.9886474609375,0.0688082873821258
-322.7324523925781,-605.3239135742188,0.086775928735733
-322.6565856933594,-604.6581420898438,0.1051960587501525
-322.5821533203125,-603.990966796875,0.1229732632637023
-322.5083312988281,-603.3225708007812,0.1393961906433105
-322.434326171875,-602.6530151367188,0.1546290814876556
-322.3603515625,-601.9823608398438,0.1686403155326843
-322.2864074707031,-601.3104858398438,0.1815642714500427
-322.2122497558594,-600.6371459960938,0.194094181060791
-322.137939453125,-599.9620361328125,0.2071655988693237
-322.0632629394531,-599.2853393554688,0.221043050289154
-321.98779296875,-598.607421875,0.2355612218379974
-321.9123840332031,-597.9282836914062,0.2506338655948639
-321.8372802734375,-597.247802734375,0.2660405933856964
-321.7625427246094,-596.5658569335938,0.2821747660636902
-321.68829345703125,-595.8822631835938,0.2987592220306396
-321.61480712890625,-595.19677734375,0.3154534101486206
-321.5423278808594,-594.5097045898438,0.3317641615867615
-321.4707946777344,-593.8211059570312,0.3477376401424408
-321.3997497558594,-593.131103515625,0.3633089363574981
-321.3295593261719,-592.4395141601562,0.3785662055015564
-321.2607727050781,-591.7462768554688,0.3932933807373047
-321.1932678222656,-591.051025390625,0.4076329171657562
-321.1269836425781,-590.3538818359375,0.4220788180828094
-321.0617370605469,-589.65478515625,0.4369970858097076
-320.9971008300781,-588.9541625976562,0.4525371789932251
-320.93365478515625,-588.251708984375,0.4686184227466583
-320.8714294433594,-587.5475463867188,0.4848599731922149
-320.8100891113281,-586.8414916992188,0.5018607974052429
-320.749755859375,-586.1334838867188,0.5194762349128723
-320.6908264160156,-585.4237060546875,0.5371181964874268
-320.6328430175781,-584.7122802734375,0.5544188022613525
-320.5754699707031,-583.999267578125,0.571352481842041
-320.51824951171875,-583.2845458984375,0.5881814956665039
-320.46160888671875,-582.5677490234375,0.6048084497451782
-320.4053039550781,-581.8488159179688,0.6209385395050049
-320.3485107421875,-581.1275634765625,0.6369184255599976
-320.290771484375,-580.4042358398438,0.653494119644165
-320.2323913574219,-579.6786499023438,0.6709071397781372
-320.17352294921875,-578.9503173828125,0.6893202066421509
-320.11419677734375,-578.2194213867188,0.7078550457954407
-320.05389404296875,-577.4857788085938,0.7258872985839844
-319.9925537109375,-576.7493286132812,0.7436441779136658
-319.93072509765625,-576.009765625,0.7614522576332092
-319.8685302734375,-575.2669677734375,0.7788529396057129
-319.8056640625,-574.5206909179688,0.7962919473648071
-319.7427673339844,-573.7708740234375,0.8134105205535889
-319.6802062988281,-573.017578125,0.8296087980270386
-319.61773681640625,-572.2609252929688,0.8449112176895142
-319.5550537109375,-571.5005493164062,0.8605659604072571
-319.4929504394531,-570.7359619140625,0.8777027130126953
-319.432373046875,-569.9666748046875,0.8973543643951416
-319.37322998046875,-569.1929931640625,0.9198318719863892
-319.315673828125,-568.4168090820312,0.9418439269065856
-319.2591857910156,-567.6383666992188,0.9623156785964966
-319.203857421875,-566.8571166992188,0.9824249148368835
-319.1512756347656,-566.0726318359375,1.0024418830871582
-319.101806640625,-565.2845458984375,1.0217397212982178
-319.0542297363281,-564.4932861328125,1.0411536693572998
-319.00830078125,-563.6992797851562,1.0611902475357056
-318.9637451171875,-562.9025268554688,1.0825951099395752
-318.9199523925781,-562.1027221679688,1.1065311431884766
-318.8767395019531,-561.2998657226562,1.134708285331726
-318.83551025390625,-560.4946899414062,1.1645324230194092
-318.79486083984375,-559.6881713867188,1.1939597129821775
-318.7537841796875,-558.8798217773438,1.2239131927490234
-318.7132873535156,-558.069091796875,1.2561514377593994
-318.6752014160156,-557.2559204101562,1.2892467975616455
-318.63824462890625,-556.4405517578125,1.322648525238037
-318.6016845703125,-555.6231079101562,1.3569295406341553
-318.5649719238281,-554.8036499023438,1.3917503356933594
-318.5299072265625,-553.9814453125,1.4272831678390503
-318.496337890625,-553.1563720703125,1.4633980989456177
-318.46331787109375,-552.32861328125,1.5002593994140625
-318.4324035644531,-551.4981689453125,1.5392839908599854
-318.4041442871094,-550.66552734375,1.578613042831421
-318.3785095214844,-549.8309936523438,1.617619514465332
-318.35565185546875,-548.99462890625,1.6550147533416748
-318.3357238769531,-548.1563110351562,1.6901576519012451
-318.31915283203125,-547.3159790039062,1.72330904006958
-318.3055725097656,-546.473388671875,1.7555944919586182
-318.29534912109375,-545.6285400390625,1.7886322736740112
-318.2883605957031,-544.7813720703125,1.8235771656036377
-318.28277587890625,-543.9319458007812,1.861449956893921
-318.2803649902344,-543.0801391601562,1.902822494506836
-318.28125,-542.2269897460938,1.9453285932540896
-318.2835998535156,-541.3727416992188,1.9878891706466677
-318.2871398925781,-540.517333984375,2.0306191444396973
-318.2919921875,-539.660400390625,2.073406219482422
-318.2984619140625,-538.8018798828125,2.1153564453125
-318.306396484375,-537.9417114257812,2.156308650970459
-318.31463623046875,-537.0797729492188,2.196677923202514
-318.3227844238281,-536.215576171875,2.2383859157562256
-318.3305969238281,-535.3489990234375,2.2824347019195557
-318.3366394042969,-534.4799194335938,2.3305110931396484
-318.3429870605469,-533.6089477539062,2.3824188709259033
-318.35009765625,-532.7372436523438,2.4336209297180176
-318.356201171875,-531.8646240234375,2.483043909072876
-318.3613586425781,-530.9906005859375,2.530620574951172
-318.36724853515625,-530.1141967773438,2.5756912231445312
-318.3730773925781,-529.2350463867188,2.619471549987793
-318.3781433105469,-528.3530883789062,2.663560628890991
-318.38177490234375,-527.4684448242188,2.709411144256592
-318.3843688964844,-526.5811767578125,2.757279872894287
-318.38568115234375,-525.69140625,2.806497812271118
-318.3860168457031,-524.7985229492188,2.858826160430908
-318.38641357421875,-523.9029541015625,2.914298295974731
-318.3872375488281,-523.005859375,2.9699153900146484
-318.3879089355469,-522.1072998046875,3.024956703186035
-318.3887939453125,-521.2069702148438,3.079038143157959
-318.3917236328125,-520.3043823242188,3.131647825241089
-318.39697265625,-519.3992919921875,3.1830809116363525
-318.4039001464844,-518.4920654296875,3.234347105026245
-318.4120788574219,-517.5826416015625,3.2876272201538086
-318.4226379394531,-516.6705932617188,3.344383716583252
-318.4356384277344,-515.756103515625,3.404083490371704
-318.4524230957031,-514.8399047851562,3.4644973278045654
-318.4716796875,-513.9228515625,3.525301694869995
-318.4934997558594,-513.0046997070312,3.586332082748413
-318.5187683105469,-512.0849609375,3.6462242603302
-318.5476989746094,-511.1634216308594,3.704893112182617
-318.5804138183594,-510.2401123046875,3.762680530548096
-318.6161193847656,-509.315185546875,3.8210232257843018
-318.65484619140625,-508.3883056640625,3.8813822269439697
-318.6969909667969,-507.4593200683594,3.944866418838501
-318.7431640625,-506.5289306640625,4.009422302246094
-318.7917175292969,-505.5977478027344,4.073331832885742
-318.8416748046875,-504.6656799316406,4.136526107788086
-318.89398193359375,-503.7320556640625,4.198643684387207
-318.94866943359375,-502.7967224121094,4.2597455978393555
-319.0052185058594,-501.8596801757813,4.320667743682861
-319.0633850097656,-500.9210205078125,4.381659984588623
-319.1231689453125,-499.98095703125,4.442880153656006
-319.1835021972656,-499.0389709472656,4.505576133728027
-319.2440490722656,-498.0947265625,4.571634769439697
-319.3062744140625,-497.1492004394531,4.6384711265563965
-319.3685607910156,-496.2030944824219,4.703491687774658
-319.4300842285156,-495.2563171386719,4.766327857971191
-319.4914855957031,-494.3082885742187,4.825686454772949
-319.553466796875,-493.3581237792969,4.882175445556641
-319.6145324707031,-492.4056701660156,4.937447547912598
-319.6741638183594,-491.4508666992187,4.993117809295654
-319.7322082519531,-490.4936828613281,5.050553321838379
-319.7883605957031,-489.5343933105469,5.1096906661987305
-319.8434143066406,-488.5730895996094,5.170413494110107
-319.89739990234375,-487.6101989746094,5.231110095977783
-319.9498596191406,-486.6457214355469,5.292038440704346
-320.001953125,-485.6795349121094,5.3520941734313965
-320.05340576171875,-484.71142578125,5.410905838012695
-320.10418701171875,-483.7413330078125,5.468946933746338
-320.15460205078125,-482.7690734863281,5.526723384857178
-320.2050476074219,-481.7945251464844,5.584407329559326
-320.255126953125,-480.81732177734375,5.644598007202148
-320.3053894042969,-479.8377075195313,5.707016468048096
-320.3564453125,-478.8562927246094,5.77041482925415
-320.4081726074219,-477.8733825683594,5.834867477416992
-320.46142578125,-476.8888549804687,5.899041652679443
-320.5163879394531,-475.9027099609375,5.960755825042725
-320.5728454589844,-474.9148559570313,6.020155429840088
-320.6316223144531,-473.9249877929687,6.077460289001465
-320.69256591796875,-472.9329833984375,6.133112907409668
-320.7552490234375,-471.9388427734375,6.187921524047852
-320.8204345703125,-470.9422607421875,6.243135452270508
-320.8880615234375,-469.9432373046875,6.2988739013671875
-320.95849609375,-468.9417724609375,6.35646915435791
-321.0318603515625,-467.938720703125,6.413449764251709
-321.1071472167969,-466.9342956542969,6.4686760902404785
-321.1844482421875,-465.928466796875,6.521569728851318
-321.2640380859375,-464.9207458496094,6.571173191070557
-321.3456115722656,-463.9104309082031,6.619795322418213
-321.4288635253906,-462.8972778320313,6.670473098754883
-321.5137634277344,-461.8814392089844,6.724897384643555
-321.6002502441406,-460.8634033203125,6.782504558563232
-321.68792724609375,-459.8436584472656,6.841586589813232
-321.7762756347656,-458.8220825195313,6.901665210723877
-321.86572265625,-457.7991943359375,6.960666656494141
-321.955078125,-456.77496337890625,7.01811408996582
-322.0458068847656,-455.74908447265625,7.072812080383301
-322.1378173828125,-454.7214050292969,7.124350070953369
-322.23028564453125,-453.6914367675781,7.174376964569092
-322.32318115234375,-452.65863037109375,7.225496292114258
-322.4166564941406,-451.6227111816406,7.280367374420166
-322.51165771484375,-450.5845947265625,7.3384833335876465
-322.6082458496094,-449.5457153320313,7.395749568939209
-322.70550537109375,-448.5062561035156,7.44951057434082
-322.8045959472656,-447.4657287597656,7.497140884399414
-322.9052429199219,-446.42327880859375,7.5399274826049805
-323.0075378417969,-445.3780517578125,7.581212043762207
-323.1108703613281,-444.3298950195313,7.624268054962158
-323.215576171875,-443.2790832519531,7.671269416809082
-323.322509765625,-442.22613525390625,7.721225261688232
-323.4317932128906,-441.1719970703125,7.770275115966797
-323.5422058105469,-440.116943359375,7.816586971282959
-323.6540832519531,-439.0609130859375,7.858715057373047
-323.768310546875,-438.0032958984375,7.896492004394531
-323.8843078613281,-436.9432678222656,7.932791709899902
-324.0015563964844,-435.8807067871094,7.970255851745605
-324.1199645996094,-434.8162231445313,8.009857177734375
-324.2400207519531,-433.7501525878906,8.05081844329834
-324.36181640625,-432.6825866699219,8.091107368469238
-324.4851379394531,-431.61376953125,8.128507614135742
-324.60968017578125,-430.5437927246094,8.16269588470459
-324.73590087890625,-429.4725036621094,8.193796157836914
-324.86395263671875,-428.3993225097656,8.223108291625977
-324.992919921875,-427.3235778808594,8.254746437072754
-325.1230163574219,-426.2453002929687,8.29125690460205
-325.2546691894531,-425.16558837890625,8.330487251281738
-325.3876647949219,-424.085205078125,8.369589805603027
-325.5212707519531,-423.004150390625,8.407125473022461
-325.6561279296875,-421.9219970703125,8.440983772277832
-325.79229736328125,-420.8385925292969,8.470734596252441
-325.929443359375,-419.7536010742187,8.497709274291992
-326.067138671875,-418.66693115234375,8.522431373596191
-326.2051696777344,-417.5779418945313,8.547833442687988
-326.3441467285156,-416.4865417480469,8.574357032775879
-326.48443603515625,-415.3935546875,8.600919723510742
-326.62542724609375,-414.2994689941406,8.625863075256348
-326.7673645019531,-413.2042846679687,8.647435188293457
-326.91156005859375,-412.1076965332031,8.66439437866211
-327.05712890625,-411.0094299316406,8.678120613098145
-327.2034606933594,-409.9088439941406,8.69156265258789
-327.3504638671875,-408.80517578125,8.708420753479004
-327.4980163574219,-407.6984558105469,8.730624198913574
-327.6468505859375,-406.5906066894531,8.75505256652832
-327.7962341308594,-405.4822692871094,8.778776168823242
-327.9465637207031,-404.3728942871094,8.800020217895508
-328.0986022949219,-403.2618408203125,8.817571640014648
-328.2514953613281,-402.1489562988281,8.832696914672852
-328.4044189453125,-401.03369140625,8.848084449768066
-328.5570373535156,-399.9157104492187,8.865796089172363
-328.7096252441406,-398.794921875,8.887190818786621
-328.8624572753906,-397.6726684570313,8.909927368164062
-329.01483154296875,-396.54937744140625,8.932170867919922
-329.16705322265625,-395.4249267578125,8.951859474182129
-329.319580078125,-394.2989501953125,8.967485427856445
-329.471435546875,-393.17083740234375,8.98054027557373
-329.6225891113281,-392.0403747558594,8.992467880249023
-329.7722473144531,-390.9073486328125,9.004983901977539
-329.9205017089844,-389.772216796875,9.018206596374512
-330.06707763671875,-388.6348571777344,9.03139877319336
-330.21234130859375,-387.4955749511719,9.043889999389648
-330.35711669921875,-386.3546752929687,9.053701400756836
-330.5010070800781,-385.2123107910156,9.060569763183594
-330.64447021484375,-384.0680236816406,9.063961029052734
-330.78680419921875,-382.9214172363281,9.06544303894043
-330.92724609375,-381.7721557617187,9.06705093383789
-331.065185546875,-380.6202392578125,9.070279121398926
-331.2016906738281,-379.46575927734375,9.07608699798584
-331.338623046875,-378.30950927734375,9.08201026916504
-331.475341796875,-377.1522521972656,9.085204124450684
-331.6123046875,-375.994140625,9.083796501159668
-331.7508239746094,-374.8345947265625,9.076804161071776
-331.8905029296875,-373.6726989746094,9.067160606384276
-332.03033447265625,-372.5079956054687,9.058878898620604
-332.1705017089844,-371.3406372070313,9.054431915283203
-332.312255859375,-370.17095947265625,9.053841590881348
-332.45654296875,-369.0003051757813,9.052042961120604
-332.6018981933594,-367.8292236328125,9.0464448928833
-332.748779296875,-366.6575012207031,9.035003662109377
-332.89794921875,-365.4841003417969,9.018467903137209
-333.0489807128906,-364.3082275390625,9.0001859664917
-333.20074462890625,-363.1296081542969,8.984189987182617
-333.35400390625,-361.9486389160156,8.971765518188477
-333.50897216796875,-360.7658996582031,8.960978507995605
-333.6656799316406,-359.5821838378906,8.947821617126465
-333.82257080078125,-358.3974914550781,8.930974960327148
-333.9805908203125,-357.2114562988281,8.909743309020996
-334.1396789550781,-356.0235290527344,8.885563850402832
-334.29833984375,-354.8326721191406,8.86368179321289
-334.45697021484375,-353.6390686035156,8.84585189819336
-334.61541748046875,-352.44384765625,8.829941749572754
-334.7738342285156,-351.2474670410156,8.813963890075684
-334.9323425292969,-350.0498046875,8.795514106750488
-335.0911560058594,-348.8507385253906,8.773539543151855
-335.2503662109375,-347.6500549316406,8.748541831970215
-335.4090270996094,-346.44677734375,8.723712921142578
-335.5667419433594,-345.2402038574219,8.702747344970703
-335.723388671875,-344.03082275390625,8.687171936035156
-335.8802185058594,-342.8205871582031,8.672917366027832
-336.0369567871094,-341.6098327636719,8.656576156616211
-336.1944885253906,-340.3981628417969,8.634923934936523
-336.3531494140625,-339.1850280761719,8.608168601989746
-336.51123046875,-337.96942138671875,8.58034896850586
-336.6678161621094,-336.7501525878906,8.556971549987793
-336.8235778808594,-335.52734375,8.540809631347656
-336.9789123535156,-334.30340576171875,8.527629852294922
-337.1339416503906,-333.0791931152344,8.514008522033691
-337.2893371582031,-331.8541564941406,8.496410369873047
-337.4457702636719,-330.6277160644531,8.47409725189209
-337.602294921875,-329.3995056152344,8.44860553741455
-337.7580871582031,-328.16827392578125,8.424717903137207
-337.91314697265625,-326.93353271484375,8.405850410461426
-338.0674743652344,-325.6968688964844,8.39200496673584
-338.2215270996094,-324.4596252441406,8.378750801086426
-338.3755187988281,-323.2215881347656,8.36338996887207
-338.5300598144531,-321.9822998046875,8.343716621398926
-338.6846923828125,-320.7409362792969,8.322172164916992
-338.83905029296875,-319.4967041015625,8.302945137023926
-338.9928894042969,-318.2496337890625,8.29014778137207
-339.1463928222656,-317.0010070800781,8.281256675720215
-339.3001708984375,-315.75140380859375,8.274197578430176
-339.4549865722656,-314.50103759765625,8.266160011291504
-339.6105041503906,-313.2498474121094,8.256148338317871
-339.7676696777344,-311.9974060058594,8.24372673034668
-339.92596435546875,-310.7427673339844,8.231851577758789
-340.08441162109375,-309.4857482910156,8.223886489868164
-340.2419738769531,-308.22711181640625,8.221417427062988
-340.40130615234375,-306.96783447265625,8.221500396728516
-340.5621032714844,-305.708251953125,8.220105171203613
-340.7235107421875,-304.4482727050781,8.21591854095459
-340.8870544433594,-303.18743896484375,8.208447456359863
-341.0521545410156,-301.9246520996094,8.200901985168457
-341.2161560058594,-300.65960693359375,8.19941520690918
-341.3788146972656,-299.3930969238281,8.205116271972656
-341.5423889160156,-298.1259460449219,8.2166166305542
-341.7078552246094,-296.8592224121094,8.22815227508545
-341.87310791015625,-295.5926208496094,8.237836837768555
-342.0391845703125,-294.3255615234375,8.244318962097168
-342.2060546875,-293.0571594238281,8.250030517578125
-342.3721618652344,-291.7872009277344,8.25866985321045
-342.536865234375,-290.5166015625,8.272493362426758
-342.70172119140625,-289.24652099609375,8.28934097290039
-342.8670959472656,-287.97772216796875,8.307557106018066
-343.0323791503906,-286.71038818359375,8.326496124267578
-343.1977233886719,-285.4447021484375,8.347271919250488
-343.3656921386719,-284.18182373046875,8.36712646484375
-343.533935546875,-282.9217224121094,8.385725021362305
-343.70245361328125,-281.6641845703125,8.402949333190918
-343.8717041015625,-280.4092712402344,8.421536445617676
-344.04193115234375,-279.1576843261719,8.442221641540527
-344.213623046875,-277.9100341796875,8.46409797668457
-344.38751220703125,-276.66619873046875,8.486793518066406
-344.56292724609375,-275.4259948730469,8.510581970214844
-344.7385559082031,-274.18914794921875,8.537837982177734
-344.9149475097656,-272.95587158203125,8.572412490844727
-345.09466552734375,-271.7272033691406,8.613326072692871
-345.2756652832031,-270.5037536621094,8.651658058166504
-345.4565734863281,-269.2852478027344,8.686440467834473
-345.63824462890625,-268.06890869140625,8.711880683898926
-345.82073974609375,-266.854248046875,8.730414390563965
-346.0014953613281,-265.64154052734375,8.751172065734863
-346.1780700683594,-264.4315185546875,8.78233814239502
-346.35198974609375,-263.2259826660156,8.821029663085938
-346.5252685546875,-262.0262451171875,8.859707832336426
-346.69622802734375,-260.8309631347656,8.896341323852539
-346.8657531738281,-259.63861083984375,8.927472114562988
-347.0345764160156,-258.4486083984375,8.95193099975586
-347.2005615234375,-257.2606201171875,8.972447395324707
-347.3620910644531,-256.07464599609375,8.994314193725586
-347.5183410644531,-254.8911590576172,9.021411895751951
-347.66900634765625,-253.71170043945312,9.05214500427246
-347.81573486328125,-252.53672790527344,9.083822250366213
-347.96038818359375,-251.36557006835935,9.11407470703125
-348.1029357910156,-250.19747924804688,9.141551971435549
-348.24359130859375,-249.031982421875,9.166947364807127
-348.38262939453125,-247.86907958984375,9.191481590270996
-348.51995849609375,-246.70928955078125,9.21555233001709
-348.6544494628906,-245.55284118652344,9.241432189941406
-348.78973388671875,-244.40042114257812,9.267457962036133
-348.9249572753906,-243.25233459472656,9.29259204864502
-349.0601501464844,-242.1081085205078,9.316814422607422
-349.1955261230469,-240.96746826171875,9.341513633728027
-349.331298828125,-239.83029174804688,9.367769241333008
-349.467529296875,-238.6967315673828,9.395716667175291
-349.60406494140625,-237.567138671875,9.422901153564451
-349.7406005859375,-236.4414978027344,9.448277473449709
-349.87689208984375,-235.31919860839844,9.471034049987791
-350.01324462890625,-234.1997528076172,9.491900444030762
-350.1493225097656,-233.0832977294922,9.515061378479004
-350.285400390625,-231.97015380859375,9.541485786437988
-350.4212951660156,-230.86134338378903,9.569018363952637
-350.5563659667969,-229.75668334960935,9.595870018005373
-350.6909484863281,-228.65562438964844,9.621804237365724
-350.8247985839844,-227.5577087402344,9.647652626037598
-350.9578552246094,-226.4627990722656,9.674593925476074
-351.0903625488281,-225.37120056152344,9.702386856079102
-351.22198486328125,-224.28314208984375,9.730269432067873
-351.3529052734375,-223.1986083984375,9.75754451751709
-351.4827880859375,-222.1175842285156,9.78466510772705
-351.6123046875,-221.04000854492188,9.81320571899414
-351.7420349121094,-219.9656524658203,9.841108322143556
-351.870361328125,-218.89488220214844,9.8695650100708
-351.99847412109375,-217.8273162841797,9.898503303527832
-352.1265869140625,-216.76283264160156,9.92823600769043
-352.2550048828125,-215.7017364501953,9.956921577453612
-352.3841247558594,-214.64418029785156,9.983756065368652
-352.51434326171875,-213.59014892578125,10.00832462310791
-352.645751953125,-212.5390625,10.03011417388916
-352.7784118652344,-211.4910430908203,10.05202293395996
-352.9124755859375,-210.4463348388672,10.07713794708252
-353.0486755371094,-209.4055023193359,10.10478973388672
-353.1875915527344,-208.3693084716797,10.131743431091309
-353.3282165527344,-207.33761596679688,10.15801239013672
-353.4703674316406,-206.30978393554688,10.183018684387209
-353.6150817871094,-205.2853851318359,10.206320762634276
-353.7616882324219,-204.26429748535156,10.228857040405272
-353.9093322753906,-203.24639892578125,10.253182411193848
-354.0573425292969,-202.2317047119141,10.279792785644531
-354.2055969238281,-201.2208251953125,10.30858039855957
-354.35614013671875,-200.2146759033203,10.33874797821045
-354.5076599121094,-199.21307373046875,10.36884880065918
-354.65911865234375,-198.21554565429688,10.39867115020752
-354.8110656738281,-197.22157287597656,10.428311347961426
-354.96417236328125,-196.2307281494141,10.45729637145996
-355.1174621582031,-195.2429351806641,10.486076354980469
-355.26953125,-194.25827026367188,10.514409065246582
-355.420166015625,-193.2769317626953,10.543851852416992
-355.5697937011719,-192.29925537109375,10.575845718383787
-355.7193603515625,-191.32546997070312,10.608455657958984
-355.8679504394531,-190.35548400878903,10.640053749084473
-356.0149230957031,-189.3890686035156,10.670496940612791
-356.1608581542969,-188.42599487304688,10.699641227722168
-356.3058166503906,-187.4657287597656,10.72680377960205
-356.44915771484375,-186.50836181640625,10.753191947937012
-356.5906066894531,-185.5540008544922,10.779236793518066
-356.72979736328125,-184.60272216796875,10.805363655090332
-356.8670959472656,-183.65478515625,10.831908226013184
-357.00286865234375,-182.71026611328125,10.858338356018066
-357.1361389160156,-181.76907348632812,10.885662078857422
-357.2677917480469,-180.83143615722656,10.913658142089844
-357.3990173339844,-179.89727783203125,10.940074920654297
-357.52880859375,-178.96640014648438,10.964545249938965
-357.6570129394531,-178.0386505126953,10.986825942993164
-357.783935546875,-177.1136474609375,11.007803916931152
-357.90911865234375,-176.19134521484375,11.028676986694336
-358.0323181152344,-175.27198791503906,11.050012588500977
-358.1533203125,-174.3560028076172,11.07203483581543
-358.2726745605469,-173.44361877441406,11.095168113708496
-358.3917541503906,-172.5348663330078,11.118223190307615
-358.5106506347656,-171.62954711914062,11.140082359313965
-358.6294860839844,-170.7277069091797,11.160408020019531
-358.74871826171875,-169.8292236328125,11.178995132446287
-358.8685302734375,-168.93380737304688,11.196091651916504
-358.9883117675781,-168.0411376953125,11.213457107543944
-359.1075744628906,-167.1513214111328,11.232609748840332
-359.225341796875,-166.26483154296875,11.25368595123291
-359.34234619140625,-165.38259887695312,11.276137351989746
-359.45916748046875,-164.50453186035156,11.299757957458496
-359.5748596191406,-163.63014221191406,11.32506275177002
-359.6900939941406,-162.7591552734375,11.350275993347168
-359.8050537109375,-161.89157104492188,11.374322891235352
-359.9190368652344,-161.02716064453125,11.396839141845703
-360.03192138671875,-160.1657257080078,11.418009757995604
-360.1435546875,-159.30702209472656,11.438968658447266
-360.25372314453125,-158.45111083984375,11.460643768310549
-360.36181640625,-157.59817504882812,11.48330783843994
-360.4675903320313,-156.74884033203125,11.506831169128418
-360.572509765625,-155.9033660888672,11.530604362487791
-360.67620849609375,-155.06143188476562,11.55493450164795
-360.7780151367187,-154.22286987304688,11.58014965057373
-360.8790283203125,-153.3876190185547,11.605587005615234
-360.9793701171875,-152.55563354492188,11.630928993225098
-361.0782775878906,-151.7267303466797,11.655399322509766
-361.1759338378906,-150.9009246826172,11.678682327270508
-361.2729797363281,-150.0784912109375,11.700780868530272
-361.3689880371094,-149.2589874267578,11.7213716506958
-361.46337890625,-148.44236755371094,11.741607666015623
-361.5565490722656,-147.62876892089844,11.762721061706545
-361.64886474609375,-146.818359375,11.78480339050293
-361.7408142089844,-146.01144409179688,11.806556701660156
-361.8322143554687,-145.2081298828125,11.827577590942385
-361.92340087890625,-144.40830993652344,11.847695350646973
-362.014892578125,-143.61190795898438,11.866987228393556
-362.10687255859375,-142.8185577392578,11.88523769378662
-362.1994323730469,-142.0281982421875,11.90187931060791
-362.2924499511719,-141.24095153808594,11.918081283569336
-362.3861389160156,-140.45687866210938,11.93566608428955
-362.4798583984375,-139.67581176757812,11.954994201660156
-362.5734558105469,-138.8978271484375,11.975013732910156
-362.6684875488281,-138.12371826171875,11.995652198791504
-362.76422119140625,-137.35325622558594,12.016858100891112
-362.8599548339844,-136.58607482910156,12.038171768188477
-362.9559020996094,-135.82192993164062,12.059467315673828
-363.0523681640625,-135.06031799316406,12.080011367797852
-363.149169921875,-134.3008575439453,12.099384307861328
-363.2463684082031,-133.54339599609375,12.117586135864258
-363.3438720703125,-132.7875518798828,12.134478569030762
-363.44140625,-132.0329132080078,12.150445938110352
-363.5386962890625,-131.27903747558594,12.166672706604004
-363.6357727050781,-130.52552795410156,12.183984756469728
-363.732177734375,-129.77182006835938,12.203091621398926
-363.82855224609375,-129.01780700683594,12.223952293395996
-363.9252014160156,-128.26345825195312,12.244958877563477
-364.0210876464844,-127.50836944580078,12.265636444091797
-364.1163330078125,-126.75211334228516,12.28558349609375
-364.21142578125,-125.994140625,12.304750442504885
-364.3064270019531,-125.23389434814452,12.322622299194336
-364.40081787109375,-124.4709243774414,12.339634895324709
-364.4944763183594,-123.70503997802734,12.356185913085938
-364.5868225097656,-122.93603515625,12.37269401550293
-364.6778259277344,-122.16366577148438,12.389533042907717
-364.7679138183594,-121.38771057128906,12.407276153564451
-364.8569030761719,-120.60808563232422,12.425979614257812
-364.945068359375,-119.8248291015625,12.445961952209473
-365.0326232910156,-119.03846740722656,12.46644687652588
-365.1192626953125,-118.24942779541016,12.486895561218262
-365.2057189941406,-117.45789337158205,12.50740909576416
-365.2929382324219,-116.66417694091795,12.527326583862305
-365.3804016113281,-115.8686752319336,12.546701431274414
-365.4681091308594,-115.07193756103516,12.566289901733398
-365.5566101074219,-114.2747573852539,12.586163520812988
-365.6460266113281,-113.47794342041016,12.606459617614746
-365.7362976074219,-112.68218994140624,12.627680778503418
-365.8274230957031,-111.8880844116211,12.650023460388184
-365.9203186035156,-111.0963363647461,12.672664642333984
-366.0145568847656,-110.30718231201172,12.695561408996582
-366.1097717285156,-109.52086639404295,12.719866752624512
-366.2073974609375,-108.73764038085938,12.743786811828612
-366.3069458007813,-107.95741271972656,12.766413688659668
-366.4079284667969,-107.18032836914062,12.787994384765623
-366.5104370117187,-106.40636444091795,12.80868911743164
-366.6143493652344,-105.63541412353516,12.829116821289062
-366.7200012207031,-104.86737823486328,12.84980010986328
-366.8270263671875,-104.10230255126952,12.87116813659668
-366.9353332519531,-103.34033966064452,12.89336109161377
-367.0450744628906,-102.58182525634766,12.916196823120115
-367.15582275390625,-101.82662963867188,12.940393447875977
-367.2677612304687,-101.0747528076172,12.966443061828612
-367.3813781738281,-100.32621002197266,12.99262237548828
-367.4959411621094,-99.5806121826172,13.01747703552246
-367.6108703613281,-98.83773803710938,13.040496826171877
-367.7264099121094,-98.09742736816406,13.061695098876951
-367.8423767089844,-97.35913848876952,13.080887794494627
-367.9583435058594,-96.62207794189452,13.09868049621582
-368.0741882324219,-95.88600158691406,13.116605758666992
-368.1895751953125,-95.15080261230467,13.135286331176758
-368.3040161132813,-94.4166259765625,13.154471397399902
-368.4177551269531,-93.68374633789062,13.174324035644531
-368.5310363769531,-92.9518814086914,13.19476318359375
-368.64349365234375,-92.2205047607422,13.215890884399414
-368.7554626464844,-91.48937225341795,13.236738204956056
-368.8668518066406,-90.7581787109375,13.256790161132812
-368.97747802734375,-90.0267333984375,13.275928497314451
-369.0873107910156,-89.29489135742188,13.2935791015625
-369.19622802734375,-88.56233215332031,13.309901237487791
-369.3040771484375,-87.82867431640625,13.32584285736084
-369.4109191894531,-87.09375762939453,13.342060089111328
-369.51654052734375,-86.35761260986328,13.358692169189451
-369.6200256347656,-85.62041473388672,13.375798225402832
-369.72222900390625,-84.88225555419922,13.393877983093262
-369.8235778808594,-84.14311981201172,13.413033485412598
-369.924072265625,-83.40300750732422,13.432852745056152
-370.023681640625,-82.66192626953125,13.45305061340332
-370.1227111816406,-81.92001342773438,13.473411560058594
-370.22113037109375,-81.17733001708984,13.493609428405762
-370.3189392089844,-80.43383026123047,13.513553619384766
-370.41607666015625,-79.689453125,13.53334903717041
-370.51275634765625,-78.9442367553711,13.55267333984375
-370.6090698242187,-78.19828796386719,13.5711088180542
-370.7044677734375,-77.45158386230469,13.58896827697754
-370.7987976074219,-76.70404052734375,13.60726547241211
-370.8923950195313,-75.95558166503906,13.62661838531494
-370.9855041503906,-75.20620727539062,13.647513389587402
-371.0783996582031,-74.45623016357422,13.669315338134766
-371.1710205078125,-73.70599365234375,13.691094398498535
-371.2631530761719,-72.95550537109375,13.712515830993652
-371.3551025390625,-72.20482635498047,13.733281135559082
-371.4475708007813,-71.45381927490234,13.753140449523926
-371.5404357910156,-70.70240783691406,13.771907806396484
-371.6333923339844,-69.95061492919922,13.78948974609375
-371.726318359375,-69.1984634399414,13.806082725524902
-371.8190307617187,-68.44580078125,13.82298755645752
-371.9118347167969,-67.69263458251953,13.841197967529297
-372.0042724609375,-66.93891906738281,13.860920906066896
-372.0964050292969,-66.184814453125,13.88217830657959
-372.189208984375,-65.43085479736328,13.903816223144531
-372.2819213867187,-64.67711639404297,13.925095558166504
-372.37445068359375,-63.9235725402832,13.945479393005373
-372.4671325683594,-63.17011642456055,13.96491813659668
-372.56048583984375,-62.4163703918457,13.982932090759276
-372.6539916992187,-61.66202545166016,13.999870300292969
-372.7478637695313,-60.90711212158203,14.016035079956056
-372.8417053222656,-60.15168380737305,14.03172206878662
-372.9351806640625,-59.39563751220703,14.048341751098633
-373.0286865234375,-58.63897705078125,14.066388130187988
-373.1221008300781,-57.881561279296875,14.086126327514648
-373.21588134765625,-57.12363815307617,14.107525825500488
-373.3103637695313,-56.36564636230469,14.129240036010742
-373.40484619140625,-55.6076774597168,14.150753021240234
-373.4993286132813,-54.8497314453125,14.17182159423828
-373.5945129394531,-54.091670989990234,14.192464828491213
-373.69049072265625,-53.33325958251953,14.21219539642334
-373.7865905761719,-52.57438659667969,14.231648445129396
-373.88287353515625,-51.81513595581055,14.251383781433104
-373.9794921875,-51.05567169189453,14.27155303955078
-374.0761413574219,-50.29606628417969,14.2924222946167
-374.1724548339844,-49.536338806152344,14.314257621765137
-374.2690124511719,-48.776493072509766,14.33742618560791
-374.3659057617187,-48.01666641235352,14.361372947692873
-374.4627990722656,-47.256988525390625,14.385403633117676
-374.5592346191406,-46.49739456176758,14.40984058380127
-374.6559143066406,-45.73802947998047,14.43469524383545
-374.7530517578125,-44.97880172729492,14.459280014038086
-374.8504028320313,-44.21969223022461,14.483179092407228
-374.94720458984375,-43.460391998291016,14.507261276245115
-375.0443420410156,-42.70103454589844,14.531847953796388
-375.1419067382813,-41.94169235229492,14.556294441223145
-375.2395629882813,-41.18232345581055,14.58045482635498
-375.33697509765625,-40.422847747802734,14.60555648803711
-375.4347229003906,-39.66325378417969,14.631958961486816
-375.5325927734375,-38.90358352661133,14.658713340759276
-375.6302490234375,-38.143917083740234,14.685199737548828
-375.7276306152344,-37.384368896484375,14.711560249328612
-375.82476806640625,-36.62491226196289,14.7376070022583
-375.9216003417969,-35.865325927734375,14.762553215026855
-376.0181579589844,-35.105411529541016,14.786550521850586
-376.114501953125,-34.3450813293457,14.810052871704102
-376.2105407714844,-33.58428955078125,14.833446502685549
-376.3064270019531,-32.82303237915039,14.857006072998049
-376.402099609375,-32.06127166748047,14.881010055541992
-376.4974365234375,-31.29900550842285,14.905314445495604
-376.592529296875,-30.53623390197754,14.929630279541016
-376.6876525878906,-29.77294921875,14.953856468200684
-376.78265380859375,-29.009126663208008,14.977892875671388
-376.8775939941406,-28.24469757080078,15.001504898071287
-376.9726257324219,-27.47962951660156,15.024860382080078
-377.0677185058594,-26.713916778564453,15.048086166381836
-377.1629333496094,-25.94757652282715,15.071173667907717
-377.2584228515625,-25.180644989013672,15.094225883483888
-377.3541564941406,-24.41312026977539,15.117374420166016
-377.45013427734375,-23.644969940185547,15.14060115814209
-377.54638671875,-22.876197814941406,15.163747787475586
-377.64300537109375,-22.10679817199707,15.18666648864746
-377.7399597167969,-21.33676528930664,15.209380149841309
-377.8372802734375,-20.56601333618164,15.2318115234375
-377.9348754882813,-19.794452667236328,15.253897666931152
-378.0329284667969,-19.02205467224121,15.275851249694824
-378.13134765625,-18.248788833618164,15.297737121582031
-378.22998046875,-17.47464370727539,15.319658279418944
-378.3288269042969,-16.699636459350586,15.341602325439451
-378.4277038574219,-15.923770904541016,15.363459587097168
-378.5265808105469,-15.147038459777832,15.385201454162598
-378.62542724609375,-14.369380950927734,15.406875610351562
-378.72406005859375,-13.590730667114258,15.428428649902344
-378.8226013183594,-12.811087608337402,15.44997501373291
-378.9210205078125,-12.030434608459473,15.47187042236328
-379.0192565917969,-11.248692512512209,15.49429988861084
-379.1173095703125,-10.46578311920166,15.51708984375
-379.2152404785156,-9.681595802307127,15.540074348449709
-379.3131103515625,-8.895941734313965,15.563340187072754
-379.4107971191406,-8.10859489440918,15.586718559265137
-379.5085144042969,-7.319160461425781,15.609990119934082
-379.6063232421875,-6.526969909667969,15.63336181640625
-379.7042541503906,-5.731289386749268,15.65695858001709
-379.8024291992187,-4.931467056274414,15.68075466156006
-379.90081787109375,-4.1268792152404785,15.704928398132324
-379.99957275390625,-3.317067861557007,15.7295560836792
-380.0986022949219,-2.501558780670166,15.754975318908691
-380.19781494140625,-1.6802167892456057,15.781283378601074
-380.2974853515625,-0.8532801270484924,15.807772636413574
-380.3973083496094,-0.020616065710783,15.83460521697998
-380.4971618652344,0.8176124691963196,15.861289978027344
-380.59716796875,1.6608718633651731,15.886148452758787
-380.6974792480469,2.5092415809631348,15.90933322906494
-380.7978210449219,3.3632075786590576,15.93138027191162
-380.898193359375,4.222895622253418,15.952592849731444
-380.99896240234375,5.088507652282715,15.97451400756836
-381.1001892089844,5.959979057312012,15.998560905456545
-381.2016296386719,6.836786270141602,16.02466583251953
-381.3031311035156,7.718489170074463,16.052677154541016
-381.4046020507813,8.604501724243164,16.081254959106445
-381.50634765625,9.494625091552734,16.1096248626709
-381.6083984375,10.388821601867676,16.137537002563477
-381.710693359375,11.287035942077637,16.16448211669922
-381.8132934570313,12.18931770324707,16.190814971923828
-381.9163513183594,13.095630645751951,16.216827392578125
-382.0198059082031,14.005851745605469,16.242719650268555
-382.12353515625,14.919742584228516,16.26888656616211
-382.2275695800781,15.836997032165527,16.295814514160156
-382.3318481445313,16.757017135620117,16.32312774658203
-382.4364318847656,17.679187774658203,16.350271224975586
-382.5412292480469,18.603044509887695,16.376861572265625
-382.6463317871094,19.528154373168945,16.401975631713867
-382.7520446777344,20.454063415527344,16.425945281982422
-382.858154296875,21.380250930786133,16.449298858642578
-382.9645385742187,22.306039810180664,16.4726619720459
-383.0713806152344,23.23072624206543,16.496442794799805
-383.1787109375,24.15365219116211,16.5205078125
-383.2861022949219,25.074382781982425,16.544269561767578
-383.3936767578125,25.99254035949707,16.56768226623535
-383.5016784667969,26.907989501953125,16.59023666381836
-383.60986328125,27.820655822753903,16.61176109313965
-383.7181091308594,28.73038673400879,16.632701873779297
-383.8265686035156,29.637245178222656,16.6529598236084
-383.9351501464844,30.541120529174805,16.673160552978516
-384.0434265136719,31.44194602966309,16.69363021850586
-384.1513977050781,32.339595794677734,16.713930130004883
-384.2591552734375,33.23389434814453,16.733806610107422
-384.366455078125,34.124839782714844,16.75324058532715
-384.4732360839844,35.0125732421875,16.771976470947266
-384.5795593261719,35.89719772338867,16.79009246826172
-384.6852416992187,36.77875518798828,16.807174682617188
-384.790283203125,37.657203674316406,16.823545455932617
-384.8943481445313,38.53248596191406,16.840312957763672
-384.9972839355469,39.404754638671875,16.857723236083984
-385.09918212890625,40.27393341064453,16.8757266998291
-385.1997985839844,41.13972854614258,16.893932342529297
-385.2991027832031,42.00210952758789,16.9121150970459
-385.3971557617187,42.861141204833984,16.930316925048828
-385.4939575195313,43.71693801879883,16.948728561401367
-385.58935546875,44.56965637207031,16.967288970947266
-385.6829833984375,45.4194221496582,16.985990524291992
-385.7748718261719,46.26616287231445,17.00438117980957
-385.86529541015625,47.10981369018555,17.022220611572266
-385.9539794921875,47.95032501220703,17.03963279724121
-386.040771484375,48.78778839111328,17.056413650512695
-386.1258239746094,49.62222671508789,17.0726261138916
-386.2101135253906,50.4535026550293,17.08841896057129
-386.2919006347656,51.28207015991211,17.10438346862793
-386.3704528808594,52.107887268066406,17.12148094177246
-386.4469909667969,52.93064498901367,17.139249801635742
-386.5224304199219,53.750396728515625,17.155637741088867
-386.5959167480469,54.566986083984375,17.169546127319336
-386.6673278808594,55.380516052246094,17.180391311645508
-386.7366638183594,56.191314697265625,17.18962287902832
-386.8041687011719,56.99980926513672,17.198795318603516
-386.8694458007813,57.80601119995117,17.20917510986328
-386.9319763183594,58.60936737060547,17.220211029052734
-386.99224853515625,59.40898513793945,17.231470108032227
-387.0505065917969,60.20487594604492,17.243267059326172
-387.106689453125,60.99729919433594,17.256071090698242
-387.1614990234375,61.78651809692383,17.26886749267578
-387.2146301269531,62.57257461547851,17.281030654907227
-387.2660217285156,63.35557556152344,17.291954040527344
-387.3158264160156,64.13567352294922,17.301355361938477
-387.3636474609375,64.91313934326172,17.30977439880371
-387.409423828125,65.68800354003906,17.318262100219727
-387.4533386230469,66.46004486083984,17.327564239501953
-387.4944152832031,67.22895050048828,17.337034225463867
-387.5331115722656,67.994384765625,17.34684181213379
-387.5705871582031,68.75628662109375,17.356834411621094
-387.6069030761719,69.51495361328125,17.3665714263916
-387.6412963867187,70.27055358886719,17.376188278198242
-387.6741943359375,71.02318572998047,17.385822296142578
-387.7062683105469,71.77306365966797,17.394798278808594
-387.7373352050781,72.52018737792969,17.402891159057617
-387.7672424316406,73.26454162597656,17.409793853759766
-387.79583740234375,74.00614166259766,17.415782928466797
-387.8236389160156,74.74495697021484,17.421518325805664
-387.8507080078125,75.48126983642578,17.427217483520508
-387.87689208984375,76.21537780761719,17.433208465576172
-387.9019775390625,76.94723510742188,17.4403018951416
-387.9264221191406,77.67675018310547,17.448339462280273
-387.95123291015625,78.40376281738281,17.45619773864746
-387.97613525390625,79.12836456298828,17.463768005371094
-388.00054931640625,79.8507308959961,17.471511840820312
-388.0245361328125,80.57111358642578,17.47930335998535
-388.0482177734375,81.28987121582031,17.48679542541504
-388.0715942382813,82.00716400146484,17.493860244750977
-388.0939636230469,82.72319030761719,17.500646591186523
-388.11529541015625,83.43801879882812,17.507173538208008
-388.1359252929687,84.15169525146484,17.51348876953125
-388.15570068359375,84.86431884765625,17.519351959228516
-388.17437744140625,85.575927734375,17.525020599365234
-388.1915283203125,86.2866439819336,17.530986785888672
-388.2078247070313,86.99654388427734,17.536361694335938
-388.2231750488281,87.70565795898438,17.540668487548828
-388.237060546875,88.4139633178711,17.544570922851562
-388.2491455078125,89.12147521972656,17.548444747924805
-388.2598876953125,89.82837677001953,17.551603317260742
-388.26910400390625,90.53469848632812,17.55388641357422
-388.27642822265625,91.2403564453125,17.55565071105957
-388.2817687988281,91.94534301757812,17.557403564453125
-388.285400390625,92.64959716796876,17.55925941467285
-388.2872009277344,93.3530502319336,17.560632705688477
-388.2867736816406,94.05574035644533,17.56169891357422
-388.2841491699219,94.75764465332033,17.563249588012695
-388.2796020507813,95.45881652832033,17.56549835205078
-388.2732543945313,96.15916442871094,17.56845474243164
-388.2655944824219,96.8584442138672,17.571245193481445
-388.25634765625,97.55662536621094,17.5734920501709
-388.2453308105469,98.2537612915039,17.57548713684082
-388.2330322265625,98.94988250732422,17.577606201171875
-388.2200012207031,99.64517211914062,17.57933235168457
-388.2057189941406,100.3396453857422,17.580472946166992
-388.1900329589844,101.03321838378906,17.58129119873047
-388.1736450195313,101.725830078125,17.581710815429688
-388.1564025878906,102.41746520996094,17.58104705810547
-388.1380004882813,103.10824584960938,17.579875946044922
-388.1189880371094,103.7981414794922,17.57891845703125
-388.0993041992187,104.48725128173828,17.578157424926758
-388.0788879394531,105.17565155029295,17.57731819152832
-388.0579833984375,105.86319732666016,17.576505661010742
-388.0365905761719,106.54987335205078,17.576059341430664
-388.0150451660156,107.2356414794922,17.57577133178711
-387.9933471679687,107.92057037353516,17.57514762878418
-387.9715576171875,108.60477447509766,17.573753356933594
-387.9495544433594,109.28844451904295,17.5716609954834
-387.9270935058594,109.9718780517578,17.569101333618164
-387.90472412109375,110.6554718017578,17.56566047668457
-387.8822021484375,111.33946990966795,17.56145668029785
-387.8590393066406,112.024169921875,17.557161331176758
-387.8352355957031,112.70989227294922,17.553085327148438
-387.8108520507813,113.39698791503906,17.54938316345215
-387.7861022949219,114.08565521240234,17.545772552490234
-387.7604675292969,114.77598571777344,17.541955947875977
-387.7335205078125,115.46813201904295,17.53821563720703
-387.7053833007813,116.1623077392578,17.53481674194336
-387.67669677734375,116.8586196899414,17.531042098999023
-387.6469421386719,117.55712890625,17.526514053344727
-387.6158447265625,118.25792694091795,17.520898818969727
-387.583251953125,118.9612274169922,17.514358520507812
-387.549072265625,119.66749572753906,17.507585525512695
-387.5137023925781,120.37712860107422,17.500831604003906
-387.4766540527344,121.09024810791016,17.493852615356445
-387.4376831054687,121.80706787109376,17.487037658691406
-387.3967895507813,122.52770233154295,17.480751037597656
-387.3541564941406,123.2520980834961,17.47469139099121
-387.30963134765625,123.98040771484376,17.469146728515625
-387.2635803222656,124.712646484375,17.464008331298828
-387.2166442871094,125.44859313964844,17.458301544189453
-387.1685485839844,126.1881103515625,17.451740264892578
-387.1195068359375,126.93109893798828,17.444236755371094
-387.06982421875,127.6777114868164,17.43609619140625
-387.02001953125,128.42825317382812,17.427841186523438
-386.9703063964844,129.18287658691406,17.420001983642578
-386.921142578125,129.94154357910156,17.412708282470703
-386.8721618652344,130.7037811279297,17.405963897705078
-386.8235168457031,131.46939086914062,17.399898529052734
-386.7756652832031,132.23828125,17.39448356628418
-386.7289123535156,133.01039123535156,17.389171600341797
-386.6831359863281,133.78543090820312,17.384241104125977
-386.638427734375,134.5629425048828,17.37913703918457
-386.5947570800781,135.3424530029297,17.373233795166016
-386.5519104003906,136.1236572265625,17.366392135620117
-386.5099182128906,136.90647888183594,17.358430862426758
-386.46881103515625,137.69097900390625,17.348949432373047
-386.4279174804687,138.47732543945312,17.338733673095703
-386.3871765136719,139.2655029296875,17.32876968383789
-386.34619140625,140.055419921875,17.319740295410156
-386.3045959472656,140.8468780517578,17.312143325805664
-386.26275634765625,141.63951110839844,17.3052978515625
-386.2201843261719,142.43307495117188,17.298809051513672
-386.1769409179687,143.22743225097656,17.291942596435547
-386.1327819824219,144.02239990234375,17.28363800048828
-386.0875244140625,144.81777954101562,17.273353576660156
-386.04144287109375,145.61373901367188,17.261375427246094
-385.9941101074219,146.41075134277344,17.248506546020508
-385.945068359375,147.2091522216797,17.235689163208008
-385.8936462402344,148.0088348388672,17.223875045776367
-385.83978271484375,148.80950927734375,17.2133846282959
-385.7840270996094,149.611083984375,17.203689575195312
-385.7259521484375,150.4137725830078,17.19481086730957
-385.664794921875,151.21792602539062,17.18754005432129
-385.6014709472656,152.0235137939453,17.181163787841797
-385.5367736816406,152.83009338378906,17.173744201660156
-385.4696044921875,153.63739013671875,17.164508819580078
-385.3999328613281,154.4452667236328,17.153499603271484
-385.328125,155.25399780273438,17.140867233276367
-385.2540893554687,156.06405639648438,17.12737464904785
-385.1772155761719,156.87545776367188,17.114107131958008
-385.0969543457031,157.68800354003906,17.101299285888672
-385.0133056640625,158.50148010253906,17.089332580566406
-384.92681884765625,159.31597900390625,17.07799530029297
-384.8376770019531,160.13174438476562,17.067384719848633
-384.7467956542969,160.9488525390625,17.056432723999023
-384.65380859375,161.7672119140625,17.04425621032715
-384.5587158203125,162.58668518066406,17.030345916748047
-384.4618835449219,163.4074249267578,17.014650344848633
-384.3630676269531,164.2296905517578,16.997051239013672
-384.2618408203125,165.0540313720703,16.978805541992188
-384.1580810546875,165.88070678710938,16.96135902404785
-384.0511474609375,166.70962524414062,16.945520401000977
-383.9413146972656,167.5406951904297,16.9306697845459
-383.8291931152344,168.37432861328125,16.91632080078125
-383.7149353027344,169.21084594726562,16.90165138244629
-383.5982666015625,170.0503692626953,16.885543823242188
-383.4794006347656,170.89334106445312,16.867918014526367
-383.3583068847656,171.74020385742188,16.848846435546875
-383.2343444824219,172.59153747558594,16.829492568969727
-383.1076049804687,173.44790649414062,16.810914993286133
-382.9786376953125,174.30958557128906,16.792984008789062
-382.84661865234375,175.17633056640625,16.77558135986328
-382.7110900878906,176.04824829101562,16.758779525756836
-382.5732727050781,176.92616271972656,16.74274444580078
-382.43353271484375,177.81008911132812,16.727134704589844
-382.2916259765625,178.69967651367188,16.711639404296875
-382.1476440429687,179.59475708007812,16.696117401123047
-382.002685546875,180.4954376220703,16.68014144897461
-381.8574523925781,181.4019317626953,16.66375732421875
-381.71185302734375,182.3135986328125,16.645875930786133
-381.5658264160156,183.22994995117188,16.625606536865234
-381.4195556640625,184.152099609375,16.604843139648438
-381.2725830078125,185.08053588867188,16.584131240844727
-381.1249084472656,186.0161590576172,16.565929412841797
-380.9768676757813,186.958251953125,16.551504135131836
-380.8288879394531,187.9046630859375,16.538850784301758
-380.6805114746094,188.8543243408203,16.525558471679688
-380.5325012207031,189.80709838867188,16.508960723876953
-380.3846130371094,190.7633819580078,16.48895835876465
-380.2364807128906,191.72352600097656,16.467041015625
-380.0876159667969,192.68768310546875,16.445228576660156
-379.9374694824219,193.65589904785156,16.42516326904297
-379.78570556640625,194.62808227539065,16.408023834228516
-379.6324768066406,195.60348510742188,16.39316177368164
-379.4781799316406,196.58120727539065,16.37824058532715
-379.3222351074219,197.5609588623047,16.362499237060547
-379.1654968261719,198.5430603027344,16.344392776489258
-379.0079040527344,199.52783203125,16.32408905029297
-378.8484191894531,200.5153656005859,16.30281639099121
-378.68701171875,201.5058135986328,16.28154754638672
-378.5233459472656,202.4992523193359,16.261432647705078
-378.3569641113281,203.4954833984375,16.243268966674805
-378.1883850097656,204.493896484375,16.225967407226562
-378.0167236328125,205.4942169189453,16.210433959960938
-377.8428039550781,206.49620056152344,16.196319580078125
-377.6675109863281,207.4991149902344,16.181468963623047
-377.4902648925781,208.50238037109375,16.165271759033203
-377.3111877441406,209.5059814453125,16.14735984802246
-377.1306762695313,210.51026916503903,16.127864837646484
-376.9480895996094,211.5153350830078,16.10843276977539
-376.7629699707031,212.5207366943359,16.09060287475586
-376.5749206542969,213.5256195068359,16.07438087463379
-376.3846740722656,214.5298767089844,16.060209274291992
-376.1944580078125,215.5334930419922,16.04530906677246
-376.0035400390625,216.5362243652344,16.028181076049805
-375.8117370605469,217.53793334960935,16.008644104003906
-375.6195373535156,218.53909301757812,15.987258911132812
-375.42681884765625,219.5401153564453,15.965609550476074
-375.232666015625,220.5406494140625,15.945456504821776
-375.0370178222656,221.53993225097656,15.92654037475586
-374.84088134765625,222.53781127929688,15.90749168395996
-374.6439514160156,223.5344085693359,15.888506889343262
-374.44622802734375,224.5301055908203,15.86918830871582
-374.2474060058594,225.52484130859375,15.849491119384766
-374.0471496582031,226.5184326171875,15.830012321472168
-373.8462829589844,227.51075744628903,15.810101509094238
-373.6447143554687,228.50173950195312,15.788966178894045
-373.4421691894531,229.49131774902344,15.766584396362305
-373.23773193359375,230.47950744628903,15.743916511535645
-373.0306396484375,231.4662170410156,15.723179817199709
-372.822265625,232.45101928710935,15.704249382019045
-372.6130981445313,233.43345642089844,15.684941291809082
-372.4025573730469,234.41339111328125,15.664843559265137
-372.1912231445313,235.391357421875,15.643003463745115
-371.9791870117187,236.36740112304688,15.61896800994873
-371.76605224609375,237.34132385253903,15.592503547668455
-371.55072021484375,238.3129425048828,15.565374374389648
-371.33245849609375,239.28225708007812,15.540176391601562
-371.11126708984375,240.2490234375,15.518102645874023
-370.8890686035156,241.21275329589844,15.4961519241333
-370.6653137207031,242.173095703125,15.47330093383789
-370.4395446777344,243.13018798828125,15.44968318939209
-370.21246337890625,244.0847930908203,15.424508094787598
-369.9836120605469,245.03695678710935,15.398027420043944
-369.75238037109375,245.98646545410156,15.371301651000977
-369.5190124511719,246.9333038330078,15.34442901611328
-369.2831115722656,247.8772735595703,15.3178071975708
-369.0447082519531,248.81822204589844,15.291374206542969
-368.8034057617187,249.75599670410156,15.26580047607422
-368.5589294433594,250.69053649902344,15.242437362670898
-368.3129577636719,251.62213134765625,15.22024154663086
-368.0661926269531,252.5508728027344,15.196590423583984
-367.8179931640625,253.47662353515625,15.17030906677246
-367.5685729980469,254.3995361328125,15.140883445739746
-367.3180541992187,255.3203125,15.1087064743042
-367.0655212402344,256.23895263671875,15.075807571411133
-366.8103637695313,257.1549987792969,15.043710708618164
-366.55230712890625,258.06768798828125,15.012761116027832
-366.2921142578125,258.97711181640625,14.982757568359377
-366.0305480957031,259.8834228515625,14.953084945678713
-365.7678527832031,260.786865234375,14.92299461364746
-365.5039367675781,261.6874694824219,14.892204284667969
-365.2391662597656,262.58544921875,14.86054801940918
-364.9737854003906,263.4812316894531,14.828328132629396
-364.7084655761719,264.3750305175781,14.795255661010742
-364.4422302246094,265.26629638671875,14.761200904846191
-364.1750793457031,266.155029296875,14.727720260620115
-363.9073486328125,267.0414733886719,14.696142196655272
-363.6396789550781,267.9255676269531,14.665958404541016
-363.3730163574219,268.80731201171875,14.634997367858888
-363.1067504882813,269.6865234375,14.602795600891112
-362.8408203125,270.56341552734375,14.568705558776855
-362.5761413574219,271.4388732910156,14.532393455505373
-362.3127136230469,272.3130187988281,14.493606567382812
-362.050048828125,273.1856994628906,14.452940940856934
-361.7877197265625,274.05718994140625,14.412749290466309
-361.5256042480469,274.9281311035156,14.375100135803224
-361.263916015625,275.7983703613281,14.340614318847656
-361.00396728515625,276.6673889160156,14.306923866271973
-360.7448425292969,277.5350341796875,14.27375316619873
-360.4859619140625,278.401611328125,14.24161434173584
-360.2289733886719,279.26806640625,14.208969116210938
-359.973388671875,280.1345520019531,14.175244331359863
-359.7187194824219,281.0010070800781,14.140604972839355
-359.4644775390625,281.86767578125,14.106040954589844
-359.2107238769531,282.73504638671875,14.07249927520752
-358.9582824707031,283.6031494140625,14.038827896118164
-358.7063293457031,284.4715576171875,14.004236221313477
-358.45416259765625,285.34033203125,13.96937370300293
-358.202392578125,286.2103271484375,13.934021949768066
-357.95135498046875,287.0822448730469,13.898882865905762
-357.700439453125,287.9557189941406,13.862921714782717
-357.4499206542969,288.8305969238281,13.825848579406738
-357.1992492675781,289.7067565917969,13.786731719970703
-356.9483337402344,290.5845642089844,13.744118690490724
-356.6968994140625,291.4646911621094,13.6991548538208
-356.44476318359375,292.3475341796875,13.653360366821287
-356.1908264160156,293.2327575683594,13.60905647277832
-355.9355773925781,294.12042236328125,13.56711196899414
-355.68035888671875,295.01019287109375,13.525938987731934
-355.4246826171875,295.9013977050781,13.483959197998049
-355.1683044433594,296.7939453125,13.440751075744627
-354.9119873046875,297.68829345703125,13.39517307281494
-354.6557922363281,298.58447265625,13.34714698791504
-354.39947509765625,299.482421875,13.29686164855957
-354.142822265625,300.3822326660156,13.245000839233398
-353.8856201171875,301.2841491699219,13.19255828857422
-353.62786865234375,302.188720703125,13.14072322845459
-353.3692626953125,303.0960693359375,13.090456008911133
-353.1106872558594,304.00628662109375,13.041513442993164
-352.8523254394531,304.91827392578125,12.99149227142334
-352.593505859375,305.831787109375,12.939818382263184
-352.3348083496094,306.7472839355469,12.886109352111816
-352.0767822265625,307.6654052734375,12.829952239990234
-351.8187255859375,308.586181640625,12.772846221923828
-351.5606689453125,309.50933837890625,12.715124130249023
-351.3026428222656,310.434814453125,12.65764331817627
-351.045166015625,311.36260986328125,12.600213050842283
-350.78802490234375,312.2926025390625,12.543036460876465
-350.5306396484375,313.2247009277344,12.486572265625
-350.2738037109375,314.158935546875,12.43047046661377
-350.018310546875,315.094970703125,12.373379707336426
-349.7630615234375,316.0321960449219,12.314525604248049
-349.5081481933594,316.9707336425781,12.253890991210938
-349.2544860839844,317.91119384765625,12.190789222717283
-349.00115966796875,318.8540954589844,12.127226829528809
-348.7471923828125,319.79949951171875,12.066458702087402
-348.49285888671875,320.7471923828125,12.00918197631836
-348.23828125,321.6962585449219,11.95433235168457
-347.98406982421875,322.6467590332031,11.901391983032228
-347.7303161621094,323.59844970703125,11.848281860351562
-347.4766845703125,324.5509948730469,11.79331874847412
-347.2226257324219,325.5042724609375,11.736278533935549
-346.96875,326.45904541015625,11.676732063293455
-346.7145080566406,327.41552734375,11.615558624267578
-346.458984375,328.37353515625,11.554367065429688
-346.2015380859375,329.3325500488281,11.49460220336914
-345.9427490234375,330.2925109863281,11.434680938720703
-345.6829528808594,331.2533264160156,11.374835968017578
-345.4219665527344,332.2151184082031,11.31457233428955
-345.1598205566406,333.17803955078125,11.252988815307615
-344.89666748046875,334.1418762207031,11.190095901489258
-344.6326599121094,335.10638427734375,11.125834465026855
-344.3678283691406,336.071533203125,11.059191703796388
-344.1014404296875,337.037353515625,10.99069595336914
-343.83245849609375,338.0040283203125,10.922407150268556
-343.5608825683594,338.9717712402344,10.856488227844238
-343.28778076171875,339.94012451171875,10.792339324951172
-343.0137939453125,340.908447265625,10.728404998779297
-342.7389831542969,341.8768615722656,10.663544654846191
-342.4642333984375,342.84588623046875,10.596078872680664
-342.1889953613281,343.81585693359375,10.52732276916504
-341.9135437011719,344.7869567871094,10.458548545837402
-341.6372985839844,345.7587585449219,10.39038372039795
-341.3608093261719,346.7309875488281,10.323219299316406
-341.08502197265625,347.7041015625,10.256897926330566
-340.8091125488281,348.6782531738281,10.191665649414062
-340.532958984375,349.6534423828125,10.128270149230955
-340.25836181640625,350.6296081542969,10.065736770629885
-339.9849548339844,351.60601806640625,10.001766204833984
-339.71221923828125,352.58233642578125,9.935572624206545
-339.44085693359375,353.5592041015625,9.86579418182373
-339.1705322265625,354.5371398925781,9.792715072631836
-338.90087890625,355.5164489746094,9.718494415283203
-338.63165283203125,356.49700927734375,9.644675254821776
-338.3629455566406,357.47833251953125,9.571434020996094
-338.09503173828125,358.460205078125,9.4987211227417
-337.828125,359.4428405761719,9.42457675933838
-337.561767578125,360.42620849609375,9.349090576171877
-337.295654296875,361.4101867675781,9.272056579589844
-337.0300598144531,362.3949890136719,9.19424533843994
-336.7649230957031,363.3805847167969,9.11557388305664
-336.4991149902344,364.3669738769531,9.03847599029541
-336.232177734375,365.354248046875,8.963884353637695
-335.9643859863281,366.3424072265625,8.893176078796387
-335.6976013183594,367.3309020996094,8.823399543762207
-335.4308166503906,368.3190612792969,8.752947807312012
-335.16351318359375,369.3070373535156,8.681366920471191
-334.89666748046875,370.295654296875,8.608126640319824
-334.6299133300781,371.2851257324219,8.534075736999512
-334.36273193359375,372.275390625,8.460653305053711
-334.09417724609375,373.2662048339844,8.389396667480469
-333.82403564453125,374.2577209472656,8.322051048278809
-333.5541076660156,375.2495422363281,8.256457328796387
-333.2833251953125,376.2413024902344,8.19253158569336
-333.011474609375,377.2330627441406,8.13105583190918
-332.7399597167969,378.22515869140625,8.069560050964355
-332.4684143066406,379.2174072265625,8.007020950317383
-332.19635009765625,380.209716796875,7.943512916564941
-331.923583984375,381.2024536132813,7.879146099090576
-331.6496887207031,382.1961669921875,7.815712928771973
-331.37384033203125,383.1904602050781,7.754103660583496
-331.0958251953125,384.1846923828125,7.6949357986450195
-330.81707763671875,385.1791687011719,7.637953281402588
-330.5384521484375,386.1739807128906,7.58165168762207
-330.25970458984375,387.1689453125,7.524662494659424
-329.98077392578125,388.1641540527344,7.466290950775147
-329.7019958496094,389.1600036621094,7.406508445739746
-329.4233703613281,390.1570739746094,7.346612453460693
-329.14459228515625,391.15533447265625,7.28749942779541
-328.86407470703125,392.1536560058594,7.23054313659668
-328.58349609375,393.1526489257813,7.176621913909912
-328.3038330078125,394.1524353027344,7.124359130859375
-328.0243835449219,395.15240478515625,7.071723937988281
-327.7447204589844,396.1524963378906,7.018474578857422
-327.46527099609375,397.1531982421875,6.964907169342041
-327.186767578125,398.1549377441406,6.910248756408691
-326.9089050292969,399.1575317382813,6.854966640472412
-326.6311340332031,400.1607971191406,6.800078392028809
-326.352783203125,401.165283203125,6.748140335083008
-326.07440185546875,402.171142578125,6.700465679168701
-325.79754638671875,403.1775817871094,6.654018878936768
-325.5209045410156,404.1837463378906,6.606942176818848
-325.2441711425781,405.1899108886719,6.5595703125
-324.96844482421875,406.1971435546875,6.511193752288818
-324.69293212890625,407.2055969238281,6.463379383087158
-324.41705322265625,408.215087890625,6.417837619781494
-324.1409606933594,409.2254333496094,6.375227928161621
-323.86474609375,410.2359924316406,6.334507465362549
-323.5887451171875,411.2468566894531,6.2956719398498535
-323.31201171875,412.258056640625,6.259495258331299
-323.03570556640625,413.26959228515625,6.226945400238037
-322.76055908203125,414.2807922363281,6.194659233093262
-322.4856262207031,415.2908935546875,6.161317825317383
-322.21136474609375,416.2999267578125,6.126445770263672
-321.9376525878906,417.3082885742187,6.091494083404541
-321.6640930175781,418.3157958984375,6.0593647956848145
-321.38970947265625,419.3211975097656,6.031027793884277
-321.1165771484375,420.323974609375,6.005267143249512
-320.8451232910156,421.3240661621094,5.981165409088135
-320.5749816894531,422.3216247558594,5.958500385284424
-320.30682373046875,423.3167114257813,5.936113357543945
-320.0401611328125,424.3093566894531,5.913844585418701
-319.7749938964844,425.299560546875,5.892094135284424
-319.51202392578125,426.28765869140625,5.870412826538086
-319.25054931640625,427.2732849121094,5.849014759063721
-318.9901123046875,428.256103515625,5.830103397369385
-318.73175048828125,429.2361755371094,5.813273906707764
-318.4757385253906,430.213134765625,5.797182559967041
-318.2216796875,431.186767578125,5.7816596031188965
-317.96929931640625,432.157470703125,5.7671637535095215
-317.71868896484375,433.1254577636719,5.7538981437683105
-317.4698791503906,434.0909118652344,5.741144180297852
-317.2221374511719,435.053466796875,5.7276740074157715
-316.97552490234375,436.0130310058594,5.71356725692749
-316.7296142578125,436.9697265625,5.700925827026367
-316.4840393066406,437.92333984375,5.690883636474609
-316.2404479980469,438.8739013671875,5.681829929351807
-315.9978942871094,439.8209838867187,5.672873020172119
-315.7557678222656,440.7645568847656,5.6642680168151855
-315.515380859375,441.7051086425781,5.655081272125244
-315.2763366699219,442.6427307128906,5.645240783691406
-315.0374450683594,443.5773010253906,5.635273456573486
-314.798828125,444.509033203125,5.626121997833252
-314.5606689453125,445.4378356933594,5.618374347686768
-314.3223876953125,446.3632507324219,5.611170768737793
-314.083984375,447.2849426269531,5.6053266525268555
-313.8454895019531,448.2029724121094,5.602174758911133
-313.60687255859375,449.1174011230469,5.600582122802734
-313.369140625,450.02838134765625,5.598389148712158
-313.1314697265625,450.93603515625,5.594491958618164
-312.8934020996094,451.8408508300781,5.588677883148193
-312.6543273925781,452.74359130859375,5.5832061767578125
-312.4135437011719,453.6446533203125,5.581281661987305
-312.1709289550781,454.5433654785156,5.58171272277832
-311.9259033203125,455.43792724609375,5.582591533660889
-311.6802673339844,456.3278503417969,5.584198951721191
-311.434814453125,457.2130737304687,5.5856218338012695
-311.1875305175781,458.09228515625,5.588500022888184
-310.9399719238281,458.9623107910156,5.594380855560303
-310.69415283203125,459.8240356445313,5.599214553833008
-310.44866943359375,460.6770935058594,5.602066993713379
-310.20367431640625,461.5195617675781,5.604272365570068
-309.9603271484375,462.3503112792969,5.60719633102417
-309.718017578125,463.16851806640625,5.61145544052124
-309.47674560546875,463.9742431640625,5.617280006408691
-309.23638916015625,464.7678527832031,5.624146461486816
-308.99761962890625,465.5506286621094,5.630702972412109
-308.7615051269531,466.32269287109375,5.638302326202393
-308.5265808105469,467.08489990234375,5.647769927978516
-308.29400634765625,467.8400268554687,5.655897617340088
-308.0633544921875,468.5865478515625,5.664922714233398
-307.8351135253906,469.324951171875,5.6739501953125
-307.61041259765625,470.0565490722656,5.681326866149902
-307.38800048828125,470.7800903320313,5.688790321350098
-307.1676330566406,471.4947204589844,5.697800159454346
-306.9516906738281,472.201171875,5.709014892578125
-306.7378845214844,472.8984375,5.723257064819336
-306.5286560058594,473.5896606445313,5.735029220581055
-306.3201599121094,474.2713012695313,5.749904632568359
-306.1160583496094,474.9470825195313,5.762652397155762
-305.9151916503906,475.6153564453125,5.774990558624268
-305.7166748046875,476.27435302734375,5.786439895629883
-305.5220642089844,476.9255676269531,5.797483444213867
-305.3298034667969,477.5685729980469,5.809577941894531
-305.14031982421875,478.2077026367187,5.8210954666137695
-304.95025634765625,478.8441467285156,5.83632755279541
-304.76409912109375,479.4791564941406,5.8491530418396
-304.5779724121094,480.11126708984375,5.860791206359863
-304.3927001953125,480.7411804199219,5.870069980621338
-304.2062683105469,481.3664245605469,5.884645462036133
-304.02288818359375,481.9903564453125,5.8990983963012695
-303.83966064453125,482.61083984375,5.911838531494141
-303.65545654296875,483.22796630859375,5.925609111785889
-303.47442626953125,483.841796875,5.939554214477539
-303.2943115234375,484.4524841308594,5.95222806930542
-303.1131591796875,485.05914306640625,5.966779708862305
-302.93365478515625,485.66314697265625,5.983696460723877
-302.7551574707031,486.2649536132813,6.0019659996032715
-302.5775451660156,486.8639221191406,6.019373416900635
-302.4010009765625,487.4602966308594,6.035549163818359
-302.2262268066406,488.0540161132813,6.051023960113525
-302.05328369140625,488.6456604003906,6.065003395080566
-301.8818664550781,489.2344970703125,6.078307628631592
-301.71258544921875,489.8202819824219,6.0923638343811035
-301.5463562011719,490.4032897949219,6.107641696929932
-301.3831481933594,490.9837341308594,6.124421119689941
-301.2231750488281,491.5619812011719,6.142353057861328
-301.06646728515625,492.1379699707031,6.160879611968994
-300.9129333496094,492.7116394042969,6.179096698760986
-300.7619934082031,493.28265380859375,6.197005271911621
-300.61358642578125,493.8507385253906,6.215407848358154
-300.4672546386719,494.4156494140625,6.237362384796143
-300.3244934082031,494.9782104492187,6.262791633605957
-300.18536376953125,495.5388793945313,6.286490440368652
-300.04644775390625,496.09576416015625,6.308253765106201
-299.9091796875,496.64947509765625,6.328273296356201
-299.77337646484375,497.20111083984375,6.345266819000244
-299.63836669921875,497.7478637695313,6.360536575317383
-299.50140380859375,498.2826232910156,6.382176399230957
-299.37060546875,498.80615234375,6.406581401824951
-299.242431640625,499.3224487304687,6.426014423370361
-299.11346435546875,499.8263244628906,6.445735931396484
-298.9891662597656,500.3216247558594,6.462325096130371
-298.86370849609375,500.7994689941406,6.483654499053955
-298.7459411621094,501.2664489746094,6.505866050720215
-298.6302490234375,501.7247619628906,6.524492263793945
-298.512939453125,502.1712646484375,6.543537139892578
-298.4001770019531,502.6099853515625,6.561854362487793
-298.2890930175781,503.0442199707031,6.578251838684082
-298.17803955078125,503.4737548828125,6.593907833099365
-298.0693054199219,503.8995666503906,6.606358528137207
-297.96124267578125,504.3181457519531,6.61877965927124
-297.85479736328125,504.7278442382813,6.632169723510742
-297.7515563964844,505.1287536621094,6.645785808563232
-297.650634765625,505.5215148925781,6.658738613128662
-297.55108642578125,505.9069213867187,6.6712727546691895
-297.4530334472656,506.2859497070313,6.6829352378845215
-297.3562927246094,506.6594543457031,6.693580627441406
-297.2602844238281,507.0286560058594,6.703598976135254
-297.1643981933594,507.39495849609375,6.713850021362305
-297.0686950683594,507.7594909667969,6.724647521972656
-296.9732666015625,508.12152099609375,6.735824108123779
-296.87823486328125,508.4807434082031,6.74727725982666
-296.783447265625,508.8370361328125,6.758581638336182
-296.6889953613281,509.1904296875,6.7696967124938965
-296.59521484375,509.5408630371094,6.780450820922852
-296.50213623046875,509.8880310058594,6.791672229766846
-296.4097900390625,510.2319030761719,6.8034796714782715
-296.31829833984375,510.57275390625,6.815622329711914
-296.2275390625,510.91070556640625,6.827762603759766
-296.13751220703125,511.24560546875,6.839411735534668
-296.04803466796875,511.5774230957031,6.850502014160156
-295.959228515625,511.9063415527344,6.861006736755371
-295.871337890625,512.2322998046875,6.871096611022949
-295.78424072265625,512.5551147460938,6.881001949310303
-295.69781494140625,512.8748779296875,6.890716075897217
-295.6121826171875,513.1915893554688,6.900369644165039
-295.5273742675781,513.50537109375,6.909797191619873
-295.4432067871094,513.8163452148438,6.9187750816345215
-295.3595886230469,514.1243896484375,6.927264213562012
-295.276611328125,514.4293823242188,6.935391426086426
-295.1943054199219,514.7314453125,6.943439960479736
-295.1127624511719,515.0306396484375,6.9515509605407715
-295.0318298339844,515.3267822265625,6.959870338439941
-294.9513854980469,515.619873046875,6.968400955200195
-294.87158203125,515.9098510742188,6.976662635803223
-294.7926940917969,516.1968383789062,6.984552383422852
-294.7145080566406,516.4807739257812,6.992110729217529
-294.636962890625,516.7618408203125,6.999391555786133
-294.5600891113281,517.0401000976562,7.006597995758057
-294.4838562011719,517.3157958984375,7.014028072357178
-294.40826416015625,517.589111328125,7.021825790405273
-294.3332214355469,517.8603515625,7.030085563659668
-294.2586975097656,518.1295776367188,7.038562774658203
-294.1845397949219,518.3967895507812,7.046968460083008
-294.1109619140625,518.6621704101562,7.055183410644531
-294.0380554199219,518.9254760742188,7.063252925872803
-293.96588134765625,519.1868286132812,7.0711188316345215
-293.894775390625,519.4458618164062,7.078851222991943
-293.8243713378906,519.7027587890625,7.0867109298706055
-293.7546691894531,519.957275390625,7.094754695892334
-293.68603515625,520.20947265625,7.103059768676758
-293.6183166503906,520.4591674804688,7.111340522766113
-293.5515441894531,520.7062377929688,7.119317054748535
-293.48590087890625,520.9506225585938,7.126862525939941
-293.4214782714844,521.1923217773438,7.1339569091796875
-293.3582763671875,521.43115234375,7.140890121459961
-293.2964172363281,521.667236328125,7.147692680358887
-293.23583984375,521.9005737304688,7.154483795166016
-293.1764831542969,522.1309814453125,7.16143798828125
-293.1183776855469,522.3585205078125,7.1686930656433105
-293.06158447265625,522.5831909179688,7.176064491271973
-293.0062255859375,522.8052368164062,7.183370590209961
-292.9522399902344,523.024658203125,7.190402507781982
-292.8998107910156,523.241455078125,7.196963310241699
-292.8490295410156,523.4553833007812,7.203089237213135
-292.79998779296875,523.666748046875,7.208848476409912
-292.7527160644531,523.8753051757812,7.214352130889893
-292.7071838378906,524.0811157226562,7.219863414764404
-292.6634216308594,524.2842407226562,7.225431442260742
-292.6214294433594,524.4847412109375,7.230976581573486
-292.5811462402344,524.6826782226562,7.236455917358398
-292.5426330566406,524.8780517578125,7.241926670074463
-292.5060119628906,525.0711059570312,7.2474365234375
-292.4712829589844,525.2618408203125,7.252956867218018
-292.4385986328125,525.4503784179688,7.258505821228027
-292.4078369140625,525.6366577148438,7.264091491699219
-292.3791198730469,525.82080078125,7.269651889801025
-292.3523254394531,526.002685546875,7.275143146514893
-292.3273620605469,526.182373046875,7.280599594116211
-292.3041687011719,526.3596801757812,7.286116123199463
-292.2826843261719,526.5348510742188,7.291726589202881
-292.2629089355469,526.707763671875,7.297431468963623
-292.2449035644531,526.8785400390625,7.303184509277344
-292.2285461425781,527.04736328125,7.308891773223877
-292.21380615234375,527.2146606445312,7.3145270347595215
-292.20062255859375,527.380615234375,7.320099830627441
-292.18927001953125,527.5455322265625,7.325550556182861
-292.1793518066406,527.709228515625,7.330994606018066
-292.1709289550781,527.8718872070312,7.336427688598633
-292.1640319824219,528.0335083007812,7.341677665710449
-292.1584167480469,528.1943359375,7.346714973449707
-292.154296875,528.3543701171875,7.351614475250244
-292.1514587402344,528.5135498046875,7.356544494628906
-292.14996337890625,528.6722412109375,7.361483573913574
-292.1497802734375,528.8305053710938,7.366532802581787
-292.15093994140625,528.989013671875,7.371689796447754
-292.1534729003906,529.1477661132812,7.376889705657959
-292.157470703125,529.3075561523438,7.3821120262146
-292.16290283203125,529.468994140625,7.387336730957031
-292.1697998046875,529.6323852539062,7.392725944519043
-292.1781921386719,529.7979736328125,7.398272514343262
-292.1880798339844,529.9656372070312,7.403875827789307
-292.1994934082031,530.1355590820312,7.40935754776001
-292.2124328613281,530.3076171875,7.414562225341797
-292.2267761230469,530.4816284179688,7.419713973999023
-292.24273681640625,530.6574096679688,7.424781799316406
-292.2603454589844,530.8351440429688,7.4297990798950195
-292.2797546386719,531.0146484375,7.434868335723877
-292.3009948730469,531.1959228515625,7.439990997314453
-292.3240661621094,531.37890625,7.445151805877685
-292.3490295410156,531.5636596679688,7.450343132019043
-292.3758544921875,531.7501831054688,7.455720901489258
-292.40533447265625,531.938232421875,7.461226940155029
-292.4371032714844,532.1279296875,7.465590000152588
-292.4701232910156,532.3193359375,7.470275402069092
-292.5060729980469,532.5123291015625,7.475059509277344
-292.5442810058594,532.7069091796875,7.479404449462891
-292.583984375,532.9033203125,7.483670711517334
-292.6246032714844,533.1022338867188,7.489610195159912
-292.6683654785156,533.3026733398438,7.495924949645996
-292.7135925292969,533.504638671875,7.501674175262451
-292.7605285644531,533.708251953125,7.506655216217041
-292.8088684082031,533.9133911132812,7.5109405517578125
-292.8588562011719,534.1201171875,7.514860153198242
-292.9105529785156,534.3277587890625,7.518675804138184
-292.9635314941406,534.5350952148438,7.522035121917725
-293.01800537109375,534.7406005859375,7.524485588073731
-293.0726623535156,534.943603515625,7.526105403900147
-293.1273193359375,535.1437377929688,7.528643608093262
-293.1832275390625,535.3407592773438,7.532129764556885
-293.23919677734375,535.5348510742188,7.53639030456543
-293.295654296875,535.7257690429688,7.540974140167236
-293.35198974609375,535.9135131835938,7.545246124267578
-293.408447265625,536.0980224609375,7.5489325523376465
-293.4650573730469,536.2794799804688,7.551969051361084
-293.5215759277344,536.4578247070312,7.554457187652588
-293.578125,536.6331787109375,7.556612014770508
-293.63446044921875,536.8055419921875,7.558670997619629
-293.6905517578125,536.974853515625,7.561025619506836
-293.74603271484375,537.14111328125,7.563936710357666
-293.80145263671875,537.3043212890625,7.566997051239014
-293.85687255859375,537.46435546875,7.569971561431885
-293.91241455078125,537.6212158203125,7.57280158996582
-293.967529296875,537.77490234375,7.575698375701904
-294.0226745605469,537.92529296875,7.578773975372315
-294.0777587890625,538.0724487304688,7.5819926261901855
-294.1327819824219,538.216552734375,7.5852437019348145
-294.187744140625,538.357421875,7.588409423828125
-294.2426452636719,538.4953002929688,7.59139347076416
-294.29736328125,538.6300659179688,7.594086647033691
-294.35198974609375,538.7617797851562,7.596261024475098
-294.4064636230469,538.8903198242188,7.598093032836914
-294.4608459472656,539.015625,7.599733352661133
-294.51513671875,539.137939453125,7.601314067840576
-294.5691833496094,539.2569580078125,7.603122234344482
-294.623046875,539.3729858398438,7.605197906494141
-294.6766662597656,539.486083984375,7.607541084289551
-294.7298889160156,539.5965576171875,7.610217571258545
-294.78271484375,539.7047119140625,7.613040924072266
-294.8352966308594,539.8106079101562,7.615723133087158
-294.8885803222656,539.9140625,7.617584705352783
-294.9411926269531,540.0157470703125,7.61892032623291
-294.993896484375,540.1153564453125,7.620298385620117
-295.0468444824219,540.2129516601562,7.622025489807129
-295.0999450683594,540.3087768554688,7.624151229858398
-295.15313720703125,540.4027099609375,7.626397609710693
-295.2062072753906,540.4950561523438,7.628570079803467
-295.25921630859375,540.5858764648438,7.630568981170654
-295.3124084472656,540.6756591796875,7.632400989532471
-295.3660583496094,540.7649536132812,7.634149074554443
-295.42041015625,540.8540649414062,7.635889530181885
-295.4757080078125,540.9432373046875,7.6376729011535645
-295.5317687988281,541.0323486328125,7.639410495758057
-295.58880615234375,541.1216430664062,7.641053676605225
-295.6468505859375,541.211181640625,7.642640113830566
-295.7060852050781,541.30126953125,7.644213676452637
-295.7667541503906,541.3919677734375,7.645849227905273
-295.8288879394531,541.4837646484375,7.647475719451904
-295.892822265625,541.5768432617188,7.649026393890381
-295.9592590332031,541.6720581054688,7.650437355041504
-296.0287780761719,541.7706298828125,7.652154922485352
-296.101806640625,541.8734130859375,7.654325008392334
-296.1785583496094,541.9801025390625,7.6567816734313965
-296.25909423828125,542.090576171875,7.6593499183654785
-296.3437805175781,542.2046508789062,7.661599159240723
-296.4319763183594,542.3222045898438,7.662906169891357
-296.52392578125,542.4429321289062,7.664351940155029
-296.62078857421875,542.5669555664062,7.666671276092529
-296.720458984375,542.6953125,7.669803142547607
-296.8246765136719,542.825927734375,7.67295503616333
-296.9332580566406,542.959228515625,7.675915241241455
-297.04595947265625,543.0953369140625,7.6787190437316895
-297.1631164550781,543.2343139648438,7.681512832641602
-297.28472900390625,543.3759155273438,7.68405294418335
-297.4104919433594,543.5203247070312,7.686278820037842
-297.54058837890625,543.66748046875,7.688570022583008
-297.6753845214844,543.8171997070312,7.691113471984863
-297.81439208984375,543.9692993164062,7.693836212158203
-297.9577331542969,544.1234741210938,7.696725845336914
-298.1053771972656,544.2797241210938,7.699867248535156
-298.25726318359375,544.4381713867188,7.703361988067627
-298.41302490234375,544.5988159179688,7.707033634185791
-298.5726318359375,544.7614135742188,7.710721969604492
-298.7362365722656,544.9255981445312,7.714327812194824
-298.9033203125,545.0911865234375,7.717617511749268
-299.0736083984375,545.2581787109375,7.720901966094971
-299.2472839355469,545.4259033203125,7.723878383636475
-299.424072265625,545.5946655273438,7.726689338684082
-299.6037292480469,545.7640991210938,7.729500770568848
-299.7862548828125,545.9342651367188,7.732488632202148
-299.9715576171875,546.10498046875,7.736050605773926
-300.15936279296875,546.2762451171875,7.740504741668701
-300.3493347167969,546.4480590820312,7.745285987854004
-300.54150390625,546.620361328125,7.749974727630615
-300.73583984375,546.7932739257812,7.75439977645874
-300.93243408203125,546.9668579101562,7.758517265319824
-301.1307678222656,547.1417236328125,7.762611389160156
-301.3310546875,547.3172607421875,7.766600131988525
-301.5331726074219,547.4937133789062,7.770567417144775
-301.73687744140625,547.671142578125,7.7749528884887695
-301.9425964355469,547.8489990234375,7.780070304870605
-302.1502685546875,548.0274047851562,7.78587532043457
-302.3598327636719,548.2063598632812,7.792140483856201
-302.5714416503906,548.3856811523438,7.798575401306152
-302.7850646972656,548.5654907226562,7.804918766021728
-303.00079345703125,548.7454223632812,7.810794353485107
-303.21856689453125,548.9258422851562,7.8159613609313965
-303.43829345703125,549.1065673828125,7.820176124572754
-303.65972900390625,549.287841796875,7.824222564697266
-303.88330078125,549.4696044921875,7.828951835632324
-304.10919189453125,549.6511840820312,7.834291934967041
-304.33721923828125,549.8328247070312,7.839832782745361
-304.56719970703125,550.0145263671875,7.845273971557617
-304.79901123046875,550.1964111328125,7.850671291351318
-305.03289794921875,550.37841796875,7.856106281280518
-305.2691345214844,550.560546875,7.861642360687256
-305.5075378417969,550.742919921875,7.867775440216064
-305.7479248046875,550.9257202148438,7.874030590057373
-305.9899597167969,551.1090698242188,7.880236625671387
-306.2334899902344,551.2932739257812,7.886589527130127
-306.4787902832031,551.4780883789062,7.89315128326416
-306.725830078125,551.6635131835938,7.899474143981934
-306.9743957519531,551.849609375,7.904977798461914
-307.2239990234375,552.0367431640625,7.90979528427124
-307.4749755859375,552.2250366210938,7.914073467254639
-307.7273864746094,552.414306640625,7.918331146240234
-307.9816589355469,552.6049194335938,7.9234209060668945
-308.23822021484375,552.7960205078125,7.928579330444336
-308.4964294433594,552.9881591796875,7.9338765144348145
-308.75634765625,553.1813354492188,7.939647674560547
-309.01849365234375,553.3753662109375,7.945344924926758
-309.2823791503906,553.5707397460938,7.950979232788086
-309.5479431152344,553.7678833007812,7.956624984741211
-309.8153991699219,553.9663696289062,7.96181058883667
-310.084228515625,554.1666870117188,7.967072010040283
-310.35467529296875,554.3687133789062,7.97270393371582
-310.62689208984375,554.5721435546875,7.978213310241699
-310.9005126953125,554.7775268554688,7.983789443969727
-311.1756286621094,554.9846801757812,7.989951133728027
-311.45245361328125,555.1932983398438,7.996526718139648
-311.7309875488281,555.4033203125,8.003605842590332
-312.01141357421875,555.6149291992188,8.010653495788574
-312.29339599609375,555.82861328125,8.017767906188965
-312.57684326171875,556.044677734375,8.025403022766113
-312.86175537109375,556.2630615234375,8.033827781677246
-313.148193359375,556.4834594726562,8.04254150390625
-313.4362487792969,556.705810546875,8.050874710083008
-313.7257995605469,556.9302368164062,8.058807373046875
-314.0167541503906,557.1571044921875,8.06725788116455
-314.3092346191406,557.38623046875,8.07640552520752
-314.60333251953125,557.6173095703125,8.086002349853516
-314.89892578125,557.8504028320312,8.095831871032715
-315.1959533691406,558.085693359375,8.1057767868042
-315.49468994140625,558.3230590820312,8.115825653076172
-315.7950439453125,558.5625610351562,8.126102447509766
-316.0970458984375,558.8042602539062,8.136636734008789
-316.40069580078125,559.0482177734375,8.147537231445312
-316.7059326171875,559.29443359375,8.158829689025879
-317.01275634765625,559.5426025390625,8.170012474060059
-317.32086181640625,559.7926635742188,8.180928230285645
-317.6300048828125,560.0446166992188,8.191628456115723
-317.94012451171875,560.29833984375,8.202339172363281
-318.2510070800781,560.5531616210938,8.213157653808594
-318.56195068359375,560.8087158203125,8.224098205566406
-318.8724670410156,561.064697265625,8.235318183898926
-319.1820983886719,561.3206176757812,8.246831893920898
-319.49041748046875,561.5761108398438,8.258747100830078
-319.797119140625,561.83056640625,8.270940780639648
-320.1017150878906,562.0841064453125,8.283970832824707
-320.4044494628906,562.3358154296875,8.29768180847168
-320.7052917480469,562.5853881835938,8.310717582702637
-321.00372314453125,562.8333129882812,8.322675704956055
-321.2991943359375,563.0796508789062,8.333562850952148
-321.59234619140625,563.32373046875,8.34335994720459
-321.88275146484375,563.5662231445312,8.35335922241211
-322.1704406738281,563.8067016601562,8.364524841308594
-322.4558410644531,564.0448608398438,8.377190589904785
-322.7387390136719,564.2815551757812,8.391399383544922
-323.0193176269531,564.51708984375,8.405866622924805
-323.2980041503906,564.7504272460938,8.417080879211426
-323.57373046875,564.9827880859375,8.425209045410156
-323.84442138671875,565.2147216796875,8.434168815612793
-324.1114196777344,565.4458618164062,8.449860572814941
-324.3789367675781,565.6707153320312,8.465170860290527
-324.6429748535156,565.8948364257812,8.477184295654297
-324.9002685546875,566.1214599609375,8.489789009094238
-325.1565246582031,566.3449096679688,8.503219604492188
-325.4129638671875,566.5646362304688,8.511963844299316
-325.6611328125,566.7879028320312,8.521587371826172
-325.9060363769531,567.008544921875,8.538188934326172
-326.1513366699219,567.2222900390625,8.556198120117188
-326.3956298828125,567.434326171875,8.567922592163086
-326.63189697265625,567.6512451171875,8.578385353088379
-326.86279296875,567.8682250976562,8.593789100646973
-327.0945739746094,568.0784301757812,8.609318733215332
-327.3250427246094,568.2874145507812,8.618900299072266
-327.5461730957031,568.5018310546875,8.628933906555176
-327.76361083984375,568.7134399414062,8.645069122314453
-327.9819030761719,568.91845703125,8.661788940429688
-328.1993713378906,569.1217041015625,8.67153549194336
-328.4080505371094,569.329833984375,8.679652214050293
-328.61199951171875,569.5369873046875,8.691317558288574
-328.8157653808594,569.7388305664062,8.707890510559082
-329.01910400390625,569.938720703125,8.721817016601562
-329.2163391113281,570.1416625976562,8.732694625854492
-329.4085693359375,570.3436279296875,8.743354797363281
-329.6001892089844,570.5408935546875,8.752433776855469
-329.7874755859375,570.7383422851562,8.762295722961426
-329.97235107421875,570.9347534179688,8.772913932800293
-330.1540222167969,571.1299438476562,8.785848617553711
-330.3331604003906,571.3233642578125,8.801019668579102
-330.5107727050781,571.5150146484375,8.817231178283691
-330.6874084472656,571.7059936523438,8.831527709960938
-330.861328125,571.8982543945312,8.843525886535645
-331.033203125,572.0908813476562,8.85443115234375
-331.2039489746094,572.283203125,8.863741874694824
-331.371826171875,572.4763793945312,8.87442398071289
-331.5386047363281,572.6690673828125,8.887277603149414
-331.7045593261719,572.8616943359375,8.901569366455078
-331.86944580078125,573.054931640625,8.916295051574707
-332.033447265625,573.2488403320312,8.930791854858398
-332.1963806152344,573.4439086914062,8.944807052612305
-332.3581848144531,573.6399536132812,8.958565711975098
-332.5188903808594,573.8369140625,8.972338676452637
-332.6785583496094,574.0347900390625,8.98620891571045
-332.8368835449219,574.23388671875,9.000141143798828
-332.9940185546875,574.4340209960938,9.014090538024902
-333.1500244140625,574.6351928710938,9.028095245361328
-333.30474853515625,574.8375854492188,9.04220962524414
-333.45806884765625,575.041259765625,9.056574821472168
-333.60986328125,575.2462158203125,9.071063041687012
-333.7601623535156,575.4523315429688,9.085453987121582
-333.90887451171875,575.6597290039062,9.099966049194336
-334.0560607910156,575.8679809570312,9.114862442016602
-334.2015075683594,576.077392578125,9.130326271057127
-334.3452453613281,576.2877807617188,9.145943641662598
-334.4870300292969,576.4991455078125,9.16127872467041
-334.6267395019531,576.7114868164062,9.176289558410645
-334.7642822265625,576.92431640625,9.191314697265623
-334.8993835449219,577.1378784179688,9.206599235534668
-335.031982421875,577.3519897460938,9.22189712524414
-335.1618957519531,577.5667724609375,9.236974716186523
-335.28924560546875,577.7817993164062,9.25179958343506
-335.413818359375,577.9970092773438,9.266427040100098
-335.53564453125,578.2119750976562,9.28113842010498
-335.6547546386719,578.4268188476562,9.29609489440918
-335.77099609375,578.6414184570312,9.311311721801758
-335.8844299316406,578.855712890625,9.326505661010742
-335.99530029296875,579.0695190429688,9.341804504394531
-336.103271484375,579.2828369140625,9.357141494750977
-336.2080078125,579.4962158203125,9.372678756713867
-336.3069763183594,579.7108154296875,9.391231536865234
-336.4056701660156,579.9234619140625,9.411670684814451
-336.50567626953125,580.1334838867188,9.42747974395752
-336.5980224609375,580.3463134765625,9.441892623901367
-336.6896057128906,580.5578002929688,9.456823348999023
-336.78216552734375,580.767333984375,9.46909523010254
-336.8668212890625,580.9801025390625,9.482743263244627
-336.9524230957031,581.1909790039062,9.497739791870115
-337.0379638671875,581.4007568359375,9.511967658996582
-337.1197204589844,581.611083984375,9.526321411132812
-337.199951171875,581.8212280273438,9.541152954101562
-337.27874755859375,582.031005859375,9.556495666503906
-337.35516357421875,582.2405395507812,9.57239055633545
-337.4297180175781,582.4495849609375,9.588594436645508
-337.5023193359375,582.6580200195312,9.60488510131836
-337.5727844238281,582.8660278320312,9.621001243591309
-337.6412048339844,583.0735473632812,9.63689422607422
-337.70758056640625,583.2805786132812,9.652633666992188
-337.76983642578125,583.4880981445312,9.66981029510498
-337.8330383300781,583.6937255859375,9.686556816101074
-337.8946228027344,583.8988037109375,9.702096939086914
-337.95361328125,584.1038818359375,9.71704387664795
-338.00927734375,584.3096313476562,9.732955932617188
-338.063720703125,584.515380859375,9.750636100769045
-338.1170654296875,584.7208251953125,9.768965721130373
-338.16778564453125,584.9266967773438,9.787015914916992
-338.21661376953125,585.133056640625,9.804675102233888
-338.2638244628906,585.3400268554688,9.822809219360352
-338.3123474121094,585.5468139648438,9.83847713470459
-338.3567810058594,585.755859375,9.85289478302002
-338.3992614746094,585.9664916992188,9.867837905883787
-338.4410705566406,586.1782836914062,9.884604454040527
-338.4808654785156,586.3912963867188,9.903778076171877
-338.5205078125,586.604736328125,9.92331314086914
-338.5599670410156,586.81884765625,9.939675331115724
-338.5945739746094,587.0357666015625,9.954891204833984
-338.6283264160156,587.254638671875,9.971171379089355
-338.6614074707031,587.475341796875,9.990172386169434
-338.6929016113281,587.697998046875,10.011420249938965
-338.7247619628906,587.9214477539062,10.031017303466797
-338.753173828125,588.1473388671875,10.048869132995604
-338.780029296875,588.3762817382812,10.067087173461914
-338.8062438964844,588.6074829101562,10.08620834350586
-338.8301696777344,588.8408203125,10.107352256774902
-338.8552551269531,589.0751953125,10.127185821533203
-338.8765869140625,589.3121948242188,10.14566135406494
-338.8951110839844,589.55224609375,10.165081024169922
-338.9132080078125,589.7944946289062,10.186909675598145
-338.9292297363281,590.0386962890625,10.211267471313477
-338.9444885253906,590.2841186523438,10.235603332519531
-338.9596862792969,590.5308837890625,10.255863189697266
-338.9691162109375,590.78076171875,10.273930549621582
-338.9750671386719,591.0330810546875,10.294528007507324
-338.9799499511719,591.2872314453125,10.319151878356934
-338.9840087890625,591.54248046875,10.345739364624023
-338.9873352050781,591.798828125,10.369691848754885
-338.9854736328125,592.0578002929688,10.392666816711426
-338.9815368652344,592.31884765625,10.41688060760498
-338.9772644042969,592.5814819335938,10.44290256500244
-338.9725036621094,592.8452758789062,10.46725368499756
-338.9642639160156,593.1109619140625,10.490694046020508
-338.953857421875,593.37841796875,10.51317310333252
-338.9419250488281,593.6476440429688,10.535584449768066
-338.9269104003906,593.918701171875,10.55858039855957
-338.90936279296875,594.191650390625,10.582390785217283
-338.8895263671875,594.4671630859375,10.608216285705566
-338.8686828613281,594.7446899414062,10.636335372924805
-338.8459167480469,595.0237426757812,10.66543960571289
-338.82244873046875,595.30419921875,10.69265842437744
-338.7967834472656,595.5855712890625,10.71721649169922
-338.7676086425781,595.8684692382812,10.741225242614746
-338.7356872558594,596.1529541015625,10.766197204589844
-338.70147705078125,596.4389038085938,10.792957305908203
-338.6651306152344,596.72607421875,10.82025146484375
-338.6263427734375,597.0142211914062,10.847859382629396
-338.5856018066406,597.3035278320312,10.876063346862791
-338.54290771484375,597.5941162109375,10.904756546020508
-338.4975891113281,597.8861083984375,10.93376636505127
-338.4497985839844,598.1795654296875,10.962470054626465
-338.3996887207031,598.474365234375,10.991647720336914
-338.34674072265625,598.7704467773438,11.021769523620604
-338.2907409667969,599.0676879882812,11.052471160888672
-338.2318420410156,599.3660888671875,11.083329200744627
-338.1695556640625,599.665771484375,11.113764762878418
-338.1043701171875,599.9667358398438,11.144203186035156
-338.03582763671875,600.2686157226562,11.174878120422363
-337.9635925292969,600.5713500976562,11.205798149108888
-337.88775634765625,600.8748168945312,11.236445426940918
-337.808837890625,601.178955078125,11.266640663146973
-337.726806640625,601.4837646484375,11.29626178741455
-337.6411437988281,601.7890625,11.325653076171877
-337.5520324707031,602.0947875976562,11.355169296264648
-337.4595031738281,602.4009399414062,11.385018348693848
-337.36370849609375,602.7074584960938,11.415098190307615
-337.2645263671875,603.0142822265625,11.44515609741211
-337.161865234375,603.3213500976562,11.475152969360352
-337.0558776855469,603.6287841796875,11.505082130432127
-336.9463806152344,603.9363403320312,11.535012245178224
-336.83343505859375,604.244140625,11.564915657043455
-336.7171936035156,604.5521240234375,11.594714164733888
-336.5976867675781,604.8602294921875,11.624415397644045
-336.4748840332031,605.16845703125,11.65399169921875
-336.34857177734375,605.4766845703125,11.683541297912598
-336.21905517578125,605.7852783203125,11.713218688964844
-336.08642578125,606.0941772460938,11.743335723876951
-335.9506530761719,606.4033813476562,11.774063110351562
-335.8116149902344,606.7128295898438,11.805153846740724
-335.6695556640625,607.0227661132812,11.836366653442385
-335.5246276855469,607.3331909179688,11.86809539794922
-335.3767395019531,607.6441040039062,11.900644302368164
-335.2256774902344,607.9552612304688,11.93389892578125
-335.072265625,608.266845703125,11.967382431030272
-334.9161682128906,608.5789184570312,12.000717163085938
-334.7571105957031,608.8914184570312,12.034204483032228
-334.5957336425781,609.2045288085938,12.06764316558838
-334.4317626953125,609.5181884765625,12.10104274749756
-334.2650146484375,609.83251953125,12.134846687316896
-334.0955505371094,610.1477661132812,12.169119834899902
-333.9236755371094,610.4644775390625,12.204217910766602
-333.7494201660156,610.7828979492188,12.239998817443848
-333.5730285644531,611.1032104492188,12.276018142700195
-333.3947448730469,611.4254760742188,12.311914443969728
-333.21441650390625,611.749755859375,12.34762191772461
-333.0317077636719,612.075927734375,12.38283920288086
-332.84686279296875,612.4039916992188,12.417495727539062
-332.6601257324219,612.7344360351562,12.452189445495604
-332.4716796875,613.0671997070312,12.487311363220217
-332.2815856933594,613.4022827148438,12.523191452026367
-332.0903625488281,613.7398681640625,12.559285163879396
-331.89776611328125,614.079833984375,12.595227241516112
-331.703857421875,614.4221801757812,12.631227493286133
-331.5088806152344,614.7672119140625,12.667597770690918
-331.3128967285156,615.1150512695312,12.704925537109377
-331.115966796875,615.4656372070312,12.743279457092283
-330.9181213378906,615.8187866210938,12.781908988952637
-330.7193908691406,616.1744384765625,12.820462226867676
-330.5198669433594,616.5326538085938,12.858726501464844
-330.3194274902344,616.8934936523438,12.897077560424805
-330.11822509765625,617.2572631835938,12.93603515625
-329.9163818359375,617.6241455078125,12.975963592529297
-329.71368408203125,617.9940795898438,13.016678810119627
-329.5102233886719,618.3670043945312,13.057339668273926
-329.305908203125,618.7430419921875,13.097877502441406
-329.1006774902344,619.1221313476562,13.138412475585938
-328.89434814453125,619.5040893554688,13.178799629211426
-328.6870422363281,619.888916015625,13.218673706054688
-328.4786682128906,620.2766723632812,13.257942199707031
-328.26934814453125,620.6675415039062,13.297266006469728
-328.0585021972656,621.0615844726562,13.337743759155272
-327.8462219238281,621.45849609375,13.37946891784668
-327.6325378417969,621.8579711914062,13.421988487243652
-327.4173278808594,622.2603759765625,13.46526050567627
-327.2018737792969,622.6658935546875,13.508160591125488
-326.98516845703125,623.0737915039062,13.550213813781738
-326.7669982910156,623.4840087890625,13.592551231384276
-326.547607421875,623.8969116210938,13.63558578491211
-326.3268127441406,624.3128051757812,13.680030822753906
-326.1053771972656,624.7326049804688,13.725566864013672
-325.883544921875,625.1558837890625,13.77045726776123
-325.6602478027344,625.5820922851562,13.815095901489258
-325.4356689453125,626.011474609375,13.8600435256958
-325.2100830078125,626.444091796875,13.90555191040039
-324.9838562011719,626.8800048828125,13.951725006103516
-324.75714111328125,627.3192749023438,13.9984130859375
-324.5298767089844,627.7618408203125,14.04547882080078
-324.3018798828125,628.207763671875,14.09321117401123
-324.0732116699219,628.656982421875,14.14176082611084
-323.8439025878906,629.1094360351562,14.190969467163086
-323.614013671875,629.5652465820312,14.24055290222168
-323.3833923339844,630.0241088867188,14.290196418762209
-323.15185546875,630.4857177734375,14.339820861816406
-322.91937255859375,630.9501953125,14.389421463012695
-322.6861267089844,631.4176025390625,14.43932056427002
-322.45184326171875,631.8878784179688,14.489904403686523
-322.216552734375,632.36083984375,14.541229248046877
-321.9801025390625,632.83642578125,14.593185424804688
-321.74224853515625,633.3143920898438,14.645366668701172
-321.50360107421875,633.7950439453125,14.69753074645996
-321.26385498046875,634.2778930664062,14.749550819396973
-321.02313232421875,634.7630615234375,14.801374435424805
-320.7809753417969,635.25048828125,14.853151321411133
-320.53857421875,635.7405395507812,14.903043746948242
-320.2938537597656,636.232421875,14.952110290527344
-320.0456237792969,636.7269897460938,15.00806713104248
-319.7989196777344,637.224853515625,15.066184997558594
-319.55108642578125,637.7239379882812,15.122446060180664
-319.3018798828125,638.2242431640625,15.175163269042969
-319.0486755371094,638.7240600585938,15.228419303894045
-318.7929382324219,639.223876953125,15.285856246948242
-318.5384826660156,639.7262573242188,15.342977523803713
-318.28277587890625,640.2302856445312,15.39802360534668
-318.02447509765625,640.7349853515625,15.451412200927734
-317.7640075683594,641.2406005859375,15.503473281860352
-317.5016174316406,641.7473754882812,15.55481243133545
-317.2368469238281,642.2548828125,15.606334686279297
-316.9700622558594,642.7633056640625,15.658614158630373
-316.7015380859375,643.2728271484375,15.71092128753662
-316.43115234375,643.783203125,15.763372421264648
-316.15875244140625,644.294189453125,15.816341400146484
-315.88433837890625,644.8056640625,15.869973182678224
-315.6084289550781,645.3173828125,15.92400074005127
-315.3312683105469,645.829345703125,15.97800064086914
-315.0528869628906,646.341552734375,16.032032012939453
-314.7737731933594,646.8543090820312,16.0864200592041
-314.494384765625,647.3679809570312,16.14087677001953
-314.21453857421875,647.8823852539062,16.195043563842773
-313.934326171875,648.3974609375,16.248689651489258
-313.65380859375,648.9129638671875,16.301637649536133
-313.3733215332031,649.428955078125,16.353931427001953
-313.09295654296875,649.9453735351562,16.405765533447266
-312.8128356933594,650.4622192382812,16.45763397216797
-312.53314208984375,650.9794311523438,16.5095272064209
-312.2541809082031,651.49658203125,16.56145668029785
-311.97637939453125,652.0133056640625,16.61318588256836
-311.69970703125,652.5288696289062,16.664443969726562
-311.4243469238281,653.042724609375,16.715621948242188
-311.1510009765625,653.5548706054688,16.766990661621094
-310.8797302246094,654.0650634765625,16.818479537963867
-310.6095886230469,654.5725708007812,16.8718318939209
-310.3416442871094,655.0774536132812,16.929439544677734
-310.0790710449219,655.5814208984375,16.985485076904297
-309.81884765625,656.0831298828125,17.036813735961914
-309.5599060058594,656.5819702148438,17.082195281982422
-309.3019104003906,657.0767822265625,17.125091552734375
-309.0477600097656,657.5681762695312,17.16926383972168
-308.7984619140625,658.0585327148438,17.213459014892578
-308.54986572265625,658.5480346679688,17.25444984436035
-308.3011779785156,659.0350952148438,17.29286766052246
-308.05352783203125,659.5186157226562,17.329925537109375
-307.8077697753906,659.9984741210938,17.366500854492188
-307.56402587890625,660.474609375,17.403244018554688
-307.3221740722656,660.9473876953125,17.440235137939453
-307.0821533203125,661.4171142578125,17.477230072021484
-306.8435974121094,661.8838500976562,17.51348876953125
-306.6064453125,662.3478393554688,17.548568725585938
-306.3708190917969,662.8090209960938,17.58237648010254
-306.1362609863281,663.2671508789062,17.614917755126953
-305.9025573730469,663.72216796875,17.645910263061523
-305.669677734375,664.1738891601562,17.676124572753906
-305.4380187988281,664.62255859375,17.705883026123047
-305.20751953125,665.0684204101562,17.734962463378906
-304.97760009765625,665.5109252929688,17.763559341430664
-304.7484436035156,665.950439453125,17.79143524169922
-304.52032470703125,666.3869018554688,17.818967819213867
-304.2932434082031,666.8201904296875,17.846275329589844
-304.06719970703125,667.2503051757812,17.87324333190918
-303.8420715332031,667.6776733398438,17.89988899230957
-303.6178283691406,668.1021728515625,17.926252365112305
-303.3946228027344,668.5241088867188,17.952035903930664
-303.172119140625,668.943603515625,17.97665786743164
-302.95025634765625,669.36083984375,18.00012969970703
-302.7293395996094,669.776123046875,18.02305793762207
-302.51031494140625,670.1898193359375,18.043933868408203
-302.2917785644531,670.6017456054688,18.062055587768555
-302.0726318359375,671.0114135742188,18.080293655395508
-301.8544921875,671.4193725585938,18.10038375854492
-301.6373291015625,671.8258666992188,18.12277030944824
-301.4210510253906,672.230712890625,18.14573097229004
-301.2063903808594,672.6351928710938,18.165637969970703
-300.991455078125,673.0377807617188,18.18359375
-300.77685546875,673.4380493164062,18.201635360717773
-300.5635986328125,673.836669921875,18.21995735168457
-300.35174560546875,674.2339477539062,18.23856735229492
-300.1412658691406,674.6306762695312,18.256669998168945
-299.93115234375,675.026611328125,18.27379989624023
-299.7214050292969,675.4215087890625,18.29027557373047
-299.51251220703125,675.8154296875,18.306324005126953
-299.3046569824219,676.2086181640625,18.321298599243164
-299.0976257324219,676.6012573242188,18.334697723388672
-298.8909912109375,676.9928588867188,18.34729766845703
-298.6849060058594,677.3834228515625,18.35956382751465
-298.4795227050781,677.77294921875,18.371416091918945
-298.274658203125,678.1616821289062,18.3831729888916
-298.07025146484375,678.5498657226562,18.39484977722168
-297.8663330078125,678.937255859375,18.406415939331055
-297.6627197265625,679.3237915039062,18.417760848999023
-297.45953369140625,679.7095947265625,18.42841911315918
-297.256591796875,680.0947875976562,18.438262939453125
-297.0539855957031,680.479248046875,18.447669982910156
-296.8515930175781,680.8629150390625,18.456844329833984
-296.6492004394531,681.2455444335938,18.466157913208008
-296.4469299316406,681.6272583007812,18.475664138793945
-296.2447814941406,682.008056640625,18.48538589477539
-296.0427551269531,682.3878784179688,18.495216369628903
-295.8411560058594,682.7665405273438,18.5043888092041
-295.6396789550781,683.14404296875,18.51241874694824
-295.4381408691406,683.52001953125,18.519014358520508
-295.2369384765625,683.89453125,18.524578094482425
-295.0357971191406,684.2673950195312,18.52998161315918
-294.83538818359375,684.638916015625,18.53499984741211
-294.6357421875,685.0093994140625,18.53886032104492
-294.4363098144531,685.3787231445312,18.54120826721191
-294.2369689941406,685.7465209960938,18.543167114257812
-294.03839111328125,686.1129760742188,18.54509162902832
-293.840576171875,686.477783203125,18.54702377319336
-293.643310546875,686.8406372070312,18.54855155944824
-293.446533203125,687.2017211914062,18.549072265625
-293.24993896484375,687.5608520507812,18.54840087890625
-293.0538635253906,687.9179077148438,18.54708480834961
-292.85833740234375,688.2725830078125,18.54557228088379
-292.6632385253906,688.6250610351562,18.54442596435547
-292.4688415527344,688.9754638671875,18.54363250732422
-292.2748718261719,689.3240966796875,18.542837142944336
-292.0816650390625,689.6708374023438,18.541606903076172
-291.8891296386719,690.0156860351562,18.53952980041504
-291.6969299316406,690.358642578125,18.53607940673828
-291.5050048828125,690.6995849609375,18.5316162109375
-291.31298828125,691.03857421875,18.52853775024414
-291.122314453125,691.3765869140625,18.52657890319824
-290.93170166015625,691.7128295898438,18.524946212768555
-290.739013671875,692.046875,18.524595260620117
-290.5476379394531,692.3801879882812,18.523542404174805
-290.3565368652344,692.7122802734375,18.520099639892575
-290.16448974609375,693.042236328125,18.514150619506836
-289.972412109375,693.370361328125,18.50715446472168
-289.7803039550781,693.6969604492188,18.501054763793945
-289.5876159667969,694.02197265625,18.496227264404297
-289.3946838378906,694.3455810546875,18.492528915405273
-289.2021179199219,694.6685180664062,18.487945556640625
-289.0089416503906,694.990234375,18.48091697692871
-288.8146667480469,695.3104858398438,18.471508026123047
-288.6195068359375,695.629638671875,18.461280822753903
-288.4232177734375,695.9478759765625,18.451160430908203
-288.2254943847656,696.2659301757812,18.441747665405273
-288.0261535644531,696.5844116210938,18.433000564575195
-287.8249206542969,696.9036254882812,18.423988342285156
-287.62176513671875,697.2235107421875,18.414159774780273
-287.41656494140625,697.54443359375,18.40353012084961
-287.209228515625,697.8663940429688,18.392393112182617
-286.99993896484375,698.1896362304688,18.38119125366211
-286.7883605957031,698.5140991210938,18.37006568908691
-286.57427978515625,698.83984375,18.35894012451172
-286.3575134277344,699.1668090820312,18.347759246826172
-286.13848876953125,699.495361328125,18.336271286010746
-285.9175109863281,699.8253784179688,18.324316024780273
-285.6943054199219,700.156982421875,18.311811447143555
-285.4690856933594,700.4904174804688,18.29870223999023
-285.24200439453125,700.8255004882812,18.284650802612305
-285.01251220703125,701.1622314453125,18.26937484741211
-284.7802734375,701.5008544921875,18.253618240356445
-284.54559326171875,701.8421630859375,18.238136291503903
-284.3083801269531,702.1864624023438,18.2226505279541
-284.06781005859375,702.5339965820312,18.207622528076172
-283.823974609375,702.8851318359375,18.192468643188477
-283.5765075683594,703.2396850585938,18.176210403442383
-283.3250732421875,703.5977783203125,18.15863800048828
-283.0691833496094,703.9600219726562,18.1408634185791
-282.8092956542969,704.3268432617188,18.123367309570312
-282.54547119140625,704.6981811523438,18.10618782043457
-282.2782287597656,705.0737915039062,18.08842658996582
-282.00830078125,705.4532470703125,18.067956924438477
-281.7335205078125,705.8359985351562,18.0460205078125
-281.454833984375,706.2234497070312,18.023853302001953
-281.1720886230469,706.6155395507812,18.002256393432617
-280.88531494140625,707.0120849609375,17.98174476623535
-280.595458984375,707.4125366210938,17.95993995666504
-280.3003845214844,707.8148803710938,17.937410354614258
-280.0003967285156,708.219482421875,17.914676666259766
-279.6964416503906,708.6268920898438,17.891815185546875
-279.3882141113281,709.0365600585938,17.868898391723633
-279.0755310058594,709.4481811523438,17.846288681030273
-278.7590026855469,709.8621215820312,17.82389259338379
-278.4385681152344,710.2779541015625,17.801088333129883
-278.1145324707031,710.6953735351562,17.777019500732422
-277.7870788574219,711.1141967773438,17.750713348388672
-277.4561767578125,711.5339965820312,17.721784591674805
-277.1222229003906,711.955322265625,17.690624237060547
-276.78509521484375,712.3784790039062,17.65828514099121
-276.4435119628906,712.8027954101562,17.625709533691406
-276.0979919433594,713.22900390625,17.593759536743164
-275.7481994628906,713.6560668945312,17.562448501586914
-275.3948059082031,714.0831909179688,17.529294967651367
-275.0387268066406,714.5105590820312,17.493568420410156
-274.6795349121094,714.9371337890625,17.45655632019043
-274.3177795410156,715.3630981445312,17.419837951660156
-273.9534912109375,715.7886352539062,17.384662628173828
-273.58770751953125,716.2145385742188,17.34963035583496
-273.2210388183594,716.6409301757812,17.3143253326416
-272.85272216796875,717.0669555664062,17.278141021728516
-272.4827575683594,717.4917602539062,17.241199493408203
-272.1116638183594,717.9151611328125,17.20528793334961
-271.7403564453125,718.3375854492188,17.170347213745117
-271.36895751953125,718.7592163085938,17.135557174682617
-270.9969177246094,719.1791381835938,17.100566864013672
-270.6242370605469,719.5972900390625,17.06549644470215
-270.2515563964844,720.0139770507812,17.030040740966797
-269.8789367675781,720.4290771484375,16.993497848510742
-269.50640869140625,720.8424682617188,16.95530128479004
-269.13397216796875,721.253662109375,16.91539192199707
-268.7607421875,721.6619262695312,16.875150680541992
-268.3872375488281,722.0675659179688,16.835206985473633
-268.0135192871094,722.470703125,16.795045852661133
-267.63958740234375,722.8710327148438,16.7549991607666
-267.26556396484375,723.2683715820312,16.71453094482422
-266.89105224609375,723.6618041992188,16.673015594482422
-266.51611328125,724.0516357421875,16.630525588989258
-266.1407775878906,724.4378051757812,16.587512969970703
-265.7654113769531,724.8204345703125,16.54461669921875
-265.3896789550781,725.1996459960938,16.501798629760742
-265.01287841796875,725.5750732421875,16.45854377746582
-264.63525390625,725.9468383789062,16.414592742919922
-264.25677490234375,726.3146362304688,16.369895935058594
-263.87738037109375,726.6783447265625,16.32475471496582
-263.4974670410156,727.0381469726562,16.27952766418457
-263.1169128417969,727.3939208984375,16.23394012451172
-262.7355041503906,727.7454833984375,16.187665939331055
-262.3534240722656,728.09326171875,16.140792846679688
-261.9706115722656,728.43701171875,16.093671798706055
-261.5871887207031,728.7767333984375,16.046504974365234
-261.2030029296875,729.1127319335938,15.998828887939451
-260.81805419921875,729.4447631835938,15.950733184814451
-260.4324645996094,729.7728271484375,15.902252197265623
-260.0462951660156,730.096923828125,15.853399276733398
-259.6593322753906,730.4168701171875,15.80437469482422
-259.2716064453125,730.7328491210938,15.75532341003418
-258.88330078125,731.0449829101562,15.706025123596191
-258.4941101074219,731.3532104492188,15.655783653259276
-258.10394287109375,731.6575927734375,15.604591369628906
-257.7127685546875,731.9579467773438,15.553240776062012
-257.3207702636719,732.2545166015625,15.501498222351074
-256.9277038574219,732.5474243164062,15.448387145996094
-256.53326416015625,732.8363647460938,15.394351959228516
-256.1377258300781,733.1213989257812,15.340041160583496
-255.74110412597656,733.402587890625,15.285659790039062
-255.34327697753903,733.679931640625,15.230878829956056
-254.94412231445312,733.95361328125,15.175232887268066
-254.5437164306641,734.2237548828125,15.119091987609863
-254.14193725585935,734.4903564453125,15.06266975402832
-253.73858642578125,734.7532348632812,15.006046295166016
-253.33352661132812,735.0126953125,14.949210166931152
-252.92681884765625,735.2691040039062,14.89218807220459
-252.5184783935547,735.5227661132812,14.834861755371094
-252.10821533203125,735.773681640625,14.776938438415527
-251.69583129882812,736.02197265625,14.718207359313965
-251.2811584472656,736.2679443359375,14.658665657043455
-250.8638458251953,736.5123291015625,14.598627090454102
-250.4433135986328,736.755615234375,14.538161277770996
-250.0191192626953,736.9982299804688,14.477094650268556
-249.5907745361328,737.2403564453125,14.415226936340332
-249.15774536132812,737.4824829101562,14.35239028930664
-248.7194671630859,737.72509765625,14.28848361968994
-248.2755126953125,737.9684448242188,14.223480224609377
-247.8258056640625,738.2127685546875,14.157425880432127
-247.37025451660156,738.4579467773438,14.090310096740724
-246.90914916992188,738.704345703125,14.022079467773438
-246.44259643554688,738.9519653320312,13.952422142028809
-245.97048950195312,739.2007446289062,13.881599426269531
-245.492919921875,739.4509887695312,13.809718132019045
-245.0100250244141,739.7025756835938,13.736689567565918
-244.52178955078125,739.9556274414062,13.66257381439209
-244.0282745361328,740.21044921875,13.58750820159912
-243.5296936035156,740.466796875,13.511402130126951
-243.0260467529297,740.724853515625,13.43392276763916
-242.51719665527344,740.9844970703125,13.355401039123535
-242.00314331054688,741.2457885742188,13.2758207321167
-241.48422241210935,741.5086059570312,13.194618225097656
-240.9605407714844,741.7730712890625,13.111628532409668
-240.4315948486328,742.0390014648438,13.027717590332031
-239.89764404296875,742.30615234375,12.942513465881348
-239.3591461181641,742.5747680664062,12.855026245117188
-238.8157501220703,742.84521484375,12.766161918640137
-238.26739501953125,743.1170043945312,12.67613410949707
-237.71449279785156,743.3904418945312,12.584722518920898
-237.15701293945312,743.6657104492188,12.49225902557373
-236.59490966796875,743.9424438476562,12.399094581604004
-236.0284423828125,744.2205200195312,12.30471134185791
-235.45767211914065,744.5,12.209013938903809
-234.8825225830078,744.7806396484375,12.112262725830078
-234.30325317382812,745.0625,12.01408863067627
-233.71990966796875,745.3458862304688,11.914467811584473
-233.13229370117188,745.6304931640625,11.813843727111816
-232.54080200195312,745.91650390625,11.711712837219238
-231.9455108642578,746.204345703125,11.607937812805176
-231.34617614746097,746.4935913085938,11.50318717956543
-230.7430419921875,746.7843627929688,11.397132873535156
-230.1361389160156,747.076416015625,11.28962516784668
-229.52525329589844,747.3694458007812,11.181161880493164
-228.9105987548828,747.6632690429688,11.071585655212402
-228.292236328125,747.9577026367188,10.960742950439451
-227.67005920410156,748.2525024414062,10.848910331726074
-227.0443115234375,748.5477905273438,10.735761642456056
-226.4150390625,748.8435668945312,10.621221542358398
-225.78192138671875,749.1396484375,10.505900382995604
-225.14498901367188,749.43603515625,10.389920234680176
-224.5042266845703,749.7328491210938,10.273310661315918
-223.85964965820312,750.0296020507812,10.156075477600098
-223.2113800048828,750.32666015625,10.03848361968994
-222.55943298339844,750.6235961914062,9.920509338378906
-221.90386962890625,750.9203491210938,9.8018798828125
-221.2448577880859,751.2171630859375,9.682246208190918
-220.58233642578125,751.5140991210938,9.561652183532717
-219.91644287109375,751.8109741210938,9.439657211303713
-219.24725341796875,752.1082153320312,9.31646728515625
-218.5748291015625,752.4058837890625,9.192230224609377
-217.89889526367188,752.703857421875,9.067146301269531
-217.2196350097656,753.0023803710938,8.941071510314941
-216.537109375,753.3016967773438,8.814305305480957
-215.85108947753903,753.6016235351562,8.687336921691895
-215.1617431640625,753.9022827148438,8.560416221618652
-214.46929931640625,754.2035522460938,8.433003425598145
-213.77381896972656,754.5052490234375,8.305142402648926
-213.0754852294922,754.8076171875,8.176553726196289
-212.3743896484375,755.1103515625,8.046347618103027
-211.67047119140625,755.4136352539062,7.914548873901367
-210.96351623535156,755.717529296875,7.781984806060791
-210.2532501220703,756.0220947265625,7.648954391479492
-209.5398712158203,756.327392578125,7.515518188476563
-208.82345581054688,756.6333618164062,7.3819756507873535
-208.10397338867188,756.9398193359375,7.248707294464111
-207.381591796875,757.2470703125,7.115557670593262
-206.65618896484375,757.5548095703125,6.982561111450195
-205.9279327392578,757.8629760742188,6.849280834197998
-205.1968688964844,758.171630859375,6.7157135009765625
-204.4629669189453,758.4806518554688,6.58224630355835
-203.72642517089844,758.7900390625,6.448607444763184
-202.9873046875,759.0997924804688,6.3147501945495605
-202.24559020996097,759.4098510742188,6.180854320526123
-201.50148010253903,759.7203369140625,6.046875476837158
-200.755126953125,760.0310668945312,5.912562847137451
-200.0065765380859,760.3421630859375,5.778036117553711
-199.255859375,760.653564453125,5.6435441970825195
-198.50314331054688,760.96533203125,5.509115695953369
-197.74880981445312,761.2777709960938,5.374409198760986
-196.99330139160156,761.591064453125,5.239156723022461
-196.23681640625,761.9052124023438,5.103299617767334
-195.47938537597656,762.2203369140625,4.9677557945251465
-194.7216796875,762.5372314453125,4.832648754119873
-193.9641571044922,762.8560791015625,4.6978278160095215
-193.2072906494141,763.1764526367188,4.563332557678223
-192.4518585205078,763.4988403320312,4.428845405578613
-191.69796752929688,763.822998046875,4.2952117919921875
-190.94577026367188,764.1487426757812,4.1626973152160645
-190.1956329345703,764.4766845703125,4.031016826629639
-189.44810485839844,764.8069458007812,3.899723529815674
-188.70330810546875,765.1395263671875,3.769528865814209
-187.96128845214844,765.474365234375,3.640792608261109
-187.22201538085935,765.8119506835938,3.513706922531128
-186.48541259765625,766.1517333984375,3.390582799911499
-185.7518310546875,766.4940185546875,3.2701172828674316
-185.02194213867188,766.8391723632812,3.1496894359588623
-184.29551696777344,767.1859741210938,3.030621290206909
-183.572265625,767.5347290039062,2.9142813682556152
-182.85260009765625,767.8870239257812,2.8002395629882812
-182.13539123535156,768.2411499023438,2.6918129920959473
-181.4196929931641,768.5974731445312,2.5910112857818604
-180.71031188964844,768.9600219726562,2.4864141941070557
-180.00408935546875,769.3221435546875,2.3770627975463867
-179.30059814453125,769.6786499023438,2.272282838821411
-178.60101318359375,770.0404052734375,2.1683478355407715
-177.90518188476562,770.4080200195312,2.062803268432617
-177.21034240722656,770.7765502929688,1.9523043632507324
-176.515380859375,771.1414184570312,1.8443069458007812
-175.82432556152344,771.5089721679688,1.7457306385040283
-175.1394805908203,771.8814086914062,1.6505520343780518
-174.4585723876953,772.2543334960938,1.553781270980835
-173.780517578125,772.625244140625,1.4572694301605225
-173.1055450439453,772.995361328125,1.3631341457366943
-172.43310546875,773.366943359375,1.270480751991272
-171.76185607910156,773.7388916015625,1.1797690391540527
-171.0922088623047,774.1107788085938,1.090165376663208
-170.42572021484375,774.4829711914062,1.000091791152954
-169.7619171142578,774.8540649414062,0.909189224243164
-169.10118103027344,775.224365234375,0.8178417086601257
-168.44313049316406,775.59375,0.7262638807296753
-167.7867889404297,775.9619140625,0.635968804359436
-167.1314697265625,776.3289794921875,0.5474642515182495
-166.47715759277344,776.6951904296875,0.4605219066143036
-165.82394409179688,777.0582275390625,0.3734868466854095
-165.1727294921875,777.4185791015625,0.2864262163639068
-164.52381896972656,777.7770385742188,0.2007158696651458
-163.87612915039062,778.1329345703125,0.1171751320362091
-163.2280731201172,778.4847412109375,0.037671685218811
-162.5813751220703,778.8338623046875,-0.0378334522247314
-161.9375762939453,779.1823120117188,-0.1143235266208648
-161.29568481445312,779.5279541015625,-0.1922414898872375
-160.65554809570312,779.86962890625,-0.2691374123096466
-160.01658630371094,780.2083129882812,-0.3423985838890075
-159.37832641601562,780.5458984375,-0.4120426476001739
-158.7417449951172,780.8831176757812,-0.4824474155902862
-158.10658264160156,781.2181396484375,-0.5551460981369019
-157.47312927246094,781.5501708984375,-0.6283347606658936
-156.84165954589844,781.8800048828125,-0.700509786605835
-156.2119598388672,782.2091064453125,-0.771533727645874
-155.58340454101562,782.5376586914062,-0.8409770727157593
-154.95574951171875,782.8655395507812,-0.9089336395263672
-154.3291473388672,783.1920776367188,-0.9763429164886476
-153.70391845703125,783.5177612304688,-1.042893886566162
-153.0800018310547,783.8429565429688,-1.107877492904663
-152.45779418945312,784.1682739257812,-1.1724393367767334
-151.8365936279297,784.4929809570312,-1.236745834350586
-151.21591186523438,784.8167724609375,-1.3000192642211914
-150.59634399414062,785.1404418945312,-1.362618088722229
-149.97776794433594,785.4642944335938,-1.4254869222640991
-149.35951232910156,785.787353515625,-1.4882862567901611
-148.7416534423828,786.10986328125,-1.5506644248962402
-148.12416076660156,786.431884765625,-1.6134328842163086
-147.50711059570312,786.7532348632812,-1.6772669553756714
-146.8902130126953,787.0736694335938,-1.7406986951828003
-146.27395629882812,787.3939208984375,-1.803903102874756
-145.65748596191406,787.712890625,-1.8684954643249512
-145.04013061523438,788.0298461914062,-1.9312987327575684
-144.4217987060547,788.3447875976562,-1.9900949001312256
-143.8036346435547,788.658935546875,-2.0465776920318604
-143.186279296875,788.9724731445312,-2.103404998779297
-142.56878662109375,789.2830810546875,-2.159029960632324
-141.95172119140625,789.59130859375,-2.212416887283325
-141.33596801757812,789.8989868164062,-2.2655766010284424
-140.72076416015625,790.20556640625,-2.3202505111694336
-140.10560607910156,790.5105590820312,-2.376312255859375
-139.48997497558594,790.8134155273438,-2.431933879852295
-138.87396240234375,791.1152954101562,-2.486316680908203
-138.257568359375,791.4160766601562,-2.5390536785125732
-137.6412353515625,791.7147827148438,-2.592085838317871
-137.0253448486328,792.0110473632812,-2.644911050796509
-136.4101104736328,792.3055419921875,-2.696936845779419
-135.7953338623047,792.5986328125,-2.747279644012451
-135.18067932128906,792.890380859375,-2.7954914569854736
-134.56643676757812,793.1812133789062,-2.8430306911468506
-133.95321655273438,793.4716796875,-2.891746282577514
-133.34078979492188,793.7607421875,-2.9422566890716553
-132.72927856445312,794.0482788085938,-2.994235038757324
-132.11839294433594,794.334716796875,-3.045550584793091
-131.50804138183594,794.6209716796875,-3.0951085090637207
-130.89788818359375,794.9058227539062,-3.143028497695923
-130.28880310058594,795.1889038085938,-3.190865993499756
-129.68190002441406,795.469970703125,-3.2380292415618896
-129.0775146484375,795.749267578125,-3.2837905883789062
-128.47540283203125,796.0270385742188,-3.327437400817871
-127.8751449584961,796.3032836914062,-3.369093894958496
-127.27661895751952,796.5781860351562,-3.40933609008789
-126.679931640625,796.8517456054688,-3.449015855789185
-126.08509826660156,797.12353515625,-3.4892075061798096
-125.49225616455078,797.3931884765625,-3.5294435024261475
-124.90168762207033,797.6608276367188,-3.568591594696045
-124.3134307861328,797.9266357421875,-3.606047391891479
-123.7271728515625,798.1905517578125,-3.6421475410461426
-123.14319610595705,798.4530639648438,-3.678483247756958
-122.56128692626952,798.7134399414062,-3.7154603004455566
-121.98150634765624,798.9716186523438,-3.75289249420166
-121.40364837646484,799.2274169921875,-3.7901132106781006
-120.82732391357422,799.4804077148438,-3.8268232345581055
-120.25199127197266,799.7297973632812,-3.861689805984497
-119.6780014038086,799.9756469726562,-3.8944215774536137
-119.10543823242188,800.2177734375,-3.9267401695251465
-118.53392028808594,800.4548950195312,-3.958722114562988
-117.96417999267578,800.6878662109375,-3.991145133972168
-117.39588165283205,800.9160766601562,-4.0236897468566895
-116.828125,801.1378173828125,-4.054324150085449
-116.2611083984375,801.3538208007812,-4.081833839416504
-115.69530487060548,801.5660400390625,-4.109090328216553
-115.13113403320312,801.7758178710938,-4.140706539154053
-114.56830596923828,801.9818115234375,-4.1788411140441895
-114.0064468383789,802.1823120117188,-4.2208099365234375
-113.44540405273438,802.3764038085938,-4.260386943817139
-112.88278198242188,802.5647583007812,-4.290733337402344
-112.31671142578124,802.7461547851562,-4.314581394195557
-111.74664306640624,802.9160766601562,-4.335920333862305
-111.17926788330078,803.0777587890625,-4.359421730041504
-110.61446380615234,803.2254638671875,-4.378606796264648
-110.0529556274414,803.3633422851562,-4.390895843505859
-109.49421691894533,803.4960327148438,-4.4000654220581055
-108.9367218017578,803.6226196289062,-4.409804344177246
-108.38130950927734,803.7467041015625,-4.42209529876709
-107.82793426513672,803.8677978515625,-4.436275005340576
-107.27545928955078,803.9871826171875,-4.453882217407227
-106.72369384765624,804.1023559570312,-4.473381996154785
-106.17341613769533,804.2134399414062,-4.494056701660156
-105.62525939941406,804.3200073242188,-4.514688968658447
-105.07958984375,804.4213256835938,-4.534839630126953
-104.53688049316406,804.5188598632812,-4.553417205810547
-103.99684143066406,804.6137084960938,-4.570557594299316
-103.45919799804688,804.7061157226562,-4.58720588684082
-102.92406463623048,804.7963256835938,-4.603937149047852
-102.391357421875,804.88427734375,-4.6201887130737305
-101.86101531982422,804.9698486328125,-4.634771823883057
-101.33325958251952,805.0530395507812,-4.647368431091309
-100.80840301513672,805.1354370117188,-4.658749103546143
-100.28604888916016,805.2166137695312,-4.669134616851807
-99.76700592041016,805.2974243164062,-4.678887844085693
-99.25096893310548,805.3765258789062,-4.687557697296143
-98.73753356933594,805.4537963867188,-4.695478439331055
-98.22703552246094,805.5298461914062,-4.70325231552124
-97.7191390991211,805.6035766601562,-4.710568904876709
-97.21399688720705,805.6761474609375,-4.717844486236572
-96.71121215820312,805.7463989257812,-4.7253594398498535
-96.21072387695312,805.8139038085938,-4.733209609985352
-95.71257781982422,805.8778686523438,-4.74118709564209
-95.21672821044922,805.9386596679688,-4.748672962188721
-94.72313690185548,805.9967651367188,-4.756060600280762
-94.2317352294922,806.0509643554688,-4.763857364654541
-93.74252319335938,806.1011352539062,-4.771434783935547
-93.25559997558594,806.1474609375,-4.778226852416992
-92.77133178710938,806.1890258789062,-4.784316539764404
-92.28976440429688,806.2269287109375,-4.790016174316406
-91.81056213378906,806.261474609375,-4.795922756195068
-91.33373260498048,806.2921142578125,-4.802094459533691
-90.85945892333984,806.31884765625,-4.807889938354492
-90.3875732421875,806.341796875,-4.812417984008789
-89.9178466796875,806.3609619140625,-4.815078258514404
-89.45027923583984,806.376708984375,-4.816891670227051
-88.98499298095703,806.3894653320312,-4.819357872009277
-88.52195739746094,806.3993530273438,-4.823112487792969
-88.0613021850586,806.4064331054688,-4.828037738800049
-87.60342407226562,806.4107055664062,-4.832639694213867
-87.14802551269531,806.412841796875,-4.836123943328857
-86.69471740722656,806.4131469726562,-4.838482856750488
-86.24317169189453,806.4117431640625,-4.840289115905762
-85.79326629638672,806.4088745117188,-4.842243194580078
-85.34507751464844,806.4039916992188,-4.844785690307617
-84.898681640625,806.3973999023438,-4.84799861907959
-84.45416259765625,806.3892211914062,-4.851349830627441
-84.01136779785156,806.379638671875,-4.854484558105469
-83.56990814208984,806.3692016601562,-4.857306957244873
-83.1294174194336,806.3580322265625,-4.859875202178955
-82.68953704833984,806.3455200195312,-4.862306594848633
-82.25005340576172,806.33203125,-4.864654064178467
-81.81072998046875,806.3175048828125,-4.866933345794678
-81.371337890625,806.3021240234375,-4.8690619468688965
-80.93169403076172,806.2858276367188,-4.871230125427246
-80.49173736572266,806.2682495117188,-4.873773574829102
-80.05140686035156,806.2493896484375,-4.876747131347656
-79.61055755615234,806.229248046875,-4.8798065185546875
-79.16905975341797,806.2078857421875,-4.882577896118164
-78.72692108154297,806.1849975585938,-4.885199069976807
-78.2840805053711,806.1607666015625,-4.88812255859375
-77.84034729003906,806.1349487304688,-4.8915910720825195
-77.39556884765625,806.1077270507812,-4.895350456237793
-76.94964599609375,806.0789794921875,-4.899140357971191
-76.50250244140625,806.0487670898438,-4.902861595153809
-76.05406188964844,806.017333984375,-4.906672477722168
-75.60425567626953,805.9846801757812,-4.910580158233643
-75.15316009521484,805.9508056640625,-4.9147491455078125
-74.70083618164062,805.9155883789062,-4.919490337371826
-74.24726104736328,805.8789672851562,-4.925131320953369
-73.79230499267578,805.8409423828125,-4.931459903717041
-73.3358383178711,805.8013916015625,-4.937783241271973
-72.87783813476562,805.7605590820312,-4.943516254425049
-72.41829681396484,805.718505859375,-4.948929786682129
-71.95720672607422,805.6751098632812,-4.954283237457275
-71.49463653564453,805.6305541992188,-4.960170269012451
-71.0306167602539,805.58447265625,-4.9669952392578125
-70.56507873535156,805.53662109375,-4.974205493927002
-70.09796905517578,805.487548828125,-4.980802536010742
-69.62924194335938,805.4373168945312,-4.986719608306885
-69.15882110595703,805.3858642578125,-4.9923415184021
-68.68659210205078,805.3328247070312,-4.998533725738525
-68.21249389648438,805.2782592773438,-5.005703926086426
-67.73639678955078,805.2221069335938,-5.013673782348633
-67.25834655761719,805.1636352539062,-5.020810604095459
-66.77902221679688,805.103271484375,-5.027124404907227
-66.29826354980469,805.0420532226562,-5.0338134765625
-65.8160171508789,804.9790649414062,-5.041163444519043
-65.33216857910156,804.914306640625,-5.048673152923584
-64.84671020507812,804.8475341796875,-5.055942058563232
-64.35971069335938,804.7782592773438,-5.062769889831543
-63.87120819091797,804.7066040039062,-5.06903076171875
-63.38129425048828,804.6328125,-5.074729919433594
-62.890132904052734,804.5570678710938,-5.080219745635986
-62.397743225097656,804.4793701171875,-5.085746765136719
-61.90416717529297,804.3999633789062,-5.091067314147949
-61.40939712524414,804.31884765625,-5.0961432456970215
-60.91348648071289,804.236083984375,-5.101673126220703
-60.41656494140625,804.1515502929688,-5.108055591583252
-59.91872787475586,804.0648803710938,-5.115288734436035
-59.41998672485352,803.975830078125,-5.122941017150879
-58.92033004760742,803.8843383789062,-5.130192756652832
-58.41969299316406,803.7905883789062,-5.136927604675293
-57.91814041137695,803.6948852539062,-5.14363956451416
-57.41591262817383,803.5968017578125,-5.150641918182373
-56.91317367553711,803.4960327148438,-5.158290386199951
-56.41004180908203,803.3919677734375,-5.166337966918945
-55.90658950805664,803.2846069335938,-5.174199104309082
-55.40274810791016,803.1749267578125,-5.181796550750732
-54.89841079711914,803.0629272460938,-5.189321994781494
-54.39366149902344,802.9482421875,-5.196786403656006
-53.88854217529297,802.8297119140625,-5.203123092651367
-53.38308334350586,802.70751953125,-5.207306385040283
-52.87755584716797,802.583251953125,-5.211213111877441
-52.372291564941406,802.4561157226562,-5.21622896194458
-51.867393493652344,802.325439453125,-5.222452163696289
-51.36308670043945,802.1909790039062,-5.229276657104492
-50.859352111816406,802.0532836914062,-5.236883640289307
-50.356014251708984,801.9130859375,-5.245237827301025
-49.8529052734375,801.7703247070312,-5.2555084228515625
-49.350135803222656,801.6232299804688,-5.2665534019470215
-48.847564697265625,801.472412109375,-5.278257846832275
-48.3452033996582,801.3180541992188,-5.291594505310059
-47.84332275390625,801.1598510742188,-5.306272983551025
-47.342098236083984,800.9972534179688,-5.3208770751953125
-46.841705322265625,800.829833984375,-5.334959030151367
-46.34206771850586,800.6582641601562,-5.3488874435424805
-45.84317398071289,800.4823608398438,-5.362685203552246
-45.34499740600586,800.3025512695312,-5.3757643699646
-44.84762191772461,800.118896484375,-5.387214183807373
-44.350982666015625,799.9323120117188,-5.398294925689697
-43.854957580566406,799.743896484375,-5.411533355712891
-43.35975646972656,799.5536499023438,-5.4285969734191895
-42.86539459228515,799.3609008789062,-5.4486517906188965
-42.37152099609375,799.164306640625,-5.467785835266113
-41.87682342529297,798.9659423828125,-5.483989715576172
-41.380653381347656,798.7665405273438,-5.498709678649902
-40.88530731201172,798.5592041015625,-5.5107245445251465
-40.39052963256836,798.3502197265625,-5.523898124694824
-39.89640808105469,798.1404418945312,-5.539231777191162
-39.40375900268555,797.9273681640625,-5.553823471069336
-38.91220474243164,797.7115478515625,-5.565833568572998
-38.42219543457031,797.4922485351562,-5.572405815124512
-37.931678771972656,797.2725830078125,-5.577343463897705
-37.44098281860352,797.0524291992188,-5.58441162109375
-36.9508056640625,796.8302612304688,-5.594418048858643
-36.46137619018555,796.6056518554688,-5.606714725494385
-35.972694396972656,796.3782348632812,-5.619077205657959
-35.484336853027344,796.14990234375,-5.631815433502197
-34.99604797363281,795.9209594726562,-5.646775722503662
-34.50783920288086,795.6905517578125,-5.663616180419922
-34.01983642578125,795.45751953125,-5.679057598114014
-33.53164291381836,795.2230834960938,-5.692015171051025
-33.04296112060547,794.9877319335938,-5.706258296966553
-32.554691314697266,794.7504272460938,-5.723163604736328
-32.06733703613281,794.5104370117188,-5.740783214569092
-31.58091163635254,794.2679443359375,-5.756014823913574
-31.094512939453125,794.0242309570312,-5.7682390213012695
-30.608156204223633,793.7800903320312,-5.779422283172607
-30.12226295471191,793.5343627929688,-5.7909698486328125
-29.63671875,793.2869873046875,-5.803208351135254
-29.15116500854492,793.0382690429688,-5.815430641174316
-28.66525650024414,792.7884521484375,-5.827199935913086
-28.17870330810547,792.5379638671875,-5.839321613311768
-27.6917724609375,792.2864990234375,-5.852342128753662
-27.20467185974121,792.0335693359375,-5.865938186645508
-26.71738052368164,791.7794799804688,-5.879286289215088
-26.229827880859375,791.5244750976562,-5.892251014709473
-25.741941452026367,791.2686767578125,-5.9051642417907715
-25.25368881225586,791.01171875,-5.918042182922363
-24.76501083374023,790.75341796875,-5.930886268615723
-24.27593994140625,790.4938354492188,-5.944222927093506
-23.7864990234375,790.23291015625,-5.958636283874512
-23.2973690032959,789.968017578125,-5.97167444229126
-22.806472778320312,789.703125,-5.981841564178467
-22.314193725585938,789.43896484375,-5.993289947509766
-21.82134056091309,789.1738891601562,-6.009173393249512
-21.32801818847656,788.9069213867188,-6.029706001281738
-20.835399627685547,788.6342163085938,-6.047169208526611
-20.339282989501953,788.3618774414062,-6.059379577636719
-19.839614868164062,788.09033203125,-6.0740180015563965
-19.339401245117188,787.816162109375,-6.093925476074219
-18.839675903320312,787.536376953125,-6.115968227386475
-18.340015411376953,787.2501831054688,-6.134298324584961
-17.838911056518555,786.9609985351562,-6.14914608001709
-17.336280822753906,786.6698608398438,-6.163547039031982
-16.83237648010254,786.3761596679688,-6.179142475128174
-16.327234268188477,786.07861328125,-6.195207595825195
-15.81988525390625,785.77734375,-6.210759162902832
-15.309388160705566,785.4730224609375,-6.226675987243652
-14.795902252197266,785.1654663085938,-6.243374824523926
-14.27980613708496,784.8541259765625,-6.261162757873535
-13.761360168457031,784.5382690429688,-6.279427528381348
-13.240386962890623,784.2183837890625,-6.298019886016846
-12.716331481933594,783.8951416015625,-6.316917419433594
-12.188905715942385,783.5689697265625,-6.336434364318848
-11.658373832702637,783.2393188476562,-6.356210231781006
-11.12486457824707,782.9063720703125,-6.375960826873779
-10.5888032913208,782.570068359375,-6.395565509796143
-10.05026912689209,782.2308349609375,-6.415141582489014
-9.50921630859375,781.8892822265625,-6.4347124099731445
-8.965442657470703,781.5457763671875,-6.453934192657471
-8.418951034545898,781.200439453125,-6.472740650177002
-7.869841575622559,780.8533325195312,-6.491438388824463
-7.318084716796875,780.505126953125,-6.510700702667236
-6.763972282409668,780.1557006835938,-6.530270576477051
-6.207640171051025,779.8047485351562,-6.549874305725098
-5.648895263671875,779.45263671875,-6.56928825378418
-5.087218761444092,779.0997924804688,-6.589192867279053
-4.522762775421143,778.7461547851562,-6.609776973724365
-3.955571174621582,778.3916015625,-6.630924701690674
-3.386215925216675,778.0357666015625,-6.6525959968566895
-2.814512014389038,777.6787109375,-6.674343585968018
-2.2399356365203857,777.3209228515625,-6.69594669342041
-1.6623177528381348,776.9627075195312,-6.71769380569458
-1.0819510221481323,776.603515625,-6.739511966705322
-0.4992068707942962,776.2428588867188,-6.760776996612549
0.0864664241671562,775.880859375,-6.780439376831055
0.6752000451087952,775.5180053710938,-6.798668384552002
1.2664707899093628,775.154296875,-6.817279815673828
1.8597917556762695,774.789306640625,-6.836771488189697
2.455089807510376,774.4227905273438,-6.85715389251709
3.0525476932525635,774.0550537109375,-6.878780841827393
3.652599573135376,773.6865844726562,-6.902858257293701
4.255343914031982,773.3164672851562,-6.928194046020508
4.861355781555176,772.9445190429688,-6.953045845031738
5.470919132232666,772.57080078125,-6.976846218109131
6.083040237426758,772.1947631835938,-6.9997878074646
6.697794437408447,771.816650390625,-7.022118091583252
7.315550327301025,771.4368896484375,-7.043796062469482
7.936612606048584,771.0552978515625,-7.064820766448975
8.560881614685059,770.671630859375,-7.085087776184082
9.188515663146973,770.2857055664062,-7.1041460037231445
9.81929874420166,769.8978271484375,-7.122181415557861
10.452764511108398,769.50830078125,-7.14053201675415
11.088617324829102,769.1168212890625,-7.1598734855651855
11.72715187072754,768.72412109375,-7.181370258331299
12.36879539489746,768.3300170898438,-7.204378128051758
13.013627052307127,767.9341430664062,-7.228338718414307
13.662202835083008,767.536865234375,-7.253496646881104
14.314480781555176,767.1378784179688,-7.279012203216553
14.970170974731444,766.7361450195312,-7.303131103515625
15.629237174987791,766.3321533203125,-7.325484275817871
16.2916259765625,765.9263305664062,-7.347073554992676
16.95681381225586,765.518798828125,-7.368630409240723
17.62476921081543,765.109375,-7.3902268409729
18.295835494995117,764.6981811523438,-7.4120283126831055
18.97003936767578,764.28515625,-7.434306621551514
19.647315979003903,763.8704223632812,-7.457021236419678
20.32761573791504,763.4539794921875,-7.480028629302979
21.010974884033203,763.0357055664062,-7.503005504608154
21.697280883789062,762.6152954101562,-7.525747776031494
22.386823654174805,762.193115234375,-7.548664093017578
23.079608917236328,761.76953125,-7.572221755981445
23.7750244140625,761.3438720703125,-7.596382141113281
24.4733943939209,760.9158935546875,-7.620222091674805
25.175336837768555,760.4856567382812,-7.643002033233643
25.881248474121097,760.052734375,-7.66330099105835
26.591121673583984,759.61767578125,-7.682000637054443
