x,y,z
-1072.87109375,-1883.9091796875,144.19943237304688
-1073.4051513671875,-1884.457763671875,144.191650390625
-1073.941162109375,-1885.009521484375,144.18496704101562
-1074.4798583984375,-1885.564453125,144.1792755126953
-1075.02099609375,-1886.1221923828125,144.1747589111328
-1075.5643310546875,-1886.6817626953125,144.17141723632812
-1076.1097412109375,-1887.2432861328125,144.16998291015625
-1076.6571044921875,-1887.8076171875,144.17056274414062
-1077.206787109375,-1888.374267578125,144.1719512939453
-1077.7591552734375,-1888.9425048828125,144.17269897460938
-1078.3138427734375,-1889.511962890625,144.1724395751953
-1078.8701171875,-1890.0831298828125,144.17088317871094
-1079.4276123046875,-1890.657470703125,144.16836547851562
-1079.9869384765625,-1891.236328125,144.16455078125
-1080.54833984375,-1891.8189697265625,144.1591339111328
-1081.1109619140625,-1892.40478515625,144.15206909179688
-1081.673828125,-1892.99365234375,144.145263671875
-1082.2364501953125,-1893.585205078125,144.13926696777344
-1082.7998046875,-1894.1785888671875,144.1334686279297
-1083.3641357421875,-1894.7728271484375,144.12796020507812
-1083.92919921875,-1895.3665771484375,144.1233673095703
-1084.4949951171875,-1895.9591064453125,144.11981201171875
-1085.061279296875,-1896.550048828125,144.11720275878906
-1085.6285400390625,-1897.138671875,144.1153106689453
-1086.1971435546875,-1897.725341796875,144.11338806152344
-1086.76708984375,-1898.31005859375,144.11106872558594
-1087.338623046875,-1898.89208984375,144.10743713378906
-1087.9117431640625,-1899.47119140625,144.1022491455078
-1088.4854736328125,-1900.0479736328125,144.09654235839844
-1089.0604248046875,-1900.622802734375,144.0904541015625
-1089.6368408203125,-1901.1956787109375,144.0823516845703
-1090.2144775390625,-1901.7666015625,144.0725860595703
-1090.7923583984375,-1902.3359375,144.06332397460938
-1091.3704833984375,-1902.904296875,144.05482482910156
-1091.94921875,-1903.4713134765625,144.04669189453125
-1092.5279541015625,-1904.03759765625,144.03948974609375
-1093.106689453125,-1904.602783203125,144.0338592529297
-1093.6854248046875,-1905.166748046875,144.02975463867188
-1094.263671875,-1905.7293701171875,144.0279083251953
-1094.84228515625,-1906.2904052734375,144.02658081054688
-1095.421142578125,-1906.8499755859375,144.0235137939453
-1095.9998779296875,-1907.4078369140625,144.01876831054688
-1096.5784912109375,-1907.9656982421875,144.01242065429688
-1097.1556396484375,-1908.5245361328125,144.0057373046875
-1097.732666015625,-1909.083984375,143.9973602294922
-1098.3082275390625,-1909.6441650390625,143.98983764648438
-1098.8824462890625,-1910.205078125,143.9833984375
-1099.4547119140625,-1910.7664794921875,143.97813415527344
-1100.0262451171875,-1911.3277587890625,143.97341918945312
-1100.596923828125,-1911.888916015625,143.96832275390625
-1101.165771484375,-1912.4505615234375,143.9629669189453
-1101.733154296875,-1913.013427734375,143.95765686035156
-1102.299560546875,-1913.5771484375,143.95205688476562
-1102.864990234375,-1914.141357421875,143.94589233398438
-1103.42919921875,-1914.7060546875,143.93946838378906
-1103.991455078125,-1915.2718505859375,143.933837890625
-1104.5518798828125,-1915.8385009765625,143.9287109375
-1105.1109619140625,-1916.4058837890625,143.92347717285156
-1105.6690673828125,-1916.9737548828125,143.91819763183594
-1106.2261962890625,-1917.5418701171875,143.91336059570312
-1106.78173828125,-1918.110595703125,143.9088592529297
-1107.3367919921875,-1918.6796875,143.90423583984375
-1107.8905029296875,-1919.2490234375,143.89938354492188
-1108.4429931640625,-1919.81884765625,143.8945770263672
-1108.994384765625,-1920.388916015625,143.88995361328125
-1109.5450439453125,-1920.959228515625,143.8848876953125
-1110.09521484375,-1921.529541015625,143.8796844482422
-1110.6448974609375,-1922.10009765625,143.8746337890625
-1111.1943359375,-1922.670166015625,143.86949157714844
-1111.7432861328125,-1923.2401123046875,143.8645477294922
-1112.2918701171875,-1923.809814453125,143.860107421875
-1112.8404541015625,-1924.3792724609375,143.85537719726562
-1113.388916015625,-1924.947998046875,143.85006713867188
-1113.9371337890625,-1925.5164794921875,143.84474182128906
-1114.485107421875,-1926.084716796875,143.83934020996094
-1115.0333251953125,-1926.65234375,143.83309936523438
-1115.5811767578125,-1927.2203369140625,143.8270721435547
-1116.1287841796875,-1927.788818359375,143.82174682617188
-1116.6767578125,-1928.3570556640625,143.8167266845703
-1117.22509765625,-1928.9248046875,143.81224060058594
-1117.7728271484375,-1929.4925537109375,143.80931091308594
-1118.32080078125,-1930.059814453125,143.8070068359375
-1118.869384765625,-1930.6260986328125,143.80419921875
-1119.4183349609375,-1931.19189453125,143.80140686035156
-1119.9671630859375,-1931.7579345703125,143.79873657226562
-1120.5164794921875,-1932.32373046875,143.7955780029297
-1121.0660400390625,-1932.8895263671875,143.79200744628906
-1121.6158447265625,-1933.4554443359375,143.78843688964844
-1122.16552734375,-1934.0213623046875,143.78514099121094
-1122.715087890625,-1934.587158203125,143.78164672851562
-1123.2646484375,-1935.1529541015625,143.77792358398438
-1123.814208984375,-1935.7186279296875,143.77410888671875
-1124.3638916015625,-1936.2838134765625,143.76974487304688
-1124.9136962890625,-1936.8492431640625,143.76466369628906
-1125.4632568359375,-1937.4146728515625,143.75979614257812
-1126.01318359375,-1937.9803466796875,143.75486755371094
-1126.563232421875,-1938.545654296875,143.7498321533203
-1127.1131591796875,-1939.1109619140625,143.74497985839844
-1127.6630859375,-1939.676025390625,143.74073791503906
-1128.213134765625,-1940.2406005859375,143.73683166503906
-1128.76318359375,-1940.804931640625,143.73324584960938
-1129.3134765625,-1941.369140625,143.72972106933594
-1129.863525390625,-1941.933349609375,143.72618103027344
-1130.41357421875,-1942.4974365234375,143.72283935546875
-1130.9635009765625,-1943.0609130859375,143.71865844726562
-1131.51318359375,-1943.624267578125,143.71347045898438
-1132.0623779296875,-1944.1881103515625,143.70816040039062
-1132.6112060546875,-1944.7529296875,143.70333862304688
-1133.160400390625,-1945.31787109375,143.6978759765625
-1133.709228515625,-1945.883056640625,143.691162109375
-1134.25732421875,-1946.44775390625,143.68386840820312
-1134.80517578125,-1947.012451171875,143.67669677734375
-1135.352294921875,-1947.577392578125,143.66896057128906
-1135.8990478515625,-1948.14306640625,143.66075134277344
-1136.4468994140625,-1948.7088623046875,143.65115356445312
-1136.9940185546875,-1949.275390625,143.64149475097656
-1137.540771484375,-1949.84228515625,143.63284301757812
-1138.0872802734375,-1950.4091796875,143.6256866455078
-1138.6337890625,-1950.9759521484375,143.6207733154297
-1139.18017578125,-1951.5423583984375,143.6179656982422
-1139.7274169921875,-1952.107666015625,143.61602783203125
-1140.275146484375,-1952.672119140625,143.61386108398438
-1140.823486328125,-1953.2352294921875,143.61041259765625
-1141.3721923828125,-1953.797607421875,143.60560607910156
-1141.9207763671875,-1954.35986328125,143.60025024414062
-1142.46923828125,-1954.922607421875,143.59521484375
-1143.0185546875,-1955.4849853515625,143.58843994140625
-1143.5684814453125,-1956.04638671875,143.57974243164062
-1144.1180419921875,-1956.607666015625,143.57077026367188
-1144.6669921875,-1957.1693115234375,143.5626220703125
-1145.2161865234375,-1957.7313232421875,143.5543212890625
-1145.7657470703125,-1958.2933349609375,143.54571533203125
-1146.3160400390625,-1958.855224609375,143.53811645507812
-1146.8662109375,-1959.416748046875,143.5321044921875
-1147.4168701171875,-1959.9774169921875,143.5270538330078
-1147.9681396484375,-1960.5372314453125,143.5228271484375
-1148.5196533203125,-1961.0963134765625,143.51931762695312
-1149.071533203125,-1961.6551513671875,143.5162353515625
-1149.6239013671875,-1962.2135009765625,143.5123748779297
-1150.1766357421875,-1962.771240234375,143.5072021484375
-1150.7288818359375,-1963.329345703125,143.5025177001953
-1151.28125,-1963.887451171875,143.4981231689453
-1151.833984375,-1964.4454345703125,143.49356079101562
-1152.386962890625,-1965.003173828125,143.48837280273438
-1152.9400634765625,-1965.560791015625,143.4825439453125
-1153.4931640625,-1966.117919921875,143.4753875732422
-1154.0455322265625,-1966.677001953125,143.46884155273438
-1154.597900390625,-1967.2359619140625,143.4623260498047
-1155.149658203125,-1967.7945556640625,143.4568328857422
-1155.700927734375,-1968.353515625,143.45269775390625
-1156.2528076171875,-1968.9124755859375,143.4486846923828
-1156.8048095703125,-1969.4716796875,143.44390869140625
-1157.3563232421875,-1970.0321044921875,143.4390869140625
-1157.9075927734375,-1970.593505859375,143.4352264404297
-1158.458984375,-1971.1549072265625,143.43161010742188
-1159.0103759765625,-1971.7161865234375,143.4275360107422
-1159.5609130859375,-1972.2783203125,143.42381286621094
-1160.111328125,-1972.8406982421875,143.42041015625
-1160.6619873046875,-1973.40380859375,143.4161834716797
-1161.212158203125,-1973.96826171875,143.41140747070312
-1161.76171875,-1974.5341796875,143.4066925048828
-1162.31103515625,-1975.10107421875,143.40216064453125
-1162.8603515625,-1975.6685791015625,143.39788818359375
-1163.4091796875,-1976.236572265625,143.3939971923828
-1163.95849609375,-1976.8045654296875,143.39022827148438
-1164.5084228515625,-1977.37158203125,143.3853759765625
-1165.05810546875,-1977.939453125,143.3803253173828
-1165.6080322265625,-1978.507568359375,143.3752899169922
-1166.1583251953125,-1979.0758056640625,143.36964416503906
-1166.70947265625,-1979.6441650390625,143.3628387451172
-1167.2601318359375,-1980.2127685546875,143.3557891845703
-1167.81103515625,-1980.7813720703125,143.3487091064453
-1168.3624267578125,-1981.3494873046875,143.3416290283203
-1168.91455078125,-1981.917724609375,143.33370971679688
-1169.466796875,-1982.48681640625,143.3265838623047
-1170.0201416015625,-1983.0555419921875,143.3191375732422
-1170.5738525390625,-1983.6239013671875,143.31198120117188
-1171.1279296875,-1984.1923828125,143.3052215576172
-1171.682373046875,-1984.7606201171875,143.2986602783203
-1172.2374267578125,-1985.329345703125,143.2925567626953
-1172.7930908203125,-1985.898681640625,143.2874298095703
-1173.3499755859375,-1986.4683837890625,143.2830810546875
-1173.908447265625,-1987.0384521484375,143.2775421142578
-1174.4686279296875,-1987.6097412109375,143.2706298828125
-1175.029052734375,-1988.1827392578125,143.26467895507812
-1175.590087890625,-1988.7574462890625,143.25978088378906
-1176.153076171875,-1989.3330078125,143.2543487548828
-1176.718017578125,-1989.910400390625,143.24868774414062
-1177.2841796875,-1990.489990234375,143.2435302734375
-1177.85205078125,-1991.0716552734375,143.23838806152344
-1178.422119140625,-1991.6544189453125,143.2323760986328
-1178.99365234375,-1992.2388916015625,143.2257537841797
-1179.56591796875,-1992.8258056640625,143.21902465820312
-1180.1396484375,-1993.416015625,143.21217346191406
-1180.7152099609375,-1994.009033203125,143.20484924316406
-1181.29248046875,-1994.604736328125,143.1971893310547
-1181.870849609375,-1995.2030029296875,143.19007873535156
-1182.450439453125,-1995.803955078125,143.18385314941406
-1183.0322265625,-1996.407470703125,143.17807006835938
-1183.6158447265625,-1997.012939453125,143.17263793945312
-1184.2012939453125,-1997.61962890625,143.16738891601562
-1184.7886962890625,-1998.227783203125,143.1620330810547
-1185.3780517578125,-1998.8370361328125,143.15655517578125
-1185.9691162109375,-1999.4471435546875,143.15036010742188
-1186.5615234375,-2000.05859375,143.1434783935547
-1187.1551513671875,-2000.671142578125,143.1363983154297
-1187.74951171875,-2001.28369140625,143.12855529785156
-1188.343994140625,-2001.89599609375,143.11985778808594
-1188.938232421875,-2002.5084228515625,143.11141967773438
-1189.532470703125,-2003.12060546875,143.10308837890625
-1190.1268310546875,-2003.7327880859375,143.09446716308594
-1190.7216796875,-2004.34423828125,143.08560180664062
-1191.3162841796875,-2004.9547119140625,143.07687377929688
-1191.9105224609375,-2005.5648193359375,143.06878662109375
-1192.504638671875,-2006.1748046875,143.06137084960938
-1193.099365234375,-2006.78369140625,143.0541534423828
-1193.6953125,-2007.390869140625,143.04556274414062
-1194.29150390625,-2007.9964599609375,143.0362091064453
-1194.8870849609375,-2008.601806640625,143.0279541015625
-1195.4830322265625,-2009.2069091796875,143.02027893066406
-1196.079833984375,-2009.811279296875,143.01214599609375
-1196.6773681640625,-2010.4139404296875,143.0030059814453
-1197.2742919921875,-2011.0155029296875,142.99481201171875
-1197.8709716796875,-2011.6163330078125,142.98785400390625
-1198.4681396484375,-2012.216552734375,142.98046875
-1199.0655517578125,-2012.8165283203125,142.97279357910156
-1199.662841796875,-2013.416259765625,142.96572875976562
-1200.260009765625,-2014.01513671875,142.95896911621094
-1200.8572998046875,-2014.61279296875,142.95159912109375
-1201.4544677734375,-2015.20947265625,142.94448852539062
-1202.05126953125,-2015.8056640625,142.93765258789062
-1202.6484375,-2016.401123046875,142.92921447753906
-1203.24609375,-2016.995849609375,142.91900634765625
-1203.843505859375,-2017.590087890625,142.9073486328125
-1204.43994140625,-2018.184326171875,142.89508056640625
-1205.035888671875,-2018.7791748046875,142.88282775878906
-1205.6319580078125,-2019.3740234375,142.86961364746094
-1206.2269287109375,-2019.969970703125,142.85655212402344
-1206.8203125,-2020.567138671875,142.84555053710938
-1207.4132080078125,-2021.164306640625,142.83526611328125
-1208.005615234375,-2021.760498046875,142.82516479492188
-1208.59716796875,-2022.3565673828125,142.81553649902344
-1209.1878662109375,-2022.9534912109375,142.80665588378906
-1209.778564453125,-2023.5509033203125,142.79647827148438
-1210.36865234375,-2024.1490478515625,142.7855224609375
-1210.9576416015625,-2024.748046875,142.77549743652344
-1211.5457763671875,-2025.3475341796875,142.76609802246094
-1212.1331787109375,-2025.947509765625,142.757080078125
-1212.7196044921875,-2026.5479736328125,142.74867248535156
-1213.3056640625,-2027.1484375,142.74034118652344
-1213.891357421875,-2027.749267578125,142.73187255859375
-1214.4766845703125,-2028.3507080078125,142.72341918945312
-1215.062255859375,-2028.9521484375,142.71524047851562
-1215.6478271484375,-2029.5535888671875,142.7069091796875
-1216.2340087890625,-2030.1549072265625,142.6985321044922
-1216.8204345703125,-2030.7559814453125,142.69056701660156
-1217.407470703125,-2031.3564453125,142.68258666992188
-1217.9951171875,-2031.9569091796875,142.6742401123047
-1218.5836181640625,-2032.5570068359375,142.66534423828125
-1219.17333984375,-2033.15625,142.6553955078125
-1219.763427734375,-2033.756103515625,142.6450653076172
-1220.3543701171875,-2034.3570556640625,142.6352996826172
-1220.94677734375,-2034.9586181640625,142.62542724609375
-1221.5404052734375,-2035.560546875,142.61558532714844
-1222.1346435546875,-2036.1630859375,142.60691833496094
-1222.729736328125,-2036.765380859375,142.5992889404297
-1223.3262939453125,-2037.3677978515625,142.5915985107422
-1223.9237060546875,-2037.9710693359375,142.5837860107422
-1224.521728515625,-2038.576171875,142.57582092285156
-1225.1207275390625,-2039.18212890625,142.56700134277344
-1225.7208251953125,-2039.7891845703125,142.55763244628906
-1226.3211669921875,-2040.3975830078125,142.54832458496094
-1226.921875,-2041.0076904296875,142.5391082763672
-1227.5233154296875,-2041.6192626953125,142.5293426513672
-1228.125244140625,-2042.23193359375,142.5192108154297
-1228.727783203125,-2042.8466796875,142.50942993164062
-1229.330810546875,-2043.4630126953125,142.49978637695312
-1229.93408203125,-2044.08056640625,142.48974609375
-1230.5372314453125,-2044.69970703125,142.47962951660156
-1231.14013671875,-2045.3203125,142.4700469970703
-1231.7430419921875,-2045.9423828125,142.4608612060547
-1232.345947265625,-2046.565673828125,142.45147705078125
-1232.9488525390625,-2047.1890869140625,142.44163513183594
-1233.5511474609375,-2047.813232421875,142.4320526123047
-1234.153076171875,-2048.437744140625,142.4225311279297
-1234.755126953125,-2049.062255859375,142.4120635986328
-1235.35693359375,-2049.687255859375,142.40127563476562
-1235.9586181640625,-2050.31201171875,142.3903045654297
-1236.5604248046875,-2050.936279296875,142.37823486328125
-1237.161865234375,-2051.56103515625,142.36691284179688
-1237.7628173828125,-2052.18603515625,142.3564910888672
-1238.3648681640625,-2052.810302734375,142.3446044921875
-1238.9664306640625,-2053.433837890625,142.3331756591797
-1239.567626953125,-2054.056640625,142.3230438232422
-1240.16943359375,-2054.679443359375,142.3127899169922
-1240.771728515625,-2055.3017578125,142.3019256591797
-1241.3741455078125,-2055.92431640625,142.29095458984375
-1241.9764404296875,-2056.5458984375,142.28038024902344
-1242.578857421875,-2057.167236328125,142.2700958251953
-1243.1812744140625,-2057.78857421875,142.2599639892578
-1243.7833251953125,-2058.40966796875,142.2497100830078
-1244.3853759765625,-2059.030517578125,142.2393341064453
-1244.9873046875,-2059.6513671875,142.22911071777344
-1245.588623046875,-2060.272705078125,142.21917724609375
-1246.1895751953125,-2060.894287109375,142.20938110351562
-1246.7901611328125,-2061.515869140625,142.19937133789062
-1247.390380859375,-2062.1376953125,142.189453125
-1247.9906005859375,-2062.758544921875,142.17941284179688
-1248.5906982421875,-2063.3798828125,142.16896057128906
-1249.1905517578125,-2064.00146484375,142.15823364257812
-1249.7904052734375,-2064.622802734375,142.14720153808594
-1250.3900146484375,-2065.244140625,142.13583374023438
-1250.9891357421875,-2065.86572265625,142.12400817871094
-1251.5877685546875,-2066.48779296875,142.11204528808594
-1252.1864013671875,-2067.10986328125,142.10037231445312
-1252.7847900390625,-2067.732177734375,142.08851623535156
-1253.3829345703125,-2068.35400390625,142.07679748535156
-1253.98095703125,-2068.9765625,142.0657958984375
-1254.5791015625,-2069.59814453125,142.05523681640625
-1255.177734375,-2070.21923828125,142.04464721679688
-1255.7763671875,-2070.839599609375,142.03421020507812
-1256.3751220703125,-2071.4599609375,142.02415466308594
-1256.9742431640625,-2072.079833984375,142.0139617919922
-1257.5738525390625,-2072.699462890625,142.0037384033203
-1258.17333984375,-2073.319091796875,141.99403381347656
-1258.773193359375,-2073.937744140625,141.984375
-1259.373291015625,-2074.5556640625,141.9748077392578
-1259.9735107421875,-2075.17333984375,141.96534729003906
-1260.5738525390625,-2075.79052734375,141.95602416992188
-1261.1741943359375,-2076.40771484375,141.94667053222656
-1261.775146484375,-2077.024169921875,141.93701171875
-1262.3759765625,-2077.640380859375,141.92709350585938
-1262.976806640625,-2078.255859375,141.91732788085938
-1263.577880859375,-2078.870849609375,141.90675354003906
-1264.17919921875,-2079.4853515625,141.8954315185547
-1264.780029296875,-2080.10009765625,141.8842010498047
-1265.3812255859375,-2080.714599609375,141.8725128173828
-1265.983154296875,-2081.32861328125,141.860595703125
-1266.5848388671875,-2081.942626953125,141.84913635253906
-1267.1864013671875,-2082.555908203125,141.8382110595703
-1267.7886962890625,-2083.168701171875,141.82777404785156
-1268.3912353515625,-2083.78076171875,141.81744384765625
-1268.993896484375,-2084.392822265625,141.80746459960938
-1269.5966796875,-2085.00439453125,141.79803466796875
-1270.199951171875,-2085.614990234375,141.7880096435547
-1270.80322265625,-2086.224853515625,141.77735900878906
-1271.4063720703125,-2086.83447265625,141.76695251464844
-1272.009521484375,-2087.4443359375,141.75656127929688
-1272.6134033203125,-2088.053955078125,141.7455291748047
-1273.217041015625,-2088.663818359375,141.73451232910156
-1273.8203125,-2089.27294921875,141.7243194580078
-1274.423828125,-2089.8818359375,141.71405029296875
-1275.0272216796875,-2090.490234375,141.7036895751953
-1275.6304931640625,-2091.098388671875,141.69325256347656
-1276.2337646484375,-2091.70654296875,141.68209838867188
-1276.8372802734375,-2092.31396484375,141.6703338623047
-1277.4405517578125,-2092.921630859375,141.65829467773438
-1278.043701171875,-2093.529541015625,141.64593505859375
-1278.6468505859375,-2094.137451171875,141.63333129882812
-1279.2496337890625,-2094.745361328125,141.62074279785156
-1279.8524169921875,-2095.352783203125,141.60841369628906
-1280.454833984375,-2095.96044921875,141.59629821777344
-1281.057373046875,-2096.568115234375,141.5841827392578
-1281.65966796875,-2097.175537109375,141.572265625
-1282.2618408203125,-2097.782958984375,141.5606689453125
-1282.8638916015625,-2098.3896484375,141.54852294921875
-1283.4658203125,-2098.996337890625,141.53582763671875
-1284.0670166015625,-2099.603271484375,141.5233154296875
-1284.6683349609375,-2100.21044921875,141.51060485839844
-1285.2694091796875,-2100.81787109375,141.49755859375
-1285.8702392578125,-2101.425537109375,141.4852752685547
-1286.470703125,-2102.032958984375,141.47402954101562
-1287.0714111328125,-2102.6396484375,141.4622039794922
-1287.6719970703125,-2103.245849609375,141.45018005371094
-1288.272216796875,-2103.851806640625,141.4386444091797
-1288.8726806640625,-2104.4580078125,141.42674255371094
-1289.4732666015625,-2105.06396484375,141.4141082763672
-1290.0733642578125,-2105.670654296875,141.40171813964844
-1290.6729736328125,-2106.27734375,141.39047241210938
-1291.2725830078125,-2106.88330078125,141.37928771972656
-1291.872314453125,-2107.488525390625,141.36814880371094
-1292.471435546875,-2108.093994140625,141.3578643798828
-1293.0711669921875,-2108.69921875,141.34742736816406
-1293.671630859375,-2109.30419921875,141.33563232421875
-1294.2716064453125,-2109.908447265625,141.323486328125
-1294.8709716796875,-2110.5126953125,141.31170654296875
-1295.4705810546875,-2111.116943359375,141.30030822753906
-1296.07080078125,-2111.720703125,141.2877197265625
-1296.67041015625,-2112.32470703125,141.27574157714844
-1297.27001953125,-2112.928955078125,141.26405334472656
-1297.869873046875,-2113.53271484375,141.25244140625
-1298.4696044921875,-2114.13623046875,141.24049377441406
-1299.0689697265625,-2114.73974609375,141.228759765625
-1299.6683349609375,-2115.3427734375,141.21719360351562
-1300.2679443359375,-2115.9453125,141.20481872558594
-1300.8673095703125,-2116.548583984375,141.19239807128906
-1301.4666748046875,-2117.15185546875,141.1805877685547
-1302.06640625,-2117.7548828125,141.16871643066406
-1302.6661376953125,-2118.357177734375,141.15625
-1303.2655029296875,-2118.959228515625,141.14442443847656
-1303.86474609375,-2119.56103515625,141.13308715820312
-1304.4647216796875,-2120.162841796875,141.12103271484375
-1305.0645751953125,-2120.76416015625,141.1079559326172
-1305.6644287109375,-2121.364990234375,141.09439086914062
-1306.2637939453125,-2121.966064453125,141.08084106445312
-1306.8634033203125,-2122.567138671875,141.0670928955078
-1307.4632568359375,-2123.16796875,141.05271911621094
-1308.062255859375,-2123.76953125,141.0384521484375
-1308.6614990234375,-2124.37109375,141.02442932128906
-1309.260498046875,-2124.97216796875,141.01043701171875
-1309.859375,-2125.57275390625,140.99668884277344
-1310.4581298828125,-2126.17333984375,140.98309326171875
-1311.056884765625,-2126.774169921875,140.9696807861328
-1311.65576171875,-2127.375,140.9561767578125
-1312.25439453125,-2127.9755859375,140.94180297851562
-1312.8519287109375,-2128.576904296875,140.92755126953125
-1313.44873046875,-2129.1787109375,140.9138641357422
-1314.045166015625,-2129.781005859375,140.89993286132812
-1314.6409912109375,-2130.3837890625,140.88525390625
-1315.2359619140625,-2130.9873046875,140.8704833984375
-1315.829833984375,-2131.59130859375,140.85586547851562
-1316.4229736328125,-2132.196044921875,140.84107971191406
-1317.0152587890625,-2132.80126953125,140.82603454589844
-1317.6064453125,-2133.40771484375,140.8108673095703
-1318.19677734375,-2134.014892578125,140.79571533203125
-1318.785888671875,-2134.623046875,140.78070068359375
-1319.3739013671875,-2135.232421875,140.7659912109375
-1319.960693359375,-2135.84228515625,140.75149536132812
-1320.5467529296875,-2136.453125,140.73719787597656
-1321.1317138671875,-2137.064697265625,140.72323608398438
-1321.71533203125,-2137.67724609375,140.709228515625
-1322.2979736328125,-2138.2900390625,140.69503784179688
-1322.8797607421875,-2138.904052734375,140.68089294433594
-1323.4609375,-2139.5185546875,140.66693115234375
-1324.04150390625,-2140.13330078125,140.65292358398438
-1324.6217041015625,-2140.74853515625,140.63851928710938
-1325.200927734375,-2141.364013671875,140.62408447265625
-1325.7801513671875,-2141.97900390625,140.609375
-1326.35888671875,-2142.594482421875,140.59446716308594
-1326.9371337890625,-2143.210205078125,140.57945251464844
-1327.5147705078125,-2143.82666015625,140.5641632080078
-1328.093017578125,-2144.443115234375,140.54751586914062
-1328.6700439453125,-2145.059814453125,140.53184509277344
-1329.2467041015625,-2145.6767578125,140.5167999267578
-1329.8236083984375,-2146.293212890625,140.50189208984375
-1330.400634765625,-2146.90966796875,140.48739624023438
-1330.977783203125,-2147.52490234375,140.47340393066406
-1331.555908203125,-2148.1396484375,140.45968627929688
-1332.134521484375,-2148.75341796875,140.44598388671875
-1332.7137451171875,-2149.366455078125,140.43203735351562
-1333.2933349609375,-2149.978515625,140.41778564453125
-1333.8734130859375,-2150.59033203125,140.40357971191406
-1334.453369140625,-2151.201904296875,140.38902282714844
-1335.034423828125,-2151.812255859375,140.37396240234375
-1335.616455078125,-2152.421875,140.35899353027344
-1336.1990966796875,-2153.030517578125,140.34425354003906
-1336.78271484375,-2153.6376953125,140.32948303222656
-1337.367431640625,-2154.244384765625,140.315673828125
-1337.952880859375,-2154.849853515625,140.30223083496094
-1338.5391845703125,-2155.453857421875,140.2890625
-1339.1258544921875,-2156.057373046875,140.27691650390625
-1339.71337890625,-2156.6591796875,140.26483154296875
-1340.3018798828125,-2157.260009765625,140.2520294189453
-1340.890869140625,-2157.859375,140.2388153076172
-1341.48095703125,-2158.4580078125,140.224853515625
-1342.07177734375,-2159.05517578125,140.21005249023438
-1342.6634521484375,-2159.652587890625,140.19509887695312
-1343.255859375,-2160.24951171875,140.1802520751953
-1343.8487548828125,-2160.844970703125,140.16497802734375
-1344.4423828125,-2161.439453125,140.14999389648438
-1345.0357666015625,-2162.033203125,140.13609313964844
-1345.629638671875,-2162.626953125,140.1224822998047
-1346.2239990234375,-2163.219970703125,140.1086883544922
-1346.81982421875,-2163.811279296875,140.09432983398438
-1347.4158935546875,-2164.401123046875,140.07952880859375
-1348.0115966796875,-2164.991455078125,140.06521606445312
-1348.6080322265625,-2165.5810546875,140.0510711669922
-1349.205322265625,-2166.169921875,140.03602600097656
-1349.8026123046875,-2166.758544921875,140.0200653076172
-1350.3994140625,-2167.346923828125,140.00442504882812
-1350.99609375,-2167.934814453125,139.98890686035156
-1351.5927734375,-2168.52294921875,139.9723358154297
-1352.189697265625,-2169.111328125,139.95545959472656
-1352.7862548828125,-2169.699462890625,139.93890380859375
-1353.3828125,-2170.287353515625,139.9221954345703
-1353.979248046875,-2170.875244140625,139.90570068359375
-1354.5751953125,-2171.46337890625,139.889892578125
-1355.1708984375,-2172.051513671875,139.87477111816406
-1355.7666015625,-2172.639404296875,139.85984802246094
-1356.3623046875,-2173.22705078125,139.84500122070312
-1356.9578857421875,-2173.814697265625,139.83045959472656
-1357.5531005859375,-2174.402099609375,139.81614685058594
-1358.1483154296875,-2174.989501953125,139.80186462402344
-1358.743408203125,-2175.57666015625,139.78732299804688
-1359.33837890625,-2176.16357421875,139.77264404296875
-1359.93310546875,-2176.75048828125,139.7579345703125
-1360.527587890625,-2177.33740234375,139.74301147460938
-1361.1217041015625,-2177.924560546875,139.72805786132812
-1361.7154541015625,-2178.51171875,139.7128143310547
-1362.30908203125,-2179.098876953125,139.69700622558594
-1362.9024658203125,-2179.686279296875,139.68101501464844
-1363.4962158203125,-2180.273681640625,139.6653289794922
-1364.0897216796875,-2180.86083984375,139.6495819091797
-1364.682861328125,-2181.447998046875,139.63365173339844
-1365.2757568359375,-2182.035400390625,139.61801147460938
-1365.868408203125,-2182.62255859375,139.6026611328125
-1366.4609375,-2183.209716796875,139.58665466308594
-1367.05322265625,-2183.79736328125,139.57025146484375
-1367.644775390625,-2184.385498046875,139.55422973632812
-1368.236572265625,-2184.97314453125,139.53794860839844
-1368.8284912109375,-2185.560791015625,139.52113342285156
-1369.4200439453125,-2186.148193359375,139.50387573242188
-1370.0113525390625,-2186.7353515625,139.4868927001953
-1370.6024169921875,-2187.32275390625,139.47044372558594
-1371.193603515625,-2187.910400390625,139.45355224609375
-1371.7847900390625,-2188.498046875,139.43638610839844
-1372.37548828125,-2189.0859375,139.41964721679688
-1372.966064453125,-2189.67333984375,139.4034881591797
-1373.555908203125,-2190.261474609375,139.38771057128906
-1374.145751953125,-2190.849609375,139.37200927734375
-1374.7353515625,-2191.437744140625,139.35638427734375
-1375.3245849609375,-2192.02587890625,139.341064453125
-1375.91357421875,-2192.6142578125,139.32553100585938
-1376.5028076171875,-2193.2021484375,139.30967712402344
-1377.09130859375,-2193.78955078125,139.29397583007812
-1377.6795654296875,-2194.377685546875,139.27853393554688
-1378.267578125,-2194.965576171875,139.26284790039062
-1378.8548583984375,-2195.5537109375,139.24790954589844
-1379.44140625,-2196.14208984375,139.2338104248047
-1380.0274658203125,-2196.72998046875,139.2201385498047
-1380.6134033203125,-2197.31689453125,139.20654296875
-1381.1983642578125,-2197.9033203125,139.19334411621094
-1381.7833251953125,-2198.489013671875,139.17994689941406
-1382.3680419921875,-2199.073974609375,139.1658477783203
-1382.95263671875,-2199.65869140625,139.15093994140625
-1383.536865234375,-2200.24267578125,139.13539123535156
-1384.1212158203125,-2200.826171875,139.11959838867188
-1384.7054443359375,-2201.408935546875,139.10372924804688
-1385.2896728515625,-2201.990478515625,139.08755493164062
-1385.8741455078125,-2202.571533203125,139.0714569091797
-1386.459228515625,-2203.150634765625,139.0554962158203
-1387.044921875,-2203.728271484375,139.03909301757812
-1387.6309814453125,-2204.3046875,139.02272033691406
-1388.2181396484375,-2204.87890625,139.00608825683594
-1388.80615234375,-2205.451416015625,138.9886016845703
-1389.3953857421875,-2206.022216796875,138.97055053710938
-1389.9854736328125,-2206.59130859375,138.95252990722656
-1390.5767822265625,-2207.158203125,138.9342498779297
-1391.1693115234375,-2207.723388671875,138.9156036376953
-1391.7630615234375,-2208.286376953125,138.89727783203125
-1392.3580322265625,-2208.84716796875,138.87904357910156
-1392.9547119140625,-2209.40576171875,138.8607635498047
-1393.5526123046875,-2209.9619140625,138.84268188476562
-1394.1522216796875,-2210.515380859375,138.82411193847656
-1394.75341796875,-2211.06640625,138.80490112304688
-1395.356201171875,-2211.61474609375,138.7858123779297
-1395.9608154296875,-2212.160888671875,138.76663208007812
-1396.5673828125,-2212.704833984375,138.7471160888672
-1397.176025390625,-2213.24560546875,138.72755432128906
-1397.7862548828125,-2213.7841796875,138.70860290527344
-1398.3984375,-2214.320068359375,138.6900634765625
-1399.0126953125,-2214.852783203125,138.67132568359375
-1399.62890625,-2215.383056640625,138.6527557373047
-1400.246826171875,-2215.910888671875,138.63436889648438
-1400.866455078125,-2216.436767578125,138.61627197265625
-1401.4881591796875,-2216.9599609375,138.5978546142578
-1402.1116943359375,-2217.4814453125,138.5791778564453
-1402.7369384765625,-2218.000732421875,138.56072998046875
-1403.3638916015625,-2218.518798828125,138.54217529296875
-1403.992919921875,-2219.03515625,138.52346801757812
-1404.6243896484375,-2219.55078125,138.5047149658203
-1405.2581787109375,-2220.06591796875,138.48602294921875
-1405.89404296875,-2220.58056640625,138.46734619140625
-1406.5325927734375,-2221.09521484375,138.44869995117188
-1407.173583984375,-2221.609375,138.43016052246094
-1407.8173828125,-2222.124267578125,138.41171264648438
-1408.464111328125,-2222.639404296875,138.39305114746094
-1409.1141357421875,-2223.1552734375,138.3741455078125
-1409.766845703125,-2223.671875,138.35520935058594
-1410.421875,-2224.188720703125,138.33567810058594
-1411.07958984375,-2224.706298828125,138.3159942626953
-1411.7393798828125,-2225.22412109375,138.2957305908203
-1412.4017333984375,-2225.743408203125,138.27447509765625
-1413.0670166015625,-2226.263427734375,138.2527313232422
-1413.7349853515625,-2226.7841796875,138.23037719726562
-1414.4051513671875,-2227.3056640625,138.20745849609375
-1415.0771484375,-2227.82568359375,138.18296813964844
-1415.74951171875,-2228.346435546875,138.15814208984375
-1416.4219970703125,-2228.8671875,138.13233947753906
-1417.0955810546875,-2229.387939453125,138.10585021972656
-1417.769775390625,-2229.908935546875,138.07855224609375
-1418.443603515625,-2230.43017578125,138.05126953125
-1419.1173095703125,-2230.951171875,138.02462768554688
-1419.791015625,-2231.470947265625,137.9986114501953
-1420.4642333984375,-2231.989501953125,137.97250366210938
-1421.137451171875,-2232.507080078125,137.94590759277344
-1421.810546875,-2233.0244140625,137.918701171875
-1422.48388671875,-2233.541748046875,137.89044189453125
-1423.1572265625,-2234.0576171875,137.86058044433594
-1423.830078125,-2234.57373046875,137.83102416992188
-1424.502197265625,-2235.08984375,137.8028564453125
-1425.17431640625,-2235.60546875,137.77517700195312
-1425.8465576171875,-2236.12060546875,137.74832153320312
-1426.5185546875,-2236.634521484375,137.72267150878906
-1427.1907958984375,-2237.14697265625,137.6977996826172
-1427.8629150390625,-2237.658203125,137.67416381835938
-1428.535400390625,-2238.168212890625,137.650634765625
-1429.2083740234375,-2238.6767578125,137.62657165527344
-1429.881591796875,-2239.18359375,137.6018524169922
-1430.5546875,-2239.689453125,137.57662963867188
-1431.227783203125,-2240.1943359375,137.5506591796875
-1431.90087890625,-2240.698486328125,137.5242919921875
-1432.5738525390625,-2241.2021484375,137.4976806640625
-1433.24658203125,-2241.705810546875,137.47140502929688
-1433.919189453125,-2242.208740234375,137.44586181640625
-1434.591796875,-2242.710693359375,137.42079162597656
-1435.2642822265625,-2243.211669921875,137.39622497558594
-1435.9364013671875,-2243.711181640625,137.3721923828125
-1436.608642578125,-2244.2099609375,137.34791564941406
-1437.2811279296875,-2244.708251953125,137.32247924804688
-1437.952880859375,-2245.205810546875,137.29629516601562
-1438.624267578125,-2245.703369140625,137.26913452148438
-1439.294921875,-2246.201171875,137.241455078125
-1439.9647216796875,-2246.69970703125,137.21365356445312
-1440.6336669921875,-2247.197998046875,137.1852569580078
-1441.302001953125,-2247.697021484375,137.1565704345703
-1441.96923828125,-2248.196533203125,137.1279296875
-1442.6356201171875,-2248.696533203125,137.09915161132812
-1443.3011474609375,-2249.19677734375,137.07046508789062
-1443.9659423828125,-2249.697265625,137.0417022705078
-1444.630126953125,-2250.197509765625,137.0122833251953
-1445.293701171875,-2250.697509765625,136.98275756835938
-1445.9566650390625,-2251.197998046875,136.9537353515625
-1446.619140625,-2251.698486328125,136.92457580566406
-1447.28125,-2252.19921875,136.89498901367188
-1447.94287109375,-2252.69921875,136.8655242919922
-1448.60400390625,-2253.198974609375,136.83621215820312
-1449.2650146484375,-2253.697998046875,136.80677795410156
-1449.9259033203125,-2254.197021484375,136.77706909179688
-1450.5870361328125,-2254.695068359375,136.74734497070312
-1451.248046875,-2255.192138671875,136.71768188476562
-1451.9091796875,-2255.6884765625,136.68798828125
-1452.5703125,-2256.183837890625,136.6582489013672
-1453.2318115234375,-2256.677734375,136.62872314453125
-1453.8934326171875,-2257.171142578125,136.59938049316406
-1454.5552978515625,-2257.66357421875,136.56993103027344
-1455.2176513671875,-2258.15478515625,136.54014587402344
-1455.880126953125,-2258.64501953125,136.51031494140625
-1456.54248046875,-2259.134033203125,136.48060607910156
-1457.2052001953125,-2259.6220703125,136.4506378173828
-1457.8680419921875,-2260.109619140625,136.42042541503906
-1458.5306396484375,-2260.596435546875,136.3902130126953
-1459.193359375,-2261.08251953125,136.35992431640625
-1459.8560791015625,-2261.56787109375,136.32936096191406
-1460.518798828125,-2262.05224609375,136.29852294921875
-1461.1812744140625,-2262.536376953125,136.26766967773438
-1461.84375,-2263.019287109375,136.23675537109375
-1462.50634765625,-2263.502197265625,136.20550537109375
-1463.1685791015625,-2263.984619140625,136.1742706298828
-1463.830810546875,-2264.46630859375,136.14321899414062
-1464.4927978515625,-2264.94775390625,136.11204528808594
-1465.1546630859375,-2265.428466796875,136.0804443359375
-1465.8160400390625,-2265.90869140625,136.04876708984375
-1466.47705078125,-2266.388671875,136.01702880859375
-1467.137939453125,-2266.86865234375,135.9847869873047
-1467.79833984375,-2267.3486328125,135.95220947265625
-1468.45849609375,-2267.828369140625,135.9189453125
-1469.117919921875,-2268.307861328125,135.8854217529297
-1469.777099609375,-2268.787353515625,135.8511962890625
-1470.4356689453125,-2269.2666015625,135.81614685058594
-1471.0938720703125,-2269.74609375,135.78086853027344
-1471.7518310546875,-2270.225341796875,135.74505615234375
-1472.4095458984375,-2270.704833984375,135.7086639404297
-1473.066650390625,-2271.183837890625,135.671875
-1473.72314453125,-2271.6630859375,135.6352081298828
-1474.37890625,-2272.14208984375,135.59889221191406
-1475.0343017578125,-2272.62109375,135.56263732910156
-1475.6884765625,-2273.099609375,135.52626037597656
-1476.341064453125,-2273.5771484375,135.49020385742188
-1476.990966796875,-2274.05322265625,135.45477294921875
-1477.6376953125,-2274.52685546875,135.42015075683594
-1478.2806396484375,-2274.997802734375,135.38600158691406
-1478.9195556640625,-2275.466064453125,135.35235595703125
-1479.5545654296875,-2275.931396484375,135.31948852539062
-1480.186767578125,-2276.39453125,135.28713989257812
-1480.8175048828125,-2276.85595703125,135.2549591064453
-1481.4476318359375,-2277.31591796875,135.222900390625
-1482.07763671875,-2277.775390625,135.19068908691406
-1482.7076416015625,-2278.234375,135.15821838378906
-1483.33740234375,-2278.692138671875,135.1255340576172
-1483.9664306640625,-2279.149169921875,135.09255981445312
-1484.5938720703125,-2279.60498046875,135.05929565429688
-1485.2193603515625,-2280.058837890625,135.02572631835938
-1485.8424072265625,-2280.51025390625,134.99179077148438
-1486.46240234375,-2280.9599609375,134.957763671875
-1487.0791015625,-2281.4072265625,134.9241485595703
-1487.6927490234375,-2281.851806640625,134.8905029296875
-1488.3037109375,-2282.29443359375,134.85707092285156
-1488.9119873046875,-2282.7353515625,134.82383728027344
-1489.5184326171875,-2283.17431640625,134.79092407226562
-1490.12353515625,-2283.61181640625,134.75791931152344
-1490.7276611328125,-2284.048583984375,134.72471618652344
-1491.330322265625,-2284.484130859375,134.69171142578125
-1491.931640625,-2284.918212890625,134.65892028808594
-1492.5301513671875,-2285.3505859375,134.62612915039062
-1493.12548828125,-2285.780029296875,134.5934295654297
-1493.716552734375,-2286.2060546875,134.56117248535156
-1494.302734375,-2286.628662109375,134.52940368652344
-1494.88330078125,-2287.046875,134.49777221679688
-1495.4576416015625,-2287.460693359375,134.4664306640625
-1496.0250244140625,-2287.868896484375,134.43556213378906
-1496.5849609375,-2288.272216796875,134.40518188476562
-1497.1376953125,-2288.669921875,134.37498474121094
-1497.68310546875,-2289.06201171875,134.34494018554688
-1498.2215576171875,-2289.448486328125,134.31492614746094
-1498.753662109375,-2289.830322265625,134.28504943847656
-1499.281005859375,-2290.208251953125,134.2551727294922
-1499.804443359375,-2290.583251953125,134.2250213623047
-1500.324462890625,-2290.955322265625,134.19444274902344
-1500.84130859375,-2291.32568359375,134.16375732421875
-1501.35546875,-2291.694091796875,134.13319396972656
-1501.8671875,-2292.061279296875,134.10269165039062
-1502.3770751953125,-2292.427001953125,134.0723114013672
-1502.8848876953125,-2292.79248046875,134.04217529296875
-1503.3912353515625,-2293.15673828125,134.01242065429688
-1503.8958740234375,-2293.520751953125,133.9829559326172
-1504.399658203125,-2293.884521484375,133.9535369873047
-1504.902587890625,-2294.248779296875,133.92413330078125
-1505.405029296875,-2294.61328125,133.8948516845703
-1505.9068603515625,-2294.978515625,133.8656768798828
-1506.408203125,-2295.343994140625,133.83636474609375
-1506.9090576171875,-2295.70947265625,133.80697631835938
-1507.4091796875,-2296.07568359375,133.77774047851562
-1507.90869140625,-2296.442626953125,133.74900817871094
-1508.4075927734375,-2296.809326171875,133.72059631347656
-1508.905029296875,-2297.175537109375,133.69219970703125
-1509.4005126953125,-2297.54052734375,133.6636505126953
-1509.8924560546875,-2297.903564453125,133.63555908203125
-1510.3792724609375,-2298.263427734375,133.60829162597656
-1510.8599853515625,-2298.618896484375,133.58189392089844
-1511.33447265625,-2298.969970703125,133.55580139160156
-1511.8021240234375,-2299.31591796875,133.52987670898438
-1512.2625732421875,-2299.65673828125,133.5039520263672
-1512.715087890625,-2299.99169921875,133.47828674316406
-1513.1597900390625,-2300.321044921875,133.45315551757812
-1513.596435546875,-2300.64453125,133.42849731445312
-1514.025146484375,-2300.9619140625,133.40420532226562
-1514.44580078125,-2301.274169921875,133.37994384765625
-1514.858642578125,-2301.57958984375,133.3559112548828
-1515.2635498046875,-2301.879150390625,133.33241271972656
-1515.66064453125,-2302.1728515625,133.30955505371094
-1516.051025390625,-2302.461181640625,133.28707885742188
-1516.435791015625,-2302.745361328125,133.26467895507812
-1516.8167724609375,-2303.02685546875,133.24205017089844
-1517.1949462890625,-2303.306640625,133.2191619873047
-1517.570556640625,-2303.58447265625,133.1963653564453
-1517.94384765625,-2303.860595703125,133.17379760742188
-1518.3153076171875,-2304.1357421875,133.15164184570312
-1518.685302734375,-2304.4091796875,133.1300048828125
-1519.0540771484375,-2304.681640625,133.1087188720703
-1519.4229736328125,-2304.95361328125,133.0875701904297
-1519.7918701171875,-2305.225341796875,133.0663604736328
-1520.1610107421875,-2305.496826171875,133.0447998046875
-1520.5301513671875,-2305.767822265625,133.02316284179688
-1520.899169921875,-2306.038818359375,133.0015869140625
-1521.2685546875,-2306.30908203125,132.98013305664062
-1521.63818359375,-2306.578857421875,132.95858764648438
-1522.0079345703125,-2306.847900390625,132.93673706054688
-1522.3782958984375,-2307.116455078125,132.9143829345703
-1522.749267578125,-2307.384521484375,132.891845703125
-1523.120849609375,-2307.65087890625,132.86923217773438
-1523.4930419921875,-2307.916748046875,132.84658813476562
-1523.8662109375,-2308.18115234375,132.82395935058594
-1524.2403564453125,-2308.444580078125,132.8015594482422
-1524.61572265625,-2308.706298828125,132.77989196777344
-1524.9921875,-2308.966552734375,132.75877380371094
-1525.369873046875,-2309.22509765625,132.73802185058594
-1525.7490234375,-2309.48193359375,132.7177276611328
-1526.1292724609375,-2309.73681640625,132.69789123535156
-1526.5108642578125,-2309.9892578125,132.6788787841797
-1526.894287109375,-2310.238525390625,132.66140747070312
-1527.279296875,-2310.48486328125,132.64480590820312
-1527.6661376953125,-2310.72802734375,132.62863159179688
-1528.0548095703125,-2310.9677734375,132.6134796142578
-1528.4454345703125,-2311.203857421875,132.59896850585938
-1528.838134765625,-2311.435791015625,132.5847930908203
-1529.233154296875,-2311.6630859375,132.57131958007812
-1529.6304931640625,-2311.8857421875,132.55838012695312
-1530.030029296875,-2312.103515625,132.54551696777344
-1530.4320068359375,-2312.3154296875,132.5330352783203
-1530.8363037109375,-2312.52197265625,132.52105712890625
-1531.2431640625,-2312.722900390625,132.50950622558594
-1531.65234375,-2312.91748046875,132.4983673095703
-1532.06396484375,-2313.10546875,132.48745727539062
-1532.4783935546875,-2313.286865234375,132.47628784179688
-1532.8951416015625,-2313.46142578125,132.46490478515625
-1533.3140869140625,-2313.62890625,132.4537353515625
-1533.7354736328125,-2313.789306640625,132.44313049316406
-1534.1591796875,-2313.942138671875,132.43289184570312
-1534.5849609375,-2314.086669921875,132.4229736328125
-1535.0130615234375,-2314.223388671875,132.4130401611328
-1535.443115234375,-2314.3525390625,132.40328979492188
-1535.875,-2314.4736328125,132.3938751220703
-1536.3084716796875,-2314.586181640625,132.3845977783203
-1536.7437744140625,-2314.690185546875,132.37533569335938
-1537.180419921875,-2314.78515625,132.3661346435547
-1537.6180419921875,-2314.8720703125,132.3572998046875
-1538.056640625,-2314.951171875,132.34861755371094
-1538.49609375,-2315.02197265625,132.33990478515625
-1538.9366455078125,-2315.083251953125,132.33119201660156
-1539.3778076171875,-2315.13525390625,132.32228088378906
-1539.8192138671875,-2315.178466796875,132.31329345703125
-1540.2611083984375,-2315.21337890625,132.3046875
-1540.7030029296875,-2315.2392578125,132.29612731933594
-1541.1446533203125,-2315.25634765625,132.2873992919922
-1541.5860595703125,-2315.263671875,132.2787628173828
-1542.026611328125,-2315.26123046875,132.2699432373047
-1542.466552734375,-2315.249267578125,132.26132202148438
-1542.9052734375,-2315.227783203125,132.252685546875
-1543.3427734375,-2315.197021484375,132.24386596679688
-1543.77880859375,-2315.156494140625,132.23516845703125
-1544.212890625,-2315.106201171875,132.22610473632812
-1544.6451416015625,-2315.046142578125,132.216552734375
-1545.0751953125,-2314.9765625,132.2072296142578
-1545.502685546875,-2314.896484375,132.19776916503906
-1545.927490234375,-2314.807373046875,132.18792724609375
-1546.349365234375,-2314.708251953125,132.17813110351562
-1546.76806640625,-2314.599609375,132.1676483154297
-1547.183349609375,-2314.4814453125,132.156982421875
-1547.594970703125,-2314.353759765625,132.14634704589844
-1548.0025634765625,-2314.21630859375,132.13528442382812
-1548.4061279296875,-2314.06982421875,132.1239471435547
-1548.805419921875,-2313.9140625,132.1121063232422
-1549.2000732421875,-2313.749267578125,132.10000610351562
-1549.58935546875,-2313.57373046875,132.08859252929688
-1549.973388671875,-2313.38916015625,132.07736206054688
-1550.352294921875,-2313.195556640625,132.06597900390625
-1550.7254638671875,-2312.993408203125,132.05455017089844
-1551.0933837890625,-2312.783203125,132.0427703857422
-1551.4552001953125,-2312.564208984375,132.03054809570312
-1551.810546875,-2312.33642578125,132.0183563232422
-1552.158935546875,-2312.099853515625,132.0068359375
-1552.5003662109375,-2311.854736328125,131.9956817626953
-1552.835205078125,-2311.601806640625,131.98434448242188
-1553.1634521484375,-2311.341064453125,131.9728546142578
-1553.485107421875,-2311.072998046875,131.96121215820312
-1553.7999267578125,-2310.79833984375,131.94923400878906
-1554.108154296875,-2310.5166015625,131.93751525878906
-1554.40966796875,-2310.228271484375,131.92616271972656
-1554.7047119140625,-2309.933837890625,131.91476440429688
-1554.993896484375,-2309.6337890625,131.90316772460938
-1555.27783203125,-2309.328857421875,131.8916473388672
-1555.5560302734375,-2309.018798828125,131.8801727294922
-1555.829345703125,-2308.70458984375,131.8688507080078
-1556.09814453125,-2308.386962890625,131.8577117919922
-1556.36328125,-2308.06591796875,131.84649658203125
-1556.6251220703125,-2307.742919921875,131.83523559570312
-1556.8841552734375,-2307.417724609375,131.8240203857422
-1557.1407470703125,-2307.09033203125,131.81298828125
-1557.3946533203125,-2306.761474609375,131.8022003173828
-1557.646240234375,-2306.430908203125,131.79183959960938
-1557.8958740234375,-2306.09912109375,131.78146362304688
-1558.143310546875,-2305.765869140625,131.77090454101562
-1558.38818359375,-2305.430908203125,131.76040649414062
-1558.6307373046875,-2305.094970703125,131.75003051757812
-1558.870361328125,-2304.7568359375,131.74002075195312
-1559.1068115234375,-2304.4169921875,131.73031616210938
-1559.33935546875,-2304.074951171875,131.7208709716797
-1559.568115234375,-2303.73095703125,131.71115112304688
-1559.7928466796875,-2303.384033203125,131.70103454589844
-1560.0130615234375,-2303.035400390625,131.6910858154297
-1560.2286376953125,-2302.684326171875,131.681396484375
-1560.43994140625,-2302.3310546875,131.672119140625
-1560.6466064453125,-2301.975830078125,131.66293334960938
-1560.8486328125,-2301.61767578125,131.6537628173828
-1561.0462646484375,-2301.257568359375,131.64425659179688
-1561.23876953125,-2300.894775390625,131.63436889648438
-1561.4261474609375,-2300.530029296875,131.62466430664062
-1561.6077880859375,-2300.162353515625,131.61524963378906
-1561.7841796875,-2299.79296875,131.60577392578125
-1561.954833984375,-2299.42138671875,131.596435546875
-1562.119384765625,-2299.047119140625,131.58740234375
-1562.278076171875,-2298.671142578125,131.57838439941406
-1562.4315185546875,-2298.293212890625,131.56951904296875
-1562.578857421875,-2297.9130859375,131.5611114501953
-1562.7203369140625,-2297.531005859375,131.55299377441406
-1562.8564453125,-2297.1474609375,131.5446319580078
-1562.98681640625,-2296.761962890625,131.5361328125
-1563.111328125,-2296.375,131.5276336669922
-1563.23046875,-2295.986572265625,131.5193328857422
-1563.34375,-2295.59716796875,131.51133728027344
-1563.451416015625,-2295.206298828125,131.50355529785156
-1563.5531005859375,-2294.814208984375,131.49583435058594
-1563.648681640625,-2294.421142578125,131.4879608154297
-1563.738525390625,-2294.02685546875,131.4799346923828
-1563.8226318359375,-2293.632080078125,131.47157287597656
-1563.9013671875,-2293.236328125,131.46266174316406
-1563.9735107421875,-2292.83984375,131.4537811279297
-1564.03955078125,-2292.442138671875,131.4453582763672
-1564.099609375,-2292.0439453125,131.43736267089844
-1564.1544189453125,-2291.645751953125,131.4296875
-1564.2041015625,-2291.246826171875,131.4216766357422
-1564.2489013671875,-2290.84716796875,131.4136199951172
-1564.2880859375,-2290.447021484375,131.4052276611328
-1564.32177734375,-2290.04736328125,131.39698791503906
-1564.3507080078125,-2289.6474609375,131.3893280029297
-1564.37451171875,-2289.24755859375,131.3824005126953
-1564.394287109375,-2288.84814453125,131.37518310546875
-1564.409912109375,-2288.4482421875,131.36744689941406
-1564.4210205078125,-2288.048583984375,131.35943603515625
-1564.427734375,-2287.64892578125,131.3509063720703
-1564.4300537109375,-2287.249755859375,131.3416748046875
-1564.42822265625,-2286.8505859375,131.33226013183594
-1564.4212646484375,-2286.4521484375,131.32298278808594
-1564.40966796875,-2286.053955078125,131.31332397460938
-1564.3939208984375,-2285.65576171875,131.30319213867188
-1564.3731689453125,-2285.25830078125,131.29287719726562
-1564.3482666015625,-2284.8603515625,131.28248596191406
-1564.318603515625,-2284.462646484375,131.271728515625
-1564.2841796875,-2284.065185546875,131.26065063476562
-1564.2451171875,-2283.667236328125,131.24929809570312
-1564.201416015625,-2283.26904296875,131.23806762695312
-1564.1533203125,-2282.87060546875,131.22665405273438
-1564.10107421875,-2282.4716796875,131.21499633789062
-1564.044677734375,-2282.072265625,131.20370483398438
-1563.9840087890625,-2281.672607421875,131.1925048828125
-1563.91943359375,-2281.272216796875,131.1811065673828
-1563.8511962890625,-2280.87109375,131.16969299316406
-1563.779296875,-2280.469482421875,131.1585693359375
-1563.703857421875,-2280.06689453125,131.14772033691406
-1563.6256103515625,-2279.663330078125,131.1367950439453
-1563.5438232421875,-2279.259033203125,131.12588500976562
-1563.458984375,-2278.853515625,131.11524963378906
-1563.3712158203125,-2278.447021484375,131.1048126220703
-1563.28076171875,-2278.039306640625,131.09432983398438
-1563.1875,-2277.630126953125,131.08389282226562
-1563.091796875,-2277.219482421875,131.07357788085938
-1562.993408203125,-2276.80712890625,131.06309509277344
-1562.8927001953125,-2276.393310546875,131.05255126953125
-1562.789794921875,-2275.977783203125,131.0421600341797
-1562.6849365234375,-2275.560791015625,131.03204345703125
-1562.578369140625,-2275.141845703125,131.02207946777344
-1562.47021484375,-2274.721435546875,131.01214599609375
-1562.3603515625,-2274.29931640625,131.00218200683594
-1562.2493896484375,-2273.87548828125,130.9923858642578
-1562.1368408203125,-2273.449951171875,130.9827880859375
-1562.0233154296875,-2273.02294921875,130.9735107421875
-1561.9085693359375,-2272.593994140625,130.96456909179688
-1561.79296875,-2272.1640625,130.9560089111328
-1561.6763916015625,-2271.731689453125,130.94776916503906
-1561.558837890625,-2271.2978515625,130.93980407714844
-1561.4403076171875,-2270.861572265625,130.93209838867188
-1561.321044921875,-2270.423583984375,130.92466735839844
-1561.201171875,-2269.98291015625,130.9174346923828
-1561.080322265625,-2269.54052734375,130.91055297851562
-1560.958984375,-2269.095703125,130.90415954589844
-1560.8370361328125,-2268.649169921875,130.89828491210938
-1560.714599609375,-2268.20068359375,130.89268493652344
-1560.59130859375,-2267.75,130.88735961914062
-1560.467041015625,-2267.2978515625,130.88211059570312
-1560.3416748046875,-2266.84326171875,130.87716674804688
-1560.2152099609375,-2266.386962890625,130.87254333496094
-1560.087890625,-2265.928466796875,130.8682861328125
-1559.95947265625,-2265.46826171875,130.86419677734375
-1559.8302001953125,-2265.006103515625,130.86050415039062
-1559.7003173828125,-2264.541748046875,130.85704040527344
-1559.570068359375,-2264.0751953125,130.85386657714844
-1559.439453125,-2263.606689453125,130.85079956054688
-1559.3084716796875,-2263.13623046875,130.84776306152344
-1559.17724609375,-2262.663330078125,130.84494018554688
-1559.0457763671875,-2262.18798828125,130.84255981445312
-1558.914306640625,-2261.7109375,130.84072875976562
-1558.7823486328125,-2261.231689453125,130.83924865722656
-1558.6500244140625,-2260.749755859375,130.83782958984375
-1558.5177001953125,-2260.26611328125,130.83657836914062
-1558.385009765625,-2259.7802734375,130.83580017089844
-1558.251953125,-2259.2919921875,130.83554077148438
-1558.1185302734375,-2258.802734375,130.8358612060547
-1557.9844970703125,-2258.311279296875,130.8365936279297
-1557.8494873046875,-2257.818359375,130.83782958984375
-1557.7137451171875,-2257.323974609375,130.8394775390625
-1557.5771484375,-2256.828857421875,130.84144592285156
-1557.4395751953125,-2256.3330078125,130.8435516357422
-1557.3011474609375,-2255.8359375,130.8459014892578
-1557.1617431640625,-2255.339111328125,130.8488006591797
-1557.02099609375,-2254.842041015625,130.8518829345703
-1556.87890625,-2254.345947265625,130.85513305664062
-1556.735595703125,-2253.8505859375,130.8583984375
-1556.59130859375,-2253.356201171875,130.86212158203125
-1556.445556640625,-2252.86279296875,130.86607360839844
-1556.29833984375,-2252.3701171875,130.8699188232422
-1556.1497802734375,-2251.87841796875,130.87379455566406
-1556.0001220703125,-2251.3876953125,130.87794494628906
-1555.849365234375,-2250.897705078125,130.88272094726562
-1555.697021484375,-2250.409423828125,130.88705444335938
-1555.5438232421875,-2249.921875,130.89096069335938
-1555.389404296875,-2249.435302734375,130.89430236816406
-1555.2347412109375,-2248.949462890625,130.8982696533203
-1555.0794677734375,-2248.46435546875,130.9034423828125
-1554.9228515625,-2247.97998046875,130.90911865234375
-1554.76513671875,-2247.49658203125,130.91456604003906
-1554.6063232421875,-2247.013916015625,130.919921875
-1554.4468994140625,-2246.531982421875,130.92568969726562
-1554.286865234375,-2246.051025390625,130.93251037597656
-1554.125244140625,-2245.572021484375,130.939208984375
-1553.962890625,-2245.093505859375,130.94578552246094
-1553.799560546875,-2244.61572265625,130.9525146484375
-1553.6356201171875,-2244.138427734375,130.95993041992188
-1553.470703125,-2243.660888671875,130.9684600830078
-1553.3038330078125,-2243.183837890625,130.9775390625
-1553.1353759765625,-2242.707275390625,130.98672485351562
-1552.965576171875,-2242.23046875,130.99703979492188
-1552.79296875,-2241.755615234375,131.0067596435547
-1552.618896484375,-2241.28125,131.01751708984375
-1552.443115234375,-2240.8076171875,131.0296630859375
-1552.264892578125,-2240.33544921875,131.04302978515625
-1552.0850830078125,-2239.863525390625,131.05857849121094
-1551.902587890625,-2239.392822265625,131.07481384277344
-1551.7174072265625,-2238.9228515625,131.08990478515625
-1551.5303955078125,-2238.452880859375,131.10450744628906
-1551.34130859375,-2237.983642578125,131.1198272705078
-1551.1495361328125,-2237.515625,131.135009765625
-1550.955322265625,-2237.048095703125,131.14901733398438
-1550.760009765625,-2236.58056640625,131.1643524169922
-1550.5623779296875,-2236.114501953125,131.1797332763672
-1550.3619384765625,-2235.649658203125,131.1957244873047
-1550.1597900390625,-2235.185546875,131.21307373046875
-1549.955322265625,-2234.721923828125,131.23004150390625
-1549.74853515625,-2234.259033203125,131.24710083007812
-1549.5400390625,-2233.796142578125,131.2647247314453
-1549.3294677734375,-2233.333984375,131.2813262939453
-1549.1180419921875,-2232.87158203125,131.29855346679688
-1548.9056396484375,-2232.408935546875,131.31655883789062
-1548.6915283203125,-2231.946044921875,131.3351593017578
-1548.477294921875,-2231.482666015625,131.35577392578125
-1548.26171875,-2231.018310546875,131.3763885498047
-1548.045166015625,-2230.5537109375,131.39697265625
-1547.828125,-2230.088134765625,131.4176483154297
-1547.609619140625,-2229.622314453125,131.43783569335938
-1547.391357421875,-2229.156005859375,131.45948791503906
-1547.17236328125,-2228.689208984375,131.48251342773438
-1546.951904296875,-2228.2216796875,131.50559997558594
-1546.730224609375,-2227.754150390625,131.52870178222656
-1546.5078125,-2227.284912109375,131.5518798828125
-1546.2847900390625,-2226.814453125,131.57533264160156
-1546.06201171875,-2226.34228515625,131.60006713867188
-1545.8382568359375,-2225.868408203125,131.625
-1545.613037109375,-2225.3935546875,131.6499786376953
-1545.3868408203125,-2224.91796875,131.6748046875
-1545.159423828125,-2224.4404296875,131.6990966796875
-1544.931396484375,-2223.961669921875,131.7233428955078
-1544.7022705078125,-2223.481201171875,131.74786376953125
-1544.4710693359375,-2222.999755859375,131.77186584472656
-1544.2384033203125,-2222.517333984375,131.7957305908203
-1544.0047607421875,-2222.033935546875,131.8201141357422
-1543.769287109375,-2221.549072265625,131.84408569335938
-1543.531982421875,-2221.063232421875,131.8685760498047
-1543.2933349609375,-2220.576416015625,131.89404296875
-1543.052490234375,-2220.088623046875,131.91981506347656
-1542.8096923828125,-2219.6005859375,131.9459991455078
-1542.5645751953125,-2219.111328125,131.97280883789062
-1542.3172607421875,-2218.621337890625,132.00038146972656
-1542.0677490234375,-2218.131103515625,132.0284881591797
-1541.8160400390625,-2217.640380859375,132.05679321289062
-1541.5621337890625,-2217.14892578125,132.08505249023438
-1541.3062744140625,-2216.656494140625,132.11386108398438
-1541.0479736328125,-2216.164306640625,132.14271545410156
-1540.7886962890625,-2215.671630859375,132.17266845703125
-1540.5269775390625,-2215.178466796875,132.2016143798828
-1540.2635498046875,-2214.68505859375,132.23104858398438
-1539.99853515625,-2214.191162109375,132.2606201171875
-1539.7320556640625,-2213.696533203125,132.29010009765625
-1539.463623046875,-2213.201904296875,132.320068359375
-1539.1932373046875,-2212.707763671875,132.35009765625
-1538.9215087890625,-2212.213134765625,132.38037109375
-1538.648193359375,-2211.7177734375,132.4104766845703
-1538.373291015625,-2211.22265625,132.44058227539062
-1538.0975341796875,-2210.72802734375,132.47120666503906
-1537.8193359375,-2210.233154296875,132.50018310546875
-1537.5400390625,-2209.739013671875,132.52899169921875
-1537.2601318359375,-2209.244140625,132.55804443359375
-1536.9791259765625,-2208.75,132.58738708496094
-1536.6966552734375,-2208.256103515625,132.61654663085938
-1536.4134521484375,-2207.762939453125,132.64561462402344
-1536.1290283203125,-2207.2705078125,132.675048828125
-1535.843017578125,-2206.778076171875,132.7036590576172
-1535.5555419921875,-2206.287109375,132.7317657470703
-1535.2674560546875,-2205.797119140625,132.76011657714844
-1534.977783203125,-2205.30712890625,132.78794860839844
-1534.687255859375,-2204.818603515625,132.81558227539062
-1534.3958740234375,-2204.3310546875,132.8434295654297
-1534.10302734375,-2203.844482421875,132.87109375
-1533.80908203125,-2203.358154296875,132.8977508544922
-1533.513671875,-2202.873291015625,132.92318725585938
-1533.218505859375,-2202.388427734375,132.9487762451172
-1532.9222412109375,-2201.90380859375,132.97402954101562
-1532.6248779296875,-2201.420166015625,133.000244140625
-1532.326416015625,-2200.93798828125,133.0264892578125
-1532.027099609375,-2200.4560546875,133.0520782470703
-1531.727783203125,-2199.974365234375,133.07850646972656
-1531.427490234375,-2199.493408203125,133.10501098632812
-1531.126220703125,-2199.013671875,133.13197326660156
-1530.8236083984375,-2198.534423828125,133.15756225585938
-1530.5211181640625,-2198.0556640625,133.1827392578125
-1530.2183837890625,-2197.5771484375,133.20819091796875
-1529.9154052734375,-2197.099365234375,133.2337646484375
-1529.6121826171875,-2196.6220703125,133.25912475585938
-1529.3089599609375,-2196.14501953125,133.2841033935547
-1529.0054931640625,-2195.668212890625,133.30892944335938
-1528.7020263671875,-2195.19189453125,133.3340301513672
-1528.398193359375,-2194.715576171875,133.3586883544922
-1528.09423828125,-2194.23974609375,133.38299560546875
-1527.7901611328125,-2193.76513671875,133.40699768066406
-1527.4862060546875,-2193.290283203125,133.43072509765625
-1527.1820068359375,-2192.816650390625,133.45423889160156
-1526.8785400390625,-2192.343017578125,133.4777069091797
-1526.574951171875,-2191.87060546875,133.50091552734375
-1526.271240234375,-2191.39892578125,133.52357482910156
-1525.9674072265625,-2190.927490234375,133.5458221435547
-1525.6639404296875,-2190.456787109375,133.56793212890625
-1525.360595703125,-2189.986572265625,133.5899200439453
-1525.0574951171875,-2189.516845703125,133.61181640625
-1524.754638671875,-2189.048095703125,133.63348388671875
-1524.45166015625,-2188.580322265625,133.6550750732422
-1524.14892578125,-2188.113037109375,133.67677307128906
-1523.84619140625,-2187.64697265625,133.69822692871094
-1523.5435791015625,-2187.181640625,133.71945190429688
-1523.2406005859375,-2186.717041015625,133.7404022216797
-1522.9375,-2186.253662109375,133.76126098632812
-1522.6337890625,-2185.791259765625,133.7821044921875
-1522.329833984375,-2185.329345703125,133.80262756347656
-1522.0255126953125,-2184.868408203125,133.82310485839844
-1521.720458984375,-2184.40869140625,133.8433380126953
-1521.4150390625,-2183.949462890625,133.8634033203125
-1521.1094970703125,-2183.490966796875,133.8833770751953
-1520.8040771484375,-2183.033203125,133.9032745361328
-1520.498779296875,-2182.575927734375,133.92227172851562
-1520.19384765625,-2182.119384765625,133.94004821777344
-1519.890380859375,-2181.66162109375,133.95811462402344
-1519.58837890625,-2181.20361328125,133.97723388671875
-1519.2877197265625,-2180.744873046875,133.9971160888672
-1518.9884033203125,-2180.285888671875,134.01698303222656
-1518.6907958984375,-2179.8251953125,134.03680419921875
-1518.3961181640625,-2179.364013671875,134.0576171875
-1518.1043701171875,-2178.90234375,134.07989501953125
-1517.815673828125,-2178.439697265625,134.10340881347656
-1517.5302734375,-2177.976318359375,134.12840270996094
-1517.248046875,-2177.512451171875,134.1543426513672
-1516.9688720703125,-2177.047119140625,134.18020629882812
-1516.6927490234375,-2176.58154296875,134.20562744140625
-1516.4207763671875,-2176.1142578125,134.2314453125
-1516.1524658203125,-2175.646240234375,134.25791931152344
-1515.8876953125,-2175.177001953125,134.28440856933594
-1515.626708984375,-2174.706298828125,134.31021118164062
-1515.36962890625,-2174.234375,134.33523559570312
-1515.11669921875,-2173.76123046875,134.3599395751953
-1514.868896484375,-2173.28662109375,134.3848419189453
-1514.6253662109375,-2172.810546875,134.40882873535156
-1514.3875732421875,-2172.33251953125,134.43255615234375
-1514.1552734375,-2171.85302734375,134.45606994628906
-1513.92822265625,-2171.371826171875,134.47933959960938
-1513.707275390625,-2170.888671875,134.50254821777344
-1513.4918212890625,-2170.404052734375,134.52468872070312
-1513.283935546875,-2169.9169921875,134.54714965820312
-1513.0830078125,-2169.428466796875,134.5699005126953
-1512.8902587890625,-2168.937744140625,134.59312438964844
-1512.70361328125,-2168.446044921875,134.6160430908203
-1512.5235595703125,-2167.953125,134.63818359375
-1512.3516845703125,-2167.45849609375,134.6602020263672
-1512.1881103515625,-2166.962158203125,134.68283081054688
-1512.032958984375,-2166.46484375,134.70602416992188
-1511.8846435546875,-2165.96630859375,134.72885131835938
-1511.7431640625,-2165.466796875,134.750244140625
-1511.609375,-2164.96630859375,134.77053833007812
-1511.4842529296875,-2164.465087890625,134.79054260253906
-1511.3675537109375,-2163.962646484375,134.81057739257812
-1511.2591552734375,-2163.4599609375,134.8303680419922
-1511.15869140625,-2162.9560546875,134.84979248046875
-1511.0654296875,-2162.451904296875,134.86862182617188
-1510.9786376953125,-2161.947509765625,134.88619995117188
-1510.8992919921875,-2161.44287109375,134.9028778076172
-1510.8265380859375,-2160.938232421875,134.91868591308594
-1510.7608642578125,-2160.43310546875,134.93409729003906
-1510.70166015625,-2159.92822265625,134.94961547851562
-1510.6473388671875,-2159.42333984375,134.96478271484375
-1510.5980224609375,-2158.918212890625,134.97972106933594
-1510.552978515625,-2158.41259765625,134.99449157714844
-1510.51123046875,-2157.907470703125,135.0090789794922
-1510.472900390625,-2157.402099609375,135.02392578125
-1510.4375,-2156.896484375,135.03878784179688
-1510.4041748046875,-2156.390625,135.05337524414062
-1510.37255859375,-2155.88427734375,135.06814575195312
-1510.3421630859375,-2155.377685546875,135.0830078125
-1510.3134765625,-2154.869873046875,135.0983428955078
-1510.2857666015625,-2154.361572265625,135.11341857910156
-1510.260009765625,-2153.851318359375,135.12852478027344
-1510.2357177734375,-2153.33984375,135.1436767578125
-1510.212890625,-2152.826171875,135.1585235595703
-1510.1923828125,-2152.31103515625,135.1735382080078
-1510.173828125,-2151.794189453125,135.1879119873047
-1510.158447265625,-2151.27587890625,135.2018280029297
-1510.146728515625,-2150.755126953125,135.21568298339844
-1510.139404296875,-2150.232177734375,135.2291259765625
-1510.1370849609375,-2149.707763671875,135.24278259277344
-1510.13916015625,-2149.181396484375,135.2557830810547
-1510.1468505859375,-2148.65380859375,135.2686767578125
-1510.159912109375,-2148.125,135.28175354003906
-1510.17822265625,-2147.595947265625,135.29495239257812
-1510.201416015625,-2147.06689453125,135.30807495117188
-1510.230224609375,-2146.537353515625,135.3209991455078
-1510.263916015625,-2146.00830078125,135.33360290527344
-1510.303955078125,-2145.47998046875,135.34677124023438
-1510.3505859375,-2144.951171875,135.3605499267578
-1510.4022216796875,-2144.423828125,135.37449645996094
-1510.459228515625,-2143.897216796875,135.38839721679688
-1510.5211181640625,-2143.37158203125,135.40196228027344
-1510.5870361328125,-2142.847412109375,135.41421508789062
-1510.65869140625,-2142.3251953125,135.4260711669922
-1510.736083984375,-2141.804931640625,135.43777465820312
-1510.819091796875,-2141.2861328125,135.4496612548828
-1510.9068603515625,-2140.769287109375,135.46168518066406
-1510.9993896484375,-2140.253173828125,135.47352600097656
-1511.0960693359375,-2139.73828125,135.4846649169922
-1511.196533203125,-2139.22509765625,135.4944610595703
-1511.301513671875,-2138.713623046875,135.503662109375
-1511.4114990234375,-2138.203857421875,135.5122528076172
-1511.52734375,-2137.69677734375,135.52171325683594
-1511.6490478515625,-2137.19189453125,135.53256225585938
-1511.7745361328125,-2136.6884765625,135.54298400878906
-1511.9041748046875,-2136.1865234375,135.55233764648438
-1512.0386962890625,-2135.6865234375,135.56085205078125
-1512.178955078125,-2135.18896484375,135.56935119628906
-1512.32470703125,-2134.69384765625,135.57862854003906
-1512.474365234375,-2134.201416015625,135.5876007080078
-1512.6298828125,-2133.711669921875,135.59681701660156
-1512.791015625,-2133.223876953125,135.60623168945312
-1512.9566650390625,-2132.739013671875,135.61550903320312
-1513.1260986328125,-2132.25634765625,135.6239776611328
-1513.2998046875,-2131.77587890625,135.63076782226562
-1513.4808349609375,-2131.298828125,135.63790893554688
-1513.668212890625,-2130.82568359375,135.6457061767578
-1513.8603515625,-2130.355224609375,135.65338134765625
-1514.056396484375,-2129.887451171875,135.6597442626953
-1514.2572021484375,-2129.421875,135.6643829345703
-1514.4647216796875,-2128.9599609375,135.66925048828125
-1514.6787109375,-2128.502197265625,135.6751708984375
-1514.8978271484375,-2128.04736328125,135.68177795410156
-1515.1207275390625,-2127.59521484375,135.68801879882812
-1515.3472900390625,-2127.14501953125,135.69326782226562
-1515.5782470703125,-2126.69775390625,135.69790649414062
-1515.813720703125,-2126.254150390625,135.70285034179688
-1516.0537109375,-2125.813232421875,135.7085723876953
-1516.2969970703125,-2125.374755859375,135.7143096923828
-1516.5443115234375,-2124.938720703125,135.72012329101562
-1516.7950439453125,-2124.504638671875,135.72540283203125
-1517.049560546875,-2124.072509765625,135.7301788330078
-1517.3076171875,-2123.642578125,135.734375
-1517.5694580078125,-2123.214599609375,135.73760986328125
-1517.83544921875,-2122.7890625,135.7402801513672
-1518.105712890625,-2122.364501953125,135.74270629882812
-1518.3804931640625,-2121.94091796875,135.74484252929688
-1518.6602783203125,-2121.51904296875,135.7469024658203
-1518.9456787109375,-2121.097412109375,135.74871826171875
-1519.236328125,-2120.677001953125,135.7498016357422
-1519.5325927734375,-2120.258056640625,135.75042724609375
-1519.8348388671875,-2119.8408203125,135.7506866455078
-1520.1435546875,-2119.425048828125,135.75112915039062
-1520.4578857421875,-2119.01123046875,135.75164794921875
-1520.7777099609375,-2118.599365234375,135.75205993652344
-1521.1041259765625,-2118.189453125,135.75254821777344
-1521.4364013671875,-2117.781982421875,135.7528533935547
-1521.774169921875,-2117.377197265625,135.7534637451172
-1522.1185302734375,-2116.9755859375,135.75454711914062
-1522.4681396484375,-2116.57666015625,135.75550842285156
-1522.8232421875,-2116.18115234375,135.75674438476562
-1523.18212890625,-2115.788818359375,135.7570343017578
-1523.5460205078125,-2115.3994140625,135.7569122314453
-1523.9154052734375,-2115.0146484375,135.75733947753906
-1524.2880859375,-2114.63232421875,135.75765991210938
-1524.664306640625,-2114.2529296875,135.75790405273438
-1525.043212890625,-2113.87646484375,135.75685119628906
-1525.4256591796875,-2113.503173828125,135.75537109375
-1525.810546875,-2113.13330078125,135.754150390625
-1526.1973876953125,-2112.765625,135.75205993652344
-1526.586669921875,-2112.40087890625,135.74966430664062
-1526.9783935546875,-2112.038818359375,135.7470245361328
-1527.3720703125,-2111.6806640625,135.74435424804688
-1527.7677001953125,-2111.3251953125,135.7415313720703
-1528.1654052734375,-2110.97265625,135.73854064941406
-1528.5653076171875,-2110.623779296875,135.73570251464844
-1528.967041015625,-2110.278076171875,135.73248291015625
-1529.37109375,-2109.935546875,135.72901916503906
-1529.777587890625,-2109.596923828125,135.7253875732422
-1530.1864013671875,-2109.26171875,135.72195434570312
-1530.5975341796875,-2108.93017578125,135.71888732910156
-1531.010986328125,-2108.602294921875,135.71554565429688
-1531.4268798828125,-2108.2783203125,135.71261596679688
-1531.8453369140625,-2107.95849609375,135.71014404296875
-1532.26611328125,-2107.642822265625,135.7077178955078
-1532.6888427734375,-2107.331298828125,135.70486450195312
-1533.11474609375,-2107.025146484375,135.70216369628906
-1533.544189453125,-2106.724609375,135.70074462890625
-1533.9759521484375,-2106.42919921875,135.70040893554688
-1534.4093017578125,-2106.13720703125,135.69923400878906
-1534.843505859375,-2105.847900390625,135.69544982910156
-1535.279541015625,-2105.563232421875,135.68907165527344
-1535.720458984375,-2105.287109375,135.6831817626953
-1536.1644287109375,-2105.017822265625,135.67857360839844
-1536.6103515625,-2104.752685546875,135.67376708984375
-1537.05859375,-2104.491455078125,135.66661071777344
-1537.510498046875,-2104.237548828125,135.65968322753906
-1537.9658203125,-2103.990966796875,135.653564453125
-1538.42333984375,-2103.749267578125,135.64576721191406
-1538.8843994140625,-2103.51513671875,135.6373748779297
-1539.349609375,-2103.29052734375,135.63014221191406
-1539.8167724609375,-2103.072021484375,135.62278747558594
-1540.2862548828125,-2102.859619140625,135.61468505859375
-1540.758544921875,-2102.654052734375,135.60594177246094
-1541.2335205078125,-2102.456298828125,135.59738159179688
-1541.71044921875,-2102.2646484375,135.58856201171875
-1542.189453125,-2102.0791015625,135.580078125
-1542.6702880859375,-2101.899169921875,135.5713348388672
-1543.152587890625,-2101.723388671875,135.5618133544922
-1543.6363525390625,-2101.5537109375,135.5521240234375
-1544.12109375,-2101.388427734375,135.5421600341797
-1544.6072998046875,-2101.2275390625,135.53221130371094
-1545.0946044921875,-2101.0712890625,135.5230712890625
-1545.5831298828125,-2100.918701171875,135.51480102539062
-1546.0723876953125,-2100.7685546875,135.5059051513672
-1546.561767578125,-2100.61962890625,135.4951171875
-1547.0523681640625,-2100.474365234375,135.4842529296875
-1547.5438232421875,-2100.332275390625,135.47390747070312
-1548.0357666015625,-2100.192626953125,135.4637908935547
-1548.5286865234375,-2100.055908203125,135.4539794921875
-1549.0225830078125,-2099.921142578125,135.44277954101562
-1549.5174560546875,-2099.789306640625,135.43096923828125
-1550.0135498046875,-2099.662109375,135.4200897216797
-1550.511474609375,-2099.5380859375,135.4094696044922
-1551.0103759765625,-2099.416748046875,135.3986358642578
-1551.5107421875,-2099.29931640625,135.38833618164062
-1552.0130615234375,-2099.1845703125,135.37771606445312
-1552.516357421875,-2099.072265625,135.36587524414062
-1553.022705078125,-2098.96533203125,135.3543243408203
-1553.53173828125,-2098.863037109375,135.3435516357422
-1554.0428466796875,-2098.7646484375,135.33335876464844
-1554.55419921875,-2098.66845703125,135.3225555419922
-1555.067138671875,-2098.576904296875,135.31036376953125
-1555.5814208984375,-2098.4912109375,135.29734802246094
-1556.0960693359375,-2098.410888671875,135.28453063964844
-1556.611572265625,-2098.336181640625,135.27134704589844
-1557.1280517578125,-2098.267333984375,135.25680541992188
-1557.64453125,-2098.204833984375,135.2421417236328
-1558.1617431640625,-2098.1494140625,135.22802734375
-1558.6788330078125,-2098.09765625,135.2122344970703
-1559.1964111328125,-2098.053955078125,135.19668579101562
-1559.714599609375,-2098.018310546875,135.18157958984375
-1560.2325439453125,-2097.9873046875,135.16619873046875
-1560.750244140625,-2097.961669921875,135.14944458007812
-1561.2679443359375,-2097.93994140625,135.12991333007812
-1561.785888671875,-2097.927001953125,135.11044311523438
-1562.303955078125,-2097.920654296875,135.0910186767578
-1562.821533203125,-2097.921630859375,135.07359313964844
-1563.3394775390625,-2097.925048828125,135.05471801757812
-1563.8572998046875,-2097.933349609375,135.0345001220703
-1564.37451171875,-2097.94677734375,135.0129852294922
-1564.8909912109375,-2097.96435546875,134.99029541015625
-1565.406982421875,-2097.98681640625,134.9680633544922
-1565.923095703125,-2098.0146484375,134.9475860595703
-1566.4390869140625,-2098.046875,134.9283905029297
-1566.9554443359375,-2098.082275390625,134.90904235839844
-1567.472412109375,-2098.1201171875,134.8879852294922
-1567.9892578125,-2098.16162109375,134.8665771484375
-1568.50537109375,-2098.20703125,134.84681701660156
-1569.021240234375,-2098.255615234375,134.8289794921875
-1569.536865234375,-2098.305908203125,134.81236267089844
-1570.0521240234375,-2098.3583984375,134.79583740234375
-1570.5675048828125,-2098.41357421875,134.77932739257812
-1571.0831298828125,-2098.470703125,134.76304626464844
-1571.598876953125,-2098.52880859375,134.7467803955078
-1572.11474609375,-2098.58740234375,134.7298583984375
-1572.630859375,-2098.646240234375,134.71212768554688
-1573.1470947265625,-2098.705810546875,134.69366455078125
-1573.6636962890625,-2098.765625,134.67568969726562
-1574.1807861328125,-2098.825439453125,134.65777587890625
-1574.6986083984375,-2098.884765625,134.6391143798828
-1575.216796875,-2098.943603515625,134.61961364746094
-1575.73583984375,-2099.001953125,134.59967041015625
-1576.255126953125,-2099.06005859375,134.57969665527344
-1576.7747802734375,-2099.117919921875,134.5601348876953
-1577.2950439453125,-2099.17529296875,134.54095458984375
-1577.8157958984375,-2099.232421875,134.5215606689453
-1578.3370361328125,-2099.28857421875,134.50198364257812
-1578.8582763671875,-2099.343994140625,134.48248291015625
-1579.380126953125,-2099.399169921875,134.46290588378906
-1579.9022216796875,-2099.453369140625,134.44284057617188
-1580.4241943359375,-2099.506591796875,134.4220428466797
-1580.94677734375,-2099.559326171875,134.4010009765625
-1581.4696044921875,-2099.6123046875,134.37997436523438
-1581.9927978515625,-2099.6650390625,134.35877990722656
-1582.5164794921875,-2099.716796875,134.33651733398438
-1583.0406494140625,-2099.768310546875,134.31344604492188
-1583.565185546875,-2099.820068359375,134.29046630859375
-1584.0899658203125,-2099.87158203125,134.2677001953125
-1584.615234375,-2099.922607421875,134.24485778808594
-1585.1407470703125,-2099.97314453125,134.22186279296875
-1585.6666259765625,-2100.0234375,134.1988525390625
-1586.1929931640625,-2100.07373046875,134.1762237548828
-1586.719482421875,-2100.123046875,134.1536102294922
-1587.2464599609375,-2100.1728515625,134.1307830810547
-1587.7735595703125,-2100.22265625,134.10791015625
-1588.3009033203125,-2100.273193359375,134.08506774902344
-1588.8284912109375,-2100.324462890625,134.06243896484375
-1589.3565673828125,-2100.376708984375,134.03977966308594
-1589.8846435546875,-2100.42919921875,134.0167999267578
-1590.4129638671875,-2100.483154296875,133.99305725097656
-1590.941162109375,-2100.538330078125,133.96865844726562
-1591.469482421875,-2100.5947265625,133.9441375732422
-1591.998046875,-2100.65234375,133.9195556640625
-1592.52685546875,-2100.71142578125,133.89483642578125
-1593.0560302734375,-2100.771240234375,133.86947631835938
-1593.5855712890625,-2100.8330078125,133.84347534179688
-1594.1153564453125,-2100.89599609375,133.817138671875
-1594.645263671875,-2100.96044921875,133.79061889648438
-1595.17529296875,-2101.027099609375,133.76412963867188
-1595.70556640625,-2101.09521484375,133.73770141601562
-1596.2359619140625,-2101.164794921875,133.71127319335938
-1596.766357421875,-2101.23583984375,133.6849365234375
-1597.297119140625,-2101.30859375,133.6588134765625
-1597.8282470703125,-2101.382080078125,133.63291931152344
-1598.359375,-2101.45654296875,133.60708618164062
-1598.8907470703125,-2101.531494140625,133.58120727539062
-1599.42236328125,-2101.607177734375,133.55519104003906
-1599.9542236328125,-2101.68310546875,133.52911376953125
-1600.486083984375,-2101.7587890625,133.5029754638672
-1601.0186767578125,-2101.834716796875,133.47669982910156
-1601.5511474609375,-2101.91064453125,133.45001220703125
-1602.0841064453125,-2101.987060546875,133.42294311523438
-1602.617431640625,-2102.0634765625,133.3953094482422
-1603.1510009765625,-2102.14013671875,133.3673858642578
-1603.68505859375,-2102.217041015625,133.33921813964844
-1604.2193603515625,-2102.29443359375,133.3107452392578
-1604.754150390625,-2102.37255859375,133.28208923339844
-1605.2891845703125,-2102.451171875,133.2532501220703
-1605.824462890625,-2102.530029296875,133.22430419921875
-1606.360107421875,-2102.6103515625,133.19532775878906
-1606.895751953125,-2102.691162109375,133.1664276123047
-1607.431884765625,-2102.7734375,133.13763427734375
-1607.968017578125,-2102.857177734375,133.1089324951172
-1608.5042724609375,-2102.94189453125,133.08009338378906
-1609.0406494140625,-2103.0283203125,133.0509490966797
-1609.5770263671875,-2103.11572265625,133.02171325683594
-1610.1134033203125,-2103.204833984375,132.99227905273438
-1610.649658203125,-2103.295166015625,132.96229553222656
-1611.18603515625,-2103.387451171875,132.93186950683594
-1611.722412109375,-2103.4814453125,132.9010772705078
-1612.2589111328125,-2103.57763671875,132.869873046875
-1612.79541015625,-2103.675048828125,132.83811950683594
-1613.332275390625,-2103.77392578125,132.80545043945312
-1613.8692626953125,-2103.874267578125,132.772705078125
-1614.406494140625,-2103.976318359375,132.7400360107422
-1614.94384765625,-2104.079345703125,132.7072296142578
-1615.4814453125,-2104.18359375,132.67416381835938
-1616.019287109375,-2104.2890625,132.64102172851562
-1616.5574951171875,-2104.39501953125,132.60809326171875
-1617.095703125,-2104.502197265625,132.57533264160156
-1617.6343994140625,-2104.609619140625,132.54249572753906
-1618.17333984375,-2104.7177734375,132.5097198486328
-1618.7125244140625,-2104.826416015625,132.47715759277344
-1619.2520751953125,-2104.935791015625,132.4444580078125
-1619.7916259765625,-2105.04541015625,132.41148376464844
-1620.3316650390625,-2105.15576171875,132.37838745117188
-1620.8719482421875,-2105.266357421875,132.34535217285156
-1621.4124755859375,-2105.377685546875,132.3124237060547
-1621.9532470703125,-2105.489501953125,132.27894592285156
-1622.494140625,-2105.60205078125,132.2450408935547
-1623.0355224609375,-2105.7158203125,132.21145629882812
-1623.5771484375,-2105.829833984375,132.17770385742188
-1624.1190185546875,-2105.9443359375,132.1436004638672
-1624.6612548828125,-2106.059814453125,132.1092987060547
-1625.2037353515625,-2106.176025390625,132.0751495361328
-1625.746337890625,-2106.29345703125,132.04165649414062
-1626.2894287109375,-2106.4111328125,132.00790405273438
-1626.8326416015625,-2106.529541015625,131.97357177734375
-1627.3760986328125,-2106.648681640625,131.93923950195312
-1627.9197998046875,-2106.7685546875,131.9051055908203
-1628.463623046875,-2106.888916015625,131.8713836669922
-1629.0076904296875,-2107.010498046875,131.8376922607422
-1629.5521240234375,-2107.13232421875,131.8036651611328
-1630.0966796875,-2107.254638671875,131.76942443847656
-1630.64111328125,-2107.378173828125,131.73507690429688
-1631.1856689453125,-2107.501953125,131.70068359375
-1631.72998046875,-2107.626220703125,131.6664581298828
-1632.274658203125,-2107.7509765625,131.63246154785156
-1632.819580078125,-2107.87646484375,131.5985107421875
-1633.3642578125,-2108.00244140625,131.56454467773438
-1633.9091796875,-2108.128662109375,131.5305633544922
-1634.4539794921875,-2108.255126953125,131.4965057373047
-1634.998779296875,-2108.382080078125,131.46266174316406
-1635.5435791015625,-2108.509765625,131.4293212890625
-1636.0885009765625,-2108.6376953125,131.3961639404297
-1636.633544921875,-2108.765869140625,131.3629608154297
-1637.1785888671875,-2108.89404296875,131.3294677734375
-1637.7235107421875,-2109.022705078125,131.29595947265625
-1638.2684326171875,-2109.151611328125,131.2626953125
-1638.8133544921875,-2109.281005859375,131.2294464111328
-1639.3583984375,-2109.41064453125,131.1962890625
-1639.903076171875,-2109.540771484375,131.16317749023438
-1640.4478759765625,-2109.67138671875,131.13002014160156
-1640.992919921875,-2109.802001953125,131.0968780517578
-1641.5377197265625,-2109.933349609375,131.063720703125
-1642.08251953125,-2110.064697265625,131.03073120117188
-1642.6270751953125,-2110.197265625,130.9982452392578
-1643.1717529296875,-2110.330322265625,130.96597290039062
-1643.7164306640625,-2110.46337890625,130.93377685546875
-1644.260986328125,-2110.597412109375,130.901611328125
-1644.805419921875,-2110.73193359375,130.86944580078125
-1645.349609375,-2110.867431640625,130.83766174316406
-1645.8936767578125,-2111.003662109375,130.80628967285156
-1646.4376220703125,-2111.140625,130.7749481201172
-1646.9815673828125,-2111.27783203125,130.7434539794922
-1647.5252685546875,-2111.41650390625,130.71189880371094
-1648.06884765625,-2111.55615234375,130.68075561523438
-1648.6126708984375,-2111.69677734375,130.64996337890625
-1649.15673828125,-2111.838134765625,130.6190643310547
-1649.701171875,-2111.98046875,130.5881805419922
-1650.2459716796875,-2112.124267578125,130.5576171875
-1650.791015625,-2112.268798828125,130.52748107910156
-1651.33642578125,-2112.414794921875,130.49740600585938
-1651.8824462890625,-2112.562255859375,130.46725463867188
-1652.42919921875,-2112.710205078125,130.43728637695312
-1652.976318359375,-2112.85986328125,130.40753173828125
-1653.5245361328125,-2113.0107421875,130.37811279296875
-1654.0738525390625,-2113.16259765625,130.34869384765625
-1654.6240234375,-2113.315673828125,130.31906127929688
-1655.17529296875,-2113.47021484375,130.28919982910156
-1655.727783203125,-2113.62548828125,130.25933837890625
-1656.281494140625,-2113.782470703125,130.2296905517578
-1656.836669921875,-2113.940185546875,130.20016479492188
-1657.393310546875,-2114.09912109375,130.17047119140625
-1657.95166015625,-2114.259765625,130.140869140625
-1658.5120849609375,-2114.422119140625,130.11163330078125
-1659.07470703125,-2114.586181640625,130.08279418945312
-1659.6395263671875,-2114.751708984375,130.05401611328125
-1660.206298828125,-2114.919189453125,130.02525329589844
-1660.7750244140625,-2115.08837890625,129.9967803955078
-1661.3453369140625,-2115.259765625,129.96900939941406
-1661.9171142578125,-2115.432373046875,129.94192504882812
-1662.490234375,-2115.6064453125,129.91493225097656
-1663.0643310546875,-2115.7822265625,129.8881378173828
-1663.6392822265625,-2115.958984375,129.86151123046875
-1664.21484375,-2116.137451171875,129.83499145507812
-1664.7906494140625,-2116.316650390625,129.80882263183594
-1665.366943359375,-2116.49755859375,129.78292846679688
-1665.943359375,-2116.67919921875,129.75698852539062
-1666.5196533203125,-2116.862060546875,129.73095703125
-1667.095947265625,-2117.0458984375,129.705078125
-1667.671630859375,-2117.23046875,129.6795654296875
-1668.2474365234375,-2117.415771484375,129.6542510986328
-1668.8226318359375,-2117.60205078125,129.62905883789062
-1669.3975830078125,-2117.7890625,129.60398864746094
-1669.9718017578125,-2117.977294921875,129.579345703125
-1670.5457763671875,-2118.16650390625,129.5550537109375
-1671.1190185546875,-2118.356689453125,129.53109741210938
-1671.691650390625,-2118.5478515625,129.50733947753906
-1672.2637939453125,-2118.739990234375,129.48370361328125
-1672.83544921875,-2118.932861328125,129.46035766601562
-1673.40625,-2119.126953125,129.43727111816406
-1673.9766845703125,-2119.32177734375,129.4142608642578
-1674.5465087890625,-2119.51806640625,129.39108276367188
-1675.1156005859375,-2119.71533203125,129.3679962158203
-1675.6839599609375,-2119.913818359375,129.34518432617188
-1676.251708984375,-2120.113525390625,129.3225860595703
-1676.81884765625,-2120.314453125,129.29991149902344
-1677.3851318359375,-2120.51708984375,129.27728271484375
-1677.950927734375,-2120.72119140625,129.25486755371094
-1678.515625,-2120.9267578125,129.23275756835938
-1679.0792236328125,-2121.13427734375,129.21078491210938
-1679.6419677734375,-2121.34375,129.1888885498047
-1680.2037353515625,-2121.555419921875,129.16744995117188
-1680.7645263671875,-2121.768798828125,129.14639282226562
-1681.323974609375,-2121.984375,129.12548828125
-1681.8822021484375,-2122.202392578125,129.1046142578125
-1682.4393310546875,-2122.42333984375,129.08438110351562
-1682.994873046875,-2122.646728515625,129.06459045410156
-1683.549072265625,-2122.873046875,129.0447998046875
-1684.1016845703125,-2123.101806640625,129.02488708496094
-1684.652587890625,-2123.334228515625,129.00531005859375
-1685.2012939453125,-2123.570068359375,128.98634338378906
-1685.748291015625,-2123.81005859375,128.96749877929688
-1686.293212890625,-2124.053466796875,128.94879150390625
-1686.8360595703125,-2124.301025390625,128.93019104003906
-1687.37646484375,-2124.55224609375,128.9115447998047
-1687.9141845703125,-2124.80908203125,128.8932342529297
-1688.44921875,-2125.06982421875,128.8756103515625
-1688.981689453125,-2125.335205078125,128.8582305908203
-1689.5113525390625,-2125.604736328125,128.8406524658203
-1690.0380859375,-2125.879638671875,128.82305908203125
-1690.561767578125,-2126.15966796875,128.8062286376953
-1691.0821533203125,-2126.444580078125,128.78993225097656
-1691.599853515625,-2126.73388671875,128.77398681640625
-1692.1142578125,-2127.028076171875,128.75802612304688
-1692.625732421875,-2127.3271484375,128.74244689941406
-1693.1341552734375,-2127.63037109375,128.72750854492188
-1693.6395263671875,-2127.937255859375,128.71322631835938
-1694.14208984375,-2128.248291015625,128.699951171875
-1694.64208984375,-2128.5634765625,128.68699645996094
-1695.138916015625,-2128.88232421875,128.6744842529297
-1695.6329345703125,-2129.205078125,128.66212463378906
-1696.123779296875,-2129.53076171875,128.6495361328125
-1696.611328125,-2129.861083984375,128.63711547851562
-1697.0948486328125,-2130.19580078125,128.62547302246094
-1697.5751953125,-2130.534912109375,128.6149139404297
-1698.0531005859375,-2130.876708984375,128.60418701171875
-1698.528564453125,-2131.22119140625,128.5926513671875
-1699.0009765625,-2131.5693359375,128.58084106445312
-1699.469482421875,-2131.922119140625,128.5703582763672
-1699.9349365234375,-2132.277587890625,128.56077575683594
-1700.3978271484375,-2132.635986328125,128.55142211914062
-1700.857666015625,-2132.997314453125,128.5418243408203
-1701.314453125,-2133.36181640625,128.53271484375
-1701.767822265625,-2133.730224609375,128.5242919921875
-1702.2176513671875,-2134.101806640625,128.5164794921875
-1702.663818359375,-2134.47705078125,128.50909423828125
-1703.106689453125,-2134.85546875,128.50157165527344
-1703.5458984375,-2135.236572265625,128.49398803710938
-1703.9810791015625,-2135.62158203125,128.4860382080078
-1704.410888671875,-2136.01123046875,128.47877502441406
-1704.8367919921875,-2136.40478515625,128.47189331054688
-1705.2586669921875,-2136.8017578125,128.46484375
-1705.6763916015625,-2137.20263671875,128.457275390625
-1706.08984375,-2137.607666015625,128.44915771484375
-1706.497802734375,-2138.016845703125,128.44178771972656
-1706.9007568359375,-2138.43017578125,128.43482971191406
-1707.2989501953125,-2138.84765625,128.4284210205078
-1707.6925048828125,-2139.2685546875,128.42202758789062
-1708.0811767578125,-2139.693359375,128.4154815673828
-1708.464111328125,-2140.1220703125,128.40908813476562
-1708.842041015625,-2140.554931640625,128.4028778076172
-1709.214111328125,-2140.99169921875,128.39698791503906
-1709.580322265625,-2141.432373046875,128.39108276367188
-1709.941650390625,-2141.87646484375,128.3841552734375
-1710.296630859375,-2142.324462890625,128.3762664794922
-1710.6441650390625,-2142.777099609375,128.36814880371094
-1710.9847412109375,-2143.233642578125,128.35977172851562
-1711.3165283203125,-2143.69384765625,128.35179138183594
-1711.6395263671875,-2144.154541015625,128.34341430664062
-1711.9534912109375,-2144.6142578125,128.33407592773438
-1712.255615234375,-2145.07275390625,128.32530212402344
-1712.546142578125,-2145.5283203125,128.31686401367188
-1712.8251953125,-2145.980712890625,128.30899047851562
-1713.093017578125,-2146.4296875,128.3014373779297
-1713.350830078125,-2146.874267578125,128.2932891845703
-1713.5966796875,-2147.315185546875,128.28526306152344
-1713.831787109375,-2147.752197265625,128.2770538330078
-1714.05517578125,-2148.18701171875,128.26925659179688
-1714.2684326171875,-2148.620361328125,128.2614288330078
-1714.47216796875,-2149.052978515625,128.25341796875
-1714.6651611328125,-2149.484130859375,128.24600219726562
-1714.847900390625,-2149.914794921875,128.23849487304688
-1715.02001953125,-2150.344482421875,128.23158264160156
-1715.181884765625,-2150.7744140625,128.224609375
-1715.3349609375,-2151.20556640625,128.21697998046875
-1715.477783203125,-2151.638916015625,128.20880126953125
-1715.60986328125,-2152.07421875,128.20077514648438
-1715.731201171875,-2152.51123046875,128.1927947998047
-1715.8424072265625,-2152.949462890625,128.1849365234375
-1715.943359375,-2153.38916015625,128.17739868164062
-1716.0340576171875,-2153.830322265625,128.17050170898438
-1716.1156005859375,-2154.272705078125,128.16355895996094
-1716.1868896484375,-2154.716064453125,128.15701293945312
-1716.2489013671875,-2155.159912109375,128.1504669189453
-1716.3017578125,-2155.604736328125,128.14361572265625
-1716.3446044921875,-2156.0498046875,128.13735961914062
-1716.3775634765625,-2156.4951171875,128.13137817382812
-1716.40185546875,-2156.93994140625,128.12582397460938
-1716.4169921875,-2157.385009765625,128.12026977539062
-1716.422607421875,-2157.829345703125,128.11509704589844
-1716.4188232421875,-2158.2734375,128.11024475097656
-1716.4063720703125,-2158.717041015625,128.105224609375
-1716.3846435546875,-2159.1591796875,128.10035705566406
-1716.35400390625,-2159.6005859375,128.09576416015625
-1716.3150634765625,-2160.040771484375,128.0909423828125
-1716.2664794921875,-2160.4794921875,128.08660888671875
-1716.2088623046875,-2160.916259765625,128.0831756591797
-1716.144287109375,-2161.351806640625,128.0794219970703
-1716.0732421875,-2161.7861328125,128.07550048828125
-1715.99462890625,-2162.218505859375,128.0713653564453
-1715.90869140625,-2162.64892578125,128.06800842285156
-1715.8160400390625,-2163.078125,128.0651397705078
-1715.718994140625,-2163.50537109375,128.0623016357422
-1715.614990234375,-2163.93115234375,128.05996704101562
-1715.5062255859375,-2164.355224609375,128.05789184570312
-1715.3924560546875,-2164.77734375,128.0556640625
-1715.2730712890625,-2165.19775390625,128.05404663085938
-1715.14990234375,-2165.61669921875,128.0524444580078
-1715.0218505859375,-2166.03369140625,128.05108642578125
-1714.8896484375,-2166.449462890625,128.0496063232422
-1714.7532958984375,-2166.864013671875,128.04751586914062
-1714.6123046875,-2167.276611328125,128.04615783691406
-1714.46630859375,-2167.6875,128.04568481445312
-1714.3165283203125,-2168.09716796875,128.04469299316406
-1714.1611328125,-2168.505126953125,128.04405212402344
-1714.0009765625,-2168.910400390625,128.04330444335938
-1713.8353271484375,-2169.3134765625,128.04290771484375
-1713.66455078125,-2169.71337890625,128.04258728027344
-1713.48828125,-2170.110595703125,128.04241943359375
-1713.3057861328125,-2170.504150390625,128.04254150390625
-1713.11767578125,-2170.894775390625,128.0428466796875
-1712.9234619140625,-2171.28173828125,128.0438690185547
-1712.724609375,-2171.66552734375,128.04464721679688
-1712.5189208984375,-2172.045166015625,128.04579162597656
-1712.3082275390625,-2172.421142578125,128.046142578125
-1712.0906982421875,-2172.79296875,128.04632568359375
-1711.8675537109375,-2173.16015625,128.04617309570312
-1711.6370849609375,-2173.522216796875,128.04708862304688
-1711.4017333984375,-2173.8798828125,128.04812622070312
-1711.1600341796875,-2174.232666015625,128.0498504638672
-1710.91259765625,-2174.58056640625,128.05169677734375
-1710.6593017578125,-2174.92333984375,128.05389404296875
-1710.4000244140625,-2175.260986328125,128.05653381347656
-1710.135498046875,-2175.593505859375,128.05911254882812
-1709.865234375,-2175.9208984375,128.06170654296875
-1709.5897216796875,-2176.24267578125,128.06427001953125
-1709.308349609375,-2176.558837890625,128.06666564941406
-1709.022216796875,-2176.869140625,128.0691680908203
-1708.730224609375,-2177.173828125,128.0719451904297
-1708.4337158203125,-2177.472412109375,128.07521057128906
-1708.1328125,-2177.765869140625,128.07789611816406
-1707.8270263671875,-2178.053466796875,128.08070373535156
-1707.516357421875,-2178.3349609375,128.08428955078125
-1707.202880859375,-2178.6123046875,128.08758544921875
-1706.8856201171875,-2178.885009765625,128.09097290039062
-1706.564208984375,-2179.152099609375,128.09495544433594
-1706.239013671875,-2179.4140625,128.099609375
-1705.91162109375,-2179.672607421875,128.10415649414062
-1705.5810546875,-2179.926513671875,128.10906982421875
-1705.2471923828125,-2180.17529296875,128.11444091796875
-1704.9107666015625,-2180.42041015625,128.1196746826172
-1704.5712890625,-2180.66064453125,128.12506103515625
-1704.228759765625,-2180.8955078125,128.13140869140625
-1703.8834228515625,-2181.125244140625,128.13836669921875
-1703.5355224609375,-2181.350830078125,128.14483642578125
-1703.1849365234375,-2181.57080078125,128.15087890625
-1702.8311767578125,-2181.784912109375,128.15737915039062
-1702.47412109375,-2181.9931640625,128.16470336914062
-1702.114501953125,-2182.196533203125,128.17202758789062
-1701.7520751953125,-2182.393798828125,128.1795196533203
-1701.3875732421875,-2182.5859375,128.18679809570312
-1701.0206298828125,-2182.7724609375,128.19349670410156
-1700.6510009765625,-2182.952392578125,128.1998748779297
-1700.2789306640625,-2183.125244140625,128.20680236816406
-1699.90478515625,-2183.29248046875,128.21417236328125
-1699.528564453125,-2183.45361328125,128.22154235839844
-1699.1500244140625,-2183.608154296875,128.2292022705078
-1698.7696533203125,-2183.7568359375,128.23680114746094
-1698.387451171875,-2183.900146484375,128.2438507080078
-1698.0035400390625,-2184.03662109375,128.25091552734375
-1697.617919921875,-2184.167236328125,128.25796508789062
-1697.23095703125,-2184.29150390625,128.26513671875
-1696.8421630859375,-2184.409423828125,128.2727813720703
-1696.4520263671875,-2184.521240234375,128.28121948242188
-1696.0615234375,-2184.628173828125,128.2896728515625
-1695.669921875,-2184.730224609375,128.2977752685547
-1695.2774658203125,-2184.826171875,128.3057403564453
-1694.88427734375,-2184.9169921875,128.31373596191406
-1694.4903564453125,-2185.00244140625,128.32261657714844
-1694.0960693359375,-2185.0830078125,128.33265686035156
-1693.7017822265625,-2185.160400390625,128.34304809570312
-1693.30712890625,-2185.233642578125,128.35304260253906
-1692.912353515625,-2185.30322265625,128.36256408691406
-1692.517333984375,-2185.369140625,128.37152099609375
-1692.1226806640625,-2185.4306640625,128.38002014160156
-1691.727783203125,-2185.4873046875,128.38925170898438
-1691.3330078125,-2185.539306640625,128.39889526367188
-1690.938232421875,-2185.587158203125,128.40830993652344
-1690.5433349609375,-2185.630859375,128.41781616210938
-1690.1480712890625,-2185.669921875,128.4271697998047
-1689.752685546875,-2185.705078125,128.4359893798828
-1689.3565673828125,-2185.73486328125,128.44439697265625
-1688.9600830078125,-2185.760498046875,128.4528350830078
-1688.5634765625,-2185.78173828125,128.4612579345703
-1688.166259765625,-2185.799072265625,128.4696807861328
-1687.768310546875,-2185.812255859375,128.47866821289062
-1687.3699951171875,-2185.822265625,128.48806762695312
-1686.970703125,-2185.82958984375,128.49761962890625
-1686.5704345703125,-2185.83447265625,128.5076141357422
-1686.168701171875,-2185.837646484375,128.5181884765625
-1685.765380859375,-2185.840087890625,128.5292510986328
-1685.3607177734375,-2185.84130859375,128.5408172607422
-1684.954833984375,-2185.841796875,128.55294799804688
-1684.5477294921875,-2185.841796875,128.56512451171875
-1684.138916015625,-2185.841796875,128.57757568359375
-1683.728759765625,-2185.842041015625,128.5904083251953
-1683.3172607421875,-2185.841064453125,128.6038360595703
-1682.904296875,-2185.83935546875,128.61767578125
-1682.4896240234375,-2185.8369140625,128.63133239746094
-1682.0732421875,-2185.83349609375,128.64468383789062
-1681.6546630859375,-2185.828857421875,128.65753173828125
-1681.234130859375,-2185.822998046875,128.6705322265625
-1680.8116455078125,-2185.815185546875,128.6836700439453
-1680.3873291015625,-2185.806884765625,128.69668579101562
-1679.9609375,-2185.79736328125,128.70916748046875
-1679.53271484375,-2185.786865234375,128.7212371826172
-1679.1024169921875,-2185.775390625,128.73301696777344
-1678.670166015625,-2185.762451171875,128.7444610595703
-1678.236083984375,-2185.748291015625,128.75579833984375
-1677.800048828125,-2185.732666015625,128.76710510253906
-1677.3619384765625,-2185.715576171875,128.7785186767578
-1676.921630859375,-2185.697265625,128.7904052734375
-1676.47998046875,-2185.678466796875,128.80233764648438
-1676.03662109375,-2185.65869140625,128.8138885498047
-1675.5916748046875,-2185.637939453125,128.82522583007812
-1675.1453857421875,-2185.61572265625,128.83660888671875
-1674.6976318359375,-2185.59228515625,128.84877014160156
-1674.24853515625,-2185.568359375,128.86167907714844
-1673.79833984375,-2185.544189453125,128.87466430664062
-1673.3468017578125,-2185.51904296875,128.8872528076172
-1672.89404296875,-2185.492919921875,128.89959716796875
-1672.440185546875,-2185.465576171875,128.91207885742188
-1671.9854736328125,-2185.4375,128.9251251220703
-1671.5301513671875,-2185.40966796875,128.93832397460938
-1671.0743408203125,-2185.380859375,128.95155334472656
-1670.6181640625,-2185.351806640625,128.96456909179688
-1670.162109375,-2185.323486328125,128.97740173339844
-1669.7064208984375,-2185.294677734375,128.99024963378906
-1669.2509765625,-2185.266845703125,129.00315856933594
-1668.7958984375,-2185.2392578125,129.01609802246094
-1668.341552734375,-2185.21240234375,129.02911376953125
-1667.8875732421875,-2185.18603515625,129.0419158935547
-1667.4344482421875,-2185.16064453125,129.05474853515625
-1666.9818115234375,-2185.135498046875,129.06735229492188
-1666.52978515625,-2185.112060546875,129.079833984375
-1666.0784912109375,-2185.08984375,129.09219360351562
-1665.6280517578125,-2185.068115234375,129.10467529296875
-1665.1781005859375,-2185.046875,129.1172332763672
-1664.728759765625,-2185.026611328125,129.1299285888672
-1664.2802734375,-2185.0068359375,129.14263916015625
-1663.832275390625,-2184.98779296875,129.15533447265625
-1663.3851318359375,-2184.968994140625,129.16806030273438
-1662.938720703125,-2184.94970703125,129.18057250976562
-1662.4931640625,-2184.93017578125,129.1929168701172
-1662.04833984375,-2184.910400390625,129.20513916015625
-1661.6044921875,-2184.890625,129.21749877929688
-1661.161376953125,-2184.869873046875,129.22984313964844
-1660.718994140625,-2184.848876953125,129.24220275878906
-1660.2772216796875,-2184.82763671875,129.25440979003906
-1659.8360595703125,-2184.805908203125,129.2663116455078
-1659.3956298828125,-2184.78369140625,129.27798461914062
-1658.9561767578125,-2184.76123046875,129.2894744873047
-1658.517333984375,-2184.738037109375,129.3009796142578
-1658.0792236328125,-2184.715087890625,129.31251525878906
-1657.641845703125,-2184.69189453125,129.32423400878906
-1657.205078125,-2184.669189453125,129.33592224121094
-1656.7689208984375,-2184.64697265625,129.3475341796875
-1656.3333740234375,-2184.625732421875,129.35894775390625
-1655.898681640625,-2184.60498046875,129.37042236328125
-1655.4647216796875,-2184.5849609375,129.38189697265625
-1655.0316162109375,-2184.56494140625,129.39309692382812
-1654.598876953125,-2184.5458984375,129.40419006347656
-1654.1669921875,-2184.527099609375,129.41526794433594
-1653.73583984375,-2184.509765625,129.42645263671875
-1653.30517578125,-2184.492431640625,129.43751525878906
-1652.8753662109375,-2184.4765625,129.44822692871094
-1652.4461669921875,-2184.4619140625,129.4585723876953
-1652.017578125,-2184.447998046875,129.4687957763672
-1651.589599609375,-2184.435791015625,129.47900390625
-1651.16259765625,-2184.42431640625,129.48902893066406
-1650.73583984375,-2184.414306640625,129.49893188476562
-1650.3099365234375,-2184.405029296875,129.5084991455078
-1649.884521484375,-2184.39697265625,129.5178680419922
-1649.459716796875,-2184.389892578125,129.5271759033203
-1649.03564453125,-2184.384033203125,129.5364227294922
-1648.6121826171875,-2184.379638671875,129.54544067382812
-1648.189208984375,-2184.376953125,129.55422973632812
-1647.76708984375,-2184.37548828125,129.56289672851562
-1647.3455810546875,-2184.375732421875,129.571533203125
-1646.9248046875,-2184.377685546875,129.5802001953125
-1646.5045166015625,-2184.381591796875,129.5887451171875
-1646.0850830078125,-2184.387451171875,129.5971221923828
-1645.666259765625,-2184.395263671875,129.60537719726562
-1645.2481689453125,-2184.4052734375,129.61343383789062
-1644.830810546875,-2184.417724609375,129.6213836669922
-1644.4140625,-2184.432373046875,129.62911987304688
-1643.998291015625,-2184.449462890625,129.6366729736328
-1643.5831298828125,-2184.469482421875,129.64404296875
-1643.1690673828125,-2184.492919921875,129.65121459960938
-1642.755859375,-2184.519775390625,129.6582489013672
-1642.3436279296875,-2184.55029296875,129.66514587402344
-1641.9322509765625,-2184.5849609375,129.672119140625
-1641.52197265625,-2184.6240234375,129.67881774902344
-1641.1129150390625,-2184.66796875,129.6848907470703
-1640.705078125,-2184.716552734375,129.6905517578125
-1640.298583984375,-2184.769775390625,129.69598388671875
-1639.8935546875,-2184.827880859375,129.7013702392578
-1639.4898681640625,-2184.890869140625,129.7067108154297
-1639.0877685546875,-2184.958984375,129.71189880371094
-1638.687255859375,-2185.0322265625,129.71685791015625
-1638.2880859375,-2185.1103515625,129.7216796875
-1637.8905029296875,-2185.193359375,129.7265167236328
-1637.49462890625,-2185.281494140625,129.73135375976562
-1637.1005859375,-2185.374755859375,129.73643493652344
-1636.7081298828125,-2185.47265625,129.7413787841797
-1636.317626953125,-2185.57568359375,129.7460479736328
-1635.929443359375,-2185.684326171875,129.7507781982422
-1635.54345703125,-2185.7978515625,129.75563049316406
-1635.1595458984375,-2185.916015625,129.7604217529297
-1634.7779541015625,-2186.03857421875,129.76512145996094
-1634.398681640625,-2186.166748046875,129.7698974609375
-1634.0218505859375,-2186.2998046875,129.77467346191406
-1633.6474609375,-2186.437744140625,129.77935791015625
-1633.275634765625,-2186.580322265625,129.7838592529297
-1632.9063720703125,-2186.728515625,129.7881622314453
-1632.5400390625,-2186.881591796875,129.7920684814453
-1632.176513671875,-2187.0400390625,129.79531860351562
-1631.816162109375,-2187.20361328125,129.798095703125
-1631.458984375,-2187.372802734375,129.8008575439453
-1631.105224609375,-2187.54736328125,129.80357360839844
-1630.7547607421875,-2187.726806640625,129.8059844970703
-1630.4075927734375,-2187.91162109375,129.80825805664062
-1630.0635986328125,-2188.101318359375,129.81027221679688
-1629.72265625,-2188.29541015625,129.81195068359375
-1629.3851318359375,-2188.494873046875,129.81361389160156
-1629.050537109375,-2188.69873046875,129.8157196044922
-1628.7186279296875,-2188.9072265625,129.8177947998047
-1628.3892822265625,-2189.11962890625,129.8196563720703
-1628.0626220703125,-2189.33642578125,129.8214874267578
-1627.7381591796875,-2189.557861328125,129.82369995117188
-1627.416015625,-2189.78271484375,129.82608032226562
-1627.0958251953125,-2190.011962890625,129.82859802246094
-1626.7779541015625,-2190.24462890625,129.8314666748047
-1626.4615478515625,-2190.480712890625,129.83453369140625
-1626.1466064453125,-2190.720703125,129.83763122558594
-1625.8331298828125,-2190.96484375,129.84046936035156
-1625.5205078125,-2191.212890625,129.84323120117188
-1625.2088623046875,-2191.46484375,129.84619140625
-1624.8978271484375,-2191.721435546875,129.84933471679688
-1624.58740234375,-2191.982177734375,129.85272216796875
-1624.278076171875,-2192.24755859375,129.8561553955078
-1623.97021484375,-2192.517822265625,129.85968017578125
-1623.6641845703125,-2192.792236328125,129.8631134033203
-1623.3604736328125,-2193.070556640625,129.86630249023438
-1623.059814453125,-2193.35205078125,129.869384765625
-1622.762939453125,-2193.63671875,129.87269592285156
-1622.469482421875,-2193.924560546875,129.8761444091797
-1622.1798095703125,-2194.21533203125,129.87973022460938
-1621.893798828125,-2194.50927734375,129.88360595703125
-1621.6116943359375,-2194.806396484375,129.88796997070312
-1621.333740234375,-2195.106201171875,129.89222717285156
-1621.06005859375,-2195.409423828125,129.89610290527344
-1620.790771484375,-2195.716064453125,129.899658203125
-1620.5260009765625,-2196.025634765625,129.90304565429688
-1620.2657470703125,-2196.337890625,129.906494140625
-1620.0103759765625,-2196.6533203125,129.9098663330078
-1619.760009765625,-2196.971923828125,129.91326904296875
-1619.514404296875,-2197.29345703125,129.91700744628906
-1619.2735595703125,-2197.61767578125,129.92105102539062
-1619.03759765625,-2197.945068359375,129.9250946044922
-1618.8067626953125,-2198.275390625,129.92884826660156
-1618.5809326171875,-2198.6083984375,129.93203735351562
-1618.35986328125,-2198.944091796875,129.93484497070312
-1618.1436767578125,-2199.2822265625,129.93789672851562
-1617.9324951171875,-2199.62255859375,129.94158935546875
-1617.726318359375,-2199.965087890625,129.94554138183594
-1617.525146484375,-2200.310546875,129.94931030273438
-1617.3287353515625,-2200.657470703125,129.9527130126953
-1617.1370849609375,-2201.00634765625,129.9558868408203
-1616.949951171875,-2201.357421875,129.95895385742188
-1616.767578125,-2201.7099609375,129.9619140625
-1616.5899658203125,-2202.064453125,129.96478271484375
-1616.4173583984375,-2202.421142578125,129.9677734375
-1616.2493896484375,-2202.779541015625,129.97091674804688
-1616.086181640625,-2203.139892578125,129.97402954101562
-1615.9276123046875,-2203.501953125,129.97694396972656
-1615.7740478515625,-2203.865234375,129.9798126220703
-1615.6253662109375,-2204.23046875,129.98252868652344
-1615.4818115234375,-2204.59716796875,129.98497009277344
-1615.3431396484375,-2204.9658203125,129.9878387451172
-1615.20947265625,-2205.33544921875,129.99130249023438
-1615.0809326171875,-2205.706787109375,129.994873046875
-1614.957275390625,-2206.07958984375,129.99801635742188
-1614.8387451171875,-2206.45361328125,130.00096130371094
-1614.7254638671875,-2206.8291015625,130.00390625
-1614.6173095703125,-2207.205810546875,130.00689697265625
-1614.5142822265625,-2207.583740234375,130.01023864746094
-1614.4166259765625,-2207.962890625,130.0137481689453
-1614.324462890625,-2208.3427734375,130.0168914794922
-1614.2373046875,-2208.723876953125,130.01968383789062
-1614.155517578125,-2209.105712890625,130.02224731445312
-1614.079345703125,-2209.488525390625,130.0247344970703
-1614.0086669921875,-2209.87158203125,130.02728271484375
-1613.943359375,-2210.255615234375,130.02978515625
-1613.883544921875,-2210.64013671875,130.03233337402344
-1613.8289794921875,-2211.025390625,130.03488159179688
-1613.7796630859375,-2211.41064453125,130.03741455078125
-1613.735595703125,-2211.796630859375,130.0399169921875
-1613.6966552734375,-2212.1826171875,130.0424346923828
-1613.6624755859375,-2212.5693359375,130.0448455810547
-1613.6331787109375,-2212.956298828125,130.04721069335938
-1613.6087646484375,-2213.343017578125,130.04986572265625
-1613.5887451171875,-2213.72998046875,130.05279541015625
-1613.5732421875,-2214.11669921875,130.0557861328125
-1613.562255859375,-2214.50341796875,130.0592041015625
-1613.5555419921875,-2214.889892578125,130.06312561035156
-1613.5528564453125,-2215.276123046875,130.0671844482422
-1613.5545654296875,-2215.66259765625,130.0709686279297
-1613.5599365234375,-2216.048583984375,130.0747528076172
-1613.56884765625,-2216.434326171875,130.07858276367188
-1613.5811767578125,-2216.820068359375,130.08236694335938
-1613.5965576171875,-2217.205322265625,130.08653259277344
-1613.6148681640625,-2217.590576171875,130.0911407470703
-1613.635986328125,-2217.97607421875,130.0957489013672
-1613.6595458984375,-2218.36181640625,130.09991455078125
-1613.685302734375,-2218.748046875,130.10386657714844
-1613.7127685546875,-2219.134765625,130.107666015625
-1613.7420654296875,-2219.522216796875,130.11151123046875
-1613.7724609375,-2219.910400390625,130.11570739746094
-1613.8037109375,-2220.299560546875,130.12046813964844
-1613.83642578125,-2220.689697265625,130.1241912841797
-1613.869384765625,-2221.080078125,130.12681579589844
-1613.90087890625,-2221.4716796875,130.12979125976562
-1613.9324951171875,-2221.864501953125,130.13331604003906
-1613.9647216796875,-2222.2578125,130.13702392578125
-1613.9967041015625,-2222.652099609375,130.1410369873047
-1614.028564453125,-2223.046630859375,130.14537048339844
-1614.060546875,-2223.442626953125,130.1487274169922
-1614.092041015625,-2223.839599609375,130.15115356445312
-1614.1229248046875,-2224.237060546875,130.15411376953125
-1614.153564453125,-2224.63525390625,130.15740966796875
-1614.1834716796875,-2225.034423828125,130.16102600097656
-1614.213134765625,-2225.4345703125,130.1646270751953
-1614.2430419921875,-2225.835205078125,130.1680908203125
-1614.2723388671875,-2226.23681640625,130.1718292236328
-1614.301513671875,-2226.63916015625,130.17550659179688
-1614.3311767578125,-2227.042724609375,130.17893981933594
-1614.361083984375,-2227.447509765625,130.1822967529297
-1614.390625,-2227.85302734375,130.1863555908203
-1614.4212646484375,-2228.25927734375,130.18991088867188
-1614.4517822265625,-2228.666748046875,130.1935577392578
-1614.482421875,-2229.075439453125,130.1971893310547
-1614.5133056640625,-2229.48486328125,130.20120239257812
-1614.5450439453125,-2229.89599609375,130.20458984375
-1614.576416015625,-2230.30810546875,130.2085723876953
-1614.6083984375,-2230.721435546875,130.21240234375
-1614.640380859375,-2231.13623046875,130.21615600585938
-1614.67236328125,-2231.552490234375,130.22024536132812
-1614.7042236328125,-2231.969970703125,130.22503662109375
-1614.7369384765625,-2232.388427734375,130.2294464111328
-1614.769775390625,-2232.808349609375,130.23385620117188
-1614.802978515625,-2233.229248046875,130.23782348632812
-1614.8359375,-2233.6513671875,130.2418670654297
-1614.869140625,-2234.074951171875,130.2460174560547
-1614.902099609375,-2234.49951171875,130.2509765625
-1614.9361572265625,-2234.925048828125,130.25514221191406
-1614.9697265625,-2235.351806640625,130.25962829589844
-1615.004150390625,-2235.780029296875,130.2636260986328
-1615.03857421875,-2236.209716796875,130.26805114746094
-1615.0740966796875,-2236.64013671875,130.27224731445312
-1615.1102294921875,-2237.071044921875,130.27667236328125
-1615.1474609375,-2237.50390625,130.2804412841797
-1615.184814453125,-2237.937744140625,130.2845916748047
-1615.223388671875,-2238.372802734375,130.28883361816406
-1615.26318359375,-2238.80908203125,130.29315185546875
-1615.3037109375,-2239.246337890625,130.29754638671875
-1615.3453369140625,-2239.68505859375,130.30203247070312
-1615.38818359375,-2240.125,130.30616760253906
-1615.4317626953125,-2240.56640625,130.31056213378906
-1615.476318359375,-2241.0087890625,130.31515502929688
-1615.5216064453125,-2241.453125,130.31961059570312
-1615.568359375,-2241.898193359375,130.32411193847656
-1615.6156005859375,-2242.344970703125,130.32904052734375
-1615.6641845703125,-2242.79248046875,130.33370971679688
-1615.713134765625,-2243.240966796875,130.3384552001953
-1615.76318359375,-2243.69091796875,130.34254455566406
-1615.8133544921875,-2244.141357421875,130.3472900390625
-1615.8646240234375,-2244.59326171875,130.35159301757812
-1615.915771484375,-2245.045654296875,130.3565216064453
-1615.96728515625,-2245.49951171875,130.3612060546875
-1616.0189208984375,-2245.953857421875,130.36611938476562
-1616.0706787109375,-2246.4091796875,130.37069702148438
-1616.123046875,-2246.865478515625,130.37477111816406
-1616.175048828125,-2247.322998046875,130.37892150878906
-1616.227294921875,-2247.781494140625,130.38299560546875
-1616.279541015625,-2248.24072265625,130.38760375976562
-1616.3319091796875,-2248.701416015625,130.39224243164062
-1616.384521484375,-2249.163330078125,130.3970184326172
-1616.43701171875,-2249.62646484375,130.40158081054688
-1616.4901123046875,-2250.090087890625,130.40597534179688
-1616.54296875,-2250.5546875,130.41058349609375
-1616.596435546875,-2251.0205078125,130.4145965576172
-1616.6497802734375,-2251.487548828125,130.41860961914062
-1616.70263671875,-2251.955810546875,130.4230499267578
-1616.756103515625,-2252.42529296875,130.4278564453125
-1616.809814453125,-2252.896240234375,130.43238830566406
-1616.8638916015625,-2253.368896484375,130.4367218017578
-1616.918212890625,-2253.843505859375,130.44117736816406
-1616.972900390625,-2254.320068359375,130.44525146484375
-1617.0277099609375,-2254.798828125,130.44985961914062
-1617.0831298828125,-2255.27978515625,130.45465087890625
-1617.138916015625,-2255.762939453125,130.45938110351562
-1617.1951904296875,-2256.248046875,130.4639434814453
-1617.2515869140625,-2256.735595703125,130.4689178466797
-1617.3082275390625,-2257.22509765625,130.47393798828125
-1617.365478515625,-2257.716796875,130.47894287109375
-1617.4227294921875,-2258.210693359375,130.4839630126953
-1617.4805908203125,-2258.70703125,130.48873901367188
-1617.538330078125,-2259.205078125,130.4940185546875
-1617.5965576171875,-2259.705322265625,130.4994659423828
-1617.6551513671875,-2260.2080078125,130.5050506591797
-1617.71435546875,-2260.712890625,130.51026916503906
-1617.7738037109375,-2261.2197265625,130.5154266357422
-1617.8331298828125,-2261.72900390625,130.52117919921875
-1617.893310546875,-2262.240478515625,130.52645874023438
-1617.95361328125,-2262.754638671875,130.53211975097656
-1618.01416015625,-2263.271484375,130.53785705566406
-1618.0755615234375,-2263.790283203125,130.54354858398438
-1618.13720703125,-2264.311767578125,130.54978942871094
-1618.19970703125,-2264.836181640625,130.55557250976562
-1618.2623291015625,-2265.363037109375,130.56143188476562
-1618.324951171875,-2265.892333984375,130.56790161132812
-1618.3880615234375,-2266.424560546875,130.5739288330078
-1618.4520263671875,-2266.958740234375,130.5796356201172
-1618.5167236328125,-2267.49609375,130.5850067138672
-1618.581298828125,-2268.035888671875,130.59068298339844
-1618.6466064453125,-2268.577880859375,130.59622192382812
-1618.7120361328125,-2269.122802734375,130.60203552246094
-1618.7786865234375,-2269.670166015625,130.60775756835938
-1618.8465576171875,-2270.219482421875,130.61380004882812
-1618.9150390625,-2270.770751953125,130.61972045898438
-1618.984619140625,-2271.32470703125,130.62451171875
-1619.053955078125,-2271.88037109375,130.63011169433594
-1619.1240234375,-2272.4384765625,130.63638305664062
-1619.195068359375,-2272.9990234375,130.643310546875
-1619.2681884765625,-2273.561767578125,130.64984130859375
-1619.34228515625,-2274.126220703125,130.65585327148438
-1619.4163818359375,-2274.69384765625,130.66221618652344
-1619.4913330078125,-2275.263427734375,130.6690673828125
-1619.5672607421875,-2275.834716796875,130.676513671875
-1619.6446533203125,-2276.40869140625,130.68359375
-1619.7227783203125,-2276.984619140625,130.6900634765625
-1619.801025390625,-2277.56298828125,130.6968994140625
-1619.8800048828125,-2278.1435546875,130.70388793945312
-1619.95947265625,-2278.7265625,130.7108917236328
-1620.03955078125,-2279.3115234375,130.7176971435547
-1620.119873046875,-2279.89892578125,130.72418212890625
-1620.20068359375,-2280.488525390625,130.7305450439453
-1620.28173828125,-2281.079833984375,130.7370147705078
-1620.3629150390625,-2281.673583984375,130.7434539794922
-1620.4444580078125,-2282.269287109375,130.74981689453125
-1620.526123046875,-2282.8671875,130.7562713623047
-1620.60791015625,-2283.467529296875,130.76260375976562
-1620.6895751953125,-2284.0703125,130.7687530517578
-1620.771240234375,-2284.675537109375,130.7746124267578
-1620.852783203125,-2285.28271484375,130.7803955078125
-1620.93408203125,-2285.89306640625,130.78627014160156
-1621.0152587890625,-2286.505859375,130.7921142578125
-1621.0965576171875,-2287.12109375,130.79788208007812
-1621.1778564453125,-2287.738525390625,130.8035888671875
-1621.2589111328125,-2288.358154296875,130.80955505371094
-1621.3399658203125,-2288.979736328125,130.81564331054688
-1621.4210205078125,-2289.603271484375,130.8218231201172
-1621.5023193359375,-2290.228515625,130.82821655273438
-1621.5841064453125,-2290.855224609375,130.83468627929688
-1621.6661376953125,-2291.48388671875,130.84117126464844
-1621.748779296875,-2292.1142578125,130.84768676757812
-1621.83203125,-2292.745849609375,130.8542938232422
-1621.9158935546875,-2293.379150390625,130.8607940673828
-1622.0003662109375,-2294.013916015625,130.86724853515625
-1622.085693359375,-2294.650390625,130.8737030029297
-1622.171630859375,-2295.2880859375,130.8802032470703
-1622.2584228515625,-2295.927490234375,130.88658142089844
-1622.345703125,-2296.568603515625,130.8928985595703
-1622.433837890625,-2297.2109375,130.89926147460938
-1622.5228271484375,-2297.8544921875,130.90557861328125
-1622.6123046875,-2298.499755859375,130.9119110107422
-1622.70263671875,-2299.146728515625,130.91824340820312
-1622.7939453125,-2299.795166015625,130.92453002929688
-1622.8858642578125,-2300.4453125,130.9306182861328
-1622.9783935546875,-2301.0966796875,130.936767578125
-1623.0716552734375,-2301.749755859375,130.9431610107422
-1623.1658935546875,-2302.404296875,130.9496612548828
-1623.2606201171875,-2303.060302734375,130.95611572265625
-1623.3563232421875,-2303.71826171875,130.9626922607422
-1623.452880859375,-2304.377197265625,130.9691619873047
-1623.5501708984375,-2305.037841796875,130.97573852539062
-1623.6480712890625,-2305.699951171875,130.98269653320312
-1623.7471923828125,-2306.36376953125,130.98973083496094
-1623.84716796875,-2307.02880859375,130.99635314941406
-1623.9478759765625,-2307.69482421875,131.00274658203125
-1624.0489501953125,-2308.36279296875,131.0096435546875
-1624.1519775390625,-2309.03076171875,131.01522827148438
-1624.2554931640625,-2309.699951171875,131.019287109375
-1624.3594970703125,-2310.37109375,131.02259826660156
-1624.4639892578125,-2311.043701171875,131.02639770507812
-1624.569091796875,-2311.71826171875,131.02879333496094
-1624.6741943359375,-2312.394775390625,131.02960205078125
-1624.7796630859375,-2313.072509765625,131.03028869628906
-1624.8857421875,-2313.75146484375,131.0314483642578
-1624.9923095703125,-2314.43212890625,131.03265380859375
-1625.099609375,-2315.1142578125,131.03382873535156
-1625.2078857421875,-2315.7978515625,131.03497314453125
-1625.31689453125,-2316.482421875,131.0360870361328
-1625.4271240234375,-2317.168701171875,131.0375518798828
-1625.537841796875,-2317.856201171875,131.0395050048828
-1625.6490478515625,-2318.54541015625,131.04150390625
-1625.760498046875,-2319.236083984375,131.0441131591797
-1625.872802734375,-2319.927978515625,131.0470733642578
-1625.9853515625,-2320.621337890625,131.05015563964844
-1626.0982666015625,-2321.315673828125,131.0535125732422
-1626.21142578125,-2322.01123046875,131.0573272705078
-1626.3248291015625,-2322.708251953125,131.06072998046875
-1626.43896484375,-2323.40625,131.0634307861328
-1626.5535888671875,-2324.105712890625,131.06553649902344
-1626.66845703125,-2324.806640625,131.06771850585938
-1626.783935546875,-2325.5087890625,131.0693817138672
-1626.89990234375,-2326.2119140625,131.070068359375
-1627.0167236328125,-2326.915771484375,131.06951904296875
-1627.133056640625,-2327.620849609375,131.06967163085938
-1627.249755859375,-2328.326904296875,131.0700225830078
-1627.3673095703125,-2329.033447265625,131.0697479248047
-1627.48486328125,-2329.7412109375,131.0690155029297
-1627.6026611328125,-2330.449462890625,131.06919860839844
-1627.7210693359375,-2331.158447265625,131.0694580078125
-1627.84033203125,-2331.86767578125,131.06942749023438
-1627.95947265625,-2332.5771484375,131.06983947753906
-1628.079833984375,-2333.28662109375,131.0697784423828
-1628.2005615234375,-2333.99609375,131.06930541992188
-1628.321533203125,-2334.705810546875,131.06887817382812
-1628.4432373046875,-2335.414794921875,131.06793212890625
-1628.5654296875,-2336.124267578125,131.06634521484375
-1628.687744140625,-2336.8330078125,131.06475830078125
-1628.810546875,-2337.541259765625,131.06312561035156
-1628.9339599609375,-2338.249267578125,131.0610809326172
-1629.0576171875,-2338.956787109375,131.0589599609375
-1629.181884765625,-2339.6640625,131.0564727783203
-1629.3062744140625,-2340.37060546875,131.05328369140625
-1629.43115234375,-2341.07666015625,131.0494384765625
-1629.5570068359375,-2341.7822265625,131.04530334472656
-1629.6829833984375,-2342.487548828125,131.04122924804688
-1629.8094482421875,-2343.19287109375,131.03665161132812
-1629.9365234375,-2343.898193359375,131.03155517578125
-1630.0638427734375,-2344.6025390625,131.02671813964844
-1630.1912841796875,-2345.306640625,131.02252197265625
-1630.3199462890625,-2346.009765625,131.01727294921875
-1630.4481201171875,-2346.712890625,131.01217651367188
-1630.5765380859375,-2347.415771484375,131.00729370117188
-1630.70556640625,-2348.1181640625,131.0017547607422
-1630.834716796875,-2348.8203125,130.99534606933594
-1630.9642333984375,-2349.52197265625,130.98934936523438
-1631.0938720703125,-2350.222900390625,130.98313903808594
-1631.2239990234375,-2350.92333984375,130.9762420654297
-1631.354736328125,-2351.623291015625,130.96856689453125
-1631.4852294921875,-2352.322998046875,130.96051025390625
-1631.6156005859375,-2353.0224609375,130.952392578125
-1631.7457275390625,-2353.72216796875,130.9441375732422
-1631.8759765625,-2354.42138671875,130.93557739257812
-1632.0064697265625,-2355.120849609375,130.92698669433594
-1632.1373291015625,-2355.8193359375,130.9189910888672
-1632.2685546875,-2356.517333984375,130.9115447998047
-1632.400146484375,-2357.214599609375,130.9042205810547
-1632.5323486328125,-2357.91162109375,130.896240234375
-1632.6651611328125,-2358.608154296875,130.88758850097656
-1632.79833984375,-2359.304443359375,130.87823486328125
-1632.931640625,-2360.000244140625,130.8682861328125
-1633.0650634765625,-2360.696044921875,130.85768127441406
-1633.1983642578125,-2361.3916015625,130.84689331054688
-1633.3316650390625,-2362.0869140625,130.83615112304688
-1633.4649658203125,-2362.7822265625,130.82554626464844
-1633.5986328125,-2363.477294921875,130.81507873535156
-1633.732666015625,-2364.172119140625,130.8046875
-1633.8665771484375,-2364.8662109375,130.79461669921875
-1634.000244140625,-2365.559814453125,130.78497314453125
-1634.13525390625,-2366.2529296875,130.7742156982422
-1634.271240234375,-2366.945068359375,130.76222229003906
-1634.407470703125,-2367.63720703125,130.7493896484375
-1634.5433349609375,-2368.329345703125,130.73611450195312
-1634.6798095703125,-2369.021484375,130.721923828125
-1634.8167724609375,-2369.713623046875,130.70753479003906
-1634.9532470703125,-2370.405517578125,130.69329833984375
-1635.089599609375,-2371.09765625,130.67942810058594
-1635.2257080078125,-2371.789306640625,130.6659698486328
-1635.362060546875,-2372.48046875,130.65272521972656
-1635.498046875,-2373.171142578125,130.63990783691406
-1635.633544921875,-2373.862060546875,130.62782287597656
-1635.7694091796875,-2374.552734375,130.61558532714844
-1635.90576171875,-2375.242919921875,130.60238647460938
-1636.0416259765625,-2375.93359375,130.5894775390625
-1636.1771240234375,-2376.6240234375,130.57777404785156
-1636.3134765625,-2377.314208984375,130.56520080566406
-1636.4498291015625,-2378.004638671875,130.5523223876953
-1636.5858154296875,-2378.695068359375,130.53997802734375
-1636.7218017578125,-2379.385498046875,130.5277862548828
-1636.85791015625,-2380.075927734375,130.51513671875
-1636.9942626953125,-2380.766845703125,130.50210571289062
-1637.13037109375,-2381.458251953125,130.48916625976562
-1637.266357421875,-2382.150146484375,130.4761199951172
-1637.40283203125,-2382.842041015625,130.46217346191406
-1637.5389404296875,-2383.534912109375,130.44784545898438
-1637.675048828125,-2384.22802734375,130.4332275390625
-1637.8111572265625,-2384.921875,130.41795349121094
-1637.947265625,-2385.61767578125,130.4019775390625
-1638.082763671875,-2386.31494140625,130.38626098632812
-1638.2181396484375,-2387.014404296875,130.3704833984375
-1638.353759765625,-2387.7158203125,130.35418701171875
-1638.4892578125,-2388.41943359375,130.33804321289062
-1638.6239013671875,-2389.126220703125,130.32284545898438
-1638.7586669921875,-2389.835693359375,130.30831909179688
-1638.893798828125,-2390.548583984375,130.29376220703125
-1639.0284423828125,-2391.26416015625,130.2793731689453
-1639.1629638671875,-2391.982666015625,130.26559448242188
-1639.297607421875,-2392.7041015625,130.25177001953125
-1639.431884765625,-2393.428466796875,130.23789978027344
-1639.5662841796875,-2394.155029296875,130.22384643554688
-1639.7008056640625,-2394.8837890625,130.20957946777344
-1639.8349609375,-2395.6142578125,130.1949005126953
-1639.968994140625,-2396.345703125,130.17990112304688
-1640.1029052734375,-2397.077392578125,130.16439819335938
-1640.2364501953125,-2397.808837890625,130.14901733398438
-1640.369873046875,-2398.54052734375,130.1338348388672
-1640.503173828125,-2399.271484375,130.1187286376953
-1640.6365966796875,-2400.001953125,130.10421752929688
-1640.7705078125,-2400.732421875,130.09072875976562
-1640.90478515625,-2401.461669921875,130.07839965820312
-1641.0399169921875,-2402.190185546875,130.06698608398438
-1641.1766357421875,-2402.91748046875,130.0561981201172
-1641.31494140625,-2403.64404296875,130.045166015625
-1641.4547119140625,-2404.36962890625,130.03335571289062
-1641.5960693359375,-2405.093994140625,130.0210723876953
-1641.73828125,-2405.818115234375,130.0087432861328
-1641.8814697265625,-2406.541259765625,129.99676513671875
-1642.025634765625,-2407.26416015625,129.98486328125
-1642.1705322265625,-2407.986328125,129.97323608398438
-1642.3162841796875,-2408.707763671875,129.9626007080078
-1642.4635009765625,-2409.427734375,129.9527130126953
-1642.611572265625,-2410.146728515625,129.9435272216797
-1642.760498046875,-2410.864990234375,129.9351043701172
-1642.9110107421875,-2411.581787109375,129.92666625976562
-1643.062744140625,-2412.2978515625,129.91749572753906
-1643.215576171875,-2413.01318359375,129.90768432617188
-1643.3690185546875,-2413.7275390625,129.89744567871094
-1643.522705078125,-2414.44140625,129.88706970214844
-1643.6768798828125,-2415.154541015625,129.87657165527344
-1643.831298828125,-2415.867431640625,129.86602783203125
-1643.9857177734375,-2416.57958984375,129.85562133789062
-1644.14013671875,-2417.291259765625,129.8455047607422
-1644.2940673828125,-2418.002197265625,129.83628845214844
-1644.447998046875,-2418.71240234375,129.82815551757812
-1644.602294921875,-2419.421875,129.82044982910156
-1644.7567138671875,-2420.130615234375,129.8126678466797
-1644.9111328125,-2420.83837890625,129.8046417236328
-1645.06591796875,-2421.54541015625,129.7960968017578
-1645.2205810546875,-2422.251220703125,129.78717041015625
-1645.375244140625,-2422.956787109375,129.77772521972656
-1645.5299072265625,-2423.661865234375,129.7676239013672
-1645.6849365234375,-2424.36669921875,129.7568359375
-1645.83984375,-2425.0712890625,129.7460479736328
-1645.9949951171875,-2425.77490234375,129.7357177734375
-1646.1500244140625,-2426.478271484375,129.72605895996094
-1646.3052978515625,-2427.1806640625,129.71722412109375
-1646.4609375,-2427.882568359375,129.708984375
-1646.617919921875,-2428.58349609375,129.7009735107422
-1646.7760009765625,-2429.283447265625,129.69308471679688
-1646.9344482421875,-2429.982666015625,129.68502807617188
-1647.0936279296875,-2430.68115234375,129.67620849609375
-1647.253173828125,-2431.378662109375,129.66685485839844
-1647.4132080078125,-2432.07568359375,129.65740966796875
-1647.5740966796875,-2432.7724609375,129.6476287841797
-1647.7354736328125,-2433.468994140625,129.6371612548828
-1647.896240234375,-2434.1650390625,129.62686157226562
-1648.056640625,-2434.86083984375,129.6171875
-1648.2176513671875,-2435.555908203125,129.60794067382812
-1648.3792724609375,-2436.25048828125,129.5991668701172
-1648.541015625,-2436.9443359375,129.59071350097656
-1648.7027587890625,-2437.637451171875,129.58255004882812
-1648.8643798828125,-2438.330078125,129.5742950439453
-1649.0264892578125,-2439.02197265625,129.5657196044922
-1649.18896484375,-2439.71337890625,129.55685424804688
-1649.3519287109375,-2440.404052734375,129.54747009277344
-1649.5150146484375,-2441.094482421875,129.5373992919922
-1649.67724609375,-2441.78466796875,129.52786254882812
-1649.8394775390625,-2442.474609375,129.51953125
-1650.0013427734375,-2443.16455078125,129.51113891601562
-1650.162353515625,-2443.854248046875,129.5030975341797
-1650.3228759765625,-2444.543212890625,129.4964599609375
-1650.4854736328125,-2445.2314453125,129.4899444580078
-1650.648193359375,-2445.918701171875,129.48379516601562
-1650.81103515625,-2446.60498046875,129.47877502441406
-1650.97509765625,-2447.29052734375,129.4743194580078
-1651.140380859375,-2447.975341796875,129.46864318847656
-1651.30615234375,-2448.66015625,129.46234130859375
-1651.47265625,-2449.34423828125,129.45578002929688
-1651.6396484375,-2450.027587890625,129.44886779785156
-1651.8077392578125,-2450.710693359375,129.44161987304688
-1651.976806640625,-2451.393310546875,129.43405151367188
-1652.147216796875,-2452.074951171875,129.42604064941406
-1652.318603515625,-2452.75634765625,129.41787719726562
-1652.4913330078125,-2453.437255859375,129.40945434570312
-1652.66552734375,-2454.117919921875,129.40060424804688
-1652.84130859375,-2454.797607421875,129.39157104492188
-1653.0186767578125,-2455.4765625,129.3828125
-1653.19775390625,-2456.1552734375,129.37417602539062
-1653.378662109375,-2456.833251953125,129.36558532714844
-1653.5614013671875,-2457.510498046875,129.35704040527344
-1653.746337890625,-2458.186767578125,129.34877014160156
-1653.93359375,-2458.863037109375,129.34088134765625
-1654.123291015625,-2459.537841796875,129.33303833007812
-1654.3150634765625,-2460.21240234375,129.3251190185547
-1654.50927734375,-2460.8857421875,129.31744384765625
-1654.7061767578125,-2461.558837890625,129.3103485107422
-1654.9058837890625,-2462.230712890625,129.30348205566406
-1655.1083984375,-2462.90234375,129.29714965820312
-1655.3138427734375,-2463.572998046875,129.29144287109375
-1655.5220947265625,-2464.242919921875,129.2859649658203
-1655.73291015625,-2464.911865234375,129.28079223632812
-1655.9466552734375,-2465.57958984375,129.2762451171875
-1656.1630859375,-2466.24658203125,129.271728515625
-1656.3818359375,-2466.912841796875,129.2664031982422
-1656.60302734375,-2467.578369140625,129.26075744628906
-1656.8265380859375,-2468.2431640625,129.25498962402344
-1657.05224609375,-2468.90771484375,129.2488555908203
-1657.27978515625,-2469.571533203125,129.2417755126953
-1657.5087890625,-2470.235107421875,129.2343292236328
-1657.739501953125,-2470.89794921875,129.22689819335938
-1657.9715576171875,-2471.560302734375,129.2193603515625
-1658.2047119140625,-2472.22265625,129.21096801757812
-1658.43896484375,-2472.88427734375,129.2021484375
-1658.67431640625,-2473.54541015625,129.19276428222656
-1658.9111328125,-2474.205810546875,129.18174743652344
-1659.1490478515625,-2474.86572265625,129.1698455810547
-1659.387939453125,-2475.525634765625,129.15846252441406
-1659.6279296875,-2476.185546875,129.14764404296875
-1659.869140625,-2476.84619140625,129.13661193847656
-1660.111083984375,-2477.50634765625,129.1265411376953
-1660.3538818359375,-2478.16552734375,129.1181640625
-1660.5968017578125,-2478.824462890625,129.11181640625
-1660.8397216796875,-2479.482666015625,129.10765075683594
-1661.0830078125,-2480.14111328125,129.1042938232422
-1661.3267822265625,-2480.798583984375,129.1009521484375
-1661.5703125,-2481.4560546875,129.09732055664062
-1661.8135986328125,-2482.113037109375,129.0941162109375
-1662.056884765625,-2482.77001953125,129.0904541015625
-1662.300048828125,-2483.4267578125,129.0860137939453
-1662.5430908203125,-2484.08349609375,129.08108520507812
-1662.785400390625,-2484.740234375,129.07554626464844
-1663.0274658203125,-2485.39697265625,129.06895446777344
-1663.2686767578125,-2486.0537109375,129.0617218017578
-1663.509033203125,-2486.710693359375,129.0540313720703
-1663.747802734375,-2487.368408203125,129.04637145996094
-1663.9862060546875,-2488.026123046875,129.03846740722656
-1664.2242431640625,-2488.683349609375,129.02963256835938
-1664.4600830078125,-2489.342041015625,129.02114868164062
-1664.6943359375,-2490.00048828125,129.01443481445312
-1664.9285888671875,-2490.658447265625,129.007080078125
-1665.1622314453125,-2491.31689453125,128.99842834472656
-1665.3934326171875,-2491.975341796875,128.99034118652344
-1665.6234130859375,-2492.633544921875,128.98239135742188
-1665.8526611328125,-2493.292236328125,128.97357177734375
-1666.0804443359375,-2493.951416015625,128.96449279785156
-1666.307373046875,-2494.61083984375,128.955078125
-1666.53369140625,-2495.2705078125,128.94540405273438
-1666.759521484375,-2495.9296875,128.9354248046875
-1666.984619140625,-2496.588623046875,128.92535400390625
-1667.2088623046875,-2497.24755859375,128.91537475585938
-1667.4326171875,-2497.90673828125,128.9055938720703
-1667.6553955078125,-2498.56591796875,128.89549255371094
-1667.876953125,-2499.225341796875,128.8852996826172
-1668.0968017578125,-2499.885498046875,128.87564086914062
-1668.3153076171875,-2500.5458984375,128.86654663085938
-1668.532958984375,-2501.2060546875,128.857421875
-1668.7489013671875,-2501.866455078125,128.8480224609375
-1668.9630126953125,-2502.526611328125,128.8391571044922
-1669.1751708984375,-2503.1875,128.83078002929688
-1669.3853759765625,-2503.848876953125,128.82240295410156
-1669.59423828125,-2504.51025390625,128.8135528564453
-1669.8016357421875,-2505.172119140625,128.80435180664062
-1670.00732421875,-2505.833740234375,128.794921875
-1670.2109375,-2506.495849609375,128.7855224609375
-1670.4132080078125,-2507.157958984375,128.7761993408203
-1670.6141357421875,-2507.820068359375,128.76675415039062
-1670.814208984375,-2508.482421875,128.75709533691406
-1671.013427734375,-2509.144775390625,128.7471466064453
-1671.2117919921875,-2509.80712890625,128.73721313476562
-1671.4090576171875,-2510.469482421875,128.7273406982422
-1671.6055908203125,-2511.131591796875,128.71751403808594
-1671.8016357421875,-2511.79345703125,128.7076416015625
-1671.997314453125,-2512.455078125,128.69773864746094
-1672.1927490234375,-2513.11669921875,128.6873779296875
-1672.3880615234375,-2513.77783203125,128.6768035888672
-1672.5831298828125,-2514.438720703125,128.6660919189453
-1672.7779541015625,-2515.09912109375,128.65513610839844
-1672.9727783203125,-2515.75927734375,128.64378356933594
-1673.167236328125,-2516.419677734375,128.63235473632812
-1673.3612060546875,-2517.079833984375,128.62124633789062
-1673.5552978515625,-2517.73974609375,128.61000061035156
-1673.7501220703125,-2518.399169921875,128.59861755371094
-1673.9449462890625,-2519.057861328125,128.58721923828125
-1674.1400146484375,-2519.71630859375,128.5762481689453
-1674.335693359375,-2520.374267578125,128.5654296875
-1674.5322265625,-2521.031494140625,128.55465698242188
-1674.729248046875,-2521.6884765625,128.5436248779297
-1674.927001953125,-2522.3447265625,128.5324249267578
-1675.1251220703125,-2523.0009765625,128.52127075195312
-1675.323974609375,-2523.65625,128.51022338867188
-1675.523681640625,-2524.31103515625,128.4987335205078
-1675.7239990234375,-2524.96484375,128.48658752441406
-1675.925048828125,-2525.618408203125,128.47413635253906
-1676.1263427734375,-2526.271484375,128.46214294433594
-1676.327880859375,-2526.9248046875,128.45028686523438
-1676.530029296875,-2527.57763671875,128.43821716308594
-1676.7332763671875,-2528.22998046875,128.4258575439453
-1676.9368896484375,-2528.8818359375,128.4141387939453
-1677.1405029296875,-2529.532958984375,128.40310668945312
-1677.344482421875,-2530.183349609375,128.39236450195312
-1677.5491943359375,-2530.83349609375,128.3814239501953
-1677.7542724609375,-2531.483154296875,128.37033081054688
-1677.959228515625,-2532.13232421875,128.35902404785156
-1678.1646728515625,-2532.78125,128.34739685058594
-1678.3702392578125,-2533.429931640625,128.3355712890625
-1678.576171875,-2534.078125,128.3237762451172
-1678.781982421875,-2534.72607421875,128.31198120117188
-1678.988037109375,-2535.373779296875,128.30023193359375
-1679.194091796875,-2536.021240234375,128.28843688964844
-1679.400634765625,-2536.66796875,128.27676391601562
-1679.6075439453125,-2537.314453125,128.26510620117188
-1679.814697265625,-2537.96044921875,128.2533416748047
-1680.0220947265625,-2538.60595703125,128.24147033691406
-1680.229736328125,-2539.2509765625,128.22958374023438
-1680.4375,-2539.895751953125,128.21771240234375
-1680.645751953125,-2540.540283203125,128.20565795898438
-1680.85498046875,-2541.18408203125,128.19273376464844
-1681.064697265625,-2541.82666015625,128.1787567138672
-1681.27392578125,-2542.4697265625,128.1644287109375
-1681.48291015625,-2543.1123046875,128.15065002441406
-1681.692138671875,-2543.755126953125,128.13673400878906
-1681.9017333984375,-2544.397705078125,128.1219940185547
-1682.111572265625,-2545.0400390625,128.10675048828125
-1682.3211669921875,-2545.68212890625,128.0918426513672
-1682.530517578125,-2546.323486328125,128.0775604248047
-1682.7393798828125,-2546.965087890625,128.06411743164062
-1682.9482421875,-2547.6064453125,128.051025390625
-1683.1571044921875,-2548.248046875,128.0380859375
-1683.3668212890625,-2548.888671875,128.02479553222656
-1683.5762939453125,-2549.528564453125,128.011474609375
-1683.78515625,-2550.16845703125,127.99836730957033
-1683.9930419921875,-2550.80859375,127.9861831665039
-1684.2010498046875,-2551.448486328125,127.97425079345705
-1684.4088134765625,-2552.08837890625,127.9620361328125
-1684.6168212890625,-2552.72802734375,127.9490966796875
-1684.8238525390625,-2553.367431640625,127.93653106689452
-1685.030517578125,-2554.006591796875,127.92465209960938
-1685.23681640625,-2554.6455078125,127.91371154785156
-1685.443603515625,-2555.2841796875,127.9026870727539
-1685.6507568359375,-2555.922607421875,127.89132690429688
-1685.8585205078125,-2556.56005859375,127.87908172607422
-1686.06591796875,-2557.197265625,127.86683654785156
-1686.27294921875,-2557.833984375,127.85503387451172
-1686.4801025390625,-2558.470947265625,127.84351348876952
-1686.68798828125,-2559.107421875,127.83112335205078
-1686.896484375,-2559.74365234375,127.81808471679688
-1687.1051025390625,-2560.379638671875,127.80503845214844
-1687.3138427734375,-2561.014892578125,127.79237365722656
-1687.5235595703125,-2561.6494140625,127.77903747558594
-1687.7340087890625,-2562.283447265625,127.76451873779295
-1687.944091796875,-2562.917236328125,127.75019073486328
-1688.154052734375,-2563.551025390625,127.73617553710938
-1688.3646240234375,-2564.18505859375,127.72185516357422
-1688.575927734375,-2564.818359375,127.7060089111328
-1688.7872314453125,-2565.451171875,127.690185546875
-1688.9984130859375,-2566.083251953125,127.67461395263672
-1689.2093505859375,-2566.715576171875,127.6598663330078
-1689.42041015625,-2567.347412109375,127.64514923095705
-1689.6317138671875,-2567.978759765625,127.63008880615234
-1689.8426513671875,-2568.610107421875,127.61483001708984
-1690.0533447265625,-2569.2412109375,127.59972381591795
-1690.2633056640625,-2569.872314453125,127.5850830078125
-1690.47314453125,-2570.503173828125,127.57044219970705
-1690.68212890625,-2571.134033203125,127.55596160888672
-1690.8905029296875,-2571.7646484375,127.54153442382812
-1691.098388671875,-2572.394775390625,127.52692413330078
-1691.3060302734375,-2573.02490234375,127.51177215576172
-1691.51318359375,-2573.65478515625,127.49603271484376
-1691.719482421875,-2574.2841796875,127.47994232177734
-1691.9251708984375,-2574.913818359375,127.4636001586914
-1692.1302490234375,-2575.5439453125,127.44699096679688
-1692.334716796875,-2576.173828125,127.4299774169922
-1692.538818359375,-2576.8037109375,127.4123306274414
-1692.741943359375,-2577.433349609375,127.39472198486328
-1692.9439697265625,-2578.063232421875,127.3778076171875
-1693.1456298828125,-2578.693359375,127.3614730834961
-1693.3466796875,-2579.322998046875,127.3450927734375
-1693.5472412109375,-2579.95263671875,127.3286590576172
-1693.7471923828125,-2580.58203125,127.3123550415039
-1693.946533203125,-2581.21142578125,127.29619598388672
-1694.1455078125,-2581.840576171875,127.2799301147461
-1694.343994140625,-2582.46923828125,127.26334381103516
-1694.5418701171875,-2583.097900390625,127.24639892578124
-1694.7396240234375,-2583.7265625,127.2289047241211
-1694.9373779296875,-2584.35498046875,127.21060180664062
-1695.134765625,-2584.983154296875,127.19132232666016
-1695.3314208984375,-2585.611328125,127.17155456542967
-1695.5274658203125,-2586.239013671875,127.15190887451172
-1695.7230224609375,-2586.867431640625,127.13232421875
-1695.91845703125,-2587.49609375,127.11239624023438
-1696.113525390625,-2588.12451171875,127.09253692626952
-1696.3084716796875,-2588.752685546875,127.0730209350586
-1696.5030517578125,-2589.38037109375,127.05384063720705
-1696.697265625,-2590.008056640625,127.03492736816406
-1696.891357421875,-2590.63525390625,127.01618194580078
-1697.085693359375,-2591.26220703125,126.99739837646484
-1697.2801513671875,-2591.888671875,126.97819519042967
-1697.474365234375,-2592.515380859375,126.95832061767578
-1697.6680908203125,-2593.141845703125,126.93783569335938
-1697.861572265625,-2593.7685546875,126.91714477539062
-1698.0545654296875,-2594.394775390625,126.89688110351562
-1698.247314453125,-2595.021240234375,126.87646484375
-1698.43994140625,-2595.6474609375,126.85541534423828
-1698.6324462890625,-2596.273681640625,126.83399200439452
-1698.8245849609375,-2596.8994140625,126.81322479248048
-1699.0167236328125,-2597.525390625,126.79315185546876
-1699.2088623046875,-2598.151123046875,126.77323150634766
-1699.40087890625,-2598.77685546875,126.75350952148438
-1699.593505859375,-2599.402099609375,126.73394012451172
-1699.78662109375,-2600.02685546875,126.71444702148438
-1699.980224609375,-2600.65087890625,126.69490051269533
-1700.1739501953125,-2601.274658203125,126.67514038085938
-1700.367919921875,-2601.8974609375,126.65481567382812
-1700.5623779296875,-2602.520263671875,126.63382720947266
-1700.7572021484375,-2603.14306640625,126.61255645751952
-1700.9522705078125,-2603.765625,126.59087371826172
-1701.1473388671875,-2604.388427734375,126.56841278076172
-1701.3424072265625,-2605.010986328125,126.5454330444336
-1701.5374755859375,-2605.63330078125,126.52266693115234
-1701.732421875,-2606.255126953125,126.50030517578124
-1701.9278564453125,-2606.876953125,126.47811126708984
-1702.1234130859375,-2607.49853515625,126.4561538696289
-1702.3193359375,-2608.1201171875,126.43391418457033
-1702.5157470703125,-2608.7412109375,126.41151428222656
-1702.7122802734375,-2609.36181640625,126.38934326171876
-1702.9085693359375,-2609.982177734375,126.36773681640624
-1703.10498046875,-2610.6025390625,126.34611511230467
-1703.3021240234375,-2611.22216796875,126.32344818115234
-1703.4990234375,-2611.842041015625,126.30030059814452
-1703.695556640625,-2612.461181640625,126.27738189697266
-1703.8916015625,-2613.080322265625,126.2547607421875
-1704.0875244140625,-2613.69921875,126.23170471191406
-1704.2830810546875,-2614.318115234375,126.20863342285156
-1704.4786376953125,-2614.93701171875,126.18611145019533
-1704.674072265625,-2615.555419921875,126.16388702392578
-1704.869384765625,-2616.173095703125,126.1417465209961
-1705.06494140625,-2616.79052734375,126.11979675292967
-1705.2598876953125,-2617.407470703125,126.09866333007812
-1705.454833984375,-2618.024169921875,126.07772827148438
-1705.64990234375,-2618.639892578125,126.05612182617188
-1705.8448486328125,-2619.255615234375,126.03388214111328
-1706.0382080078125,-2619.8701171875,126.0118408203125
-1706.22998046875,-2620.480712890625,125.99070739746094
-1706.4193115234375,-2621.085693359375,125.97045135498048
-1706.606201171875,-2621.682861328125,125.95018005371094
-1706.7900390625,-2622.27197265625,125.92971801757812
-1706.969970703125,-2622.85107421875,125.90984344482422
-1707.1453857421875,-2623.419677734375,125.89181518554688
-1707.3172607421875,-2623.977294921875,125.87520599365234
-1707.48583984375,-2624.525146484375,125.85924530029295
-1707.6517333984375,-2625.064697265625,125.84327697753906
-1707.8145751953125,-2625.59619140625,125.82743072509766
-1707.9739990234375,-2626.118408203125,125.81270599365234
-1708.130126953125,-2626.63037109375,125.79866790771484
-1708.2828369140625,-2627.13232421875,125.78531646728516
-1708.431884765625,-2627.624267578125,125.77235412597656
-1708.5772705078125,-2628.105712890625,125.75958251953124
-1708.718505859375,-2628.57763671875,125.74701690673828
-1708.856201171875,-2629.039794921875,125.7344970703125
-1708.9912109375,-2629.4931640625,125.72108459472656
-1709.1221923828125,-2629.939208984375,125.70687103271484
-1709.2501220703125,-2630.380126953125,125.69281005859376
-1709.376220703125,-2630.818603515625,125.67852783203124
-1709.500244140625,-2631.255859375,125.66414642333984
-1709.6220703125,-2631.692626953125,125.6494598388672
-1709.7420654296875,-2632.128173828125,125.63362884521484
-1709.8592529296875,-2632.563720703125,125.6169891357422
-1709.97314453125,-2632.998779296875,125.60032653808594
-1710.0838623046875,-2633.433349609375,125.5840835571289
-1710.191650390625,-2633.8681640625,125.5686264038086
-1710.29638671875,-2634.302978515625,125.55372619628906
-1710.39794921875,-2634.738037109375,125.53929901123048
-1710.4971923828125,-2635.17333984375,125.52468872070312
-1710.5936279296875,-2635.609130859375,125.5092315673828
-1710.6866455078125,-2636.045166015625,125.49330139160156
-1710.775634765625,-2636.48193359375,125.47789764404295
-1710.8609619140625,-2636.919677734375,125.4627456665039
-1710.943359375,-2637.357666015625,125.44783782958984
-1711.0225830078125,-2637.795654296875,125.4326171875
-1711.0987548828125,-2638.234130859375,125.41637420654295
-1711.1715087890625,-2638.6728515625,125.39945220947266
-1711.2398681640625,-2639.112060546875,125.3833236694336
-1711.3052978515625,-2639.5517578125,125.36812591552734
-1711.368896484375,-2639.990966796875,125.35337829589844
-1711.4306640625,-2640.430419921875,125.33799743652344
-1711.4906005859375,-2640.8701171875,125.3221206665039
-1711.5482177734375,-2641.31005859375,125.30623626708984
-1711.603271484375,-2641.75048828125,125.29106903076172
-1711.656005859375,-2642.191162109375,125.27645874023438
-1711.70654296875,-2642.632080078125,125.26205444335938
-1711.754638671875,-2643.073486328125,125.24729919433594
-1711.80029296875,-2643.515625,125.23226928710938
-1711.843505859375,-2643.9580078125,125.21729278564452
-1711.8837890625,-2644.401611328125,125.20259857177734
-1711.921630859375,-2644.8466796875,125.1879653930664
-1711.95703125,-2645.29248046875,125.17341613769533
-1711.9901123046875,-2645.73974609375,125.15869140625
-1712.02099609375,-2646.1884765625,125.14356231689452
-1712.0489501953125,-2646.638671875,125.12810516357422
-1712.0738525390625,-2647.08984375,125.11226654052734
-1712.09619140625,-2647.541748046875,125.09571075439452
-1712.115234375,-2647.9951171875,125.07830047607422
-1712.1304931640625,-2648.449462890625,125.0603485107422
-1712.1417236328125,-2648.906005859375,125.04281616210938
-1712.14892578125,-2649.364013671875,125.0261459350586
-1712.1536865234375,-2649.823486328125,125.00982666015624
-1712.156494140625,-2650.284423828125,124.9926986694336
-1712.15625,-2650.74658203125,124.97468566894533
-1712.15234375,-2651.21044921875,124.95646667480467
-1712.14453125,-2651.675048828125,124.93917846679688
-1712.1337890625,-2652.14013671875,124.92286682128906
-1712.1202392578125,-2652.6064453125,124.9068832397461
-1712.1036376953125,-2653.073974609375,124.89068603515624
-1712.0831298828125,-2653.542236328125,124.87427520751952
-1712.058837890625,-2654.01123046875,124.85821533203124
-1712.0303955078125,-2654.481201171875,124.84264373779295
-1711.9993896484375,-2654.952392578125,124.82679748535156
-1711.9666748046875,-2655.423583984375,124.80977630615234
-1711.9310302734375,-2655.894775390625,124.79166412353516
-1711.8919677734375,-2656.3662109375,124.7729721069336
-1711.848876953125,-2656.838134765625,124.75480651855467
-1711.8018798828125,-2657.3095703125,124.73746490478516
-1711.751953125,-2657.78076171875,124.72000885009766
-1711.6998291015625,-2658.25244140625,124.70145416259766
-1711.6436767578125,-2658.72412109375,124.68204498291016
-1711.5838623046875,-2659.195068359375,124.66275024414062
-1711.520751953125,-2659.665771484375,124.64385223388672
-1711.45458984375,-2660.1357421875,124.62556457519533
-1711.3861083984375,-2660.60546875,124.6080093383789
-1711.3154296875,-2661.07470703125,124.59075927734376
-1711.2425537109375,-2661.5439453125,124.5735321044922
-1711.1673583984375,-2662.012451171875,124.55628204345705
-1711.0899658203125,-2662.48046875,124.53907775878906
-1711.0103759765625,-2662.9482421875,124.52251434326172
-1710.92919921875,-2663.415283203125,124.50650024414062
-1710.8458251953125,-2663.88134765625,124.49040222167967
-1710.76025390625,-2664.34716796875,124.47409057617188
-1710.671875,-2664.81201171875,124.45759582519533
-1710.5811767578125,-2665.276611328125,124.44115447998048
-1710.48779296875,-2665.740234375,124.4247817993164
-1710.391357421875,-2666.203125,124.40813446044922
-1710.2918701171875,-2666.665283203125,124.39115142822266
-1710.1890869140625,-2667.12646484375,124.37403869628906
-1710.0826416015625,-2667.586669921875,124.3569107055664
-1709.9725341796875,-2668.0458984375,124.3396453857422
-1709.858642578125,-2668.503662109375,124.32223510742188
-1709.7406005859375,-2668.960205078125,124.30490112304688
-1709.617919921875,-2669.415771484375,124.2876434326172
-1709.490966796875,-2669.86962890625,124.27053833007812
-1709.359375,-2670.322021484375,124.25409698486328
-1709.22314453125,-2670.77294921875,124.23798370361328
-1709.0826416015625,-2671.222412109375,124.22195434570312
-1708.93798828125,-2671.67041015625,124.20572662353516
-1708.7890625,-2672.1162109375,124.18919372558594
-1708.6361083984375,-2672.56005859375,124.17223358154295
-1708.478759765625,-2673.002197265625,124.15495300292967
-1708.31787109375,-2673.442138671875,124.1373291015625
-1708.1531982421875,-2673.880859375,124.1195068359375
-1707.9853515625,-2674.318115234375,124.10115051269533
-1707.813720703125,-2674.754150390625,124.08236694335938
-1707.638671875,-2675.189208984375,124.06356811523438
-1707.459716796875,-2675.622802734375,124.04464721679688
-1707.27734375,-2676.055908203125,124.02555847167967
-1707.091796875,-2676.48779296875,124.0062255859375
-1706.902099609375,-2676.918212890625,123.98663330078124
-1706.7086181640625,-2677.347900390625,123.96710968017578
-1706.5111083984375,-2677.776123046875,123.94811248779295
-1706.3096923828125,-2678.203369140625,123.9295425415039
-1706.10498046875,-2678.63037109375,123.91100311279295
-1705.896484375,-2679.057373046875,123.89192962646484
-1705.6842041015625,-2679.48486328125,123.87245178222656
-1705.4677734375,-2679.912841796875,123.85272979736328
-1705.2464599609375,-2680.341552734375,123.83263397216795
-1705.020751953125,-2680.77099609375,123.81217956542967
-1704.790283203125,-2681.201416015625,123.79190063476562
-1704.55615234375,-2681.63232421875,123.7712631225586
-1704.316650390625,-2682.06396484375,123.7508773803711
-1704.072265625,-2682.49609375,123.73065185546876
-1703.8228759765625,-2682.928466796875,123.7103271484375
-1703.5679931640625,-2683.361328125,123.68991088867188
-1703.307861328125,-2683.79443359375,123.66930389404295
-1703.0421142578125,-2684.22802734375,123.64871215820312
-1702.77099609375,-2684.662109375,123.62784576416016
-1702.4942626953125,-2685.09619140625,123.60670471191406
-1702.212158203125,-2685.531005859375,123.58537292480467
-1701.9241943359375,-2685.96630859375,123.56361389160156
-1701.63037109375,-2686.402099609375,123.54197692871094
-1701.3304443359375,-2686.837646484375,123.52022552490234
-1701.0247802734375,-2687.273681640625,123.49806213378906
-1700.7137451171875,-2687.708251953125,123.47595977783205
-1700.39697265625,-2688.141357421875,123.45401763916016
-1700.0758056640625,-2688.572509765625,123.4324722290039
-1699.7510986328125,-2689.001220703125,123.41141510009766
-1699.4237060546875,-2689.427978515625,123.39030456542967
-1699.0936279296875,-2689.8525390625,123.3690948486328
-1698.760986328125,-2690.274658203125,123.34762573242188
-1698.426025390625,-2690.694580078125,123.3258285522461
-1698.0887451171875,-2691.1123046875,123.30352783203124
-1697.7490234375,-2691.528076171875,123.28086853027344
-1697.406982421875,-2691.941650390625,123.25791931152344
-1697.0626220703125,-2692.353271484375,123.23509979248048
-1696.7159423828125,-2692.762939453125,123.21255493164062
-1696.3675537109375,-2693.171142578125,123.18968200683594
-1696.017333984375,-2693.577392578125,123.16600799560548
-1695.6646728515625,-2693.9814453125,123.14183044433594
-1695.309326171875,-2694.3828125,123.11888122558594
-1694.9510498046875,-2694.781005859375,123.09732818603516
-1694.591064453125,-2695.17724609375,123.07601928710938
-1694.2281494140625,-2695.57080078125,123.05411529541016
-1693.8619384765625,-2695.961181640625,123.03203582763672
-1693.4918212890625,-2696.347412109375,123.01126861572266
-1693.118408203125,-2696.72998046875,122.99153900146484
-1692.7431640625,-2697.110107421875,122.97145080566406
-1692.3651123046875,-2697.48681640625,122.95047760009766
-1691.9832763671875,-2697.85888671875,122.92948150634766
-1691.5975341796875,-2698.22607421875,122.90960693359376
-1691.20849609375,-2698.58935546875,122.89038848876952
-1690.81591796875,-2698.948974609375,122.87086486816406
-1690.42041015625,-2699.304931640625,122.85021209716795
-1690.0220947265625,-2699.6572265625,122.82828521728516
-1689.6202392578125,-2700.00439453125,122.8050308227539
-1689.2132568359375,-2700.3447265625,122.78237915039062
-1688.802734375,-2700.680419921875,122.76050567626952
-1688.3895263671875,-2701.01220703125,122.73821258544922
-1687.9730224609375,-2701.34033203125,122.71524047851562
-1687.5533447265625,-2701.6640625,122.6912612915039
-1687.1304931640625,-2701.982666015625,122.66653442382812
-1686.7037353515625,-2702.29638671875,122.6417465209961
-1686.27392578125,-2702.60546875,122.61721801757812
-1685.84130859375,-2702.910888671875,122.5933837890625
-1685.40625,-2703.21240234375,122.56987762451172
-1684.9688720703125,-2703.510986328125,122.54656982421876
-1684.529541015625,-2703.806396484375,122.52355194091795
-1684.0882568359375,-2704.098876953125,122.50089263916016
-1683.645263671875,-2704.388671875,122.4793472290039
-1683.2010498046875,-2704.676513671875,122.45865631103516
-1682.755859375,-2704.962646484375,122.43840789794922
-1682.309326171875,-2705.247314453125,122.41802215576172
-1681.8619384765625,-2705.531494140625,122.39737701416016
-1681.4136962890625,-2705.814208984375,122.37702941894533
-1680.96435546875,-2706.095947265625,122.3568344116211
-1680.51416015625,-2706.376708984375,122.33607482910156
-1680.062255859375,-2706.656005859375,122.31488037109376
-1679.6082763671875,-2706.933349609375,122.29354095458984
-1679.1519775390625,-2707.208251953125,122.27275848388672
-1678.6937255859375,-2707.481201171875,122.25238800048828
-1678.2333984375,-2707.752197265625,122.23148345947266
-1677.770263671875,-2708.020263671875,122.2100601196289
-1677.3048095703125,-2708.28564453125,122.1883544921875
-1676.8370361328125,-2708.54736328125,122.16732025146484
-1676.3671875,-2708.806396484375,122.14680480957033
-1675.8948974609375,-2709.06201171875,122.12641143798828
-1675.420166015625,-2709.31396484375,122.10638427734376
-1674.943115234375,-2709.562744140625,122.08688354492188
-1674.4642333984375,-2709.80908203125,122.06723022460938
-1673.9833984375,-2710.052490234375,122.04737854003906
-1673.5006103515625,-2710.292724609375,122.02776336669922
-1673.0159912109375,-2710.5302734375,122.00870513916016
-1672.530029296875,-2710.76513671875,121.98955535888672
-1672.04248046875,-2710.9970703125,121.97083282470705
-1671.553466796875,-2711.2275390625,121.95217895507812
-1671.063232421875,-2711.4560546875,121.9334716796875
-1670.572021484375,-2711.682861328125,121.91475677490234
-1670.0797119140625,-2711.908447265625,121.8959732055664
-1669.5865478515625,-2712.133056640625,121.87725830078124
-1669.093017578125,-2712.35693359375,121.8583526611328
-1668.598876953125,-2712.580810546875,121.83932495117188
-1668.1043701171875,-2712.80419921875,121.8203125
-1667.6092529296875,-2713.027587890625,121.80134582519533
-1667.1138916015625,-2713.251220703125,121.7824249267578
-1666.6180419921875,-2713.474609375,121.76339721679688
-1666.1219482421875,-2713.698486328125,121.7444305419922
-1665.62548828125,-2713.921875,121.72532653808594
-1665.1287841796875,-2714.145263671875,121.70623016357422
-1664.6317138671875,-2714.369140625,121.6873550415039
-1664.1346435546875,-2714.59326171875,121.6686019897461
-1663.63720703125,-2714.817138671875,121.64984893798828
-1663.1395263671875,-2715.041748046875,121.63092041015624
-1662.6417236328125,-2715.26611328125,121.6118392944336
-1662.1434326171875,-2715.49072265625,121.59305572509766
-1661.64501953125,-2715.715087890625,121.57438659667967
-1661.1461181640625,-2715.939697265625,121.5556640625
-1660.6470947265625,-2716.1640625,121.53662872314452
-1660.147216796875,-2716.38818359375,121.51732635498048
-1659.6470947265625,-2716.61279296875,121.49846649169922
-1659.1466064453125,-2716.8369140625,121.47996520996094
-1658.6456298828125,-2717.06103515625,121.46128845214844
-1658.144287109375,-2717.284912109375,121.44232940673828
-1657.6424560546875,-2717.509765625,121.42362213134766
-1657.1402587890625,-2717.734130859375,121.405517578125
-1656.6378173828125,-2717.958740234375,121.38787078857422
-1656.135009765625,-2718.18359375,121.37018585205078
-1655.632080078125,-2718.40869140625,121.35234832763672
-1655.129150390625,-2718.634033203125,121.3343276977539
-1654.62646484375,-2718.860595703125,121.31597137451172
-1654.123779296875,-2719.08740234375,121.2970733642578
-1653.62109375,-2719.314453125,121.27764892578124
-1653.1180419921875,-2719.541748046875,121.25779724121094
-1652.61474609375,-2719.77001953125,121.23786926269533
-1652.111572265625,-2719.99951171875,121.21773529052734
-1651.608154296875,-2720.2294921875,121.19695281982422
-1651.10498046875,-2720.4609375,121.17520141601562
-1650.601806640625,-2720.69287109375,121.15332794189452
-1650.098876953125,-2720.926025390625,121.13202667236328
-1649.595947265625,-2721.15966796875,121.1117172241211
-1649.0931396484375,-2721.394287109375,121.09175872802734
-1648.590576171875,-2721.630615234375,121.07176208496094
-1648.0882568359375,-2721.867919921875,121.0516586303711
-1647.586181640625,-2722.106689453125,121.03158569335938
-1647.084716796875,-2722.34619140625,121.011962890625
-1646.58349609375,-2722.587158203125,120.9926300048828
-1646.08251953125,-2722.828369140625,120.97337341308594
-1645.581787109375,-2723.0712890625,120.9536590576172
-1645.0814208984375,-2723.3154296875,120.93362426757812
-1644.5810546875,-2723.560302734375,120.91336822509766
-1644.080810546875,-2723.8056640625,120.89268493652344
-1643.5806884765625,-2724.0517578125,120.87158966064452
-1643.0809326171875,-2724.29931640625,120.85025787353516
-1642.5811767578125,-2724.547119140625,120.82867431640624
-1642.0811767578125,-2724.795166015625,120.80701446533205
-1641.5810546875,-2725.044189453125,120.78539276123048
-1641.080810546875,-2725.29345703125,120.7640151977539
-1640.5804443359375,-2725.543212890625,120.74304962158205
-1640.080078125,-2725.793701171875,120.72166442871094
-1639.5794677734375,-2726.044189453125,120.70030212402344
-1639.0789794921875,-2726.294677734375,120.67916870117188
-1638.57861328125,-2726.546630859375,120.65752410888672
-1638.0782470703125,-2726.7978515625,120.63573455810548
-1637.5775146484375,-2727.04931640625,120.61314392089844
-1637.0765380859375,-2727.300537109375,120.58985137939452
-1636.575439453125,-2727.552490234375,120.56609344482422
-1636.0738525390625,-2727.8046875,120.54151153564452
-1635.571533203125,-2728.056396484375,120.51659393310548
-1635.068603515625,-2728.30810546875,120.4912109375
-1634.565185546875,-2728.560302734375,120.4657745361328
-1634.0615234375,-2728.8125,120.44055938720705
-1633.557373046875,-2729.06494140625,120.41520690917967
-1633.0526123046875,-2729.31689453125,120.38970184326172
-1632.547607421875,-2729.568603515625,120.36448669433594
-1632.0418701171875,-2729.81982421875,120.3396987915039
-1631.5355224609375,-2730.07080078125,120.31565856933594
-1631.028564453125,-2730.322021484375,120.29159545898438
-1630.521240234375,-2730.57275390625,120.26705169677734
-1630.012939453125,-2730.822998046875,120.24242401123048
-1629.50390625,-2731.072998046875,120.218017578125
-1628.994384765625,-2731.322509765625,120.19446563720705
-1628.484375,-2731.571533203125,120.1710205078125
-1627.9736328125,-2731.82080078125,120.14732360839844
-1627.4625244140625,-2732.070556640625,120.12419128417967
-1626.9510498046875,-2732.31982421875,120.10150146484376
-1626.439453125,-2732.569580078125,120.0788345336914
-1625.92724609375,-2732.8193359375,120.05574035644533
-1625.4150390625,-2733.068603515625,120.03260040283205
-1624.9024658203125,-2733.318115234375,120.0093765258789
-1624.3897705078125,-2733.567626953125,119.9858169555664
-1623.8765869140625,-2733.8173828125,119.96179962158205
-1623.36279296875,-2734.066650390625,119.93749237060548
-1622.84814453125,-2734.315673828125,119.91326904296876
-1622.332763671875,-2734.564697265625,119.88872528076172
-1621.8170166015625,-2734.8134765625,119.86386108398438
-1621.3009033203125,-2735.062744140625,119.8387680053711
-1620.7845458984375,-2735.3115234375,119.8137664794922
-1620.2677001953125,-2735.560546875,119.78913116455078
-1619.75048828125,-2735.8095703125,119.76446533203124
-1619.2332763671875,-2736.05859375,119.73928833007812
-1618.715576171875,-2736.308349609375,119.71411895751952
-1618.19775390625,-2736.55859375,119.68915557861328
-1617.679931640625,-2736.80859375,119.66429901123048
-1617.162109375,-2737.05908203125,119.63926696777344
-1616.644287109375,-2737.309814453125,119.61405181884766
-1616.1270751953125,-2737.56005859375,119.58866119384766
-1615.610107421875,-2737.810791015625,119.5633316040039
-1615.0931396484375,-2738.061279296875,119.53826904296876
-1614.576416015625,-2738.311767578125,119.5134506225586
-1614.0596923828125,-2738.56201171875,119.48824310302734
-1613.54296875,-2738.812255859375,119.46241760253906
-1613.0264892578125,-2739.061767578125,119.43641662597656
-1612.5098876953125,-2739.311767578125,119.41085052490234
-1611.993408203125,-2739.561279296875,119.38571166992188
-1611.4769287109375,-2739.811279296875,119.36013793945312
-1610.961181640625,-2740.061279296875,119.33406066894533
-1610.446533203125,-2740.311767578125,119.30754852294922
-1609.9334716796875,-2740.562744140625,119.28125762939452
-1609.4234619140625,-2740.8134765625,119.25535583496094
-1608.918212890625,-2741.064208984375,119.22970581054688
-1608.4188232421875,-2741.314208984375,119.2043228149414
-1607.9266357421875,-2741.562744140625,119.1792449951172
-1607.441650390625,-2741.809814453125,119.15463256835938
-1606.9642333984375,-2742.056396484375,119.13059997558594
-1606.494384765625,-2742.302490234375,119.10693359375
-1606.0323486328125,-2742.548095703125,119.08338928222656
-1605.5784912109375,-2742.79345703125,119.06035614013672
-1605.1324462890625,-2743.03759765625,119.0382843017578
-1604.6943359375,-2743.28173828125,119.0173797607422
-1604.2637939453125,-2743.52587890625,118.99712371826172
-1603.8392333984375,-2743.7705078125,118.97663116455078
-1603.419677734375,-2744.016357421875,118.95587158203124
-1603.0025634765625,-2744.2646484375,118.93489074707033
-1602.58740234375,-2744.515869140625,118.91366577148438
-1602.174072265625,-2744.77001953125,118.89280700683594
-1601.7628173828125,-2745.02685546875,118.87232971191406
-1601.3536376953125,-2745.287109375,118.85189056396484
-1600.9464111328125,-2745.5498046875,118.83189392089844
-1600.5413818359375,-2745.815185546875,118.8119659423828
-1600.138671875,-2746.083740234375,118.79193115234376
-1599.738037109375,-2746.35546875,118.77196502685548
-1599.339599609375,-2746.6298828125,118.7520751953125
-1598.943603515625,-2746.9072265625,118.73220825195312
-1598.5496826171875,-2747.1875,118.71231842041016
-1598.158203125,-2747.471435546875,118.6924819946289
-1597.769287109375,-2747.758544921875,118.67263793945312
-1597.383056640625,-2748.048828125,118.65250396728516
-1597.0001220703125,-2748.343017578125,118.632568359375
-1596.619873046875,-2748.640625,118.61262512207033
-1596.2432861328125,-2748.9423828125,118.5930633544922
-1595.8704833984375,-2749.248291015625,118.57369232177734
-1595.5013427734375,-2749.55810546875,118.55376434326172
-1595.1363525390625,-2749.872314453125,118.53338623046876
-1594.775146484375,-2750.19091796875,118.51244354248048
-1594.4185791015625,-2750.513671875,118.4902114868164
-1594.0660400390625,-2750.840576171875,118.46796417236328
-1593.71728515625,-2751.171142578125,118.4459457397461
-1593.3729248046875,-2751.50634765625,118.42431640625
-1593.033447265625,-2751.845703125,118.4024429321289
-1592.6988525390625,-2752.189697265625,118.37958526611328
-1592.368896484375,-2752.53759765625,118.35596466064452
-1592.043701171875,-2752.889892578125,118.33214569091795
-1591.7237548828125,-2753.24609375,118.30919647216795
-1591.408203125,-2753.60595703125,118.2861785888672
-1591.0972900390625,-2753.969482421875,118.26334381103516
-1590.791748046875,-2754.3369140625,118.24031829833984
-1590.4913330078125,-2754.7080078125,118.21703338623048
-1590.19677734375,-2755.083251953125,118.1938247680664
-1589.90771484375,-2755.46240234375,118.17063903808594
-1589.6236572265625,-2755.844482421875,118.1476058959961
-1589.344970703125,-2756.230224609375,118.124755859375
-1589.0712890625,-2756.619140625,118.1020050048828
-1588.8031005859375,-2757.011962890625,118.07965850830078
-1588.540771484375,-2757.408203125,118.05715942382812
-1588.283935546875,-2757.80712890625,118.03382873535156
-1588.0318603515625,-2758.208984375,118.00989532470705
-1587.785400390625,-2758.613525390625,117.98513793945312
-1587.54296875,-2759.0205078125,117.96057891845705
-1587.3046875,-2759.4296875,117.93726348876952
-1587.0706787109375,-2759.842041015625,117.91452026367188
-1586.841064453125,-2760.25732421875,117.89137268066406
-1586.6156005859375,-2760.67578125,117.86746215820312
-1586.3941650390625,-2761.096923828125,117.84278869628906
-1586.1773681640625,-2761.52099609375,117.8184051513672
-1585.96484375,-2761.947265625,117.79485321044922
-1585.7557373046875,-2762.37646484375,117.77224731445312
-1585.5504150390625,-2762.80859375,117.74962615966795
-1585.34814453125,-2763.244384765625,117.72711181640624
-1585.14892578125,-2763.68359375,117.70513153076172
-1584.9532470703125,-2764.126953125,117.68284606933594
-1584.7613525390625,-2764.574462890625,117.65917205810548
-1584.5733642578125,-2765.025390625,117.63494873046876
-1584.38916015625,-2765.480224609375,117.60968780517578
-1584.2078857421875,-2765.93798828125,117.58480834960938
-1584.03076171875,-2766.3984375,117.56124114990234
-1583.85791015625,-2766.860595703125,117.53843688964844
-1583.6903076171875,-2767.3251953125,117.51538848876952
-1583.5281982421875,-2767.79150390625,117.49162292480467
-1583.370361328125,-2768.258544921875,117.46836853027344
-1583.218017578125,-2768.7275390625,117.44590759277344
-1583.071044921875,-2769.197998046875,117.42316436767578
-1582.9290771484375,-2769.669677734375,117.39989471435548
-1582.7919921875,-2770.143310546875,117.37637329101562
-1582.65966796875,-2770.61767578125,117.35297393798828
-1582.532470703125,-2771.093505859375,117.3299331665039
-1582.41162109375,-2771.57080078125,117.3059310913086
-1582.2965087890625,-2772.049072265625,117.28099822998048
-1582.186279296875,-2772.5283203125,117.25592803955078
-1582.080810546875,-2773.0087890625,117.23102569580078
-1581.9810791015625,-2773.48974609375,117.20645141601562
-1581.88623046875,-2773.971923828125,117.18225860595705
-1581.797119140625,-2774.455322265625,117.15892028808594
-1581.71435546875,-2774.939208984375,117.13514709472656
-1581.63671875,-2775.423583984375,117.11040496826172
-1581.5640869140625,-2775.908447265625,117.08587646484376
-1581.4964599609375,-2776.393798828125,117.0616683959961
-1581.4342041015625,-2776.8798828125,117.0377197265625
-1581.3775634765625,-2777.36572265625,117.0143814086914
-1581.326171875,-2777.852294921875,116.99120330810548
-1581.280517578125,-2778.33935546875,116.96701049804688
-1581.2401123046875,-2778.826171875,116.94175720214844
-1581.2037353515625,-2779.3134765625,116.9166259765625
-1581.17236328125,-2779.80078125,116.89190673828124
-1581.146728515625,-2780.28857421875,116.86739349365234
-1581.126953125,-2780.776611328125,116.84213256835938
-1581.1121826171875,-2781.2646484375,116.81663513183594
-1581.1025390625,-2781.752685546875,116.79115295410156
-1581.0987548828125,-2782.240478515625,116.76576232910156
-1581.0994873046875,-2782.72802734375,116.7406005859375
-1581.1053466796875,-2783.21630859375,116.71593475341795
-1581.116455078125,-2783.70458984375,116.69165802001952
-1581.1324462890625,-2784.193115234375,116.66736602783205
-1581.154052734375,-2784.682373046875,116.64347076416016
-1581.180908203125,-2785.17138671875,116.6191864013672
-1581.2125244140625,-2785.660400390625,116.59503936767578
-1581.249267578125,-2786.148681640625,116.5715560913086
-1581.291259765625,-2786.63671875,116.54834747314452
-1581.3388671875,-2787.125,116.52506256103516
-1581.391845703125,-2787.61279296875,116.50201416015624
-1581.4500732421875,-2788.100341796875,116.4796371459961
-1581.514404296875,-2788.587158203125,116.45711517333984
-1581.584716796875,-2789.07275390625,116.43327331542967
-1581.660400390625,-2789.557373046875,116.40827178955078
-1581.7410888671875,-2790.041748046875,116.38274383544922
-1581.826904296875,-2790.52490234375,116.35767364501952
-1581.9183349609375,-2791.007568359375,116.33335876464844
-1582.0152587890625,-2791.4892578125,116.30980682373048
-1582.117919921875,-2791.97021484375,116.28633880615234
-1582.2261962890625,-2792.449951171875,116.26190948486328
-1582.3394775390625,-2792.9287109375,116.23738861083984
-1582.458984375,-2793.405517578125,116.2137451171875
-1582.583740234375,-2793.881591796875,116.19068145751952
-1582.7139892578125,-2794.356201171875,116.16936492919922
-1582.8499755859375,-2794.82861328125,116.14933776855467
-1582.9903564453125,-2795.299560546875,116.12970733642578
-1583.1358642578125,-2795.76904296875,116.1106185913086
-1583.2862548828125,-2796.2373046875,116.0919189453125
-1583.44140625,-2796.703369140625,116.07230377197266
-1583.6009521484375,-2797.16845703125,116.05221557617188
-1583.764404296875,-2797.631591796875,116.0314712524414
-1583.9322509765625,-2798.093505859375,116.01017761230467
-1584.1043701171875,-2798.55419921875,115.98846435546876
-1584.2806396484375,-2799.013427734375,115.96641540527344
-1584.4615478515625,-2799.47119140625,115.94379425048828
-1584.646484375,-2799.927490234375,115.92052459716795
-1584.8365478515625,-2800.382080078125,115.8971176147461
-1585.03173828125,-2800.83447265625,115.87366485595705
-1585.231689453125,-2801.284423828125,115.8497314453125
-1585.436767578125,-2801.732666015625,115.82568359375
-1585.6466064453125,-2802.17822265625,115.80142974853516
-1585.861083984375,-2802.621826171875,115.77755737304688
-1586.0806884765625,-2803.062744140625,115.7541046142578
-1586.30517578125,-2803.50146484375,115.73030853271484
-1586.534423828125,-2803.93798828125,115.70578002929688
-1586.7681884765625,-2804.3720703125,115.68083953857422
-1587.006103515625,-2804.803955078125,115.65613555908205
-1587.24853515625,-2805.233642578125,115.6317138671875
-1587.4952392578125,-2805.66064453125,115.60736846923828
-1587.7464599609375,-2806.08544921875,115.58283233642578
-1588.001953125,-2806.5078125,115.5578842163086
-1588.2620849609375,-2806.927734375,115.53276824951172
-1588.5264892578125,-2807.344970703125,115.50777435302734
-1588.7952880859375,-2807.759521484375,115.48277282714844
-1589.0687255859375,-2808.171630859375,115.45801544189452
-1589.346923828125,-2808.580810546875,115.4332275390625
-1589.6298828125,-2808.987060546875,115.408203125
-1589.9173583984375,-2809.390380859375,115.38308715820312
-1590.2095947265625,-2809.790283203125,115.35807037353516
-1590.506591796875,-2810.187255859375,115.33401489257812
-1590.80810546875,-2810.581298828125,115.31031799316406
-1591.1143798828125,-2810.9716796875,115.28638458251952
-1591.4256591796875,-2811.358642578125,115.26220703125
-1591.7413330078125,-2811.74267578125,115.2376708984375
-1592.0616455078125,-2812.12255859375,115.21348571777344
-1592.3865966796875,-2812.498779296875,115.18975067138672
-1592.7156982421875,-2812.87158203125,115.16608428955078
-1593.04931640625,-2813.240478515625,115.14263916015624
-1593.3873291015625,-2813.60595703125,115.11920166015624
-1593.729736328125,-2813.96728515625,115.09528350830078
-1594.076416015625,-2814.324951171875,115.07108306884766
-1594.4268798828125,-2814.67919921875,115.04672241210938
-1594.7811279296875,-2815.029541015625,115.02244567871094
-1595.139404296875,-2815.376220703125,114.99815368652344
-1595.501953125,-2815.718994140625,114.973388671875
-1595.8685302734375,-2816.0576171875,114.94817352294922
-1596.2386474609375,-2816.392578125,114.92276000976562
-1596.613037109375,-2816.7236328125,114.89754486083984
-1596.9913330078125,-2817.051025390625,114.87239074707033
-1597.3734130859375,-2817.37451171875,114.84708404541016
-1597.759521484375,-2817.693359375,114.82160949707033
-1598.149169921875,-2818.00830078125,114.7961196899414
-1598.5426025390625,-2818.319091796875,114.77088928222656
-1598.939453125,-2818.626220703125,114.745849609375
-1599.339599609375,-2818.928955078125,114.7208023071289
-1599.7431640625,-2819.228271484375,114.69598388671876
-1600.149658203125,-2819.524169921875,114.67149353027344
-1600.5594482421875,-2819.816162109375,114.64661407470705
-1600.9722900390625,-2820.10400390625,114.62141418457033
-1601.3880615234375,-2820.38818359375,114.59558868408205
-1601.8065185546875,-2820.66845703125,114.56938934326172
-1602.227783203125,-2820.945556640625,114.54296112060548
-1602.6517333984375,-2821.218994140625,114.51615142822266
-1603.078125,-2821.4892578125,114.4887466430664
-1603.5072021484375,-2821.7568359375,114.46099090576172
-1603.9385986328125,-2822.02099609375,114.43238067626952
-1604.372314453125,-2822.282470703125,114.40291595458984
-1604.8079833984375,-2822.54150390625,114.37283325195312
-1605.2457275390625,-2822.79833984375,114.34237670898438
-1605.685302734375,-2823.052978515625,114.31163024902344
-1606.126953125,-2823.30517578125,114.28063201904295
-1606.5701904296875,-2823.555908203125,114.2492218017578
-1607.0150146484375,-2823.805419921875,114.2174301147461
-1607.46142578125,-2824.053466796875,114.18547058105467
-1607.908935546875,-2824.30029296875,114.15353393554688
-1608.35791015625,-2824.546142578125,114.1216278076172
-1608.8079833984375,-2824.790771484375,114.08979034423828
-1609.2593994140625,-2825.03466796875,114.05803680419922
-1609.7119140625,-2825.277587890625,114.02618408203124
-1610.1656494140625,-2825.51953125,113.99407196044922
-1610.6204833984375,-2825.7607421875,113.96179962158205
-1611.0767822265625,-2826.001220703125,113.92948150634766
-1611.533935546875,-2826.2412109375,113.89734649658205
-1611.9923095703125,-2826.48095703125,113.86520385742188
-1612.451904296875,-2826.720458984375,113.83280181884766
-1612.912353515625,-2826.95947265625,113.8002471923828
-1613.3740234375,-2827.1982421875,113.76744842529295
-1613.836669921875,-2827.4375,113.73463439941406
-1614.3001708984375,-2827.677001953125,113.7018051147461
-1614.7647705078125,-2827.91650390625,113.66888427734376
-1615.22998046875,-2828.156982421875,113.6361312866211
-1615.6962890625,-2828.398193359375,113.6034927368164
-1616.1634521484375,-2828.639892578125,113.5705108642578
-1616.6312255859375,-2828.8828125,113.5374755859375
-1617.099853515625,-2829.126708984375,113.5041961669922
-1617.569091796875,-2829.371826171875,113.47096252441406
-1618.0386962890625,-2829.618408203125,113.43807220458984
-1618.5087890625,-2829.865966796875,113.40499877929688
-1618.9793701171875,-2830.11474609375,113.3719711303711
-1619.4503173828125,-2830.365234375,113.3386001586914
-1619.921630859375,-2830.616455078125,113.30521392822266
-1620.3931884765625,-2830.869873046875,113.27188873291016
-1620.865478515625,-2831.124755859375,113.23844146728516
-1621.3387451171875,-2831.380615234375,113.20468139648438
-1621.8126220703125,-2831.637451171875,113.17081451416016
-1622.287353515625,-2831.8955078125,113.13623046875
-1622.7626953125,-2832.15478515625,113.1009750366211
-1623.2392578125,-2832.41455078125,113.0656509399414
-1623.7171630859375,-2832.67529296875,113.03081512451172
-1624.1961669921875,-2832.93701171875,112.99662017822266
-1624.6768798828125,-2833.199462890625,112.9619140625
-1625.1593017578125,-2833.462890625,112.92677307128906
-1625.6434326171875,-2833.7265625,112.89139556884766
-1626.1292724609375,-2833.9912109375,112.85609436035156
-1626.61669921875,-2834.2568359375,112.82118225097656
-1627.1063232421875,-2834.522705078125,112.78601837158205
-1627.5975341796875,-2834.789794921875,112.75043487548828
-1628.091064453125,-2835.0576171875,112.71443176269533
-1628.586669921875,-2835.325927734375,112.6781768798828
-1629.0841064453125,-2835.595703125,112.6422882080078
-1629.5833740234375,-2835.8662109375,112.60614013671876
-1630.0845947265625,-2836.136962890625,112.56991577148438
-1630.5872802734375,-2836.407470703125,112.5334243774414
-1631.0911865234375,-2836.67822265625,112.49651336669922
-1631.5963134765625,-2836.94970703125,112.45964813232422
-1632.102783203125,-2837.220947265625,112.4228515625
-1632.610595703125,-2837.492431640625,112.3861846923828
-1633.1199951171875,-2837.763916015625,112.34898376464844
-1633.6307373046875,-2838.0361328125,112.31122589111328
-1634.142822265625,-2838.30859375,112.27332305908205
-1634.656005859375,-2838.58154296875,112.23552703857422
-1635.17041015625,-2838.854736328125,112.19776916503906
-1635.6861572265625,-2839.1279296875,112.16008758544922
-1636.203125,-2839.401123046875,112.12255859375
-1636.720947265625,-2839.67431640625,112.08529663085938
-1637.23974609375,-2839.94775390625,112.04823303222656
-1637.759765625,-2840.22119140625,112.01103973388672
-1638.2806396484375,-2840.49462890625,111.9733428955078
-1638.802490234375,-2840.768310546875,111.93522644042967
-1639.3251953125,-2841.04248046875,111.89690399169922
-1639.848876953125,-2841.317626953125,111.8588409423828
-1640.373779296875,-2841.5927734375,111.82046508789062
-1640.8997802734375,-2841.868408203125,111.78180694580078
-1641.426513671875,-2842.144775390625,111.7425537109375
-1641.953857421875,-2842.422119140625,111.70320892333984
-1642.4822998046875,-2842.699951171875,111.6643295288086
-1643.01123046875,-2842.978271484375,111.62606048583984
-1643.541015625,-2843.257568359375,111.58779907226562
-1644.071533203125,-2843.537841796875,111.54906463623048
-1644.6029052734375,-2843.81884765625,111.50994110107422
-1645.1348876953125,-2844.100341796875,111.47083282470705
-1645.66748046875,-2844.3828125,111.4317855834961
-1646.200927734375,-2844.666259765625,111.39285278320312
-1646.7352294921875,-2844.950927734375,111.3538818359375
-1647.270263671875,-2845.236572265625,111.3145523071289
-1647.806396484375,-2845.52294921875,111.27518463134766
-1648.343505859375,-2845.81005859375,111.23575592041016
-1648.880859375,-2846.097900390625,111.19569396972656
-1649.4188232421875,-2846.38720703125,111.15513610839844
-1649.9578857421875,-2846.677978515625,111.11509704589844
-1650.497802734375,-2846.96923828125,111.07555389404295
-1651.0386962890625,-2847.261474609375,111.0358657836914
-1651.5806884765625,-2847.5546875,110.99585723876952
-1652.1234130859375,-2847.848876953125,110.9555435180664
-1652.666748046875,-2848.14404296875,110.91554260253906
-1653.2109375,-2848.4404296875,110.87577056884766
-1653.7559814453125,-2848.737060546875,110.8363265991211
-1654.3018798828125,-2849.034423828125,110.79673767089844
-1654.848876953125,-2849.3330078125,110.75717163085938
-1655.3966064453125,-2849.632568359375,110.71765899658205
-1655.9454345703125,-2849.93310546875,110.67823791503906
-1656.4952392578125,-2850.234130859375,110.63883209228516
-1657.046142578125,-2850.535888671875,110.59933471679688
-1657.59765625,-2850.83837890625,110.559814453125
-1658.150146484375,-2851.141845703125,110.52037811279295
-1658.70361328125,-2851.445556640625,110.48114776611328
-1659.2579345703125,-2851.75048828125,110.44188690185548
-1659.8134765625,-2852.055908203125,110.40229034423828
-1660.369873046875,-2852.362060546875,110.3622055053711
-1660.92724609375,-2852.6689453125,110.3218765258789
-1661.48583984375,-2852.976318359375,110.28156280517578
-1662.0452880859375,-2853.28466796875,110.24111938476562
-1662.605712890625,-2853.59375,110.20037078857422
-1663.1673583984375,-2853.9033203125,110.15940856933594
-1663.7303466796875,-2854.21337890625,110.11857604980467
-1664.294189453125,-2854.52392578125,110.07756042480467
-1664.85888671875,-2854.83544921875,110.03602600097656
-1665.4248046875,-2855.14697265625,109.99433135986328
-1665.99169921875,-2855.458740234375,109.95285034179688
-1666.5595703125,-2855.771240234375,109.9110870361328
-1667.1285400390625,-2856.084228515625,109.8690414428711
-1667.6988525390625,-2856.397216796875,109.82716369628906
-1668.270263671875,-2856.7109375,109.78504180908205
-1668.8428955078125,-2857.0244140625,109.74260711669922
-1669.4168701171875,-2857.337890625,109.70030212402344
-1669.9918212890625,-2857.6513671875,109.65850830078124
-1670.56787109375,-2857.964599609375,109.61644744873048
-1671.1453857421875,-2858.27783203125,109.5740966796875
-1671.72412109375,-2858.59033203125,109.53182983398438
-1672.303955078125,-2858.903076171875,109.4897689819336
-1672.88525390625,-2859.215576171875,109.44771575927734
-1673.467529296875,-2859.52783203125,109.40535736083984
-1674.0511474609375,-2859.83984375,109.3631820678711
-1674.6358642578125,-2860.1513671875,109.32142639160156
-1675.2215576171875,-2860.463134765625,109.27983856201172
-1675.80859375,-2860.774658203125,109.23810577392578
-1676.396240234375,-2861.085205078125,109.19647216796876
-1676.9847412109375,-2861.395751953125,109.15533447265624
-1677.5740966796875,-2861.70703125,109.1145477294922
-1678.1640625,-2862.017822265625,109.0740737915039
-1678.7547607421875,-2862.328369140625,109.03330993652344
-1679.3458251953125,-2862.6396484375,108.99295806884766
-1679.9371337890625,-2862.95068359375,108.95272827148438
-1680.52880859375,-2863.260986328125,108.91165161132812
-1681.1207275390625,-2863.571533203125,108.8692855834961
-1681.712646484375,-2863.8828125,108.8266372680664
-1682.3045654296875,-2864.1943359375,108.7834014892578
-1682.89697265625,-2864.507568359375,108.73943328857422
-1683.4891357421875,-2864.82177734375,108.69541931152344
-1684.08154296875,-2865.13623046875,108.65084838867188
-1684.6741943359375,-2865.451171875,108.6064682006836
-1685.2662353515625,-2865.767578125,108.56340026855467
-1685.8580322265625,-2866.084228515625,108.52152252197266
-1686.4501953125,-2866.400146484375,108.47874450683594
-1687.042236328125,-2866.71630859375,108.43563842773438
-1687.6337890625,-2867.033447265625,108.39352416992188
-1688.225341796875,-2867.351318359375,108.35212707519533
-1688.817138671875,-2867.669921875,108.31077575683594
-1689.4090576171875,-2867.98828125,108.26898956298828
-1690.000732421875,-2868.306884765625,108.22691345214844
-1690.5914306640625,-2868.626953125,108.1868133544922
-1691.1820068359375,-2868.947021484375,108.14781188964844
-1691.7724609375,-2869.267578125,108.1090850830078
-1692.363037109375,-2869.587646484375,108.06978607177734
-1692.9534912109375,-2869.907470703125,108.0302276611328
-1693.5433349609375,-2870.227294921875,107.99110412597656
-1694.1328125,-2870.54736328125,107.95142364501952
-1694.7216796875,-2870.868408203125,107.91236114501952
-1695.3106689453125,-2871.189697265625,107.87374114990234
-1695.8992919921875,-2871.51171875,107.83577728271484
-1696.488037109375,-2871.833740234375,107.79653930664062
-1697.0755615234375,-2872.15673828125,107.75813293457033
-1697.661865234375,-2872.481201171875,107.72125244140624
-1698.2474365234375,-2872.805908203125,107.68488311767578
-1698.8326416015625,-2873.131591796875,107.64728546142578
-1699.416748046875,-2873.459228515625,107.6098861694336
-1700.0001220703125,-2873.787109375,107.57209014892578
-1700.58251953125,-2874.1162109375,107.5336685180664
-1701.163818359375,-2874.447509765625,107.49541473388672
-1701.7440185546875,-2874.7802734375,107.45775604248048
-1702.3238525390625,-2875.11376953125,107.42022705078124
-1702.9031982421875,-2875.4482421875,107.38258361816406
-1703.481689453125,-2875.7841796875,107.34542083740234
-1704.0594482421875,-2876.120849609375,107.30902862548828
-1704.6365966796875,-2876.457763671875,107.27312469482422
-1705.2135009765625,-2876.79443359375,107.2374038696289
-1705.7899169921875,-2877.131591796875,107.20178985595705
-1706.365478515625,-2877.469970703125,107.16650390625
-1706.9404296875,-2877.80908203125,107.1313705444336
-1707.515869140625,-2878.147705078125,107.09568786621094
-1708.0908203125,-2878.486328125,107.05925750732422
-1708.6650390625,-2878.825439453125,107.0221939086914
-1709.23876953125,-2879.16455078125,106.98489379882812
-1709.81201171875,-2879.50439453125,106.94749450683594
-1710.3851318359375,-2879.843994140625,106.90918731689452
-1710.9583740234375,-2880.18359375,106.87014770507812
-1711.531494140625,-2880.5234375,106.83048248291016
-1712.1041259765625,-2880.863525390625,106.79029083251952
-1712.6766357421875,-2881.203857421875,106.74989318847656
-1713.2490234375,-2881.544677734375,106.7100601196289
-1713.821044921875,-2881.885498046875,106.67070770263672
-1714.3931884765625,-2882.2265625,106.630859375
-1714.96484375,-2882.568603515625,106.59111785888672
-1715.5360107421875,-2882.910888671875,106.55191802978516
-1716.10693359375,-2883.25341796875,106.51263427734376
-1716.677490234375,-2883.5966796875,106.47349548339844
-1717.2471923828125,-2883.941650390625,106.43492889404295
-1717.81689453125,-2884.28662109375,106.396240234375
-1718.3861083984375,-2884.632568359375,106.35724639892578
-1718.95458984375,-2884.979736328125,106.31855010986328
-1719.522216796875,-2885.327880859375,106.2804946899414
-1720.0899658203125,-2885.677001953125,106.24203491210938
-1720.65673828125,-2886.027099609375,106.20378875732422
-1721.222900390625,-2886.378662109375,106.16613006591795
-1721.7889404296875,-2886.730712890625,106.1286392211914
-1722.3543701171875,-2887.083984375,106.0913314819336
-1722.9193115234375,-2887.43896484375,106.05437469482422
-1723.4833984375,-2887.794921875,106.0181655883789
-1724.0472412109375,-2888.1513671875,105.9820327758789
-1724.6107177734375,-2888.509033203125,105.94586944580078
-1725.1737060546875,-2888.8671875,105.90960693359376
-1725.736083984375,-2889.22607421875,105.87279510498048
-1726.2978515625,-2889.585693359375,105.83535766601562
-1726.859375,-2889.946044921875,105.79759216308594
-1727.4205322265625,-2890.307861328125,105.759521484375
-1727.9815673828125,-2890.670166015625,105.72051239013672
-1728.5426025390625,-2891.033203125,105.68045043945312
-1729.1029052734375,-2891.3974609375,105.63987731933594
-1729.6624755859375,-2891.76318359375,105.59961700439452
-1730.221923828125,-2892.1298828125,105.55953216552734
-1730.78125,-2892.497314453125,105.5195541381836
-1731.340576171875,-2892.8662109375,105.47976684570312
-1731.8997802734375,-2893.235595703125,105.44026184082033
-1732.4588623046875,-2893.605224609375,105.4012680053711
-1733.017822265625,-2893.9755859375,105.36273193359376
-1733.576171875,-2894.3466796875,105.3250503540039
-1734.134765625,-2894.71826171875,105.28759002685548
-1734.693359375,-2895.090087890625,105.25019073486328
-1735.2520751953125,-2895.4619140625,105.21255493164062
-1735.8106689453125,-2895.833984375,105.17465209960938
-1736.369140625,-2896.20654296875,105.13636779785156
-1736.927734375,-2896.579833984375,105.09754943847656
-1737.48583984375,-2896.953369140625,105.0587158203125
-1738.0438232421875,-2897.327880859375,105.0197525024414
-1738.601806640625,-2897.703125,104.98056030273438
-1739.159912109375,-2898.078857421875,104.94070434570312
-1739.7176513671875,-2898.455078125,104.90068817138672
-1740.2745361328125,-2898.8330078125,104.86119079589844
-1740.8311767578125,-2899.211181640625,104.8219223022461
-1741.3875732421875,-2899.58984375,104.7824478149414
-1741.9434814453125,-2899.969970703125,104.7428970336914
-1742.49853515625,-2900.35107421875,104.7036590576172
-1743.0535888671875,-2900.732666015625,104.66448974609376
-1743.6082763671875,-2901.114990234375,104.6252899169922
-1744.1622314453125,-2901.49853515625,104.58609008789062
-1744.7154541015625,-2901.883056640625,104.54690551757812
-1745.268310546875,-2902.268310546875,104.50785064697266
-1745.8203125,-2902.655029296875,104.46949768066406
-1746.3720703125,-2903.042724609375,104.4308090209961
-1746.92333984375,-2903.431396484375,104.39181518554688
-1747.47412109375,-2903.821044921875,104.35285949707033
-1748.0238037109375,-2904.2119140625,104.3148956298828
-1748.5736083984375,-2904.60302734375,104.2759246826172
-1749.122802734375,-2904.99560546875,104.23704528808594
-1749.67138671875,-2905.388916015625,104.19874572753906
-1750.2200927734375,-2905.782958984375,104.1604995727539
-1750.7685546875,-2906.177978515625,104.12205505371094
-1751.3165283203125,-2906.572998046875,104.08432006835938
-1751.8643798828125,-2906.968017578125,104.04690551757812
-1752.4124755859375,-2907.363037109375,104.00946807861328
-1752.960205078125,-2907.75830078125,103.9721908569336
-1753.50830078125,-2908.153564453125,103.93473815917967
-1754.056640625,-2908.549072265625,103.8966064453125
-1754.605224609375,-2908.9443359375,103.8578109741211
-1755.1539306640625,-2909.340087890625,103.8188247680664
-1755.702880859375,-2909.735595703125,103.77969360351562
-1756.2520751953125,-2910.13134765625,103.74022674560548
-1756.8013916015625,-2910.52734375,103.7005615234375
-1757.3509521484375,-2910.923583984375,103.66063690185548
-1757.90087890625,-2911.3193359375,103.62056732177734
-1758.451171875,-2911.715087890625,103.5805206298828
-1759.0015869140625,-2912.111083984375,103.54051971435548
-1759.5523681640625,-2912.507080078125,103.5004653930664
-1760.103515625,-2912.903076171875,103.46061706542967
-1760.6549072265625,-2913.299072265625,103.42101287841795
-1761.2064208984375,-2913.6953125,103.38152313232422
-1761.75830078125,-2914.09130859375,103.3423309326172
-1762.3101806640625,-2914.48779296875,103.30347442626952
-1762.8623046875,-2914.884521484375,103.2648468017578
-1763.414306640625,-2915.28125,103.22637939453124
-1763.9664306640625,-2915.67822265625,103.18814086914062
-1764.5185546875,-2916.07568359375,103.1500473022461
-1765.070556640625,-2916.4736328125,103.11190032958984
-1765.622314453125,-2916.871826171875,103.07381439208984
-1766.1739501953125,-2917.270751953125,103.0357666015625
-1766.7254638671875,-2917.670166015625,102.99766540527344
-1767.2769775390625,-2918.069580078125,102.95884704589844
-1767.8280029296875,-2918.469482421875,102.9190673828125
-1768.37841796875,-2918.871337890625,102.87997436523438
-1768.9283447265625,-2919.27392578125,102.84146881103516
-1769.478515625,-2919.677001953125,102.80271911621094
-1770.0283203125,-2920.081298828125,102.7634048461914
-1770.5767822265625,-2920.487548828125,102.72506713867188
-1771.1246337890625,-2920.89404296875,102.6872100830078
-1771.6717529296875,-2921.3017578125,102.6496810913086
-1772.2176513671875,-2921.7109375,102.61270141601562
-1772.7633056640625,-2922.120849609375,102.57574462890624
-1773.30810546875,-2922.531982421875,102.5383071899414
-1773.8519287109375,-2922.944580078125,102.50062561035156
-1774.3946533203125,-2923.35888671875,102.46331024169922
-1774.9364013671875,-2923.7744140625,102.42587280273438
-1775.4775390625,-2924.191162109375,102.3880615234375
-1776.0174560546875,-2924.609375,102.35025024414062
-1776.5565185546875,-2925.02880859375,102.31248474121094
-1777.0947265625,-2925.449462890625,102.27405548095705
-1777.63232421875,-2925.87109375,102.23500061035156
-1778.168701171875,-2926.2939453125,102.19607543945312
-1778.7042236328125,-2926.71875,102.15706634521484
-1779.2388916015625,-2927.14453125,102.11779022216795
-1779.773193359375,-2927.5712890625,102.07795715332033
-1780.306640625,-2927.9990234375,102.03811645507812
-1780.8389892578125,-2928.428466796875,101.9985580444336
-1781.3707275390625,-2928.858642578125,101.95897674560548
-1781.90185546875,-2929.28955078125,101.91947174072266
-1782.4324951171875,-2929.721435546875,101.8803253173828
-1782.9630126953125,-2930.154052734375,101.8412094116211
-1783.4930419921875,-2930.5869140625,101.80211639404295
-1784.0228271484375,-2931.0205078125,101.7632064819336
-1784.5523681640625,-2931.454833984375,101.72477722167967
-1785.0819091796875,-2931.88916015625,101.68651580810548
-1785.611328125,-2932.323974609375,101.64825439453124
-1786.1407470703125,-2932.759033203125,101.6100616455078
-1786.6700439453125,-2933.194091796875,101.57212829589844
-1787.1995849609375,-2933.62890625,101.5342254638672
-1787.7294921875,-2934.0634765625,101.4958038330078
-1788.2596435546875,-2934.498046875,101.45672607421876
-1788.7896728515625,-2934.9326171875,101.41712951660156
-1789.3197021484375,-2935.3671875,101.37721252441406
-1789.8499755859375,-2935.80224609375,101.33708190917967
-1790.3802490234375,-2936.237548828125,101.29625701904295
-1790.9110107421875,-2936.672607421875,101.25440216064452
-1791.441650390625,-2937.108642578125,101.21234130859376
-1791.9715576171875,-2937.545166015625,101.17059326171876
-1792.50146484375,-2937.982177734375,101.12896728515624
-1793.0311279296875,-2938.420166015625,101.08733367919922
-1793.5604248046875,-2938.859375,101.04621887207033
-1794.089599609375,-2939.299072265625,101.00558471679688
-1794.6185302734375,-2939.7392578125,100.96533203125
-1795.14697265625,-2940.180419921875,100.92568969726562
-1795.6746826171875,-2940.6220703125,100.8871841430664
-1796.2017822265625,-2941.064697265625,100.84964752197266
-1796.7288818359375,-2941.5078125,100.8123016357422
-1797.2559814453125,-2941.95166015625,100.77460479736328
-1797.78271484375,-2942.3955078125,100.7366714477539
-1798.308837890625,-2942.840087890625,100.69823455810548
-1798.8345947265625,-2943.28466796875,100.6591567993164
-1799.35986328125,-2943.73095703125,100.61963653564452
-1799.8848876953125,-2944.17822265625,100.5794677734375
-1800.40966796875,-2944.62646484375,100.53819274902344
-1800.9339599609375,-2945.07568359375,100.49622344970705
-1801.457275390625,-2945.52685546875,100.45448303222656
-1801.979736328125,-2945.979248046875,100.41342163085938
-1802.5018310546875,-2946.432861328125,100.37285614013672
-1803.0233154296875,-2946.88818359375,100.33283996582033
-1803.54443359375,-2947.344482421875,100.2936019897461
-1804.0650634765625,-2947.8017578125,100.25506591796876
-1804.58544921875,-2948.259521484375,100.21707153320312
-1805.105224609375,-2948.717529296875,100.17977142333984
-1805.62451171875,-2949.1767578125,100.1432647705078
-1806.143798828125,-2949.63671875,100.1070327758789
-1806.6634521484375,-2950.0966796875,100.07005310058594
-1807.1829833984375,-2950.556884765625,100.03226470947266
-1807.7022705078125,-2951.017822265625,99.99394989013672
-1808.2213134765625,-2951.478759765625,99.95510864257812
-1808.740234375,-2951.940673828125,99.91565704345705
-1809.2589111328125,-2952.40380859375,99.87586212158205
-1809.7774658203125,-2952.86767578125,99.83538818359376
-1810.2965087890625,-2953.33203125,99.79399871826172
-1810.8148193359375,-2953.79736328125,99.7522201538086
-1811.3326416015625,-2954.263916015625,99.71072387695312
-1811.85009765625,-2954.731201171875,99.66980743408205
-1812.36767578125,-2955.19921875,99.62903594970705
-1812.8853759765625,-2955.66845703125,99.58834838867188
-1813.40283203125,-2956.137939453125,99.54798126220705
-1813.9202880859375,-2956.60791015625,99.50806427001952
-1814.4378662109375,-2957.078369140625,99.46845245361328
-1814.9552001953125,-2957.549560546875,99.4291534423828
-1815.4727783203125,-2958.02099609375,99.39054870605467
-1815.9901123046875,-2958.4931640625,99.35231018066406
-1816.5079345703125,-2958.966064453125,99.31372833251952
-1817.0257568359375,-2959.438720703125,99.27429962158205
-1817.54345703125,-2959.912109375,99.23446655273438
-1818.0606689453125,-2960.385986328125,99.19465637207033
-1818.5775146484375,-2960.861083984375,99.15479278564452
-1819.0946044921875,-2961.337158203125,99.1146011352539
-1819.6116943359375,-2961.814208984375,99.0738296508789
-1820.1290283203125,-2962.291748046875,99.03287506103516
-1820.645751953125,-2962.7705078125,98.99243927001952
-1821.1617431640625,-2963.25,98.9527816772461
-1821.6778564453125,-2963.730224609375,98.91351318359376
-1822.19384765625,-2964.211181640625,98.87460327148438
-1822.7095947265625,-2964.69287109375,98.83621215820312
-1823.22509765625,-2965.175537109375,98.79805755615234
-1823.7403564453125,-2965.658447265625,98.75989532470705
-1824.25537109375,-2966.142333984375,98.72199249267578
-1824.7696533203125,-2966.627197265625,98.68434143066406
-1825.2840576171875,-2967.11279296875,98.64662170410156
-1825.798095703125,-2967.599365234375,98.60846710205078
-1826.311767578125,-2968.08642578125,98.56982421875
-1826.824462890625,-2968.574462890625,98.53050994873048
-1827.3365478515625,-2969.0634765625,98.49073028564452
-1827.8482666015625,-2969.553955078125,98.45072174072266
-1828.359375,-2970.04541015625,98.41014099121094
-1828.8701171875,-2970.538330078125,98.36897277832033
-1829.38037109375,-2971.031982421875,98.32743072509766
-1829.8900146484375,-2971.52685546875,98.28592681884766
-1830.3988037109375,-2972.023193359375,98.2448272705078
-1830.907470703125,-2972.520263671875,98.20406341552734
-1831.415771484375,-2973.018310546875,98.16356658935548
-1831.923828125,-2973.51708984375,98.12318420410156
-1832.431884765625,-2974.016357421875,98.0828628540039
-1832.9393310546875,-2974.51611328125,98.042724609375
-1833.4466552734375,-2975.0166015625,98.00302124023438
-1833.9539794921875,-2975.517822265625,97.96331787109376
-1834.461181640625,-2976.01953125,97.92333984375
-1834.96875,-2976.521484375,97.88279724121094
-1835.47607421875,-2977.02392578125,97.84178161621094
-1835.9833984375,-2977.526611328125,97.80066680908205
-1836.4906005859375,-2978.030029296875,97.75946807861328
-1836.99755859375,-2978.5341796875,97.71785736083984
-1837.504638671875,-2979.03955078125,97.676025390625
-1838.01171875,-2979.545166015625,97.63399505615234
-1838.518798828125,-2980.051513671875,97.59162139892578
-1839.0252685546875,-2980.558837890625,97.54940032958984
-1839.5316162109375,-2981.0673828125,97.50759887695312
-1840.037841796875,-2981.576904296875,97.46621704101562
-1840.5443115234375,-2982.087646484375,97.42486572265624
-1841.05078125,-2982.598876953125,97.38353729248048
-1841.556884765625,-2983.111328125,97.3425064086914
-1842.06298828125,-2983.625,97.3019027709961
-1842.5689697265625,-2984.139892578125,97.26166534423828
-1843.0748291015625,-2984.65625,97.2215576171875
-1843.5804443359375,-2985.173583984375,97.18128967285156
-1844.0863037109375,-2985.691650390625,97.14021301269533
-1844.591796875,-2986.21142578125,97.09870147705078
-1845.096923828125,-2986.732177734375,97.05690002441406
-1845.601806640625,-2987.254638671875,97.01449584960938
-1846.1063232421875,-2987.779052734375,96.97138214111328
-1846.6107177734375,-2988.304931640625,96.92765808105467
-1847.114990234375,-2988.83203125,96.8833465576172
-1847.6185302734375,-2989.361083984375,96.8387451171875
-1848.1212158203125,-2989.892578125,96.79451751708984
-1848.623291015625,-2990.425537109375,96.75072479248048
-1849.124755859375,-2990.960693359375,96.7072525024414
-1849.625732421875,-2991.49755859375,96.6642837524414
-1850.1260986328125,-2992.035400390625,96.6219253540039
-1850.6259765625,-2992.574462890625,96.5800552368164
-1851.1253662109375,-2993.114990234375,96.53865051269533
-1851.6243896484375,-2993.65625,96.49795532226562
-1852.123291015625,-2994.198974609375,96.4579086303711
-1852.62255859375,-2994.742431640625,96.41732025146484
-1853.121826171875,-2995.286376953125,96.37601470947266
-1853.6204833984375,-2995.830810546875,96.3344268798828
-1854.118896484375,-2996.3759765625,96.29264068603516
-1854.616943359375,-2996.921875,96.25048065185548
-1855.1146240234375,-2997.468994140625,96.20794677734376
-1855.6123046875,-2998.01708984375,96.164794921875
-1856.1097412109375,-2998.566162109375,96.12118530273438
-1856.6065673828125,-2999.115966796875,96.07785034179688
-1857.102783203125,-2999.666015625,96.0356903076172
-1857.598876953125,-3000.216552734375,95.99308013916016
-1858.094482421875,-3000.76708984375,95.95023345947266
-1858.589599609375,-3001.318359375,95.9074935913086
-1859.08447265625,-3001.86962890625,95.86455535888672
-1859.57861328125,-3002.421142578125,95.8214874267578
-1860.072021484375,-3002.9736328125,95.77881622314452
-1860.5653076171875,-3003.52587890625,95.73619842529295
-1861.05859375,-3004.078369140625,95.69293975830078
-1861.5506591796875,-3004.631103515625,95.6507797241211
-1862.0426025390625,-3005.183837890625,95.60872650146484
-1862.5345458984375,-3005.736328125,95.5659408569336
-1863.0257568359375,-3006.2890625,95.5230484008789
-1863.5162353515625,-3006.842529296875,95.48060607910156
-1864.0062255859375,-3007.396240234375,95.4379653930664
-1864.49609375,-3007.9501953125,95.3950424194336
-1864.9849853515625,-3008.504638671875,95.3525848388672
-1865.4732666015625,-3009.059326171875,95.31053924560548
-1865.9608154296875,-3009.6142578125,95.26863098144533
-1866.44775390625,-3010.169677734375,95.22663879394533
-1866.93408203125,-3010.72509765625,95.18440246582033
-1867.4195556640625,-3011.28125,95.14202880859376
-1867.9039306640625,-3011.837890625,95.09968566894533
-1868.387451171875,-3012.395263671875,95.05757904052734
-1868.8702392578125,-3012.95361328125,95.01554870605467
-1869.3525390625,-3013.512451171875,94.97389221191406
-1869.8341064453125,-3014.071044921875,94.93272399902344
-1870.3150634765625,-3014.6298828125,94.89137268066406
-1870.7952880859375,-3015.188720703125,94.84996032714844
-1871.2744140625,-3015.748046875,94.8090362548828
-1871.7530517578125,-3016.307861328125,94.7681121826172
-1872.231201171875,-3016.867919921875,94.72653198242188
-1872.7086181640625,-3017.428466796875,94.68453979492188
-1873.18505859375,-3017.9892578125,94.6425552368164
-1873.66015625,-3018.550537109375,94.60115814208984
-1874.134033203125,-3019.113037109375,94.5604476928711
-1874.6070556640625,-3019.676025390625,94.52027130126952
-1875.079833984375,-3020.2392578125,94.4803695678711
-1875.552001953125,-3020.802978515625,94.44097900390624
-1876.023193359375,-3021.366455078125,94.4024658203125
-1876.49365234375,-3021.930419921875,94.36509704589844
-1876.963623046875,-3022.49462890625,94.32855987548828
-1877.43359375,-3023.058349609375,94.29208374023438
-1877.9033203125,-3023.621826171875,94.255126953125
-1878.3724365234375,-3024.18505859375,94.21809387207033
-1878.8406982421875,-3024.748046875,94.1808853149414
-1879.30859375,-3025.3115234375,94.14320373535156
-1879.775634765625,-3025.875,94.10491943359376
-1880.2420654296875,-3026.43896484375,94.06629943847656
-1880.707763671875,-3027.003662109375,94.02725219726562
-1881.1724853515625,-3027.568359375,93.98785400390624
-1881.6357421875,-3028.134521484375,93.94891357421876
-1882.097412109375,-3028.701416015625,93.91085052490234
-1882.5579833984375,-3029.26904296875,93.87322235107422
-1883.0174560546875,-3029.837158203125,93.83574676513672
-1883.4755859375,-3030.40625,93.79859924316406
-1883.9322509765625,-3030.975830078125,93.76197814941406
-1884.3873291015625,-3031.546142578125,93.72566986083984
-1884.8414306640625,-3032.116455078125,93.68939208984376
-1885.2939453125,-3032.68798828125,93.6530532836914
-1885.745361328125,-3033.260009765625,93.6160888671875
-1886.195556640625,-3033.8330078125,93.57923889160156
-1886.6441650390625,-3034.40673828125,93.54248809814452
-1887.0916748046875,-3034.9814453125,93.5053482055664
-1887.537353515625,-3035.556640625,93.46833801269533
-1887.9813232421875,-3036.1328125,93.43170166015624
-1888.42431640625,-3036.709716796875,93.39484405517578
-1888.865234375,-3037.287841796875,93.3582000732422
-1889.304443359375,-3037.86669921875,93.32209777832033
-1889.7427978515625,-3038.446044921875,93.2860870361328
-1890.1800537109375,-3039.026123046875,93.25035858154295
-1890.615478515625,-3039.606689453125,93.21501159667967
-1891.0501708984375,-3040.187744140625,93.17998504638672
-1891.4837646484375,-3040.76904296875,93.14540100097656
-1891.91650390625,-3041.350830078125,93.11125946044922
-1892.3486328125,-3041.932861328125,93.0772476196289
-1892.7801513671875,-3042.5146484375,93.04300689697266
-1893.2109375,-3043.096435546875,93.00882720947266
-1893.640869140625,-3043.678466796875,92.97498321533205
-1894.0703125,-3044.2607421875,92.94123840332033
-1894.4993896484375,-3044.843017578125,92.90743255615234
-1894.927978515625,-3045.4248046875,92.87364196777344
-1895.3558349609375,-3046.00732421875,92.84009552001952
-1895.783203125,-3046.58984375,92.80733489990234
-1896.21044921875,-3047.17236328125,92.77472686767578
-1896.637451171875,-3047.754638671875,92.74191284179688
-1897.06396484375,-3048.3369140625,92.7092514038086
-1897.490234375,-3048.9189453125,92.67708587646484
-1897.9163818359375,-3049.50048828125,92.6443328857422
-1898.3421630859375,-3050.082763671875,92.61135864257812
-1898.767578125,-3050.664794921875,92.5783920288086
-1899.1927490234375,-3051.247802734375,92.54531860351562
-1899.6177978515625,-3051.830810546875,92.51205444335938
-1900.0423583984375,-3052.41455078125,92.47895050048828
-1900.4666748046875,-3052.99853515625,92.4459991455078
-1900.8905029296875,-3053.5830078125,92.41332244873048
-1901.3140869140625,-3054.16796875,92.3807144165039
-1901.7373046875,-3054.75341796875,92.34831237792967
-1902.160400390625,-3055.339599609375,92.31639862060548
-1902.583251953125,-3055.92626953125,92.2844696044922
-1903.0062255859375,-3056.5126953125,92.252197265625
-1903.4287109375,-3057.099853515625,92.22010803222656
-1903.8509521484375,-3057.687744140625,92.18814086914062
-1904.2730712890625,-3058.276611328125,92.15604400634766
-1904.695068359375,-3058.865966796875,92.12364959716795
-1905.1170654296875,-3059.4560546875,92.0912628173828
-1905.538818359375,-3060.047607421875,92.05918884277344
-1905.9600830078125,-3060.639892578125,92.02754974365234
-1906.3812255859375,-3061.232666015625,91.99605560302734
-1906.8018798828125,-3061.826171875,91.96505737304688
-1907.221923828125,-3062.42041015625,91.93479919433594
-1907.6416015625,-3063.0146484375,91.9048843383789
-1908.0609130859375,-3063.609130859375,91.87483978271484
-1908.47900390625,-3064.2041015625,91.844970703125
-1908.896240234375,-3064.79931640625,91.81523895263672
-1909.314208984375,-3065.393798828125,91.7838897705078
-1909.73046875,-3065.988525390625,91.7527313232422
-1910.1456298828125,-3066.583984375,91.72151947021484
-1910.5604248046875,-3067.1796875,91.6894760131836
-1910.9744873046875,-3067.776123046875,91.65703582763672
-1911.3865966796875,-3068.373046875,91.62605285644533
-1911.7979736328125,-3068.970703125,91.59557342529295
-1912.2086181640625,-3069.568359375,91.56572723388672
-1912.6181640625,-3070.166015625,91.53669738769533
-1913.02685546875,-3070.763427734375,91.50862121582033
-1913.434326171875,-3071.361328125,91.48136901855467
-1913.8414306640625,-3071.95947265625,91.45442199707033
-1914.248046875,-3072.556884765625,91.42799377441406
-1914.653564453125,-3073.15478515625,91.40247344970705
-1915.0584716796875,-3073.7529296875,91.3775863647461
-1915.4627685546875,-3074.35107421875,91.35301971435548
-1915.86669921875,-3074.948486328125,91.32844543457033
-1916.27001953125,-3075.54541015625,91.303955078125
-1916.6729736328125,-3076.14208984375,91.27873992919922
-1917.0748291015625,-3076.739013671875,91.25347900390624
-1917.476318359375,-3077.3359375,91.22760009765624
-1917.8768310546875,-3077.933349609375,91.20100402832033
-1918.2763671875,-3078.53125,91.17423248291016
-1918.6746826171875,-3079.129638671875,91.1478500366211
-1919.0718994140625,-3079.72802734375,91.12193298339844
-1919.4681396484375,-3080.3271484375,91.0966339111328
-1919.86328125,-3080.926513671875,91.07170867919922
-1920.257568359375,-3081.525634765625,91.0466766357422
-1920.650634765625,-3082.125244140625,91.02180480957033
-1921.04248046875,-3082.72509765625,90.99748992919922
-1921.4329833984375,-3083.3251953125,90.97374725341795
-1921.8228759765625,-3083.92578125,90.94988250732422
-1922.2119140625,-3084.526123046875,90.92571258544922
-1922.60009765625,-3085.126953125,90.90159606933594
-1922.9869384765625,-3085.7275390625,90.87789154052734
-1923.372802734375,-3086.32861328125,90.8551025390625
-1923.7576904296875,-3086.93017578125,90.83271026611328
-1924.142333984375,-3087.531494140625,90.8100128173828
-1924.526611328125,-3088.13232421875,90.78711700439452
-1924.9093017578125,-3088.73388671875,90.76487731933594
-1925.290771484375,-3089.335205078125,90.7435302734375
-1925.6717529296875,-3089.93701171875,90.72250366210938
-1926.052490234375,-3090.538330078125,90.7011947631836
-1926.432861328125,-3091.1396484375,90.6793212890625
-1926.8118896484375,-3091.740966796875,90.65760040283205
-1927.189697265625,-3092.342529296875,90.63684844970705
-1927.5670166015625,-3092.944091796875,90.61682891845705
-1927.94384765625,-3093.545654296875,90.5965805053711
-1928.3203125,-3094.147705078125,90.57622528076172
-1928.6956787109375,-3094.749267578125,90.55667877197266
-1929.0703125,-3095.350830078125,90.53765869140624
-1929.4449462890625,-3095.951416015625,90.51842498779295
-1929.8189697265625,-3096.552490234375,90.49909973144533
-1930.19189453125,-3097.15380859375,90.48040771484376
-1930.56396484375,-3097.755615234375,90.46247863769533
-1930.9354248046875,-3098.35791015625,90.44466400146484
-1931.3067626953125,-3098.960205078125,90.42687225341795
-1931.676513671875,-3099.563232421875,90.41021728515624
-1932.0450439453125,-3100.166259765625,90.3945083618164
-1932.412841796875,-3100.76953125,90.37937927246094
-1932.77978515625,-3101.373046875,90.36436462402344
-1933.1461181640625,-3101.976806640625,90.34928894042967
-1933.5115966796875,-3102.5810546875,90.33407592773438
-1933.8756103515625,-3103.185302734375,90.31884765625
-1934.2388916015625,-3103.790283203125,90.3035888671875
-1934.6016845703125,-3104.395751953125,90.2884750366211
-1934.96337890625,-3105.00146484375,90.27350616455078
-1935.3240966796875,-3105.60791015625,90.25847625732422
-1935.683837890625,-3106.214599609375,90.24362182617188
-1936.042724609375,-3106.821533203125,90.22908782958984
-1936.40087890625,-3107.4287109375,90.2149429321289
-1936.7576904296875,-3108.0361328125,90.20096588134766
-1937.11376953125,-3108.644287109375,90.18746948242188
-1937.4691162109375,-3109.251708984375,90.17443084716795
-1937.8236083984375,-3109.859375,90.16143035888672
-1938.1776123046875,-3110.466552734375,90.14860534667967
-1938.531005859375,-3111.07373046875,90.1365966796875
-1938.883544921875,-3111.680419921875,90.1249008178711
-1939.2354736328125,-3112.287353515625,90.11331176757812
-1939.5870361328125,-3112.8935546875,90.10231018066406
-1939.9381103515625,-3113.499755859375,90.09178161621094
-1940.28857421875,-3114.10546875,90.08150482177734
-1940.6380615234375,-3114.71142578125,90.0716552734375
-1940.9871826171875,-3115.316650390625,90.0626449584961
-1941.335693359375,-3115.921875,90.05400848388672
-1941.6832275390625,-3116.52685546875,90.04515838623047
-1942.0301513671875,-3117.131591796875,90.03666687011719
-1942.3763427734375,-3117.736083984375,90.02893829345703
-1942.72216796875,-3118.340087890625,90.0208969116211
-1943.067626953125,-3118.943603515625,90.01236724853516
-1943.4122314453125,-3119.546875,90.00408172607422
-1943.7559814453125,-3120.14990234375,89.99563598632812
-1944.099853515625,-3120.75244140625,89.98680877685547
-1944.4434814453125,-3121.3544921875,89.97824096679688
-1944.786376953125,-3121.95654296875,89.96968078613281
-1945.12890625,-3122.558349609375,89.9610366821289
-1945.4708251953125,-3123.15966796875,89.95240783691406
-1945.8121337890625,-3123.760498046875,89.94434356689453
-1946.1531982421875,-3124.360595703125,89.93678283691406
-1946.493408203125,-3124.959716796875,89.92915344238281
-1946.832763671875,-3125.5576171875,89.92134857177734
-1947.1712646484375,-3126.153564453125,89.9142074584961
-1947.5087890625,-3126.747802734375,89.90734100341797
-1947.844970703125,-3127.339599609375,89.90010833740234
-1948.1800537109375,-3127.9287109375,89.89313507080078
-1948.513671875,-3128.515380859375,89.88658905029297
-1948.845703125,-3129.099853515625,89.8800277709961
-1949.17626953125,-3129.681884765625,89.87334442138672
-1949.5054931640625,-3130.261474609375,89.86631774902344
-1949.8330078125,-3130.837890625,89.85934448242188
-1950.1588134765625,-3131.411376953125,89.85261535644531
-1950.482421875,-3131.981201171875,89.84600830078125
-1950.8035888671875,-3132.547607421875,89.83914184570312
-1951.1226806640625,-3133.1103515625,89.83224487304688
-1951.4390869140625,-3133.668701171875,89.82532501220703
-1951.7528076171875,-3134.222900390625,89.81890106201172
-1952.0643310546875,-3134.77294921875,89.81295776367188
-1952.3734130859375,-3135.319091796875,89.80703735351562
-1952.6807861328125,-3135.86279296875,89.80078125
-1952.986572265625,-3136.403564453125,89.79469299316406
-1953.290771484375,-3136.94189453125,89.78907775878906
-1953.59326171875,-3137.477294921875,89.7835693359375
-1953.893798828125,-3138.01025390625,89.77784729003906
-1954.1922607421875,-3138.53955078125,89.77198028564453
-1954.4884033203125,-3139.06494140625,89.76636505126953
-1954.7823486328125,-3139.585693359375,89.76092529296875
-1955.07275390625,-3140.1015625,89.75541687011719
-1955.35986328125,-3140.61083984375,89.75008392333984
-1955.643310546875,-3141.113525390625,89.74520111083984
-1955.9228515625,-3141.60791015625,89.74097442626953
-1956.19873046875,-3142.0947265625,89.73682403564453
-1956.4703369140625,-3142.57373046875,89.7323226928711
-1956.737548828125,-3143.043212890625,89.72823333740234
-1957.0006103515625,-3143.50341796875,89.72471618652344
-1957.2593994140625,-3143.953369140625,89.72139739990234
-1957.51416015625,-3144.393310546875,89.71807861328125
-1957.7646484375,-3144.8232421875,89.7145767211914
-1958.0108642578125,-3145.242919921875,89.71105194091797
-1958.252685546875,-3145.653076171875,89.70732116699219
-1958.4906005859375,-3146.052978515625,89.7035903930664
-1958.724365234375,-3146.443115234375,89.69966125488281
-1958.9544677734375,-3146.823974609375,89.69573211669922
-1959.181396484375,-3147.197021484375,89.6916275024414
-1959.4063720703125,-3147.5634765625,89.68730163574219
-1959.6298828125,-3147.925048828125,89.68258666992188
-1959.85205078125,-3148.28271484375,89.67771911621094
-1960.0733642578125,-3148.63671875,89.67290496826172
-1960.2940673828125,-3148.9873046875,89.66809844970703
-1960.51416015625,-3149.335205078125,89.6631851196289
-1960.7340087890625,-3149.6796875,89.6583251953125
-1960.9537353515625,-3150.02197265625,89.65377807617188
-1961.1732177734375,-3150.3623046875,89.64965057373047
-1961.39306640625,-3150.70166015625,89.6457290649414
-1961.6141357421875,-3151.039306640625,89.64198303222656
-1961.8360595703125,-3151.376220703125,89.63825988769531
-1962.058837890625,-3151.711669921875,89.63436889648438
-1962.2828369140625,-3152.04638671875,89.6303939819336
-1962.508056640625,-3152.379638671875,89.62660217285156
-1962.734375,-3152.71142578125,89.62298583984375
-1962.9622802734375,-3153.04150390625,89.61924743652344
-1963.1917724609375,-3153.370361328125,89.61569213867188
-1963.4229736328125,-3153.697021484375,89.61231994628906
-1963.6561279296875,-3154.0224609375,89.60867309570312
-1963.8914794921875,-3154.34521484375,89.60469055175781
-1964.1287841796875,-3154.666259765625,89.60094451904297
-1964.3687744140625,-3154.9853515625,89.59737396240234
-1964.6112060546875,-3155.301513671875,89.59381103515625
-1964.8563232421875,-3155.615478515625,89.5903091430664
-1965.10400390625,-3155.9267578125,89.58673858642578
-1965.354248046875,-3156.2353515625,89.58283233642578
-1965.607177734375,-3156.541015625,89.57878112792969
-1965.8629150390625,-3156.843994140625,89.57502746582031
-1966.1212158203125,-3157.14404296875,89.57122802734375
-1966.3824462890625,-3157.441162109375,89.56745147705078
-1966.646728515625,-3157.735107421875,89.5639877319336
-1966.9134521484375,-3158.026611328125,89.56047821044922
-1967.1824951171875,-3158.3154296875,89.55647277832031
-1967.4537353515625,-3158.6015625,89.55228424072266
-1967.7271728515625,-3158.885498046875,89.54816436767578
-1968.0023193359375,-3159.1669921875,89.54389190673828
-1968.279296875,-3159.4462890625,89.53993225097656
-1968.55810546875,-3159.7236328125,89.53677368164062
-1968.83837890625,-3159.99853515625,89.53386688232422
-1969.119873046875,-3160.272216796875,89.53099060058594
-1969.4029541015625,-3160.54345703125,89.52819061279297
-1969.687255859375,-3160.81298828125,89.52520751953125
-1969.9730224609375,-3161.080810546875,89.52230072021484
-1970.2598876953125,-3161.345947265625,89.52006530761719
-1970.54833984375,-3161.609130859375,89.51813507080078
-1970.838134765625,-3161.87060546875,89.5161361694336
-1971.1292724609375,-3162.129638671875,89.5140151977539
-1971.4215087890625,-3162.38671875,89.51193237304688
-1971.7147216796875,-3162.64208984375,89.50971221923828
-1972.009521484375,-3162.895751953125,89.50797271728516
-1972.3056640625,-3163.146484375,89.50667572021484
-1972.603515625,-3163.39453125,89.50509643554688
-1972.903076171875,-3163.640869140625,89.50350189208984
-1973.2047119140625,-3163.885009765625,89.50210571289062
-1973.5081787109375,-3164.126220703125,89.50071716308594
-1973.813720703125,-3164.36474609375,89.49928283691406
-1974.121337890625,-3164.600341796875,89.49774169921875
-1974.4306640625,-3164.83349609375,89.49637603759766
-1974.7420654296875,-3165.0634765625,89.49474334716797
-1975.0555419921875,-3165.290771484375,89.49351501464844
-1975.371337890625,-3165.514892578125,89.49250793457031
-1975.6890869140625,-3165.736572265625,89.49131774902344
-1976.0091552734375,-3165.954833984375,89.49007415771484
-1976.331298828125,-3166.170166015625,89.4887924194336
-1976.655517578125,-3166.38232421875,89.48716735839844
-1976.98193359375,-3166.591552734375,89.48535919189453
-1977.3101806640625,-3166.797607421875,89.4837417602539
-1977.6405029296875,-3167.0,89.48194122314453
-1977.97265625,-3167.19873046875,89.47972106933594
-1978.306396484375,-3167.3935546875,89.47736358642578
-1978.64208984375,-3167.584716796875,89.4748306274414
-1978.9793701171875,-3167.771728515625,89.47212982177734
-1979.318359375,-3167.954833984375,89.46967315673828
-1979.6591796875,-3168.134033203125,89.46704864501953
-1980.00146484375,-3168.308837890625,89.46403503417969
-1980.345703125,-3168.479736328125,89.46072387695312
-1980.6912841796875,-3168.646728515625,89.45719909667969
-1981.038330078125,-3168.809814453125,89.45354461669922
-1981.3868408203125,-3168.969482421875,89.44985961914062
-1981.7366943359375,-3169.12451171875,89.44637298583984
-1982.088134765625,-3169.275634765625,89.442626953125
-1982.440673828125,-3169.4228515625,89.43846130371094
-1982.7945556640625,-3169.566162109375,89.43396759033203
-1983.1494140625,-3169.705078125,89.42908477783203
-1983.5054931640625,-3169.84033203125,89.42406463623047
-1983.862548828125,-3169.971923828125,89.41959381103516
-1984.220703125,-3170.098876953125,89.41517639160156
-1984.579833984375,-3170.221435546875,89.4105453491211
-1984.9398193359375,-3170.33935546875,89.40585327148438
-1985.30078125,-3170.45361328125,89.40122985839844
-1985.6624755859375,-3170.56494140625,89.39656066894531
-1986.0250244140625,-3170.671875,89.39155578613281
-1986.3880615234375,-3170.77490234375,89.38639068603516
-1986.75146484375,-3170.874755859375,89.3806381225586
-1987.115478515625,-3170.972412109375,89.37506103515625
-1987.4798583984375,-3171.0673828125,89.37001037597656
-1987.844970703125,-3171.159423828125,89.36534118652344
-1988.2108154296875,-3171.249267578125,89.36067199707031
-1988.5775146484375,-3171.3369140625,89.35616302490234
-1988.9453125,-3171.42236328125,89.35181427001953
-1989.3145751953125,-3171.5048828125,89.34734344482422
-1989.684814453125,-3171.5849609375,89.34268951416016
-1990.0560302734375,-3171.66259765625,89.33831787109375
-1990.4283447265625,-3171.737548828125,89.33415985107422
-1990.8021240234375,-3171.81005859375,89.33002471923828
-1991.1771240234375,-3171.880126953125,89.32655334472656
-1991.553466796875,-3171.947509765625,89.32372283935547
-1991.9315185546875,-3172.0126953125,89.32089233398438
-1992.3115234375,-3172.0751953125,89.31783294677734
-1992.6934814453125,-3172.135009765625,89.31459045410156
-1993.0771484375,-3172.192626953125,89.31099700927734
-1993.462646484375,-3172.24853515625,89.3071060180664
-1993.85009765625,-3172.302001953125,89.303955078125
-1994.2393798828125,-3172.352783203125,89.30137634277344
-1994.63037109375,-3172.40087890625,89.29882049560547
-1995.023193359375,-3172.446044921875,89.2962875366211
-1995.41748046875,-3172.48828125,89.29344177246094
-1995.8125,-3172.52734375,89.29019165039062
-1996.2081298828125,-3172.56396484375,89.2873306274414
-1996.60400390625,-3172.597412109375,89.28507232666016
-1997.0,-3172.627685546875,89.28301239013672
-1997.396240234375,-3172.654541015625,89.28084564208984
-1997.792236328125,-3172.677978515625,89.27851867675781
-1998.188232421875,-3172.69873046875,89.27623748779297
-1998.584228515625,-3172.716064453125,89.27420806884766
-1998.97998046875,-3172.730224609375,89.2729263305664
-1999.3753662109375,-3172.7412109375,89.27212524414062
-1999.7706298828125,-3172.7490234375,89.27118682861328
-2000.16552734375,-3172.75341796875,89.27013397216797
-2000.5601806640625,-3172.754150390625,89.26881408691406
-2000.954345703125,-3172.751708984375,89.26697540283203
-2001.3477783203125,-3172.74560546875,89.26484680175781
-2001.7408447265625,-3172.736572265625,89.26261901855469
-2002.1334228515625,-3172.724365234375,89.2603530883789
-2002.525390625,-3172.709228515625,89.2586669921875
-2002.9169921875,-3172.690673828125,89.25711059570312
-2003.307861328125,-3172.66845703125,89.25526428222656
-2003.698486328125,-3172.643310546875,89.25318145751953
-2004.088623046875,-3172.614501953125,89.25084686279297
-2004.47802734375,-3172.582763671875,89.24807739257812
-2004.866943359375,-3172.547607421875,89.24532318115234
-2005.255126953125,-3172.50927734375,89.24349212646484
-2005.642578125,-3172.4677734375,89.24190521240234
-2006.029296875,-3172.423095703125,89.24026489257812
-2006.415283203125,-3172.374755859375,89.23888397216797
-2006.8006591796875,-3172.323486328125,89.23754119873047
-2007.185302734375,-3172.26904296875,89.23590850830078
-2007.569091796875,-3172.210693359375,89.23381805419922
-2007.9520263671875,-3172.1494140625,89.23153686523438
-2008.3341064453125,-3172.0849609375,89.22900390625
-2008.7156982421875,-3172.017578125,89.22671508789062
-2009.0966796875,-3171.947021484375,89.2248764038086
-2009.47705078125,-3171.872802734375,89.22309875488281
-2009.8568115234375,-3171.795654296875,89.22134399414062
-2010.236328125,-3171.71484375,89.21923828125
-2010.6153564453125,-3171.631103515625,89.21668243408203
-2010.993896484375,-3171.54443359375,89.21395111083984
-2011.3717041015625,-3171.453857421875,89.21180725097656
-2011.7490234375,-3171.360595703125,89.2099609375
-2012.1258544921875,-3171.263671875,89.20794677734375
-2012.501953125,-3171.1640625,89.20641326904297
-2012.8773193359375,-3171.061279296875,89.20532989501953
-2013.252197265625,-3170.955078125,89.20415496826172
-2013.6263427734375,-3170.845703125,89.20297241210938
-2013.9998779296875,-3170.733154296875,89.20207214355469
-2014.37255859375,-3170.6171875,89.20111083984375
-2014.744873046875,-3170.498291015625,89.2000961303711
-2015.1162109375,-3170.375732421875,89.19956970214844
-2015.486572265625,-3170.25,89.19923400878906
-2015.85595703125,-3170.12060546875,89.19866943359375
-2016.22412109375,-3169.987548828125,89.19773864746094
-2016.5911865234375,-3169.85107421875,89.19648742675781
-2016.956787109375,-3169.711181640625,89.19496154785156
-2017.321044921875,-3169.5673828125,89.19368743896484
-2017.683837890625,-3169.420654296875,89.19269561767578
-2018.045166015625,-3169.2705078125,89.19170379638672
-2018.4052734375,-3169.116943359375,89.19073486328125
-2018.763916015625,-3168.959716796875,89.18934631347656
-2019.12109375,-3168.799072265625,89.18745422363281
-2019.4765625,-3168.63525390625,89.18563079833984
-2019.830810546875,-3168.467529296875,89.18428039550781
-2020.183349609375,-3168.297119140625,89.18289947509766
-2020.5345458984375,-3168.123291015625,89.1812973022461
-2020.884033203125,-3167.946044921875,89.17998504638672
-2021.231689453125,-3167.765625,89.17865753173828
-2021.577880859375,-3167.581787109375,89.17710876464844
-2021.9224853515625,-3167.39453125,89.17571258544922
-2022.2652587890625,-3167.203857421875,89.17445373535156
-2022.6065673828125,-3167.01025390625,89.17308807373047
-2022.9464111328125,-3166.813232421875,89.1719970703125
-2023.2850341796875,-3166.61328125,89.17127227783203
-2023.6221923828125,-3166.409912109375,89.17046356201172
-2023.9578857421875,-3166.203857421875,89.16983795166016
-2024.2923583984375,-3165.994384765625,89.16910552978516
-2024.6251220703125,-3165.781494140625,89.16803741455078
-2024.9561767578125,-3165.5654296875,89.1668472290039
-2025.2857666015625,-3165.346435546875,89.16609954833984
-2025.61328125,-3165.1240234375,89.16545104980469
-2025.9393310546875,-3164.8984375,89.16464233398438
-2026.2635498046875,-3164.669677734375,89.16412353515625
-2026.5859375,-3164.437744140625,89.16364288330078
-2026.9063720703125,-3164.202392578125,89.16303253173828
-2027.224853515625,-3163.96435546875,89.16268157958984
-2027.541259765625,-3163.722900390625,89.16242980957031
-2027.855712890625,-3163.478271484375,89.16195678710938
-2028.1678466796875,-3163.22998046875,89.16132354736328
-2028.47802734375,-3162.978759765625,89.16053009033203
-2028.7861328125,-3162.72509765625,89.1593017578125
-2029.092041015625,-3162.4677734375,89.158203125
-2029.395751953125,-3162.207275390625,89.15721130371094
-2029.6973876953125,-3161.944091796875,89.1561279296875
-2029.9969482421875,-3161.677978515625,89.15534210205078
-2030.2943115234375,-3161.40869140625,89.15477752685547
-2030.5894775390625,-3161.135986328125,89.15400695800781
-2030.88232421875,-3160.8603515625,89.15309143066406
-2031.172607421875,-3160.58203125,89.15245819091797
-2031.46044921875,-3160.30078125,89.15170288085938
-2031.74609375,-3160.016845703125,89.15089416503906
-2032.0294189453125,-3159.730712890625,89.1509017944336
-2032.3101806640625,-3159.441650390625,89.15122985839844
-2032.588623046875,-3159.149658203125,89.15167999267578
-2032.864990234375,-3158.85546875,89.15211486816406
-2033.139404296875,-3158.558349609375,89.15234375
-2033.4112548828125,-3158.2587890625,89.15233612060547
-2033.680908203125,-3157.956787109375,89.15254974365234
-2033.9482421875,-3157.65234375,89.15290069580078
-2034.2132568359375,-3157.34521484375,89.15326690673828
-2034.4757080078125,-3157.035888671875,89.15372467041016
-2034.7359619140625,-3156.72412109375,89.15396881103516
-2034.9937744140625,-3156.409912109375,89.15380859375
-2035.2491455078125,-3156.09326171875,89.1531982421875
-2035.5023193359375,-3155.77490234375,89.1524658203125
-2035.75341796875,-3155.4541015625,89.15192413330078
-2036.00244140625,-3155.130859375,89.15203857421875
-2036.2489013671875,-3154.805419921875,89.1524887084961
-2036.4925537109375,-3154.477783203125,89.15291595458984
-2036.73388671875,-3154.147216796875,89.15342712402344
-2036.9727783203125,-3153.814453125,89.15380859375
-2037.208984375,-3153.4794921875,89.15416717529297
-2037.442138671875,-3153.14208984375,89.1546401977539
-2037.672607421875,-3152.802734375,89.15586853027344
-2037.9000244140625,-3152.461181640625,89.15741729736328
-2038.1246337890625,-3152.11767578125,89.15911865234375
-2038.3460693359375,-3151.77197265625,89.16106414794922
-2038.5650634765625,-3151.4248046875,89.16285705566406
-2038.7813720703125,-3151.075439453125,89.16471099853516
-2038.994873046875,-3150.72412109375,89.16664123535156
-2039.205322265625,-3150.37060546875,89.16844177246094
-2039.4130859375,-3150.015380859375,89.17024230957031
-2039.6181640625,-3149.657958984375,89.17185974121094
-2039.8206787109375,-3149.299072265625,89.17308807373047
-2040.0201416015625,-3148.93798828125,89.17435455322266
-2040.216796875,-3148.5751953125,89.17599487304688
-2040.410400390625,-3148.21044921875,89.1777114868164
-2040.600341796875,-3147.84326171875,89.17926788330078
-2040.787353515625,-3147.474609375,89.18079376220703
-2040.9715576171875,-3147.1044921875,89.18196105957031
-2041.15283203125,-3146.732421875,89.18328094482422
-2041.3311767578125,-3146.358642578125,89.18521118164062
-2041.505859375,-3145.983154296875,89.18702697753906
-2041.677490234375,-3145.60595703125,89.18881225585938
-2041.8455810546875,-3145.22705078125,89.19054412841797
-2042.0103759765625,-3144.846435546875,89.1920394897461
-2042.1719970703125,-3144.464111328125,89.19357299804688
-2042.329833984375,-3144.080322265625,89.19578552246094
-2042.484130859375,-3143.69482421875,89.19815826416016
-2042.635009765625,-3143.307861328125,89.20039367675781
-2042.7825927734375,-3142.91943359375,89.2026138305664
-2042.92626953125,-3142.529296875,89.20480346679688
-2043.0660400390625,-3142.137451171875,89.20730590820312
-2043.2020263671875,-3141.744140625,89.21023559570312
-2043.334716796875,-3141.349609375,89.21319580078125
-2043.4632568359375,-3140.953857421875,89.21612548828125
-2043.5882568359375,-3140.55615234375,89.2190170288086
-2043.70947265625,-3140.157958984375,89.22175598144531
-2043.826904296875,-3139.75830078125,89.22476196289062
-2043.9405517578125,-3139.357421875,89.22840881347656
-2044.0504150390625,-3138.95556640625,89.23217010498047
-2044.1566162109375,-3138.55224609375,89.23555755615234
-2044.2586669921875,-3138.14794921875,89.2384262084961
-2044.357177734375,-3137.742431640625,89.24105072021484
-2044.4515380859375,-3137.336181640625,89.24394226074219
-2044.5419921875,-3136.928466796875,89.24717712402344
-2044.62841796875,-3136.5205078125,89.25048828125
-2044.710205078125,-3136.111083984375,89.25350952148438
-2044.7879638671875,-3135.700927734375,89.2555923461914
-2044.8619384765625,-3135.2900390625,89.25704193115234
-2044.9322509765625,-3134.878173828125,89.25910186767578
-2044.998291015625,-3134.465576171875,89.26197814941406
-2045.060546875,-3134.052001953125,89.26495361328125
-2045.1185302734375,-3133.637939453125,89.26789093017578
-2045.17236328125,-3133.222900390625,89.27030944824219
-2045.2222900390625,-3132.80712890625,89.27204895019531
-2045.2684326171875,-3132.390869140625,89.27366638183594
-2045.3104248046875,-3131.974365234375,89.27637481689453
-2045.3482666015625,-3131.557373046875,89.27947235107422
-2045.382080078125,-3131.139892578125,89.28234100341797
-2045.4119873046875,-3130.722412109375,89.28543090820312
-2045.4376220703125,-3130.304443359375,89.28840637207031
-2045.4591064453125,-3129.8857421875,89.29132080078125
-2045.4765625,-3129.46728515625,89.2950668334961
-2045.489990234375,-3129.04833984375,89.29911041259766
-2045.4986572265625,-3128.629150390625,89.3031005859375
-2045.5035400390625,-3128.20947265625,89.30757904052734
-2045.504150390625,-3127.7900390625,89.31202697753906
-2045.5006103515625,-3127.37060546875,89.31584167480469
-2045.4925537109375,-3126.951416015625,89.31990051269531
-2045.4803466796875,-3126.5322265625,89.323974609375
-2045.46435546875,-3126.11328125,89.32799530029297
-2045.4437255859375,-3125.694580078125,89.33228302001953
-2045.4188232421875,-3125.276123046875,89.33665466308594
-2045.3902587890625,-3124.857666015625,89.34085845947266
-2045.357421875,-3124.439453125,89.34466552734375
-2045.320068359375,-3124.021240234375,89.34815979003906
-2045.2786865234375,-3123.603759765625,89.35147094726562
-2045.2332763671875,-3123.186279296875,89.3546371459961
-2045.1834716796875,-3122.76904296875,89.35753631591797
-2045.1302490234375,-3122.352294921875,89.36115264892578
-2045.0728759765625,-3121.935791015625,89.36599731445312
-2045.0115966796875,-3121.519775390625,89.37181091308594
-2044.946044921875,-3121.10400390625,89.37849426269531
-2044.8760986328125,-3120.688720703125,89.3854751586914
-2044.802001953125,-3120.2744140625,89.39220428466797
-2044.723388671875,-3119.860595703125,89.39810180664062
-2044.640869140625,-3119.44873046875,89.40425109863281
-2044.5543212890625,-3119.037841796875,89.41072082519531
-2044.4642333984375,-3118.6279296875,89.4176254272461
-2044.37060546875,-3118.21875,89.4247817993164
-2044.2730712890625,-3117.810546875,89.43184661865234
-2044.1717529296875,-3117.40283203125,89.43854522705078
-2044.067138671875,-3116.995361328125,89.44400024414062
-2043.9588623046875,-3116.588623046875,89.44850158691406
-2043.846923828125,-3116.18212890625,89.45282745361328
-2043.731689453125,-3115.776611328125,89.45738983154297
-2043.6129150390625,-3115.3720703125,89.46182250976562
-2043.4908447265625,-3114.968505859375,89.46637725830078
-2043.3651123046875,-3114.56591796875,89.47132110595703
-2043.2359619140625,-3114.1650390625,89.47626495361328
-2043.1033935546875,-3113.76513671875,89.48109436035156
-2042.96728515625,-3113.3662109375,89.48584747314453
-2042.8277587890625,-3112.968505859375,89.49041748046875
-2042.6856689453125,-3112.571533203125,89.49531555175781
-2042.539794921875,-3112.175537109375,89.50050354003906
-2042.3905029296875,-3111.781005859375,89.50572967529297
-2042.23828125,-3111.386962890625,89.51095581054688
-2042.0826416015625,-3110.993896484375,89.51599884033203
-2041.9234619140625,-3110.602294921875,89.52095794677734
-2041.760986328125,-3110.211181640625,89.52647399902344
-2041.595458984375,-3109.821533203125,89.53245544433594
-2041.426513671875,-3109.43310546875,89.53854370117188
-2041.25390625,-3109.045654296875,89.54501342773438
-2041.078369140625,-3108.65966796875,89.55156707763672
-2040.899169921875,-3108.274658203125,89.55789184570312
-2040.716796875,-3107.891357421875,89.56466674804688
-2040.531005859375,-3107.509521484375,89.5716323852539
-2040.3419189453125,-3107.12939453125,89.57839965820312
-2040.149169921875,-3106.75048828125,89.5853500366211
-2039.9532470703125,-3106.372802734375,89.5923080444336
-2039.75390625,-3105.99658203125,89.59906005859375
-2039.5513916015625,-3105.6220703125,89.60588073730469
-2039.3453369140625,-3105.24853515625,89.61258697509766
-2039.135498046875,-3104.877197265625,89.61924743652344
-2038.921875,-3104.507080078125,89.6260757446289
-2038.7049560546875,-3104.138427734375,89.63280487060547
-2038.48486328125,-3103.771484375,89.63935852050781
-2038.2611083984375,-3103.406494140625,89.64607238769531
-2038.0338134765625,-3103.043212890625,89.6524887084961
-2037.8031005859375,-3102.681640625,89.65876770019531
-2037.568603515625,-3102.322509765625,89.66529846191406
-2037.3306884765625,-3101.964599609375,89.6718978881836
-2037.08935546875,-3101.609130859375,89.67842864990234
-2036.8447265625,-3101.255126953125,89.68507385253906
-2036.59619140625,-3100.903076171875,89.69151306152344
-2036.3441162109375,-3100.55322265625,89.69759368896484
-2036.0887451171875,-3100.205078125,89.70343780517578
-2035.829833984375,-3099.85888671875,89.70912170410156
-2035.5673828125,-3099.514892578125,89.71488189697266
-2035.3013916015625,-3099.173095703125,89.7205581665039
-2035.0323486328125,-3098.833740234375,89.72590637207031
-2034.760009765625,-3098.496337890625,89.73109436035156
-2034.484375,-3098.16064453125,89.7360610961914
-2034.2054443359375,-3097.826904296875,89.74077606201172
-2033.923095703125,-3097.495361328125,89.74545288085938
-2033.6376953125,-3097.166015625,89.75023651123047
-2033.3492431640625,-3096.838623046875,89.75479888916016
-2033.0576171875,-3096.512939453125,89.75912475585938
-2032.76318359375,-3096.189208984375,89.76367950439453
-2032.4659423828125,-3095.866943359375,89.76822662353516
-2032.166015625,-3095.547119140625,89.77273559570312
-2031.8631591796875,-3095.228515625,89.77751922607422
-2031.5582275390625,-3094.911865234375,89.78242492675781
-2031.2508544921875,-3094.5966796875,89.78724670410156
-2030.94140625,-3094.282958984375,89.79241180419922
-2030.6300048828125,-3093.970703125,89.79766082763672
-2030.316650390625,-3093.659423828125,89.80294036865234
-2030.0018310546875,-3093.348876953125,89.80821990966797
-2029.685546875,-3093.038818359375,89.8135757446289
-2029.3680419921875,-3092.7294921875,89.81875610351562
-2029.0494384765625,-3092.42041015625,89.8236083984375
-2028.72998046875,-3092.111572265625,89.82840728759766
-2028.4095458984375,-3091.802734375,89.8332748413086
-2028.0880126953125,-3091.493896484375,89.8386001586914
-2027.7655029296875,-3091.18505859375,89.84410858154297
-2027.44189453125,-3090.87646484375,89.84960174560547
-2027.1173095703125,-3090.5673828125,89.85484313964844
-2026.7916259765625,-3090.259033203125,89.85952758789062
-2026.4654541015625,-3089.949951171875,89.86394500732422
-2026.138671875,-3089.64111328125,89.8686294555664
-2025.8114013671875,-3089.33203125,89.87342834472656
-2025.4837646484375,-3089.022216796875,89.8786392211914
-2025.155517578125,-3088.7119140625,89.8843994140625
-2024.8270263671875,-3088.40087890625,89.89019775390625
-2024.498291015625,-3088.089111328125,89.89594268798828
-2024.16943359375,-3087.776611328125,89.901611328125
-2023.84033203125,-3087.463134765625,89.90721130371094
-2023.5115966796875,-3087.148681640625,89.91304779052734
-2023.18310546875,-3086.833251953125,89.91943359375
-2022.8546142578125,-3086.516845703125,89.9261245727539
-2022.5262451171875,-3086.199951171875,89.93293762207031
-2022.1981201171875,-3085.881591796875,89.93975830078125
-2021.870361328125,-3085.562255859375,89.94645690917969
-2021.543212890625,-3085.24169921875,89.95301055908203
-2021.2159423828125,-3084.91943359375,89.95999908447266
-2020.888916015625,-3084.595703125,89.9675064086914
-2020.5618896484375,-3084.27099609375,89.97504425048828
-2020.23486328125,-3083.9453125,89.98251342773438
-2019.9078369140625,-3083.617919921875,89.98985290527344
-2019.5809326171875,-3083.28955078125,89.99720001220703
-2019.253662109375,-3082.960205078125,90.00492095947266
-2018.9261474609375,-3082.630615234375,90.0130386352539
-2018.5980224609375,-3082.2998046875,90.02123260498047
-2018.26953125,-3081.96826171875,90.02953338623047
-2017.9405517578125,-3081.6357421875,90.03793334960938
-2017.611083984375,-3081.302490234375,90.0464096069336
-2017.28076171875,-3080.968505859375,90.05484771728516
-2016.94970703125,-3080.634033203125,90.06317138671875
-2016.6180419921875,-3080.29833984375,90.07134246826172
-2016.2857666015625,-3079.962158203125,90.07945251464844
-2015.952880859375,-3079.624267578125,90.08760833740234
-2015.6195068359375,-3079.28564453125,90.09590911865234
-2015.28515625,-3078.946044921875,90.1043701171875
-2014.9500732421875,-3078.6044921875,90.11287689208984
-2014.61376953125,-3078.262451171875,90.12140655517578
-2014.276611328125,-3077.918212890625,90.13008880615234
-2013.9385986328125,-3077.57275390625,90.13897705078124
-2013.599365234375,-3077.225341796875,90.14797973632812
-2013.2589111328125,-3076.876953125,90.15711212158205
-2012.9171142578125,-3076.526123046875,90.16636657714844
-2012.5738525390625,-3076.174072265625,90.17578125
-2012.22900390625,-3075.8203125,90.18548583984376
-2011.8822021484375,-3075.46435546875,90.19540405273438
-2011.53369140625,-3075.1064453125,90.20560455322266
-2011.183349609375,-3074.74658203125,90.2158660888672
-2010.8310546875,-3074.384521484375,90.2259292602539
-2010.476806640625,-3074.020751953125,90.23576354980467
-2010.1202392578125,-3073.6552734375,90.2456512451172
-2009.76171875,-3073.287353515625,90.25584411621094
-2009.401123046875,-3072.9169921875,90.26620483398438
-2009.0384521484375,-3072.544189453125,90.27640533447266
-2008.6734619140625,-3072.16943359375,90.28646087646484
-2008.30615234375,-3071.79248046875,90.29641723632812
-2007.9366455078125,-3071.4130859375,90.30644989013672
-2007.5645751953125,-3071.031494140625,90.3165512084961
-2007.1903076171875,-3070.647705078125,90.32699584960938
-2006.813720703125,-3070.26171875,90.33772277832033
-2006.4349365234375,-3069.873291015625,90.3486099243164
-2006.053466796875,-3069.48291015625,90.35964965820312
-2005.669677734375,-3069.090576171875,90.37114715576172
-2005.2833251953125,-3068.696533203125,90.38304138183594
-2004.8941650390625,-3068.300537109375,90.39517974853516
-2004.5023193359375,-3067.9033203125,90.40746307373048
-2004.107666015625,-3067.504150390625,90.4199447631836
-2003.7100830078125,-3067.10400390625,90.43270111083984
-2003.3095703125,-3066.70263671875,90.44544982910156
-2002.9061279296875,-3066.2998046875,90.45795440673828
-2002.499755859375,-3065.8955078125,90.47021484375
-2002.09033203125,-3065.48974609375,90.48239135742188
-2001.67822265625,-3065.0830078125,90.4947509765625
-2001.26318359375,-3064.674072265625,90.50726318359376
-2000.845458984375,-3064.26416015625,90.5195770263672
-2000.4249267578125,-3063.8525390625,90.53177642822266
-2000.001708984375,-3063.43994140625,90.54402923583984
-1999.5762939453125,-3063.025146484375,90.55656433105467
-1999.1484375,-3062.60888671875,90.56927490234376
-1998.71826171875,-3062.190673828125,90.58226776123048
-1998.2861328125,-3061.77001953125,90.59539031982422
-1997.8516845703125,-3061.347900390625,90.6086196899414
-1997.4149169921875,-3060.92333984375,90.62213134765624
-1996.9765625,-3060.496826171875,90.63607025146484
-1996.5362548828125,-3060.068115234375,90.65039825439452
-1996.0941162109375,-3059.6376953125,90.664794921875
-1995.6505126953125,-3059.20458984375,90.67926025390624
-1995.205078125,-3058.77001953125,90.69396209716795
-1994.757568359375,-3058.332763671875,90.7089614868164
-1994.30859375,-3057.8935546875,90.72386932373048
-1993.85791015625,-3057.4521484375,90.738525390625
-1993.405029296875,-3057.008544921875,90.75334167480467
-1992.950439453125,-3056.5625,90.76893615722656
-1992.494384765625,-3056.114013671875,90.78465270996094
-1992.036376953125,-3055.6640625,90.80032348632812
-1991.5760498046875,-3055.212158203125,90.81627655029295
-1991.1141357421875,-3054.758544921875,90.83287048339844
-1990.650634765625,-3054.302734375,90.84984588623048
-1990.1851806640625,-3053.844970703125,90.86737823486328
-1989.7178955078125,-3053.38525390625,90.8852996826172
-1989.2490234375,-3052.923583984375,90.90332794189452
-1988.7784423828125,-3052.460205078125,90.92133331298828
-1988.3065185546875,-3051.99462890625,90.93971252441406
-1987.833251953125,-3051.527099609375,90.9583511352539
-1987.3583984375,-3051.057373046875,90.97674560546876
-1986.8819580078125,-3050.58642578125,90.99462127685548
-1986.404296875,-3050.11279296875,91.01212310791016
-1985.9254150390625,-3049.63671875,91.02918243408205
-1985.44482421875,-3049.15869140625,91.04551696777344
-1984.962890625,-3048.677978515625,91.06139373779295
-1984.4794921875,-3048.1943359375,91.07711029052734
-1983.994873046875,-3047.70947265625,91.09185028076172
-1983.5089111328125,-3047.222412109375,91.1055679321289
-1983.0225830078125,-3046.732666015625,91.119873046875
-1982.5355224609375,-3046.239501953125,91.1349868774414
-1982.046875,-3045.743896484375,91.1505355834961
-1981.556396484375,-3045.24609375,91.16655731201172
-1981.06591796875,-3044.74560546875,91.18445587158205
-1980.5743408203125,-3044.2431640625,91.20435333251952
-1980.0809326171875,-3043.740234375,91.22515106201172
-1979.5865478515625,-3043.236572265625,91.24691772460938
-1979.0906982421875,-3042.731201171875,91.26898193359376
-1978.5931396484375,-3042.224609375,91.2912826538086
-1978.09423828125,-3041.716552734375,91.31291198730467
-1977.593994140625,-3041.20654296875,91.33439636230467
-1977.092529296875,-3040.6943359375,91.3558578491211
-1976.5897216796875,-3040.180908203125,91.37738037109376
-1976.0855712890625,-3039.66552734375,91.39929962158205
-1975.5799560546875,-3039.1494140625,91.42149353027344
-1975.07275390625,-3038.632568359375,91.44383239746094
-1974.5643310546875,-3038.114990234375,91.46611785888672
-1974.0545654296875,-3037.59619140625,91.48916625976562
-1973.543212890625,-3037.076904296875,91.51261138916016
-1973.0302734375,-3036.556884765625,91.5362777709961
-1972.5159912109375,-3036.03662109375,91.55970764160156
-1972.0003662109375,-3035.51806640625,91.58300018310548
-1971.4840087890625,-3034.99951171875,91.60618591308594
-1970.9669189453125,-3034.48095703125,91.62928009033205
-1970.44873046875,-3033.96240234375,91.65281677246094
-1969.92919921875,-3033.44384765625,91.6761245727539
-1969.40869140625,-3032.92578125,91.69947052001952
-1968.8875732421875,-3032.408203125,91.7229995727539
-1968.3660888671875,-3031.89208984375,91.7470474243164
-1967.843994140625,-3031.377197265625,91.77176666259766
-1967.3216552734375,-3030.862548828125,91.79740142822266
-1966.7984619140625,-3030.348876953125,91.82329559326172
-1966.274169921875,-3029.83642578125,91.84844207763672
-1965.7496337890625,-3029.324951171875,91.87353515625
-1965.2247314453125,-3028.814208984375,91.89860534667967
-1964.699951171875,-3028.304443359375,91.92400360107422
-1964.174560546875,-3027.795166015625,91.94891357421876
-1963.64892578125,-3027.2861328125,91.9735870361328
-1963.1234130859375,-3026.777099609375,91.99845886230467
-1962.5982666015625,-3026.268310546875,92.02377319335938
-1962.0731201171875,-3025.75927734375,92.04925537109376
-1961.548095703125,-3025.251220703125,92.07454681396484
-1961.0240478515625,-3024.74267578125,92.10033416748048
-1960.50048828125,-3024.234619140625,92.1269073486328
-1959.9774169921875,-3023.725830078125,92.15364837646484
-1959.4547119140625,-3023.217041015625,92.17987823486328
-1958.9324951171875,-3022.708251953125,92.20567321777344
-1958.4110107421875,-3022.198974609375,92.23168182373048
-1957.890380859375,-3021.689208984375,92.25809478759766
-1957.37060546875,-3021.178466796875,92.28446197509766
-1956.851318359375,-3020.66748046875,92.31047058105467
-1956.3326416015625,-3020.155517578125,92.33682250976562
-1955.8148193359375,-3019.6435546875,92.36341857910156
-1955.2978515625,-3019.13037109375,92.39044952392578
-1954.7813720703125,-3018.616943359375,92.41796112060548
-1954.265625,-3018.103271484375,92.44568634033205
-1953.750244140625,-3017.58935546875,92.47330474853516
-1953.2353515625,-3017.075927734375,92.50116729736328
-1952.7210693359375,-3016.561767578125,92.5291748046875
-1952.207275390625,-3016.04736328125,92.55755615234376
-1951.6937255859375,-3015.532470703125,92.58648681640624
-1951.18017578125,-3015.017578125,92.6155776977539
-1950.666748046875,-3014.50341796875,92.64434051513672
-1950.1539306640625,-3013.989013671875,92.67366790771484
-1949.6417236328125,-3013.47509765625,92.7040557861328
-1949.1297607421875,-3012.9609375,92.73518371582033
-1948.617431640625,-3012.446533203125,92.7659149169922
-1948.10498046875,-3011.932861328125,92.7957000732422
-1947.592529296875,-3011.419921875,92.82492065429688
-1947.08056640625,-3010.90673828125,92.85399627685548
-1946.56884765625,-3010.393310546875,92.88343811035156
-1946.056884765625,-3009.87939453125,92.9123077392578
-1945.544921875,-3009.36474609375,92.94060516357422
-1945.0330810546875,-3008.85009765625,92.96904754638672
-1944.521728515625,-3008.33447265625,92.99846649169922
-1944.010986328125,-3007.818115234375,93.02922821044922
-1943.500244140625,-3007.3017578125,93.06134796142578
-1942.989013671875,-3006.784912109375,93.0938949584961
-1942.478271484375,-3006.268310546875,93.12730407714844
-1941.967529296875,-3005.751708984375,93.16155242919922
-1941.456787109375,-3005.235595703125,93.1959228515625
-1940.9456787109375,-3004.719482421875,93.22972106933594
-1940.4346923828125,-3004.20263671875,93.26356506347656
-1939.9234619140625,-3003.685302734375,93.29728698730467
-1939.41162109375,-3003.16748046875,93.32994079589844
-1938.89990234375,-3002.6494140625,93.36229705810548
-1938.388671875,-3002.130615234375,93.39514923095705
-1937.8775634765625,-3001.611083984375,93.4285888671875
-1937.3662109375,-3001.09130859375,93.46241760253906
-1936.8548583984375,-3000.570556640625,93.49690246582033
-1936.34326171875,-3000.050048828125,93.53182220458984
-1935.83154296875,-2999.529541015625,93.56710815429688
-1935.3201904296875,-2999.00927734375,93.6032943725586
-1934.808837890625,-2998.489013671875,93.64057159423828
-1934.297119140625,-2997.96875,93.67829895019533
-1933.78466796875,-2997.449462890625,93.71554565429688
-1933.2718505859375,-2996.9306640625,93.75247955322266
-1932.7589111328125,-2996.412841796875,93.78910064697266
-1932.245849609375,-2995.895751953125,93.82546997070312
-1931.7322998046875,-2995.379150390625,93.8614501953125
-1931.218505859375,-2994.86279296875,93.89703369140624
-1930.7042236328125,-2994.346923828125,93.9320068359375
-1930.1898193359375,-2993.832275390625,93.96646881103516
-1929.6754150390625,-2993.318115234375,94.00115203857422
-1929.1612548828125,-2992.804931640625,94.03634643554688
-1928.64697265625,-2992.292236328125,94.072021484375
-1928.1324462890625,-2991.78076171875,94.10828399658205
-1927.6177978515625,-2991.27001953125,94.14514923095705
-1927.1026611328125,-2990.7607421875,94.18244934082033
-1926.587646484375,-2990.252685546875,94.22036743164062
-1926.072509765625,-2989.74609375,94.25897979736328
-1925.5572509765625,-2989.24072265625,94.29824829101562
-1925.041748046875,-2988.736572265625,94.33755493164062
-1924.52587890625,-2988.233154296875,94.376220703125
-1924.0103759765625,-2987.730712890625,94.41455078125
-1923.495361328125,-2987.2294921875,94.45270538330078
-1922.980712890625,-2986.728271484375,94.49066925048828
-1922.4664306640625,-2986.227294921875,94.52840423583984
-1921.9525146484375,-2985.726806640625,94.565673828125
-1921.43896484375,-2985.226318359375,94.60238647460938
-1920.92626953125,-2984.726318359375,94.63861846923828
-1920.41455078125,-2984.22607421875,94.67505645751952
-1919.9036865234375,-2983.725341796875,94.71205139160156
-1919.3936767578125,-2983.224609375,94.74937438964844
-1918.8841552734375,-2982.723876953125,94.78688049316406
-1918.3751220703125,-2982.222900390625,94.8249740600586
-1917.8668212890625,-2981.721923828125,94.86375427246094
-1917.359375,-2981.221923828125,94.9030532836914
-1916.852783203125,-2980.7216796875,94.94310760498048
-1916.3466796875,-2980.2216796875,94.984130859375
-1915.840576171875,-2979.721923828125,95.0250244140625
-1915.3345947265625,-2979.222900390625,95.06509399414062
-1914.8291015625,-2978.72412109375,95.10488891601562
-1914.3240966796875,-2978.224853515625,95.14453887939452
-1913.8194580078125,-2977.725830078125,95.18366241455078
-1913.3150634765625,-2977.225830078125,95.22232818603516
-1912.8109130859375,-2976.725341796875,95.26077270507812
-1912.3067626953125,-2976.224609375,95.29837036132812
-1911.802978515625,-2975.72314453125,95.33566284179688
-1911.2998046875,-2975.220458984375,95.37346649169922
-1910.796875,-2974.717041015625,95.4118423461914
-1910.2935791015625,-2974.2119140625,95.4507064819336
-1909.790283203125,-2973.705322265625,95.49039459228516
-1909.2861328125,-2973.197265625,95.53067016601562
-1908.78173828125,-2972.688720703125,95.57160186767578
-1908.27685546875,-2972.1787109375,95.6135711669922
-1907.771240234375,-2971.666748046875,95.6565933227539
-1907.264892578125,-2971.153564453125,95.70011901855467
-1906.7574462890625,-2970.638427734375,95.7436065673828
-1906.2491455078125,-2970.122314453125,95.78665161132812
-1905.7403564453125,-2969.60498046875,95.82937622070312
-1905.23095703125,-2969.085693359375,95.87177276611328
-1904.7210693359375,-2968.56494140625,95.91385650634766
-1904.210693359375,-2968.04248046875,95.9555206298828
-1903.699951171875,-2967.519287109375,95.99667358398438
-1903.1895751953125,-2966.9951171875,96.03731536865234
-1902.6795654296875,-2966.470703125,96.07788848876952
-1902.17041015625,-2965.9462890625,96.11904907226562
-1901.66162109375,-2965.42236328125,96.16064453125
-1901.1534423828125,-2964.8984375,96.20252227783205
-1900.645751953125,-2964.37548828125,96.24494171142578
-1900.1385498046875,-2963.85302734375,96.28807067871094
-1899.631591796875,-2963.33203125,96.33143615722656
-1899.125244140625,-2962.81201171875,96.3755874633789
-1898.619384765625,-2962.293212890625,96.42079162597656
-1898.113525390625,-2961.775634765625,96.46620178222656
-1897.6072998046875,-2961.259765625,96.51089477539062
-1897.1015625,-2960.7451171875,96.5552978515625
-1896.595947265625,-2960.23193359375,96.59982299804688
-1896.0906982421875,-2959.72021484375,96.64437103271484
-1895.585693359375,-2959.209716796875,96.68843841552734
-1895.08056640625,-2958.7001953125,96.73189544677734
-1894.5758056640625,-2958.1923828125,96.77510833740234
-1894.0714111328125,-2957.685546875,96.81828308105467
-1893.5673828125,-2957.179931640625,96.861083984375
-1893.06396484375,-2956.67529296875,96.90408325195312
-1892.5611572265625,-2956.17138671875,96.9476547241211
-1892.0587158203125,-2955.668701171875,96.99177551269533
-1891.556396484375,-2955.1669921875,97.03595733642578
-1891.0543212890625,-2954.667236328125,97.08035278320312
-1890.552734375,-2954.168701171875,97.12493133544922
-1890.0517578125,-2953.671630859375,97.17037200927734
-1889.551025390625,-2953.17578125,97.21605682373048
-1889.050537109375,-2952.680908203125,97.26130676269533
-1888.5501708984375,-2952.18701171875,97.3059539794922
-1888.05029296875,-2951.69482421875,97.35051727294922
-1887.5509033203125,-2951.20361328125,97.39505767822266
-1887.05224609375,-2950.712890625,97.4399185180664
-1886.5537109375,-2950.223876953125,97.48494720458984
-1886.0552978515625,-2949.73583984375,97.5293960571289
-1885.5574951171875,-2949.248779296875,97.57400512695312
-1885.0601806640625,-2948.7626953125,97.61959838867188
-1884.5634765625,-2948.27734375,97.66585540771484
-1884.067138671875,-2947.79296875,97.71212768554688
-1883.571533203125,-2947.3095703125,97.75899505615234
-1883.0765380859375,-2946.827392578125,97.80657196044922
-1882.58203125,-2946.3466796875,97.85374450683594
-1882.0888671875,-2945.8662109375,97.90097045898438
-1881.5968017578125,-2945.385986328125,97.94892120361328
-1881.105712890625,-2944.906494140625,97.99694061279295
-1880.614990234375,-2944.427490234375,98.04397583007812
-1880.1258544921875,-2943.948486328125,98.09183502197266
-1879.6378173828125,-2943.470458984375,98.1399154663086
-1879.15087890625,-2942.993408203125,98.18785095214844
-1878.6649169921875,-2942.5166015625,98.23548889160156
-1878.1800537109375,-2942.040771484375,98.2826156616211
-1877.6964111328125,-2941.565185546875,98.32926940917967
-1877.213623046875,-2941.08935546875,98.37562561035156
-1876.731689453125,-2940.6142578125,98.42134857177734
-1876.25048828125,-2940.13916015625,98.4662628173828
-1875.7706298828125,-2939.6640625,98.5108413696289
-1875.292236328125,-2939.18896484375,98.55574035644533
-1874.81494140625,-2938.713623046875,98.60123443603516
-1874.3387451171875,-2938.23828125,98.6470947265625
-1873.86328125,-2937.762451171875,98.6933135986328
-1873.3887939453125,-2937.286865234375,98.73976135253906
-1872.9151611328125,-2936.811767578125,98.78672790527344
-1872.4425048828125,-2936.3369140625,98.83444213867188
-1871.970947265625,-2935.8623046875,98.8827896118164
-1871.5001220703125,-2935.3876953125,98.93154907226562
-1871.0296630859375,-2934.913330078125,98.98045349121094
-1870.5599365234375,-2934.439453125,99.02890014648438
-1870.09033203125,-2933.96630859375,99.07667541503906
-1869.621826171875,-2933.4931640625,99.1240234375
-1869.1539306640625,-2933.020263671875,99.17096710205078
-1868.6865234375,-2932.546875,99.21744537353516
-1868.219970703125,-2932.073486328125,99.26377868652344
-1867.75390625,-2931.599853515625,99.30977630615234
-1867.2880859375,-2931.126220703125,99.3551788330078
-1866.8233642578125,-2930.652587890625,99.40035247802734
-1866.3597412109375,-2930.179443359375,99.44561767578124
-1865.89697265625,-2929.705810546875,99.4914779663086
-1865.4351806640625,-2929.232421875,99.53829956054688
-1864.9739990234375,-2928.7587890625,99.58567810058594
-1864.51318359375,-2928.285888671875,99.63308715820312
-1864.0531005859375,-2927.813720703125,99.6810531616211
-1863.5938720703125,-2927.342529296875,99.72990417480467
-1863.1353759765625,-2926.872314453125,99.7795181274414
-1862.677490234375,-2926.40234375,99.82951354980467
-1862.219970703125,-2925.933837890625,99.87965393066406
-1861.7625732421875,-2925.46630859375,99.928955078125
-1861.3055419921875,-2925.0,99.97733306884766
-1860.8489990234375,-2924.5341796875,100.02528381347656
-1860.3935546875,-2924.06884765625,100.07391357421876
-1859.938232421875,-2923.604248046875,100.12254333496094
-1859.4825439453125,-2923.14111328125,100.16985321044922
-1859.027587890625,-2922.678466796875,100.21624755859376
-1858.57373046875,-2922.216552734375,100.26348114013672
-1858.1207275390625,-2921.755126953125,100.31180572509766
-1857.667724609375,-2921.294677734375,100.3601531982422
-1857.2154541015625,-2920.834716796875,100.40884399414062
-1856.7635498046875,-2920.3759765625,100.4577178955078
-1856.3125,-2919.91845703125,100.50702667236328
-1855.8624267578125,-2919.461669921875,100.55719757080078
-1855.413330078125,-2919.0068359375,100.60803985595705
-1854.96435546875,-2918.553466796875,100.65838623046876
-1854.5162353515625,-2918.10107421875,100.70787048339844
-1854.0697021484375,-2917.649658203125,100.7576141357422
-1853.6240234375,-2917.198974609375,100.8071746826172
-1853.1790771484375,-2916.74853515625,100.85653686523438
-1852.7349853515625,-2916.299560546875,100.90518188476562
-1852.2916259765625,-2915.851318359375,100.95328521728516
-1851.8497314453125,-2915.40380859375,101.0014877319336
-1851.408935546875,-2914.95703125,101.04998779296876
-1850.969482421875,-2914.510986328125,101.09857177734376
-1850.5306396484375,-2914.066162109375,101.14693450927734
-1850.0928955078125,-2913.621826171875,101.19532775878906
-1849.6561279296875,-2913.178466796875,101.24372100830078
-1849.220458984375,-2912.736083984375,101.29225158691406
-1848.7855224609375,-2912.294677734375,101.34107208251952
-1848.3516845703125,-2911.85400390625,101.3900909423828
-1847.9190673828125,-2911.414306640625,101.43927001953124
-1847.48779296875,-2910.9755859375,101.48924255371094
-1847.0579833984375,-2910.53857421875,101.5400619506836
-1846.63037109375,-2910.103759765625,101.5913543701172
-1846.205810546875,-2909.67236328125,101.64288330078124
-1845.7862548828125,-2909.245361328125,101.69509887695312
-1845.37255859375,-2908.82470703125,101.74777221679688
-1844.9656982421875,-2908.41015625,101.80029296875
-1844.56591796875,-2908.0029296875,101.8520965576172
-1844.17333984375,-2907.6025390625,101.90308380126952
-1843.787109375,-2907.208251953125,101.9526824951172
-1843.406982421875,-2906.820068359375,102.00086975097656
-1843.03271484375,-2906.43701171875,102.04769134521484
-1842.6640625,-2906.05859375,102.09341430664062
-1842.300537109375,-2905.68408203125,102.13838958740234
-1841.9412841796875,-2905.31298828125,102.18233489990234
-1841.5855712890625,-2904.943603515625,102.22531127929688
-1841.232666015625,-2904.575439453125,102.267333984375
-1840.882568359375,-2904.20703125,102.30889129638672
-1840.53466796875,-2903.83837890625,102.3502960205078
-1840.1890869140625,-2903.469482421875,102.3918914794922
-1839.845947265625,-2903.10009765625,102.43384552001952
-1839.5047607421875,-2902.730712890625,102.4758071899414
-1839.1658935546875,-2902.361083984375,102.51785278320312
-1838.82958984375,-2901.990966796875,102.56037902832033
-1838.4959716796875,-2901.620361328125,102.60324096679688
-1838.1646728515625,-2901.249755859375,102.64630126953124
-1837.8358154296875,-2900.87890625,102.6894073486328
-1837.510009765625,-2900.50732421875,102.73255157470705
-1837.1873779296875,-2900.13525390625,102.77556610107422
-1836.8681640625,-2899.761962890625,102.81873321533205
-1836.55224609375,-2899.387939453125,102.8620376586914
-1836.23876953125,-2899.013427734375,102.90499114990234
-1835.928466796875,-2898.638427734375,102.94781494140624
-1835.621337890625,-2898.262451171875,102.990478515625
-1835.3175048828125,-2897.88525390625,103.03287506103516
-1835.016845703125,-2897.5068359375,103.07516479492188
-1834.718994140625,-2897.128173828125,103.1172332763672
-1834.4248046875,-2896.74853515625,103.15901947021484
-1834.134033203125,-2896.367919921875,103.20059204101562
-1833.84716796875,-2895.98583984375,103.24230194091795
-1833.564208984375,-2895.60302734375,103.28411865234376
-1833.28466796875,-2895.21875,103.32586669921876
-1833.0089111328125,-2894.833984375,103.36788940429688
-1832.736328125,-2894.4482421875,103.40985870361328
-1832.4664306640625,-2894.062255859375,103.45158386230467
-1832.1995849609375,-2893.67578125,103.49317169189452
-1831.9354248046875,-2893.288818359375,103.53453826904295
-1831.673828125,-2892.9013671875,103.57603454589844
-1831.41455078125,-2892.513427734375,103.61793518066406
-1831.1573486328125,-2892.125,103.65996551513672
-1830.90185546875,-2891.7353515625,103.70215606689452
-1830.6480712890625,-2891.344970703125,103.74440002441406
-1830.39599609375,-2890.953369140625,103.78655242919922
-1830.1453857421875,-2890.560546875,103.82904815673828
-1829.895751953125,-2890.166748046875,103.8717803955078
-1829.6475830078125,-2889.771484375,103.91471099853516
-1829.3995361328125,-2889.374755859375,103.95769500732422
-1829.15234375,-2888.97607421875,104.00069427490234
-1828.9058837890625,-2888.5751953125,104.04366302490234
-1828.66015625,-2888.172119140625,104.0867691040039
-1828.415771484375,-2887.765625,104.13033294677734
-1828.1727294921875,-2887.35595703125,104.17424774169922
-1827.9307861328125,-2886.943115234375,104.21780395507812
-1827.690185546875,-2886.52685546875,104.26124572753906
-1827.4510498046875,-2886.1064453125,104.30460357666016
-1827.2139892578125,-2885.68212890625,104.3482437133789
-1826.978759765625,-2885.25341796875,104.3925323486328
-1826.7454833984375,-2884.82080078125,104.43707275390624
-1826.5140380859375,-2884.38427734375,104.48147583007812
-1826.2845458984375,-2883.944091796875,104.52584838867188
-1826.0576171875,-2883.5,104.57019805908205
-1825.8333740234375,-2883.052490234375,104.61480712890624
-1825.6116943359375,-2882.6005859375,104.66006469726562
-1825.3919677734375,-2882.14501953125,104.70587921142578
-1825.1739501953125,-2881.68603515625,104.751953125
-1824.9569091796875,-2881.22412109375,104.79811096191406
-1824.7408447265625,-2880.759521484375,104.8437957763672
-1824.52587890625,-2880.292236328125,104.88924407958984
-1824.3116455078125,-2879.82177734375,104.93529510498048
-1824.0989990234375,-2879.34814453125,104.9822006225586
-1823.886962890625,-2878.87255859375,105.0298843383789
-1823.675048828125,-2878.394287109375,105.0771942138672
-1823.4642333984375,-2877.91357421875,105.12409210205078
-1823.254150390625,-2877.430908203125,105.17073059082033
-1823.045654296875,-2876.9453125,105.2182159423828
-1822.8382568359375,-2876.45751953125,105.26632690429688
-1822.6317138671875,-2875.9677734375,105.31461334228516
-1822.426513671875,-2875.476318359375,105.36300659179688
-1822.2225341796875,-2874.983154296875,105.41126251220705
-1822.0208740234375,-2874.48828125,105.46006774902344
-1821.821533203125,-2873.991943359375,105.50946807861328
-1821.623779296875,-2873.495361328125,105.55853271484376
-1821.4283447265625,-2872.99755859375,105.60702514648438
-1821.23583984375,-2872.498046875,105.6551742553711
-1821.046630859375,-2871.9970703125,105.7040023803711
-1820.8599853515625,-2871.494873046875,105.75373077392578
-1820.67529296875,-2870.991455078125,105.80339050292967
-1820.493408203125,-2870.48681640625,105.8525390625
-1820.3145751953125,-2869.98095703125,105.90144348144533
-1820.1396484375,-2869.47412109375,105.95092010498048
-1819.967529296875,-2868.966796875,106.00082397460938
-1819.7982177734375,-2868.458740234375,106.05066680908205
-1819.6324462890625,-2867.949462890625,106.10052490234376
-1819.4696044921875,-2867.438720703125,106.1503448486328
-1819.31005859375,-2866.92724609375,106.20013427734376
-1819.1527099609375,-2866.414794921875,106.24999237060548
-1818.9979248046875,-2865.90185546875,106.29952239990234
-1818.84619140625,-2865.387451171875,106.3493423461914
-1818.69677734375,-2864.872314453125,106.39929962158205
-1818.55029296875,-2864.356689453125,106.44910430908205
-1818.4061279296875,-2863.840576171875,106.49864959716795
-1818.2650146484375,-2863.323974609375,106.5478744506836
-1818.126953125,-2862.806396484375,106.59700775146484
-1817.9915771484375,-2862.288330078125,106.6458740234375
-1817.859375,-2861.769287109375,106.69427490234376
-1817.730712890625,-2861.249267578125,106.74224853515624
-1817.605224609375,-2860.72802734375,106.79029083251952
-1817.482666015625,-2860.205810546875,106.83824920654295
-1817.3631591796875,-2859.68310546875,106.88593292236328
-1817.2474365234375,-2859.1591796875,106.9338150024414
-1817.1348876953125,-2858.634765625,106.98152160644533
-1817.0255126953125,-2858.1103515625,107.02886199951172
-1816.919921875,-2857.5849609375,107.0759735107422
-1816.818603515625,-2857.05859375,107.12345886230467
-1816.720947265625,-2856.53173828125,107.1718521118164
-1816.626708984375,-2856.00439453125,107.22027587890624
-1816.5355224609375,-2855.475830078125,107.26799774169922
-1816.4473876953125,-2854.94677734375,107.3150634765625
-1816.362548828125,-2854.41748046875,107.3619155883789
-1816.2801513671875,-2853.887939453125,107.40866088867188
-1816.2001953125,-2853.357666015625,107.4555435180664
-1816.123046875,-2852.8271484375,107.5029067993164
-1816.04833984375,-2852.2958984375,107.55070495605467
-1815.9755859375,-2851.76416015625,107.59847259521484
-1815.904541015625,-2851.232666015625,107.64537048339844
-1815.8363037109375,-2850.700439453125,107.69222259521484
-1815.770751953125,-2850.16796875,107.7394027709961
-1815.7076416015625,-2849.635498046875,107.78709411621094
-1815.646484375,-2849.10302734375,107.83458709716795
-1815.5877685546875,-2848.570068359375,107.88197326660156
-1815.5316162109375,-2848.036865234375,107.9297332763672
-1815.477783203125,-2847.50341796875,107.9775848388672
-1815.427001953125,-2846.969970703125,108.02548217773438
-1815.37890625,-2846.435791015625,108.07313537597656
-1815.3338623046875,-2845.901611328125,108.12071228027344
-1815.291015625,-2845.367919921875,108.16800689697266
-1815.251708984375,-2844.833984375,108.21479034423828
-1815.2156982421875,-2844.299560546875,108.26119232177734
-1815.1829833984375,-2843.76513671875,108.30774688720705
-1815.153076171875,-2843.230712890625,108.35414123535156
-1815.1259765625,-2842.6953125,108.4002914428711
-1815.102294921875,-2842.159912109375,108.4465560913086
-1815.0816650390625,-2841.6240234375,108.49278259277344
-1815.063720703125,-2841.088134765625,108.53878784179688
-1815.04931640625,-2840.552734375,108.58452606201172
-1815.03857421875,-2840.01708984375,108.63042449951172
-1815.0313720703125,-2839.482177734375,108.67668151855467
-1815.0279541015625,-2838.94775390625,108.7230224609375
-1815.0284423828125,-2838.412841796875,108.76950073242188
-1815.0322265625,-2837.8779296875,108.81568145751952
-1815.03955078125,-2837.3427734375,108.86148834228516
-1815.050048828125,-2836.80810546875,108.9073486328125
-1815.0633544921875,-2836.273193359375,108.95330047607422
-1815.07958984375,-2835.739013671875,108.99961853027344
-1815.0985107421875,-2835.204833984375,109.04627227783205
-1815.1199951171875,-2834.671142578125,109.09300231933594
-1815.1436767578125,-2834.1376953125,109.13938903808594
-1815.1697998046875,-2833.604736328125,109.1853485107422
-1815.19921875,-2833.072509765625,109.23099517822266
-1815.23193359375,-2832.54052734375,109.27715301513672
-1815.2674560546875,-2832.00830078125,109.32365417480467
-1815.30517578125,-2831.476806640625,109.36966705322266
-1815.345458984375,-2830.9453125,109.4150390625
-1815.3890380859375,-2830.4140625,109.4601058959961
-1815.4354248046875,-2829.883544921875,109.5053939819336
-1815.4844970703125,-2829.353271484375,109.55087280273438
-1815.5362548828125,-2828.823974609375,109.59630584716795
-1815.5909423828125,-2828.294677734375,109.6422119140625
-1815.6484375,-2827.765869140625,109.6887435913086
-1815.7083740234375,-2827.2373046875,109.73516845703124
-1815.7698974609375,-2826.70947265625,109.78108978271484
-1815.8341064453125,-2826.18212890625,109.8267059326172
-1815.901611328125,-2825.6552734375,109.87247467041016
-1815.971435546875,-2825.12939453125,109.91905212402344
-1816.0439453125,-2824.603759765625,109.96559143066406
-1816.1185302734375,-2824.07861328125,110.01148986816406
-1816.1954345703125,-2823.553955078125,110.0571060180664
-1816.27490234375,-2823.029541015625,110.10250091552734
-1816.35693359375,-2822.505859375,110.14765167236328
-1816.4412841796875,-2821.98291015625,110.1926040649414
-1816.5284423828125,-2821.460205078125,110.23729705810548
-1816.618408203125,-2820.937744140625,110.2824478149414
-1816.7113037109375,-2820.41650390625,110.32762145996094
-1816.806396484375,-2819.895751953125,110.37184143066406
-1816.9041748046875,-2819.37548828125,110.41532135009766
-1817.005126953125,-2818.856201171875,110.45854949951172
-1817.1094970703125,-2818.337158203125,110.5025405883789
-1817.2166748046875,-2817.8193359375,110.5470733642578
-1817.32666015625,-2817.3017578125,110.59130096435548
-1817.4398193359375,-2816.784912109375,110.63540649414062
-1817.55615234375,-2816.2685546875,110.67984008789062
-1817.6748046875,-2815.7529296875,110.72437286376952
-1817.7962646484375,-2815.23876953125,110.76847076416016
-1817.9207763671875,-2814.725341796875,110.8123779296875
-1818.0487060546875,-2814.212890625,110.85633850097656
-1818.1793212890625,-2813.701416015625,110.9007568359375
-1818.3126220703125,-2813.19091796875,110.94542694091795
-1818.44873046875,-2812.680908203125,110.98919677734376
-1818.58740234375,-2812.171630859375,111.03256225585938
-1818.7291259765625,-2811.6630859375,111.07579040527344
-1818.8736572265625,-2811.15576171875,111.11853790283205
-1819.0205078125,-2810.648681640625,111.16106414794922
-1819.169921875,-2810.142578125,111.20339965820312
-1819.321533203125,-2809.636962890625,111.24583435058594
-1819.4754638671875,-2809.1318359375,111.28885650634766
-1819.6317138671875,-2808.627685546875,111.33180236816406
-1819.7894287109375,-2808.1240234375,111.37434387207033
-1819.9486083984375,-2807.62060546875,111.41696166992188
-1820.1097412109375,-2807.118408203125,111.45977783203124
-1820.27197265625,-2806.616455078125,111.50279235839844
-1820.434814453125,-2806.11474609375,111.5458526611328
-1820.5986328125,-2805.61376953125,111.58912658691406
-1820.7630615234375,-2805.11279296875,111.63272094726562
-1820.927734375,-2804.612060546875,111.67646026611328
-1821.0926513671875,-2804.111572265625,111.71998596191406
-1821.258056640625,-2803.611572265625,111.76342010498048
-1821.4239501953125,-2803.112060546875,111.8070297241211
-1821.590087890625,-2802.61279296875,111.8507308959961
-1821.75634765625,-2802.114013671875,111.89435577392578
-1821.9228515625,-2801.615478515625,111.93788146972656
-1822.0899658203125,-2801.1171875,111.98123168945312
-1822.25732421875,-2800.619384765625,112.0242919921875
-1822.425048828125,-2800.121826171875,112.06696319580078
-1822.59326171875,-2799.624267578125,112.10930633544922
-1822.76220703125,-2799.127685546875,112.1513442993164
-1822.9317626953125,-2798.630859375,112.1936264038086
-1823.1015625,-2798.13427734375,112.23626708984376
-1823.271484375,-2797.637939453125,112.27880096435548
-1823.4412841796875,-2797.1416015625,112.3211441040039
-1823.61083984375,-2796.645263671875,112.3634033203125
-1823.780029296875,-2796.14892578125,112.40602111816406
-1823.9488525390625,-2795.65283203125,112.4491958618164
-1824.1171875,-2795.156982421875,112.49241638183594
-1824.28466796875,-2794.6611328125,112.5353012084961
-1824.4515380859375,-2794.165283203125,112.57808685302734
-1824.6180419921875,-2793.66943359375,112.62076568603516
-1824.7843017578125,-2793.173583984375,112.66336822509766
-1824.94970703125,-2792.677734375,112.70611572265624
-1825.114501953125,-2792.181640625,112.74868774414062
-1825.279052734375,-2791.685791015625,112.79084014892578
-1825.443115234375,-2791.189453125,112.8328628540039
-1825.6065673828125,-2790.693359375,112.8750457763672
-1825.7691650390625,-2790.197021484375,112.91768646240234
-1825.9315185546875,-2789.701171875,112.96023559570312
-1826.09326171875,-2789.205078125,113.00223541259766
-1826.25390625,-2788.709228515625,113.04418182373048
-1826.413818359375,-2788.213623046875,113.08653259277344
-1826.572998046875,-2787.718017578125,113.12903594970705
-1826.7315673828125,-2787.222900390625,113.171142578125
-1826.88916015625,-2786.727783203125,113.212890625
-1827.0460205078125,-2786.232421875,113.2545166015625
-1827.2021484375,-2785.73779296875,113.2959213256836
-1827.3570556640625,-2785.243408203125,113.33650207519533
-1827.5113525390625,-2784.74951171875,113.37625885009766
-1827.6649169921875,-2784.255615234375,113.4157485961914
-1827.8182373046875,-2783.761962890625,113.4552001953125
-1827.9705810546875,-2783.26904296875,113.49465942382812
-1828.1220703125,-2782.77587890625,113.53343200683594
-1828.2728271484375,-2782.28271484375,113.57172393798828
-1828.422607421875,-2781.7900390625,113.6096649169922
-1828.5716552734375,-2781.29736328125,113.6476593017578
-1828.719970703125,-2780.80517578125,113.68582916259766
-1828.866943359375,-2780.3134765625,113.7235107421875
-1829.0128173828125,-2779.822265625,113.76053619384766
-1829.1578369140625,-2779.3310546875,113.79708862304688
-1829.3021240234375,-2778.84033203125,113.83360290527344
-1829.4454345703125,-2778.350341796875,113.87039184570312
-1829.5872802734375,-2777.860107421875,113.9068603515625
-1829.72802734375,-2777.3701171875,113.94256591796876
-1829.8673095703125,-2776.88037109375,113.97809600830078
-1830.0052490234375,-2776.39111328125,114.01372528076172
-1830.141357421875,-2775.90234375,114.0497817993164
-1830.275390625,-2775.4140625,114.086181640625
-1830.4072265625,-2774.926025390625,114.12297058105467
-1830.5367431640625,-2774.438232421875,114.16026306152344
-1830.6636962890625,-2773.951171875,114.1974105834961
-1830.78759765625,-2773.46435546875,114.23357391357422
-1830.9097900390625,-2772.978515625,114.26932525634766
-1831.030029296875,-2772.4931640625,114.3057861328125
-1831.147705078125,-2772.0078125,114.34282684326172
-1831.2625732421875,-2771.52294921875,114.38011169433594
-1831.3748779296875,-2771.0380859375,114.416015625
-1831.4854736328125,-2770.553466796875,114.45085906982422
-1831.5936279296875,-2770.06982421875,114.48602294921876
-1831.6990966796875,-2769.586181640625,114.521484375
-1831.8018798828125,-2769.103271484375,114.5571746826172
-1831.902099609375,-2768.62060546875,114.59286499023438
-1831.9996337890625,-2768.138427734375,114.6283721923828
-1832.094482421875,-2767.65673828125,114.66365814208984
-1832.186767578125,-2767.17529296875,114.69863891601562
-1832.2763671875,-2766.694580078125,114.73336029052734
-1832.364013671875,-2766.214111328125,114.76787567138672
-1832.44873046875,-2765.734130859375,114.80210876464844
-1832.531005859375,-2765.254638671875,114.83610534667967
-1832.61083984375,-2764.775390625,114.8697280883789
-1832.688232421875,-2764.29638671875,114.90299987792967
-1832.76318359375,-2763.8173828125,114.93601989746094
-1832.8359375,-2763.338623046875,114.96876525878906
-1832.9061279296875,-2762.860107421875,115.0011978149414
-1832.9739990234375,-2762.3818359375,115.03339385986328
-1833.039306640625,-2761.9033203125,115.0654754638672
-1833.1026611328125,-2761.425048828125,115.09746551513672
-1833.1636962890625,-2760.946533203125,115.12934112548828
-1833.22265625,-2760.46826171875,115.1610870361328
-1833.2796630859375,-2759.989501953125,115.1926498413086
-1833.334228515625,-2759.510498046875,115.22409057617188
-1833.3868408203125,-2759.03076171875,115.25533294677734
-1833.4376220703125,-2758.5498046875,115.2863998413086
-1833.4866943359375,-2758.068359375,115.3173599243164
-1833.533935546875,-2757.585693359375,115.34817504882812
-1833.57958984375,-2757.10205078125,115.3788833618164
-1833.62353515625,-2756.616943359375,115.40940856933594
-1833.6663818359375,-2756.13037109375,115.43994140625
-1833.7080078125,-2755.642333984375,115.47045135498048
-1833.7484130859375,-2755.153076171875,115.50101470947266
-1833.787353515625,-2754.662353515625,115.5315399169922
-1833.824951171875,-2754.17041015625,115.5619659423828
-1833.8612060546875,-2753.6767578125,115.59233856201172
-1833.8963623046875,-2753.181640625,115.6229248046875
-1833.9302978515625,-2752.685302734375,115.65392303466795
-1833.9627685546875,-2752.18701171875,115.68522644042967
-1833.993896484375,-2751.68701171875,115.71664428710938
-1834.0238037109375,-2751.185546875,115.74807739257812
-1834.052490234375,-2750.682373046875,115.77928924560548
-1834.0797119140625,-2750.17724609375,115.8105697631836
-1834.10546875,-2749.67041015625,115.84220123291016
-1834.12939453125,-2749.162353515625,115.87430572509766
-1834.151611328125,-2748.65234375,115.90673065185548
-1834.1717529296875,-2748.14111328125,115.9390869140625
-1834.189697265625,-2747.628662109375,115.97083282470705
-1834.20556640625,-2747.114990234375,116.00201416015624
-1834.219970703125,-2746.599853515625,116.03323364257812
-1834.232421875,-2746.083251953125,116.06477355957033
-1834.2430419921875,-2745.565673828125,116.09646606445312
-1834.25146484375,-2745.04638671875,116.12786865234376
-1834.2581787109375,-2744.525390625,116.15917205810548
-1834.2635498046875,-2744.003173828125,116.1906509399414
-1834.2667236328125,-2743.479736328125,116.22258758544922
-1834.2674560546875,-2742.954833984375,116.25482177734376
-1834.265869140625,-2742.428466796875,116.2870864868164
-1834.2623291015625,-2741.901611328125,116.32017517089844
-1834.25634765625,-2741.373291015625,116.3538589477539
-1834.2479248046875,-2740.843994140625,116.38774871826172
-1834.2373046875,-2740.3134765625,116.42166137695312
-1834.22412109375,-2739.78173828125,116.455810546875
-1834.208740234375,-2739.2490234375,116.4899673461914
-1834.191162109375,-2738.715087890625,116.52403259277344
-1834.1712646484375,-2738.179931640625,116.55795288085938
-1834.1490478515625,-2737.6435546875,116.59162139892578
-1834.1246337890625,-2737.10595703125,116.6251220703125
-1834.0977783203125,-2736.56689453125,116.65846252441406
-1834.068359375,-2736.026611328125,116.69156646728516
-1834.0364990234375,-2735.485107421875,116.7243194580078
-1834.0023193359375,-2734.942138671875,116.75688934326172
-1833.9659423828125,-2734.397705078125,116.78996276855467
-1833.927001953125,-2733.852294921875,116.82343292236328
-1833.8853759765625,-2733.3056640625,116.85700225830078
-1833.8408203125,-2732.75830078125,116.8901596069336
-1833.7939453125,-2732.210205078125,116.92301177978516
-1833.744140625,-2731.66162109375,116.95646667480467
-1833.691650390625,-2731.11181640625,116.99048614501952
-1833.63623046875,-2730.561279296875,117.02468872070312
-1833.5780029296875,-2730.009765625,117.05867767333984
-1833.5172119140625,-2729.457275390625,117.09233856201172
-1833.4541015625,-2728.90380859375,117.12574768066406
-1833.3880615234375,-2728.35009765625,117.15928649902344
-1833.3194580078125,-2727.79541015625,117.19286346435548
-1833.248291015625,-2727.239990234375,117.22644805908205
-1833.1746826171875,-2726.683837890625,117.26002502441406
-1833.0986328125,-2726.126953125,117.29362487792967
-1833.0201416015625,-2725.56982421875,117.32714080810548
-1832.9390869140625,-2725.01171875,117.36068725585938
-1832.855224609375,-2724.452880859375,117.39441680908205
-1832.7689208984375,-2723.893798828125,117.42827606201172
-1832.679931640625,-2723.333740234375,117.4623031616211
-1832.5882568359375,-2722.773193359375,117.49618530273438
-1832.493896484375,-2722.212158203125,117.53009796142578
-1832.3968505859375,-2721.650390625,117.56421661376952
-1832.297119140625,-2721.088134765625,117.59825897216795
-1832.194580078125,-2720.525146484375,117.63206481933594
-1832.0897216796875,-2719.961181640625,117.66596221923828
-1831.9820556640625,-2719.39599609375,117.7002410888672
-1831.87158203125,-2718.829833984375,117.73455810546876
-1831.7581787109375,-2718.262451171875,117.76886749267578
-1831.64208984375,-2717.694091796875,117.8030776977539
-1831.5230712890625,-2717.124267578125,117.8376693725586
-1831.4012451171875,-2716.553466796875,117.87257385253906
-1831.2763671875,-2715.980712890625,117.90762329101562
-1831.148681640625,-2715.40625,117.9429168701172
-1831.0184326171875,-2714.830078125,117.97843170166016
-1830.8851318359375,-2714.251953125,118.01415252685548
-1830.7490234375,-2713.672119140625,118.0500259399414
-1830.6099853515625,-2713.090576171875,118.08586883544922
-1830.468505859375,-2712.5068359375,118.12181854248048
-1830.323486328125,-2711.921875,118.15797424316406
-1830.1756591796875,-2711.334716796875,118.1942901611328
-1830.024658203125,-2710.746337890625,118.23065948486328
-1829.8707275390625,-2710.156005859375,118.26695251464844
-1829.7132568359375,-2709.564208984375,118.30319213867188
-1829.552978515625,-2708.970703125,118.33946228027344
-1829.3895263671875,-2708.375732421875,118.37542724609376
-1829.223388671875,-2707.779052734375,118.41107177734376
-1829.054443359375,-2707.18017578125,118.44656372070312
-1828.8829345703125,-2706.57958984375,118.48251342773438
-1828.708740234375,-2705.976806640625,118.51881408691406
-1828.53173828125,-2705.372802734375,118.55499267578124
-1828.3514404296875,-2704.767333984375,118.59076690673828
-1828.168701171875,-2704.160400390625,118.62664794921876
-1827.983154296875,-2703.55224609375,118.66309356689452
-1827.794921875,-2702.9423828125,118.7003402709961
-1827.603759765625,-2702.3310546875,118.7377471923828
-1827.4097900390625,-2701.718505859375,118.77487182617188
-1827.2132568359375,-2701.104248046875,118.811767578125
-1827.0142822265625,-2700.489501953125,118.84894561767578
-1826.813232421875,-2699.872802734375,118.88651275634766
-1826.60986328125,-2699.254638671875,118.92424011230467
-1826.4041748046875,-2698.635009765625,118.96186065673828
-1826.1966552734375,-2698.013671875,118.99938201904295
-1825.9873046875,-2697.390625,119.03684997558594
-1825.7764892578125,-2696.766357421875,119.0744400024414
-1825.564453125,-2696.140380859375,119.11213684082033
-1825.351318359375,-2695.511962890625,119.14995574951172
-1825.13720703125,-2694.88232421875,119.18798828125
-1824.92236328125,-2694.2509765625,119.2261199951172
-1824.707275390625,-2693.61767578125,119.26382446289062
-1824.4920654296875,-2692.982421875,119.30150604248048
-1824.27685546875,-2692.34521484375,119.33949279785156
-1824.0618896484375,-2691.705810546875,119.37784576416016
-1823.8470458984375,-2691.06396484375,119.41613006591795
-1823.6324462890625,-2690.420166015625,119.45429229736328
-1823.418212890625,-2689.774169921875,119.49241638183594
-1823.2049560546875,-2689.126220703125,119.53108978271484
-1822.991943359375,-2688.4765625,119.57012176513672
-1822.7789306640625,-2687.82470703125,119.60872650146484
-1822.5665283203125,-2687.171630859375,119.6468276977539
-1822.355712890625,-2686.516357421875,119.68512725830078
-1822.1456298828125,-2685.859375,119.72389221191406
-1821.936279296875,-2685.2001953125,119.76231384277344
-1821.7279052734375,-2684.5390625,119.8004379272461
-1821.5206298828125,-2683.876220703125,119.8383331298828
-1821.3145751953125,-2683.2119140625,119.8765106201172
-1821.1092529296875,-2682.5458984375,119.91503143310548
-1820.905029296875,-2681.878173828125,119.953857421875
-1820.7015380859375,-2681.20849609375,119.99259948730467
-1820.498291015625,-2680.537841796875,120.03138732910156
-1820.2955322265625,-2679.86572265625,120.0705337524414
-1820.09326171875,-2679.192626953125,120.10990142822266
-1819.890625,-2678.518798828125,120.14938354492188
-1819.6876220703125,-2677.843994140625,120.18896484375
-1819.4849853515625,-2677.16796875,120.22872924804688
-1819.28271484375,-2676.4912109375,120.26853942871094
-1819.0802001953125,-2675.813720703125,120.3083724975586
-1818.8778076171875,-2675.134765625,120.34819793701172
-1818.67529296875,-2674.455322265625,120.38745880126952
-1818.47314453125,-2673.774658203125,120.4262924194336
-1818.2708740234375,-2673.09326171875,120.46487426757812
-1818.0687255859375,-2672.410888671875,120.50289154052734
-1817.8660888671875,-2671.7275390625,120.54011535644533
-1817.6624755859375,-2671.04345703125,120.57709503173828
-1817.4583740234375,-2670.3583984375,120.61392974853516
-1817.2540283203125,-2669.67236328125,120.65046691894533
-1817.049072265625,-2668.98583984375,120.68724060058594
-1816.8433837890625,-2668.299072265625,120.7244644165039
-1816.6368408203125,-2667.611572265625,120.76200103759766
-1816.4293212890625,-2666.92431640625,120.79937744140624
-1816.220947265625,-2666.23681640625,120.83697509765624
-1816.0113525390625,-2665.549072265625,120.87477111816406
-1815.800537109375,-2664.861083984375,120.91227722167967
-1815.5885009765625,-2664.173095703125,120.94933319091795
-1815.3753662109375,-2663.484619140625,120.98627471923828
-1815.1614990234375,-2662.7958984375,121.02342987060548
-1814.9462890625,-2662.107177734375,121.06060791015624
-1814.7298583984375,-2661.41845703125,121.09757232666016
-1814.512451171875,-2660.729248046875,121.13446044921876
-1814.293701171875,-2660.0400390625,121.17164611816406
-1814.073974609375,-2659.35107421875,121.20914459228516
-1813.85302734375,-2658.661865234375,121.24641418457033
-1813.631103515625,-2657.972412109375,121.2834701538086
-1813.408447265625,-2657.28271484375,121.32022857666016
-1813.18505859375,-2656.593017578125,121.35699462890624
-1812.9609375,-2655.9033203125,121.39356231689452
-1812.7362060546875,-2655.212890625,121.4297332763672
-1812.5107421875,-2654.5224609375,121.4654312133789
-1812.28466796875,-2653.831787109375,121.50054168701172
-1812.05810546875,-2653.140869140625,121.53500366210938
-1811.8309326171875,-2652.44921875,121.56905364990234
-1811.603271484375,-2651.757568359375,121.60291290283205
-1811.375,-2651.0654296875,121.63630676269533
-1811.14599609375,-2650.373046875,121.6695327758789
-1810.9163818359375,-2649.679931640625,121.70278930664062
-1810.6865234375,-2648.98681640625,121.73604583740234
-1810.4560546875,-2648.293701171875,121.76934814453124
-1810.2252197265625,-2647.60009765625,121.80286407470705
-1809.994140625,-2646.906494140625,121.83658599853516
-1809.7628173828125,-2646.212890625,121.87030029296876
-1809.5311279296875,-2645.51904296875,121.90397644042967
-1809.299072265625,-2644.8251953125,121.9377670288086
-1809.067138671875,-2644.131591796875,121.97162628173828
-1808.8349609375,-2643.438232421875,122.00540924072266
-1808.60302734375,-2642.744873046875,122.03915405273438
-1808.3709716796875,-2642.0517578125,122.07294464111328
-1808.1387939453125,-2641.3583984375,122.10652160644533
-1807.9066162109375,-2640.665771484375,122.1396255493164
-1807.6744384765625,-2639.973388671875,122.17250061035156
-1807.44287109375,-2639.281005859375,122.2054214477539
-1807.2115478515625,-2638.58837890625,122.23806762695312
-1806.9801025390625,-2637.89599609375,122.26998901367188
-1806.74853515625,-2637.20458984375,122.3010025024414
-1806.5172119140625,-2636.51318359375,122.33077239990234
-1806.2867431640625,-2635.822021484375,122.35990142822266
-1806.0572509765625,-2635.130615234375,122.3892593383789
-1805.82861328125,-2634.4384765625,122.4180908203125
-1805.6002197265625,-2633.74609375,122.44615936279295
-1805.372802734375,-2633.053466796875,122.47454071044922
-1805.146728515625,-2632.361083984375,122.50411224365234
-1804.9210205078125,-2631.668701171875,122.5346908569336
-1804.695556640625,-2630.9765625,122.56586456298828
-1804.4705810546875,-2630.284912109375,122.59761810302734
-1804.2464599609375,-2629.59375,122.62972259521484
-1804.0228271484375,-2628.902099609375,122.66229248046876
-1803.7998046875,-2628.21044921875,122.69474792480467
-1803.5771484375,-2627.51904296875,122.72681427001952
-1803.3553466796875,-2626.827880859375,122.7587890625
-1803.1348876953125,-2626.136474609375,122.79104614257812
-1802.9149169921875,-2625.445556640625,122.82315826416016
-1802.695556640625,-2624.75439453125,122.85467529296876
-1802.4775390625,-2624.063232421875,122.88616943359376
-1802.2601318359375,-2623.371826171875,122.91780090332033
-1802.0433349609375,-2622.6806640625,122.9491195678711
-1801.827392578125,-2621.9892578125,122.98028564453124
-1801.6124267578125,-2621.298095703125,123.01180267333984
-1801.397705078125,-2620.607177734375,123.04287719726562
-1801.1834716796875,-2619.91650390625,123.07373046875
-1800.9698486328125,-2619.2255859375,123.1047592163086
-1800.7568359375,-2618.53515625,123.1357879638672
-1800.5438232421875,-2617.843994140625,123.16641235351562
-1800.33154296875,-2617.1533203125,123.19712829589844
-1800.11962890625,-2616.462646484375,123.2282943725586
-1799.9075927734375,-2615.772216796875,123.25931549072266
-1799.695556640625,-2615.081787109375,123.29015350341795
-1799.48388671875,-2614.391845703125,123.32093811035156
-1799.2723388671875,-2613.701904296875,123.3521957397461
-1799.0606689453125,-2613.01171875,123.38338470458984
-1798.8487548828125,-2612.322265625,123.41455078125
-1798.63671875,-2611.632568359375,123.44548797607422
-1798.4246826171875,-2610.943603515625,123.47631072998048
-1798.2120361328125,-2610.255126953125,123.506591796875
-1797.99951171875,-2609.566650390625,123.53654479980467
-1797.786865234375,-2608.878173828125,123.56646728515624
-1797.5743408203125,-2608.189697265625,123.59630584716795
-1797.3602294921875,-2607.50244140625,123.62447357177734
-1797.146484375,-2606.814453125,123.65264129638672
-1796.9334716796875,-2606.127197265625,123.6822280883789
-1796.7193603515625,-2605.439697265625,123.71197509765624
-1796.5040283203125,-2604.753173828125,123.74049377441406
-1796.288330078125,-2604.0673828125,123.76885223388672
-1796.072021484375,-2603.382568359375,123.7967758178711
-1795.856201171875,-2602.697265625,123.82555389404295
-1795.640380859375,-2602.011962890625,123.8546371459961
-1795.4232177734375,-2601.327392578125,123.8827667236328
-1795.2059326171875,-2600.64208984375,123.91082763671876
-1794.989013671875,-2599.957763671875,123.94007110595705
-1794.771240234375,-2599.274169921875,123.969482421875
-1794.553466796875,-2598.591064453125,123.99905395507812
-1794.3358154296875,-2597.907958984375,124.02943420410156
-1794.1168212890625,-2597.225830078125,124.0585479736328
-1793.89794921875,-2596.54345703125,124.0867156982422
-1793.6800537109375,-2595.86083984375,124.11591339111328
-1793.4620361328125,-2595.17822265625,124.14529418945312
-1793.243408203125,-2594.49560546875,124.17334747314452
-1793.02490234375,-2593.81298828125,124.2015380859375
-1792.8067626953125,-2593.131103515625,124.23031616210938
-1792.58837890625,-2592.448974609375,124.25877380371094
-1792.3701171875,-2591.76708984375,124.28716278076172
-1792.1517333984375,-2591.0849609375,124.3154754638672
-1791.93310546875,-2590.40283203125,124.3434600830078
-1791.715087890625,-2589.720703125,124.37158203125
-1791.4971923828125,-2589.0380859375,124.40006256103516
-1791.279052734375,-2588.35546875,124.4285888671875
-1791.060302734375,-2587.673583984375,124.45620727539062
-1790.8416748046875,-2586.99169921875,124.48355865478516
-1790.6236572265625,-2586.3095703125,124.51097869873048
-1790.4053955078125,-2585.62744140625,124.53819274902344
-1790.186767578125,-2584.9453125,124.5642318725586
-1789.96875,-2584.262939453125,124.59001159667967
-1789.7510986328125,-2583.580078125,124.61609649658205
-1789.533203125,-2582.897216796875,124.64193725585938
-1789.3153076171875,-2582.214599609375,124.6677474975586
-1789.0977783203125,-2581.53173828125,124.69422149658205
-1788.8802490234375,-2580.84912109375,124.72112274169922
-1788.662109375,-2580.166259765625,124.74755096435548
-1788.444091796875,-2579.483642578125,124.77384948730467
-1788.226318359375,-2578.801025390625,124.8003921508789
-1788.0086669921875,-2578.118408203125,124.82716369628906
-1787.7913818359375,-2577.435546875,124.85384368896484
-1787.5740966796875,-2576.752685546875,124.88062286376952
-1787.3568115234375,-2576.069580078125,124.9075927734375
-1787.1396484375,-2575.38671875,124.93438720703124
-1786.9224853515625,-2574.703857421875,124.96125793457033
-1786.705322265625,-2574.021240234375,124.98837280273438
-1786.4881591796875,-2573.3388671875,125.01541137695312
-1786.270751953125,-2572.656494140625,125.04151916503906
-1786.0537109375,-2571.9736328125,125.06723022460938
-1785.8369140625,-2571.291015625,125.09255981445312
-1785.6207275390625,-2570.60791015625,125.11790466308594
-1785.4049072265625,-2569.92431640625,125.1429672241211
-1785.189453125,-2569.239990234375,125.16814422607422
-1784.9747314453125,-2568.555419921875,125.1937026977539
-1784.760498046875,-2567.870849609375,125.22002410888672
-1784.5462646484375,-2567.185791015625,125.2469482421875
-1784.33056640625,-2566.501953125,125.2726593017578
-1784.1156005859375,-2565.818603515625,125.29794311523438
-1783.9012451171875,-2565.135009765625,125.32373809814452
-1783.6861572265625,-2564.451171875,125.34825897216795
-1783.470947265625,-2563.7666015625,125.3714370727539
-1783.2572021484375,-2563.081298828125,125.39500427246094
-1783.0445556640625,-2562.39501953125,125.4200210571289
-1782.8310546875,-2561.708740234375,125.44459533691406
-1782.6170654296875,-2561.023193359375,125.4683837890625
-1782.404296875,-2560.337646484375,125.49378204345705
-1782.191650390625,-2559.652099609375,125.52073669433594
-1781.978271484375,-2558.966064453125,125.54777526855467
-1781.7645263671875,-2558.27978515625,125.57450103759766
-1781.551025390625,-2557.59326171875,125.60143280029295
-1781.3372802734375,-2556.906494140625,125.62924194335938
-1781.12353515625,-2556.22021484375,125.65778350830078
-1780.9093017578125,-2555.534423828125,125.68688201904295
-1780.694580078125,-2554.848388671875,125.7162857055664
-1780.4793701171875,-2554.16259765625,125.74567413330078
-1780.2635498046875,-2553.47705078125,125.77477264404295
-1780.04736328125,-2552.791748046875,125.80338287353516
-1779.8310546875,-2552.1064453125,125.83146667480467
-1779.6142578125,-2551.421142578125,125.8585205078125
-1779.397216796875,-2550.73583984375,125.88462829589844
-1779.179931640625,-2550.05029296875,125.90968322753906
-1778.9627685546875,-2549.36474609375,125.93380737304688
-1778.74560546875,-2548.678466796875,125.95735931396484
-1778.5284423828125,-2547.9921875,125.9803466796875
-1778.3114013671875,-2547.305908203125,126.00276184082033
-1778.094482421875,-2546.619384765625,126.02503967285156
-1777.8779296875,-2545.93212890625,126.0478973388672
-1777.661376953125,-2545.244873046875,126.07111358642578
-1777.4443359375,-2544.558349609375,126.09416198730467
-1777.22705078125,-2543.87158203125,126.11712646484376
-1777.010009765625,-2543.184326171875,126.14060974121094
-1776.79296875,-2542.497314453125,126.1646957397461
-1776.5753173828125,-2541.810302734375,126.1888198852539
-1776.3575439453125,-2541.123046875,126.21281433105467
-1776.1392822265625,-2540.43603515625,126.23629760742188
-1775.92138671875,-2539.749267578125,126.25999450683594
-1775.703369140625,-2539.062255859375,126.2840347290039
-1775.4849853515625,-2538.375244140625,126.30813598632812
-1775.2664794921875,-2537.688232421875,126.3316879272461
-1775.047607421875,-2537.001220703125,126.3551025390625
-1774.828857421875,-2536.313720703125,126.3783721923828
-1774.6099853515625,-2535.62646484375,126.40153503417967
-1774.39111328125,-2534.939208984375,126.42472076416016
-1774.172119140625,-2534.25146484375,126.44768524169922
-1773.952880859375,-2533.563720703125,126.47027587890624
-1773.7337646484375,-2532.875732421875,126.49250793457033
-1773.5146484375,-2532.1875,126.51464080810548
-1773.29541015625,-2531.499267578125,126.53668975830078
-1773.076171875,-2530.810791015625,126.55860137939452
-1772.85693359375,-2530.121826171875,126.58024597167967
-1772.6380615234375,-2529.4326171875,126.60173797607422
-1772.41943359375,-2528.7431640625,126.62326049804688
-1772.2010498046875,-2528.05322265625,126.64490509033205
-1771.9827880859375,-2527.363037109375,126.66666412353516
-1771.7655029296875,-2526.672119140625,126.68873596191406
-1771.548095703125,-2525.98095703125,126.71088409423828
-1771.330322265625,-2525.289306640625,126.7322769165039
-1771.1134033203125,-2524.59716796875,126.75331115722656
-1770.8968505859375,-2523.904052734375,126.77433776855467
-1770.6805419921875,-2523.209716796875,126.7950668334961
-1770.464111328125,-2522.512939453125,126.81493377685548
-1770.248046875,-2521.814208984375,126.83438110351562
-1770.0321044921875,-2521.112548828125,126.85372161865234
-1769.816162109375,-2520.408203125,126.87300872802734
-1769.6004638671875,-2519.70068359375,126.89252471923828
-1769.384521484375,-2518.990234375,126.9121551513672
-1769.168701171875,-2518.2763671875,126.93167877197266
-1768.95263671875,-2517.560302734375,126.95071411132812
-1768.73681640625,-2516.84033203125,126.969482421875
-1768.521240234375,-2516.11669921875,126.98826599121094
-1768.3052978515625,-2515.388916015625,127.0066146850586
-1768.089111328125,-2514.656982421875,127.024658203125
-1767.8731689453125,-2513.921142578125,127.04302215576172
-1767.6572265625,-2513.18115234375,127.06184387207033
-1767.440185546875,-2512.438720703125,127.08050537109376
-1767.2227783203125,-2511.693359375,127.0993423461914
-1767.004638671875,-2510.94482421875,127.11846923828124
-1766.7855224609375,-2510.193603515625,127.13758850097656
-1766.56591796875,-2509.440185546875,127.15615844726562
-1766.345947265625,-2508.685546875,127.17459106445312
-1766.125732421875,-2507.930419921875,127.19279479980467
-1765.9053955078125,-2507.17529296875,127.2104721069336
-1765.6849365234375,-2506.421142578125,127.22784423828124
-1765.464111328125,-2505.66748046875,127.24485778808594
-1765.2430419921875,-2504.91455078125,127.26158905029295
-1765.0216064453125,-2504.162353515625,127.27774810791016
-1764.799560546875,-2503.410888671875,127.29337310791016
-1764.5772705078125,-2502.66015625,127.30918884277344
-1764.3546142578125,-2501.91015625,127.3252944946289
-1764.131103515625,-2501.1611328125,127.34141540527344
-1763.9068603515625,-2500.41357421875,127.35765838623048
-1763.681884765625,-2499.66650390625,127.37443542480467
-1763.4560546875,-2498.92138671875,127.39118194580078
-1763.2294921875,-2498.1767578125,127.40795135498048
-1763.0023193359375,-2497.433349609375,127.42477416992188
-1762.7744140625,-2496.69091796875,127.44131469726562
-1762.5458984375,-2495.949462890625,127.45729064941406
-1762.3173828125,-2495.209228515625,127.4736328125
-1762.0880126953125,-2494.469482421875,127.48991394042967
-1761.8580322265625,-2493.73095703125,127.50567626953124
-1761.62744140625,-2492.9931640625,127.52117919921876
-1761.3966064453125,-2492.2568359375,127.53673553466795
-1761.1654052734375,-2491.521240234375,127.55236053466795
-1760.9337158203125,-2490.787109375,127.56829833984376
-1760.7012939453125,-2490.0537109375,127.58415222167967
-1760.4683837890625,-2489.3212890625,127.59983825683594
-1760.23486328125,-2488.590087890625,127.61563110351562
-1760.0006103515625,-2487.860107421875,127.63136291503906
-1759.7655029296875,-2487.131591796875,127.64669799804688
-1759.5294189453125,-2486.404052734375,127.66158294677734
-1759.29248046875,-2485.677734375,127.6760482788086
-1759.054443359375,-2484.95263671875,127.69029998779295
-1758.8155517578125,-2484.228271484375,127.70442199707033
-1758.57568359375,-2483.505615234375,127.71790313720705
-1758.335205078125,-2482.78369140625,127.73147583007812
-1758.0941162109375,-2482.06298828125,127.7458267211914
-1757.85205078125,-2481.34326171875,127.76067352294922
-1757.60888671875,-2480.625244140625,127.77479553222656
-1757.364990234375,-2479.908447265625,127.7883529663086
-1757.120849609375,-2479.193115234375,127.8019027709961
-1756.8759765625,-2478.47900390625,127.81507110595705
-1756.630126953125,-2477.765869140625,127.82740020751952
-1756.3841552734375,-2477.053466796875,127.83914184570312
-1756.137939453125,-2476.341552734375,127.85104370117188
-1755.890869140625,-2475.630859375,127.86286926269533
-1755.6435546875,-2474.9208984375,127.87448120117188
-1755.396728515625,-2474.2119140625,127.88754272460938
-1755.150146484375,-2473.503662109375,127.9020004272461
-1754.90283203125,-2472.797119140625,127.91647338867188
-1754.6556396484375,-2472.091064453125,127.9310073852539
-1754.4091796875,-2471.38623046875,127.94670104980467
-1754.16259765625,-2470.681884765625,127.96302032470705
-1753.9156494140625,-2469.978759765625,127.9794464111328
-1753.6685791015625,-2469.27685546875,127.99581909179688
-1753.422119140625,-2468.575927734375,128.01280212402344
-1753.17578125,-2467.8759765625,128.03024291992188
-1752.9288330078125,-2467.177001953125,128.04698181152344
-1752.682373046875,-2466.478759765625,128.063232421875
-1752.43603515625,-2465.781982421875,128.0792999267578
-1752.190185546875,-2465.0859375,128.0949249267578
-1751.9451904296875,-2464.390380859375,128.10983276367188
-1751.7015380859375,-2463.695068359375,128.12451171875
-1751.4588623046875,-2463.000244140625,128.13868713378906
-1751.2177734375,-2462.3056640625,128.1527862548828
-1750.978271484375,-2461.61181640625,128.1669464111328
-1750.7401123046875,-2460.91845703125,128.1807403564453
-1750.504638671875,-2460.22509765625,128.1951141357422
-1750.2718505859375,-2459.531494140625,128.21099853515625
-1750.0401611328125,-2458.83837890625,128.2269287109375
-1749.8104248046875,-2458.14501953125,128.24269104003906
-1749.5828857421875,-2457.452392578125,128.2590789794922
-1749.3572998046875,-2456.760009765625,128.2761688232422
-1749.1334228515625,-2456.068115234375,128.29368591308594
-1748.9112548828125,-2455.37646484375,128.31124877929688
-1748.6907958984375,-2454.685302734375,128.3286590576172
-1748.4725341796875,-2453.994140625,128.34620666503906
-1748.256103515625,-2453.302978515625,128.36383056640625
-1748.0411376953125,-2452.612060546875,128.38150024414062
-1747.8275146484375,-2451.921630859375,128.39894104003906
-1747.6156005859375,-2451.231689453125,128.41603088378906
-1747.4051513671875,-2450.541748046875,128.43304443359375
-1747.196044921875,-2449.852294921875,128.4502410888672
-1746.9874267578125,-2449.163330078125,128.4667205810547
-1746.7794189453125,-2448.474609375,128.4818572998047
-1746.5731201171875,-2447.785888671875,128.4974365234375
-1746.36767578125,-2447.09716796875,128.51327514648438
-1746.16259765625,-2446.408935546875,128.52903747558594
-1745.957763671875,-2445.720703125,128.54379272460938
-1745.7540283203125,-2445.033203125,128.5591278076172
-1745.550537109375,-2444.3466796875,128.5746307373047
-1745.3472900390625,-2443.659912109375,128.59048461914062
-1745.144287109375,-2442.973388671875,128.60614013671875
-1744.941162109375,-2442.28759765625,128.6212158203125
-1744.7384033203125,-2441.602294921875,128.63609313964844
-1744.535400390625,-2440.91748046875,128.6510009765625
-1744.33251953125,-2440.233154296875,128.6659393310547
-1744.1292724609375,-2439.549072265625,128.6804962158203
-1743.925537109375,-2438.86572265625,128.69473266601562
-1743.7216796875,-2438.18310546875,128.70852661132812
-1743.517333984375,-2437.5009765625,128.72195434570312
-1743.3123779296875,-2436.819091796875,128.73548889160156
-1743.10693359375,-2436.13818359375,128.74900817871094
-1742.9007568359375,-2435.457275390625,128.7620849609375
-1742.6937255859375,-2434.77734375,128.77488708496094
-1742.4864501953125,-2434.09765625,128.7881622314453
-1742.2781982421875,-2433.418701171875,128.80169677734375
-1742.0694580078125,-2432.740478515625,128.81524658203125
-1741.859619140625,-2432.062744140625,128.82884216308594
-1741.649169921875,-2431.385986328125,128.84262084960938
-1741.4381103515625,-2430.709716796875,128.85678100585938
-1741.226318359375,-2430.0341796875,128.8708953857422
-1741.013671875,-2429.359130859375,128.88497924804688
-1740.8006591796875,-2428.684814453125,128.89913940429688
-1740.5867919921875,-2428.010986328125,128.91342163085938
-1740.372314453125,-2427.337890625,128.92750549316406
-1740.157470703125,-2426.665283203125,128.94168090820312
-1739.9423828125,-2425.993408203125,128.9560546875
-1739.726806640625,-2425.32177734375,128.97021484375
-1739.5108642578125,-2424.650634765625,128.9842987060547
-1739.2947998046875,-2423.97998046875,128.99832153320312
-1739.07861328125,-2423.309814453125,129.01234436035156
-1738.862548828125,-2422.639892578125,129.02659606933594
-1738.646484375,-2421.970458984375,129.04080200195312
-1738.4300537109375,-2421.3017578125,129.05430603027344
-1738.2137451171875,-2420.63330078125,129.067626953125
-1737.9974365234375,-2419.96484375,129.08120727539062
-1737.7806396484375,-2419.297119140625,129.0943145751953
-1737.5640869140625,-2418.629638671875,129.10708618164062
-1737.34716796875,-2417.96240234375,129.1195068359375
-1737.1300048828125,-2417.295654296875,129.13125610351562
-1736.9130859375,-2416.62890625,129.1429443359375
-1736.6962890625,-2415.962646484375,129.15489196777344
-1736.4788818359375,-2415.29638671875,129.16612243652344
-1736.2620849609375,-2414.63037109375,129.17735290527344
-1736.0452880859375,-2413.965087890625,129.1892547607422
-1735.8280029296875,-2413.300048828125,129.2008056640625
-1735.6099853515625,-2412.635498046875,129.21224975585938
-1735.39208984375,-2411.971435546875,129.22483825683594
-1735.174072265625,-2411.307373046875,129.23788452148438
-1734.9559326171875,-2410.643798828125,129.25064086914062
-1734.7373046875,-2409.98095703125,129.26295471191406
-1734.518798828125,-2409.31884765625,129.27552795410156
-1734.3006591796875,-2408.6572265625,129.28846740722656
-1734.08251953125,-2407.99609375,129.30067443847656
-1733.864501953125,-2407.334716796875,129.31195068359375
-1733.64697265625,-2406.673828125,129.3231964111328
-1733.4296875,-2406.013427734375,129.33425903320312
-1733.2130126953125,-2405.352783203125,129.34561157226562
-1732.9971923828125,-2404.69189453125,129.3584442138672
-1732.78125,-2404.03173828125,129.37179565429688
-1732.5648193359375,-2403.372802734375,129.3849639892578
-1732.34814453125,-2402.71533203125,129.39727783203125
-1732.1317138671875,-2402.059326171875,129.4088897705078
-1731.9151611328125,-2401.40380859375,129.41859436035156
-1731.7003173828125,-2400.748046875,129.428466796875
-1731.48583984375,-2400.091796875,129.43646240234375
-1731.271240234375,-2399.43505859375,129.44215393066406
-1731.057861328125,-2398.7783203125,129.44700622558594
-1730.8470458984375,-2398.12158203125,129.4532470703125
-1730.6375732421875,-2397.46533203125,129.4609375
-1730.4287109375,-2396.808837890625,129.46923828125
-1730.220703125,-2396.15234375,129.47805786132812
-1730.012939453125,-2395.496826171875,129.48724365234375
-1729.805908203125,-2394.8408203125,129.49658203125
-1729.5994873046875,-2394.185546875,129.5064697265625
-1729.3934326171875,-2393.53076171875,129.5165252685547
-1729.1875,-2392.8759765625,129.52601623535156
-1728.9818115234375,-2392.2216796875,129.53488159179688
-1728.7764892578125,-2391.56787109375,129.54330444335938
-1728.5718994140625,-2390.91357421875,129.55149841308594
-1728.3677978515625,-2390.2587890625,129.5596923828125
-1728.16455078125,-2389.604248046875,129.56813049316406
-1727.9619140625,-2388.949462890625,129.57687377929688
-1727.759033203125,-2388.295166015625,129.5855255126953
-1727.556884765625,-2387.64111328125,129.59442138671875
-1727.3555908203125,-2386.9873046875,129.60398864746094
-1727.1541748046875,-2386.333984375,129.61387634277344
-1726.9522705078125,-2385.681396484375,129.62277221679688
-1726.7503662109375,-2385.028564453125,129.63037109375
-1726.5487060546875,-2384.376708984375,129.63729858398438
-1726.34765625,-2383.724365234375,129.6439666748047
-1726.1468505859375,-2383.07275390625,129.65029907226562
-1725.946044921875,-2382.42138671875,129.65611267089844
-1725.7451171875,-2381.770751953125,129.6615447998047
-1725.544921875,-2381.120849609375,129.66720581054688
-1725.3446044921875,-2380.4716796875,129.6734619140625
-1725.1441650390625,-2379.8232421875,129.68014526367188
-1724.9437255859375,-2379.176025390625,129.68702697753906
-1724.7427978515625,-2378.529541015625,129.6942138671875
-1724.5413818359375,-2377.884521484375,129.70208740234375
-1724.3397216796875,-2377.240234375,129.71023559570312
-1724.13720703125,-2376.59765625,129.71788024902344
-1723.9339599609375,-2375.95556640625,129.72500610351562
-1723.730712890625,-2375.314697265625,129.73233032226562
-1723.5274658203125,-2374.675048828125,129.73989868164062
-1723.323974609375,-2374.03564453125,129.7469940185547
-1723.1201171875,-2373.3974609375,129.75341796875
-1722.916015625,-2372.759765625,129.7598114013672
-1722.7125244140625,-2372.122802734375,129.7666473388672
-1722.5091552734375,-2371.48681640625,129.77435302734375
-1722.30615234375,-2370.8515625,129.7825927734375
-1722.10302734375,-2370.218017578125,129.79110717773438
-1721.9000244140625,-2369.5859375,129.79983520507812
-1721.6982421875,-2368.956298828125,129.8095703125
-1721.49755859375,-2368.330078125,129.82032775878906
-1721.2977294921875,-2367.707763671875,129.8310546875
-1721.0989990234375,-2367.090087890625,129.84149169921875
-1720.90087890625,-2366.47705078125,129.8511962890625
-1720.703369140625,-2365.86865234375,129.86000061035156
-1720.5079345703125,-2365.263916015625,129.86888122558594
-1720.314453125,-2364.66357421875,129.8782196044922
-1720.1217041015625,-2364.06787109375,129.8865203857422
-1719.9302978515625,-2363.4755859375,129.89385986328125
-1719.74072265625,-2362.88818359375,129.9013671875
-1719.552978515625,-2362.304931640625,129.9095916748047
-1719.3668212890625,-2361.72607421875,129.91787719726562
-1719.1822509765625,-2361.15185546875,129.92672729492188
-1718.99951171875,-2360.58154296875,129.93605041503906
-1718.818603515625,-2360.015625,129.94540405273438
-1718.6392822265625,-2359.452880859375,129.9547882080078
-1718.4613037109375,-2358.893798828125,129.9641876220703
-1718.2847900390625,-2358.338134765625,129.9733123779297
-1718.1099853515625,-2357.784912109375,129.98243713378906
-1717.936767578125,-2357.233642578125,129.9916229248047
-1717.76513671875,-2356.68359375,130.00099182128906
-1717.5948486328125,-2356.1337890625,130.01023864746094
-1717.426025390625,-2355.58447265625,130.0194854736328
-1717.259521484375,-2355.03515625,130.02932739257812
-1717.0950927734375,-2354.48583984375,130.03961181640625
-1716.9332275390625,-2353.937255859375,130.05026245117188
-1716.77392578125,-2353.388671875,130.06056213378906
-1716.617919921875,-2352.840087890625,130.07093811035156
-1716.4658203125,-2352.291015625,130.08216857910156
-1716.3173828125,-2351.7421875,130.09375
-1716.17333984375,-2351.192626953125,130.10552978515625
-1716.032958984375,-2350.64306640625,130.11663818359375
-1715.8978271484375,-2350.093505859375,130.127685546875
-1715.768310546875,-2349.54345703125,130.1384735107422
-1715.64453125,-2348.993408203125,130.14895629882812
-1715.52734375,-2348.44287109375,130.15940856933594
-1715.4168701171875,-2347.892333984375,130.16932678222656
-1715.314208984375,-2347.341064453125,130.17889404296875
-1715.2205810546875,-2346.7890625,130.18829345703125
-1715.1361083984375,-2346.237060546875,130.19703674316406
-1715.0594482421875,-2345.684814453125,130.2046661376953
-1714.991943359375,-2345.133056640625,130.21131896972656
-1714.9364013671875,-2344.581298828125,130.21836853027344
-1714.8970947265625,-2344.030517578125,130.22840881347656
-1714.870361328125,-2343.483154296875,130.24073791503906
-1714.8538818359375,-2342.94189453125,130.25503540039062
-1714.8458251953125,-2342.40771484375,130.26925659179688
-1714.845703125,-2341.880126953125,130.2822265625
-1714.8553466796875,-2341.361328125,130.29449462890625
-1714.874267578125,-2340.85107421875,130.3063507080078
-1714.902099609375,-2340.350341796875,130.318115234375
-1714.9366455078125,-2339.857666015625,130.3285675048828
-1714.9781494140625,-2339.374755859375,130.33787536621094
-1715.0262451171875,-2338.900390625,130.34608459472656
-1715.08203125,-2338.434814453125,130.35391235351562
-1715.1466064453125,-2337.9755859375,130.36090087890625
-1715.2198486328125,-2337.52099609375,130.36697387695312
-1715.302734375,-2337.0693359375,130.37210083007812
-1715.3961181640625,-2336.62109375,130.37680053710938
-1715.5001220703125,-2336.176025390625,130.38169860839844
-1715.6136474609375,-2335.734130859375,130.3867645263672
-1715.736083984375,-2335.2958984375,130.39166259765625
-1715.867919921875,-2334.861083984375,130.39637756347656
-1716.00830078125,-2334.4296875,130.4004669189453
-1716.157470703125,-2334.002197265625,130.40396118164062
-1716.315673828125,-2333.579345703125,130.4071502685547
-1716.48193359375,-2333.160400390625,130.40956115722656
-1716.6561279296875,-2332.745849609375,130.41146850585938
-1716.8385009765625,-2332.335205078125,130.41339111328125
-1717.02734375,-2331.928466796875,130.41522216796875
-1717.2215576171875,-2331.524658203125,130.41647338867188
-1717.42138671875,-2331.124267578125,130.41722106933594
-1717.6263427734375,-2330.72607421875,130.4175262451172
-1717.8360595703125,-2330.3310546875,130.41781616210938
-1718.04931640625,-2329.93798828125,130.41856384277344
-1718.2655029296875,-2329.546875,130.419677734375
-1718.483642578125,-2329.157470703125,130.4212646484375
-1718.703369140625,-2328.769287109375,130.42327880859375
-1718.924560546875,-2328.382568359375,130.4259033203125
-1719.146240234375,-2327.996826171875,130.42929077148438
-1719.3685302734375,-2327.612060546875,130.43357849121094
-1719.5909423828125,-2327.227783203125,130.4381103515625
-1719.8135986328125,-2326.844482421875,130.44290161132812
-1720.03662109375,-2326.46240234375,130.44798278808594
-1720.2603759765625,-2326.08154296875,130.45321655273438
-1720.4852294921875,-2325.70166015625,130.45872497558594
-1720.711669921875,-2325.322998046875,130.46444702148438
-1720.93994140625,-2324.946533203125,130.47032165527344
-1721.170654296875,-2324.572021484375,130.47618103027344
-1721.404052734375,-2324.19970703125,130.48223876953125
-1721.6407470703125,-2323.830810546875,130.48809814453125
-1721.880859375,-2323.46484375,130.4937286376953
-1722.1248779296875,-2323.102294921875,130.4990234375
-1722.372802734375,-2322.743896484375,130.50408935546875
-1722.6251220703125,-2322.3896484375,130.5088348388672
-1722.8817138671875,-2322.039306640625,130.5133514404297
-1723.14306640625,-2321.69384765625,130.51748657226562
-1723.409423828125,-2321.353271484375,130.5214080810547
-1723.680419921875,-2321.016845703125,130.5251922607422
-1723.9560546875,-2320.685302734375,130.52874755859375
-1724.236572265625,-2320.358642578125,130.53240966796875
-1724.5216064453125,-2320.036376953125,130.53590393066406
-1724.810546875,-2319.71875,130.53868103027344
-1725.1041259765625,-2319.406005859375,130.54095458984375
-1725.4022216796875,-2319.097900390625,130.54345703125
-1725.7042236328125,-2318.794921875,130.54595947265625
-1726.0091552734375,-2318.49609375,130.54843139648438
-1726.3175048828125,-2318.201416015625,130.55081176757812
-1726.62841796875,-2317.910400390625,130.5526123046875
-1726.9417724609375,-2317.622314453125,130.5528564453125
-1727.25830078125,-2317.338623046875,130.5526885986328
-1727.5770263671875,-2317.05810546875,130.55215454101562
-1727.8980712890625,-2316.7802734375,130.55140686035156
-1728.221923828125,-2316.505615234375,130.55101013183594
-1728.547607421875,-2316.23291015625,130.55081176757812
-1728.8743896484375,-2315.962158203125,130.5491485595703
-1729.204833984375,-2315.69482421875,130.54808044433594
-1729.5384521484375,-2315.4306640625,130.5477294921875
-1729.8748779296875,-2315.170166015625,130.54849243164062
-1730.21435546875,-2314.9130859375,130.5506134033203
-1730.5546875,-2314.658935546875,130.55348205566406
-1730.8963623046875,-2314.40673828125,130.55462646484375
-1731.24072265625,-2314.159423828125,130.5556182861328
-1731.58740234375,-2313.91650390625,130.5568084716797
-1731.9366455078125,-2313.678466796875,130.55909729003906
-1732.2886962890625,-2313.44580078125,130.56353759765625
-1732.642578125,-2313.2158203125,130.56861877441406
-1732.997802734375,-2312.988037109375,130.5723114013672
-1733.3551025390625,-2312.763427734375,130.57492065429688
-1733.714599609375,-2312.542724609375,130.57669067382812
-1734.0760498046875,-2312.325439453125,130.57762145996094
-1734.439697265625,-2312.11279296875,130.57850646972656
-1734.8048095703125,-2311.903564453125,130.57960510253906
-1735.1715087890625,-2311.69775390625,130.58090209960938
-1735.5400390625,-2311.4951171875,130.58218383789062
-1735.91015625,-2311.295654296875,130.5834503173828
-1736.28173828125,-2311.098876953125,130.58468627929688
-1736.6546630859375,-2310.905029296875,130.58570861816406
-1737.02880859375,-2310.713623046875,130.5862579345703
-1737.404296875,-2310.5244140625,130.5862579345703
-1737.78076171875,-2310.338134765625,130.58628845214844
-1738.158447265625,-2310.154052734375,130.58645629882812
-1738.5369873046875,-2309.9716796875,130.58694458007812
-1738.9166259765625,-2309.79150390625,130.5880584716797
-1739.296875,-2309.6123046875,130.58944702148438
-1739.6776123046875,-2309.434326171875,130.5905303955078
-1740.059326171875,-2309.25732421875,130.59136962890625
-1740.441650390625,-2309.082275390625,130.5919952392578
-1740.8248291015625,-2308.908203125,130.59268188476562
-1741.2086181640625,-2308.735107421875,130.5933380126953
-1741.5931396484375,-2308.56298828125,130.59423828125
-1741.9781494140625,-2308.3916015625,130.5950469970703
-1742.3638916015625,-2308.220703125,130.59567260742188
-1742.7503662109375,-2308.05029296875,130.59613037109375
-1743.1376953125,-2307.880615234375,130.59666442871094
-1743.5255126953125,-2307.71142578125,130.59701538085938
-1743.914306640625,-2307.54248046875,130.5971221923828
-1744.3038330078125,-2307.373779296875,130.59703063964844
-1744.6942138671875,-2307.2060546875,130.59681701660156
-1745.08544921875,-2307.038330078125,130.59652709960938
-1745.4776611328125,-2306.87109375,130.59605407714844
-1745.87060546875,-2306.70458984375,130.59521484375
-1746.2650146484375,-2306.53857421875,130.59420776367188
-1746.6605224609375,-2306.373779296875,130.5934600830078
-1747.0576171875,-2306.208984375,130.5929412841797
-1747.4556884765625,-2306.044189453125,130.59262084960938
-1747.8551025390625,-2305.87939453125,130.5922393798828
-1748.2557373046875,-2305.714599609375,130.5913848876953
-1748.65771484375,-2305.550048828125,130.590087890625
-1749.060546875,-2305.38525390625,130.5888671875
-1749.46435546875,-2305.22119140625,130.588134765625
-1749.869140625,-2305.056884765625,130.5880584716797
-1750.2747802734375,-2304.891845703125,130.5883331298828
-1750.681396484375,-2304.726806640625,130.5886993408203
-1751.0887451171875,-2304.560791015625,130.58880615234375
-1751.4969482421875,-2304.394287109375,130.58851623535156
-1751.9058837890625,-2304.226806640625,130.58802795410156
-1752.3153076171875,-2304.05908203125,130.587646484375
-1752.7254638671875,-2303.890625,130.58740234375
-1753.1361083984375,-2303.721923828125,130.58729553222656
-1753.547119140625,-2303.55224609375,130.5870819091797
-1753.9583740234375,-2303.3818359375,130.5865936279297
-1754.36962890625,-2303.211181640625,130.58592224121094
-1754.7813720703125,-2303.03955078125,130.5851593017578
-1755.1934814453125,-2302.867919921875,130.58445739746094
-1755.60546875,-2302.69580078125,130.5838165283203
-1756.017578125,-2302.52294921875,130.58297729492188
-1756.4296875,-2302.34912109375,130.5819091796875
-1756.8419189453125,-2302.175048828125,130.5808868408203
-1757.2540283203125,-2302.000732421875,130.58016967773438
-1757.666259765625,-2301.8251953125,130.57984924316406
-1758.078369140625,-2301.6494140625,130.57955932617188
-1758.4906005859375,-2301.472900390625,130.57916259765625
-1758.9031982421875,-2301.29638671875,130.5786895751953
-1759.3157958984375,-2301.119384765625,130.578369140625
-1759.728759765625,-2300.942138671875,130.57826232910156
-1760.141845703125,-2300.7646484375,130.57809448242188
-1760.5552978515625,-2300.58740234375,130.5777587890625
-1760.968994140625,-2300.409912109375,130.577392578125
-1761.383056640625,-2300.232177734375,130.5772247314453
-1761.797119140625,-2300.054443359375,130.57728576660156
-1762.21142578125,-2299.876220703125,130.57728576660156
-1762.6258544921875,-2299.697998046875,130.5769805908203
-1763.0406494140625,-2299.518798828125,130.57627868652344
-1763.45556640625,-2299.340087890625,130.57554626464844
-1763.87109375,-2299.1611328125,130.57498168945312
-1764.2867431640625,-2298.981689453125,130.5745849609375
-1764.7030029296875,-2298.802001953125,130.57424926757812
-1765.1195068359375,-2298.621337890625,130.57382202148438
-1765.5367431640625,-2298.440673828125,130.57350158691406
-1765.9542236328125,-2298.259033203125,130.5733642578125
-1766.371826171875,-2298.0771484375,130.5736083984375
-1766.789794921875,-2297.89453125,130.5740966796875
-1767.2078857421875,-2297.710693359375,130.57484436035156
-1767.6260986328125,-2297.526611328125,130.5756072998047
-1768.0443115234375,-2297.341552734375,130.5762939453125
-1768.4630126953125,-2297.15625,130.57733154296875
-1768.8819580078125,-2296.97021484375,130.5789031982422
-1769.3011474609375,-2296.783935546875,130.5807342529297
-1769.72021484375,-2296.596923828125,130.58230590820312
-1770.1396484375,-2296.40966796875,130.5833282470703
-1770.5594482421875,-2296.2216796875,130.5837860107422
-1770.9793701171875,-2296.03369140625,130.58425903320312
-1771.3995361328125,-2295.845947265625,130.5848388671875
-1771.820068359375,-2295.658203125,130.58546447753906
-1772.2410888671875,-2295.470458984375,130.58590698242188
-1772.66259765625,-2295.282470703125,130.586181640625
-1773.0843505859375,-2295.094482421875,130.58616638183594
-1773.5064697265625,-2294.90673828125,130.5860595703125
-1773.9288330078125,-2294.718505859375,130.58599853515625
-1774.3515625,-2294.530517578125,130.58599853515625
-1774.774658203125,-2294.34228515625,130.58596801757812
-1775.197998046875,-2294.154052734375,130.5858154296875
-1775.6217041015625,-2293.965576171875,130.58572387695312
-1776.045654296875,-2293.77685546875,130.58595275878906
-1776.4698486328125,-2293.587890625,130.5865478515625
-1776.894287109375,-2293.39892578125,130.58718872070312
-1777.31884765625,-2293.209716796875,130.5876007080078
-1777.7435302734375,-2293.020263671875,130.58749389648438
-1778.1683349609375,-2292.830322265625,130.5872802734375
-1778.59326171875,-2292.64013671875,130.5871124267578
-1779.0184326171875,-2292.449951171875,130.5872039794922
-1779.4439697265625,-2292.259765625,130.58726501464844
-1779.86962890625,-2292.06884765625,130.58717346191406
-1780.2957763671875,-2291.877685546875,130.5866241455078
-1780.72216796875,-2291.686279296875,130.5855712890625
-1781.1484375,-2291.494140625,130.5843963623047
-1781.574951171875,-2291.302001953125,130.58303833007812
-1782.0018310546875,-2291.109375,130.58163452148438
-1782.4287109375,-2290.9169921875,130.5800018310547
-1782.8560791015625,-2290.72412109375,130.5782928466797
-1783.28369140625,-2290.531005859375,130.57669067382812
-1783.71142578125,-2290.337158203125,130.57534790039062
-1784.1396484375,-2290.143310546875,130.57398986816406
-1784.56787109375,-2289.94921875,130.57278442382812
-1784.9967041015625,-2289.754150390625,130.57168579101562
-1785.4254150390625,-2289.559326171875,130.57093811035156
-1785.8543701171875,-2289.3642578125,130.5706329345703
-1786.2833251953125,-2289.168701171875,130.57069396972656
-1786.712646484375,-2288.97314453125,130.57078552246094
-1787.141845703125,-2288.777099609375,130.57131958007812
-1787.571044921875,-2288.58056640625,130.5717010498047
-1788.0001220703125,-2288.383544921875,130.5713653564453
-1788.42919921875,-2288.1865234375,130.57061767578125
-1788.858642578125,-2287.989501953125,130.56947326660156
-1789.2886962890625,-2287.79248046875,130.56797790527344
-1789.71923828125,-2287.595947265625,130.56698608398438
-1790.150390625,-2287.398681640625,130.5658416748047
-1790.5819091796875,-2287.200927734375,130.564208984375
-1791.013916015625,-2287.003173828125,130.5623779296875
-1791.446533203125,-2286.8056640625,130.55990600585938
-1791.8795166015625,-2286.6083984375,130.55734252929688
-1792.31298828125,-2286.41162109375,130.55543518066406
-1792.74658203125,-2286.214599609375,130.55409240722656
-1793.1806640625,-2286.0185546875,130.55294799804688
-1793.6153564453125,-2285.822509765625,130.55186462402344
-1794.050537109375,-2285.626220703125,130.55068969726562
-1794.486328125,-2285.429931640625,130.54969787597656
-1794.9228515625,-2285.234375,130.54879760742188
-1795.3594970703125,-2285.038818359375,130.5478057861328
-1795.7969970703125,-2284.84326171875,130.5467071533203
-1796.2347412109375,-2284.647705078125,130.5455780029297
-1796.6727294921875,-2284.45263671875,130.54437255859375
-1797.111328125,-2284.2578125,130.54302978515625
-1797.550537109375,-2284.063232421875,130.5414276123047
-1797.9901123046875,-2283.868896484375,130.53965759277344
-1798.4302978515625,-2283.67431640625,130.5375213623047
-1798.8712158203125,-2283.47998046875,130.5349578857422
-1799.3131103515625,-2283.285400390625,130.53199768066406
-1799.755615234375,-2283.0908203125,130.52841186523438
-1800.1990966796875,-2282.896240234375,130.52420043945312
-1800.64404296875,-2282.70166015625,130.51971435546875
-1801.09033203125,-2282.507080078125,130.51519775390625
-1801.538330078125,-2282.31201171875,130.51104736328125
-1801.98828125,-2282.116943359375,130.5071258544922
-1802.43994140625,-2281.921630859375,130.5033416748047
-1802.8936767578125,-2281.72509765625,130.4998779296875
-1803.3492431640625,-2281.528076171875,130.49685668945312
-1803.8065185546875,-2281.330322265625,130.49415588378906
-1804.2655029296875,-2281.132080078125,130.49166870117188
-1804.7265625,-2280.932861328125,130.489501953125
-1805.1895751953125,-2280.733642578125,130.48777770996094
-1805.654541015625,-2280.533447265625,130.48602294921875
-1806.12158203125,-2280.33203125,130.48406982421875
-1806.5911865234375,-2280.129150390625,130.48182678222656
-1807.0635986328125,-2279.926025390625,130.47923278808594
-1807.5389404296875,-2279.721435546875,130.4766845703125
-1808.0172119140625,-2279.51611328125,130.47377014160156
-1808.4981689453125,-2279.30908203125,130.47044372558594
-1808.981689453125,-2279.101318359375,130.46701049804688
-1809.468017578125,-2278.892578125,130.46336364746094
-1809.95703125,-2278.681884765625,130.4602813720703
-1810.448974609375,-2278.47021484375,130.457763671875
-1810.9432373046875,-2278.257080078125,130.455322265625
-1811.4395751953125,-2278.04296875,130.45191955566406
-1811.938720703125,-2277.82763671875,130.4479217529297
-1812.4404296875,-2277.61083984375,130.44435119628906
-1812.9449462890625,-2277.39306640625,130.44158935546875
-1813.452392578125,-2277.173583984375,130.43923950195312
-1813.962158203125,-2276.952392578125,130.4360809326172
-1814.47412109375,-2276.7294921875,130.4323272705078
-1814.988037109375,-2276.505859375,130.42825317382812
-1815.5037841796875,-2276.28076171875,130.42385864257812
-1816.0211181640625,-2276.05419921875,130.419189453125
-1816.5408935546875,-2275.8271484375,130.4140625
-1817.0628662109375,-2275.597900390625,130.4085693359375
-1817.5869140625,-2275.367919921875,130.40274047851562
-1818.112548828125,-2275.136474609375,130.39651489257812
-1818.6390380859375,-2274.904541015625,130.3896942138672
-1819.165771484375,-2274.671875,130.38255310058594
-1819.692138671875,-2274.4384765625,130.37583923339844
-1820.21826171875,-2274.20458984375,130.36929321289062
-1820.7440185546875,-2273.969970703125,130.36270141601562
-1821.269287109375,-2273.733642578125,130.35560607910156
-1821.794189453125,-2273.496826171875,130.34852600097656
-1822.318603515625,-2273.259033203125,130.34127807617188
-1822.842529296875,-2273.019775390625,130.33250427246094
-1823.36572265625,-2272.77978515625,130.32298278808594
-1823.8887939453125,-2272.53955078125,130.31336975097656
-1824.4117431640625,-2272.298828125,130.30453491210938
-1824.934326171875,-2272.056640625,130.29542541503906
-1825.4564208984375,-2271.813720703125,130.28553771972656
-1825.978515625,-2271.5703125,130.2751922607422
-1826.50048828125,-2271.32763671875,130.26547241210938
-1827.02197265625,-2271.084228515625,130.2564697265625
-1827.5433349609375,-2270.840576171875,130.247314453125
-1828.064453125,-2270.596435546875,130.2377166748047
-1828.585693359375,-2270.352294921875,130.22828674316406
-1829.1068115234375,-2270.108154296875,130.21885681152344
-1829.627685546875,-2269.8642578125,130.20896911621094
-1830.1483154296875,-2269.6201171875,130.19815063476562
-1830.66943359375,-2269.377197265625,130.18746948242188
-1831.1907958984375,-2269.13427734375,130.17713928222656
-1831.71240234375,-2268.891357421875,130.16650390625
-1832.23388671875,-2268.648193359375,130.1552276611328
-1832.75537109375,-2268.405517578125,130.14329528808594
-1833.2767333984375,-2268.16259765625,130.1309356689453
-1833.7978515625,-2267.919921875,130.1179962158203
-1834.3187255859375,-2267.677734375,130.1046905517578
-1834.8399658203125,-2267.435791015625,130.09132385253906
-1835.361328125,-2267.19384765625,130.07786560058594
-1835.883056640625,-2266.9521484375,130.06423950195312
-1836.4046630859375,-2266.7109375,130.0502471923828
-1836.9267578125,-2266.469970703125,130.0363006591797
-1837.448486328125,-2266.230224609375,130.02320861816406
-1837.97021484375,-2265.99072265625,130.01046752929688
-1838.4913330078125,-2265.751708984375,129.99758911132812
-1839.0125732421875,-2265.5126953125,129.9847869873047
-1839.533447265625,-2265.274658203125,129.9722137451172
-1840.054443359375,-2265.03662109375,129.95982360839844
-1840.5750732421875,-2264.798828125,129.94744873046875
-1841.095703125,-2264.5615234375,129.9347686767578
-1841.615966796875,-2264.32421875,129.922119140625
-1842.135986328125,-2264.087158203125,129.9091033935547
-1842.655517578125,-2263.850341796875,129.89593505859375
-1843.1748046875,-2263.613525390625,129.88259887695312
-1843.693359375,-2263.376953125,129.86874389648438
-1844.2115478515625,-2263.139892578125,129.85435485839844
-1844.7294921875,-2262.903076171875,129.8394012451172
-1845.2470703125,-2262.666748046875,129.8242645263672
-1845.764404296875,-2262.429931640625,129.8090057373047
-1846.28125,-2262.192626953125,129.79318237304688
-1846.797607421875,-2261.95458984375,129.77719116210938
-1847.3138427734375,-2261.716552734375,129.7609405517578
-1847.8294677734375,-2261.47802734375,129.74497985839844
-1848.3441162109375,-2261.238525390625,129.72926330566406
-1848.85791015625,-2260.997802734375,129.71334838867188
-1849.370849609375,-2260.755615234375,129.69740295410156
-1849.8828125,-2260.512939453125,129.68154907226562
-1850.3941650390625,-2260.26953125,129.66610717773438
-1850.9046630859375,-2260.02490234375,129.65097045898438
-1851.41455078125,-2259.7783203125,129.63571166992188
-1851.92333984375,-2259.531005859375,129.62060546875
-1852.4312744140625,-2259.281982421875,129.60540771484375
-1852.9378662109375,-2259.03173828125,129.5902862548828
-1853.443115234375,-2258.780029296875,129.57542419433594
-1853.947265625,-2258.5263671875,129.56060791015625
-1854.44970703125,-2258.270751953125,129.54574584960938
-1854.9508056640625,-2258.012939453125,129.53033447265625
-1855.4505615234375,-2257.75341796875,129.51409912109375
-1855.94873046875,-2257.4912109375,129.49818420410156
-1856.4453125,-2257.226806640625,129.48252868652344
-1856.940185546875,-2256.95947265625,129.4668731689453
-1857.4332275390625,-2256.689208984375,129.4516143798828
-1857.924560546875,-2256.415283203125,129.4365234375
-1858.4134521484375,-2256.138671875,129.42173767089844
-1858.8995361328125,-2255.858154296875,129.40655517578125
-1859.383056640625,-2255.574462890625,129.39117431640625
-1859.863525390625,-2255.28662109375,129.3763885498047
-1860.341796875,-2254.996337890625,129.3621368408203
-1860.8172607421875,-2254.701904296875,129.34754943847656
-1861.289794921875,-2254.403564453125,129.33270263671875
-1861.759521484375,-2254.101318359375,129.31765747070312
-1862.22607421875,-2253.794921875,129.30258178710938
-1862.689208984375,-2253.484375,129.28765869140625
-1863.149658203125,-2253.170166015625,129.27194213867188
-1863.60693359375,-2252.8525390625,129.25732421875
-1864.060791015625,-2252.53076171875,129.24325561523438
-1864.5113525390625,-2252.20458984375,129.22926330566406
-1864.9580078125,-2251.8740234375,129.2152557373047
-1865.400390625,-2251.538818359375,129.201416015625
-1865.8385009765625,-2251.19873046875,129.18853759765625
-1866.2720947265625,-2250.854736328125,129.1759796142578
-1866.701904296875,-2250.5068359375,129.16400146484375
-1867.12744140625,-2250.154052734375,129.15147399902344
-1867.5484619140625,-2249.796875,129.1380615234375
-1867.9647216796875,-2249.434814453125,129.12330627441406
-1868.376708984375,-2249.069091796875,129.10720825195312
-1868.7847900390625,-2248.69970703125,129.0909881591797
-1869.1888427734375,-2248.326171875,129.07484436035156
-1869.588623046875,-2247.94873046875,129.05856323242188
-1869.9837646484375,-2247.56640625,129.04086303710938
-1870.3746337890625,-2247.179931640625,129.0220489501953
-1870.7608642578125,-2246.789306640625,129.00282287597656
-1871.142333984375,-2246.39501953125,128.98406982421875
-1871.51904296875,-2245.9970703125,128.9660186767578
-1871.890869140625,-2245.5947265625,128.9476776123047
-1872.2576904296875,-2245.18896484375,128.9294891357422
-1872.6202392578125,-2244.779296875,128.9109344482422
-1872.97802734375,-2244.365966796875,128.89268493652344
-1873.3309326171875,-2243.949462890625,128.87442016601562
-1873.679443359375,-2243.529296875,128.8560028076172
-1874.0228271484375,-2243.105712890625,128.8369140625
-1874.3614501953125,-2242.679443359375,128.8170623779297
-1874.6964111328125,-2242.25048828125,128.797607421875
-1875.0279541015625,-2241.81884765625,128.77891540527344
-1875.35546875,-2241.384521484375,128.7604522705078
-1875.6793212890625,-2240.947509765625,128.74099731445312
-1876.0,-2240.507568359375,128.72032165527344
-1876.317138671875,-2240.06591796875,128.6999969482422
-1876.63037109375,-2239.621826171875,128.67962646484375
-1876.941162109375,-2239.176025390625,128.6590118408203
-1877.2496337890625,-2238.728759765625,128.6387939453125
-1877.5560302734375,-2238.279541015625,128.61924743652344
-1877.8599853515625,-2237.82861328125,128.5997772216797
-1878.1612548828125,-2237.374755859375,128.5801239013672
-1878.4599609375,-2236.919677734375,128.5604248046875
-1878.7562255859375,-2236.46240234375,128.5408935546875
-1879.0491943359375,-2236.003173828125,128.52130126953125
-1879.3397216796875,-2235.542236328125,128.50213623046875
-1879.6270751953125,-2235.079345703125,128.48338317871094
-1879.9112548828125,-2234.614990234375,128.46435546875
-1880.1922607421875,-2234.1484375,128.4447479248047
-1880.4698486328125,-2233.67919921875,128.42543029785156
-1880.7442626953125,-2233.2080078125,128.40652465820312
-1881.0155029296875,-2232.734375,128.38731384277344
-1881.2838134765625,-2232.2587890625,128.36802673339844
-1881.548583984375,-2231.78076171875,128.3486328125
-1881.809326171875,-2231.300537109375,128.32986450195312
-1882.0660400390625,-2230.81787109375,128.31126403808594
-1882.319091796875,-2230.3330078125,128.2924041748047
-1882.5689697265625,-2229.845947265625,128.27450561523438
-1882.814697265625,-2229.35693359375,128.25686645507812
-1883.0565185546875,-2228.865234375,128.23928833007812
-1883.2945556640625,-2228.37158203125,128.2214813232422
-1883.5289306640625,-2227.8759765625,128.2034454345703
-1883.7589111328125,-2227.3779296875,128.18563842773438
-1883.985107421875,-2226.877685546875,128.1676483154297
-1884.2071533203125,-2226.37548828125,128.14947509765625
-1884.42529296875,-2225.87109375,128.13124084472656
-1884.639404296875,-2225.36474609375,128.11273193359375
-1884.8494873046875,-2224.85595703125,128.09474182128906
-1885.0556640625,-2224.34521484375,128.0767364501953
-1885.2572021484375,-2223.832275390625,128.05795288085938
-1885.454345703125,-2223.3173828125,128.03854370117188
-1885.6468505859375,-2222.800537109375,128.01901245117188
-1885.8345947265625,-2222.28173828125,128.0001220703125
-1886.017822265625,-2221.760986328125,127.9813461303711
-1886.1962890625,-2221.23779296875,127.9624481201172
-1886.3701171875,-2220.712646484375,127.94396209716795
-1886.5394287109375,-2220.185546875,127.92556762695312
-1886.7034912109375,-2219.656494140625,127.90735626220705
-1886.8626708984375,-2219.12548828125,127.88905334472656
-1887.0172119140625,-2218.593017578125,127.87105560302734
-1887.1663818359375,-2218.058837890625,127.85418701171876
-1887.3109130859375,-2217.52294921875,127.83708190917967
-1887.4510498046875,-2216.986083984375,127.8193588256836
-1887.586669921875,-2216.447509765625,127.8014907836914
-1887.7181396484375,-2215.90771484375,127.78336334228516
-1887.844482421875,-2215.3662109375,127.76473236083984
-1887.96630859375,-2214.8232421875,127.74488067626952
-1888.083740234375,-2214.27880859375,127.72415924072266
-1888.1962890625,-2213.733154296875,127.70343017578124
-1888.3040771484375,-2213.185791015625,127.68250274658205
-1888.4073486328125,-2212.63720703125,127.66099548339844
-1888.505859375,-2212.087158203125,127.63853454589844
-1888.5997314453125,-2211.535888671875,127.61548614501952
-1888.6885986328125,-2210.983154296875,127.59263610839844
-1888.7733154296875,-2210.429443359375,127.56973266601562
-1888.853515625,-2209.874267578125,127.54704284667967
-1888.92919921875,-2209.318115234375,127.52420806884766
-1889.0008544921875,-2208.7607421875,127.50114440917967
-1889.0682373046875,-2208.202392578125,127.47814178466795
-1889.1314697265625,-2207.643310546875,127.45496368408205
-1889.190185546875,-2207.0830078125,127.43204498291016
-1889.2447509765625,-2206.52197265625,127.40947723388672
-1889.295166015625,-2205.9599609375,127.38677215576172
-1889.3416748046875,-2205.396728515625,127.3636703491211
-1889.384033203125,-2204.832763671875,127.34017944335938
-1889.42236328125,-2204.267578125,127.31674194335938
-1889.45654296875,-2203.7021484375,127.29348754882812
-1889.4869384765625,-2203.135498046875,127.26998138427734
-1889.5135498046875,-2202.568115234375,127.24605560302734
-1889.536376953125,-2201.999267578125,127.22174835205078
-1889.55517578125,-2201.43017578125,127.19759368896484
-1889.56982421875,-2200.85986328125,127.17375183105467
-1889.5809326171875,-2200.28857421875,127.14984130859376
-1889.5877685546875,-2199.716552734375,127.12588500976562
-1889.5908203125,-2199.143798828125,127.10165405273438
-1889.5897216796875,-2198.570556640625,127.07762908935548
-1889.584228515625,-2197.996337890625,127.05397033691406
-1889.57421875,-2197.422119140625,127.0299835205078
-1889.5596923828125,-2196.84716796875,127.00601959228516
-1889.541015625,-2196.271728515625,126.98181915283205
-1889.517578125,-2195.69580078125,126.95800018310548
-1889.489501953125,-2195.119873046875,126.93414306640624
-1889.456787109375,-2194.54296875,126.91002655029295
-1889.419189453125,-2193.966064453125,126.88628387451172
-1889.377197265625,-2193.388916015625,126.8625030517578
-1889.330078125,-2192.8115234375,126.8390121459961
-1889.278076171875,-2192.234130859375,126.81584930419922
-1889.2213134765625,-2191.656982421875,126.79281616210938
-1889.15966796875,-2191.080322265625,126.77008819580078
-1889.09326171875,-2190.503173828125,126.74725341796876
-1889.0216064453125,-2189.9267578125,126.72491455078124
-1888.9449462890625,-2189.35009765625,126.70282745361328
-1888.8634033203125,-2188.7744140625,126.68053436279295
-1888.7763671875,-2188.198486328125,126.65867614746094
-1888.6842041015625,-2187.623046875,126.63683319091795
-1888.5870361328125,-2187.048095703125,126.61505126953124
-1888.484619140625,-2186.473876953125,126.59294128417967
-1888.376708984375,-2185.900634765625,126.57059478759766
-1888.2630615234375,-2185.327880859375,126.54874420166016
-1888.144287109375,-2184.755859375,126.5266342163086
-1888.0201416015625,-2184.184326171875,126.50464630126952
-1887.89013671875,-2183.61328125,126.4825668334961
-1887.7547607421875,-2183.043701171875,126.46009063720705
-1887.61376953125,-2182.475341796875,126.4374008178711
-1887.4674072265625,-2181.908203125,126.41439819335938
-1887.3148193359375,-2181.342529296875,126.39146423339844
-1887.156982421875,-2180.778076171875,126.36843872070312
-1886.9937744140625,-2180.21533203125,126.34539031982422
-1886.8251953125,-2179.65380859375,126.32233428955078
-1886.650390625,-2179.09423828125,126.29851531982422
-1886.4693603515625,-2178.537109375,126.27375030517578
-1886.28271484375,-2177.982177734375,126.24839782714844
-1886.091064453125,-2177.428466796875,126.22376251220705
-1885.8936767578125,-2176.877197265625,126.1999053955078
-1885.6905517578125,-2176.327880859375,126.17613983154295
-1885.4815673828125,-2175.7802734375,126.1525650024414
-1885.2664794921875,-2175.2353515625,126.1283721923828
-1885.0447998046875,-2174.693603515625,126.10403442382812
-1884.8173828125,-2174.155029296875,126.07925415039062
-1884.5848388671875,-2173.618896484375,126.05388641357422
-1884.34716796875,-2173.0859375,126.02737426757812
-1884.1044921875,-2172.5546875,125.99948120117188
-1883.857421875,-2172.025146484375,125.97148895263672
-1883.60546875,-2171.49755859375,125.94358825683594
-1883.3489990234375,-2170.971923828125,125.9150848388672
-1883.0875244140625,-2170.448486328125,125.8865737915039
-1882.8214111328125,-2169.92724609375,125.85889434814452
-1882.5506591796875,-2169.40869140625,125.83253479003906
-1882.275390625,-2168.892822265625,125.8066864013672
-1881.9959716796875,-2168.379150390625,125.7804183959961
-1881.71240234375,-2167.868408203125,125.7535400390625
-1881.42529296875,-2167.35986328125,125.72648620605467
-1881.1343994140625,-2166.85302734375,125.69976043701172
-1880.8399658203125,-2166.348388671875,125.67282104492188
-1880.5421142578125,-2165.8447265625,125.64495849609376
-1880.240966796875,-2165.343017578125,125.61720275878906
-1879.93603515625,-2164.84326171875,125.58973693847656
-1879.6275634765625,-2164.34521484375,125.5622100830078
-1879.315673828125,-2163.848876953125,125.53472137451172
-1879.00048828125,-2163.354248046875,125.50775146484376
-1878.6820068359375,-2162.861572265625,125.48079681396484
-1878.3599853515625,-2162.370849609375,125.45362091064452
-1878.0347900390625,-2161.881591796875,125.42684173583984
-1877.7061767578125,-2161.39404296875,125.40011596679688
-1877.3741455078125,-2160.908203125,125.37323760986328
-1877.0390625,-2160.423583984375,125.34569549560548
-1876.7008056640625,-2159.941162109375,125.3178253173828
-1876.359130859375,-2159.460205078125,125.2900390625
-1876.01416015625,-2158.981201171875,125.2620620727539
-1875.665771484375,-2158.50390625,125.23377227783205
-1875.3140869140625,-2158.02880859375,125.20531463623048
-1874.958984375,-2157.55517578125,125.17657470703124
-1874.6002197265625,-2157.08349609375,125.14713287353516
-1874.2376708984375,-2156.614501953125,125.11624145507812
-1873.8719482421875,-2156.1474609375,125.0845947265625
-1873.503173828125,-2155.681884765625,125.05294036865234
-1873.13134765625,-2155.217529296875,125.02227783203124
-1872.755859375,-2154.75537109375,124.99156951904295
-1872.3765869140625,-2154.295166015625,124.95996856689452
-1871.9940185546875,-2153.837158203125,124.92676544189452
-1871.6087646484375,-2153.381103515625,124.89391326904295
-1871.2208251953125,-2152.927001953125,124.86174011230467
-1870.8299560546875,-2152.47509765625,124.82972717285156
-1870.4361572265625,-2152.024658203125,124.7964096069336
-1870.0400390625,-2151.5751953125,124.76206970214844
-1869.6416015625,-2151.12646484375,124.72747802734376
-1869.240966796875,-2150.6787109375,124.6925811767578
-1868.838623046875,-2150.2314453125,124.6573486328125
-1868.434814453125,-2149.784423828125,124.62188720703124
-1868.0299072265625,-2149.337890625,124.5863800048828
-1867.6241455078125,-2148.890869140625,124.55101013183594
-1867.21826171875,-2148.443603515625,124.5154266357422
-1866.8123779296875,-2147.995361328125,124.47901916503906
-1866.4066162109375,-2147.546875,124.44186401367188
-1866.0013427734375,-2147.0966796875,124.40438079833984
-1865.5968017578125,-2146.64501953125,124.3668975830078
-1865.192626953125,-2146.19140625,124.32867431640624
-1864.7886962890625,-2145.73681640625,124.28953552246094
-1864.3856201171875,-2145.2802734375,124.2502670288086
-1863.9833984375,-2144.822265625,124.21145629882812
-1863.582275390625,-2144.3623046875,124.17310333251952
-1863.181640625,-2143.90087890625,124.13495635986328
-1862.781982421875,-2143.43798828125,124.0968017578125
-1862.38330078125,-2142.9736328125,124.05902099609376
-1861.985595703125,-2142.507568359375,124.02130889892578
-1861.589111328125,-2142.040283203125,123.9835968017578
-1861.1937255859375,-2141.5712890625,123.94583129882812
-1860.799072265625,-2141.1005859375,123.9080581665039
-1860.4051513671875,-2140.62841796875,123.87001037597656
-1860.0120849609375,-2140.155029296875,123.8316879272461
-1859.619873046875,-2139.679443359375,123.79354095458984
-1859.228271484375,-2139.203125,123.75513458251952
-1858.8370361328125,-2138.7255859375,123.71638488769533
-1858.4462890625,-2138.246337890625,123.6774444580078
-1858.05615234375,-2137.766357421875,123.63873291015624
-1857.6663818359375,-2137.285400390625,123.60002136230467
-1857.2764892578125,-2136.802490234375,123.56109619140624
-1856.8868408203125,-2136.318603515625,123.52201080322266
-1856.497314453125,-2135.833984375,123.4827880859375
-1856.1077880859375,-2135.348388671875,123.44355010986328
-1855.71826171875,-2134.861572265625,123.40436553955078
-1855.328369140625,-2134.3740234375,123.36518096923828
-1854.938232421875,-2133.8857421875,123.32585144042967
-1854.547607421875,-2133.396484375,123.28651428222656
-1854.1563720703125,-2132.90673828125,123.24703216552734
-1853.7647705078125,-2132.416259765625,123.20731353759766
-1853.3724365234375,-2131.9248046875,123.16749572753906
-1852.979248046875,-2131.432861328125,123.12767028808594
-1852.5853271484375,-2130.9404296875,123.08757781982422
-1852.1904296875,-2130.44677734375,123.0472412109375
-1851.79443359375,-2129.953125,123.00659942626952
-1851.39794921875,-2129.458251953125,122.96556091308594
-1851.0003662109375,-2128.962646484375,122.9243392944336
-1850.6019287109375,-2128.46630859375,122.88318634033205
-1850.2022705078125,-2127.968994140625,122.84174346923828
-1849.8017578125,-2127.470703125,122.79988098144533
-1849.4002685546875,-2126.971435546875,122.75797271728516
-1848.9976806640625,-2126.471435546875,122.71617126464844
-1848.593994140625,-2125.970458984375,122.67440795898438
-1848.1890869140625,-2125.46875,122.63226318359376
-1847.783203125,-2124.966552734375,122.58975982666016
-1847.3759765625,-2124.46337890625,122.54702758789062
-1846.9676513671875,-2123.958984375,122.50439453125
-1846.5579833984375,-2123.4541015625,122.46170806884766
-1846.14697265625,-2122.947509765625,122.4184799194336
-1845.734619140625,-2122.4404296875,122.37493133544922
-1845.3206787109375,-2121.93212890625,122.331298828125
-1844.906005859375,-2121.4228515625,122.28766632080078
-1844.4893798828125,-2120.9130859375,122.2438735961914
-1844.0714111328125,-2120.401611328125,122.19987487792967
-1843.651611328125,-2119.888916015625,122.15558624267578
-1843.2303466796875,-2119.375244140625,122.111083984375
-1842.8076171875,-2118.86083984375,122.0664291381836
-1842.3831787109375,-2118.34521484375,122.021484375
-1841.95703125,-2117.828125,121.97623443603516
-1841.5291748046875,-2117.31005859375,121.93074798583984
-1841.0997314453125,-2116.791015625,121.88518524169922
-1840.6685791015625,-2116.27099609375,121.8394775390625
-1840.2357177734375,-2115.74951171875,121.7936019897461
-1839.8009033203125,-2115.227294921875,121.74759674072266
-1839.36474609375,-2114.703857421875,121.70153045654295
-1838.9268798828125,-2114.178955078125,121.65542602539062
-1838.4873046875,-2113.653076171875,121.6093292236328
-1838.0462646484375,-2113.12646484375,121.56339263916016
-1837.603759765625,-2112.59814453125,121.51750183105467
-1837.1595458984375,-2112.069091796875,121.47158813476562
-1836.714111328125,-2111.538330078125,121.42595672607422
-1836.2672119140625,-2111.00634765625,121.38067626953124
-1835.8192138671875,-2110.47314453125,121.33543395996094
-1835.369873046875,-2109.9384765625,121.29010009765624
-1834.919677734375,-2109.402587890625,121.24495697021484
-1834.468505859375,-2108.864990234375,121.19998168945312
-1834.016357421875,-2108.32568359375,121.15486145019533
-1833.5633544921875,-2107.78515625,121.10948944091795
-1833.109619140625,-2107.242431640625,121.06412506103516
-1832.655029296875,-2106.6982421875,121.01885986328124
-1832.1998291015625,-2106.152099609375,120.97355651855467
-1831.74365234375,-2105.604736328125,120.9281005859375
-1831.2869873046875,-2105.05517578125,120.88248443603516
-1830.8297119140625,-2104.503662109375,120.83680725097656
-1830.3719482421875,-2103.950439453125,120.79138946533205
-1829.9132080078125,-2103.3955078125,120.74590301513672
-1829.4539794921875,-2102.83837890625,120.70021057128906
-1828.9942626953125,-2102.27978515625,120.65464782714844
-1828.5338134765625,-2101.71923828125,120.6093978881836
-1828.0726318359375,-2101.15771484375,120.56427001953124
-1827.61083984375,-2100.5947265625,120.5192642211914
-1827.1483154296875,-2100.030517578125,120.47463989257812
-1826.68505859375,-2099.46484375,120.43035888671876
-1826.220947265625,-2098.8984375,120.3862762451172
-1825.755859375,-2098.330810546875,120.34233856201172
-1825.2900390625,-2097.762451171875,120.29863739013672
-1824.8236083984375,-2097.193115234375,120.25507354736328
-1824.3564453125,-2096.62353515625,120.21160888671876
-1823.88818359375,-2096.052978515625,120.16809844970705
-1823.419189453125,-2095.4814453125,120.1244659423828
-1822.9490966796875,-2094.909423828125,120.08045196533205
-1822.4783935546875,-2094.337158203125,120.03594207763672
-1822.007080078125,-2093.763427734375,119.99163818359376
-1821.5352783203125,-2093.18896484375,119.94699096679688
-1821.0623779296875,-2092.61376953125,119.90152740478516
-1820.589111328125,-2092.037353515625,119.85572052001952
-1820.115478515625,-2091.460205078125,119.80997467041016
-1819.6409912109375,-2090.88232421875,119.76335144042967
-1819.166015625,-2090.30322265625,119.71720886230467
-1818.6904296875,-2089.72265625,119.67159271240234
-1818.2142333984375,-2089.141357421875,119.62612915039062
-1817.7373046875,-2088.558837890625,119.5809326171875
-1817.2598876953125,-2087.975830078125,119.53675842285156
-1816.7816162109375,-2087.392333984375,119.4931182861328
-1816.302490234375,-2086.807861328125,119.4495620727539
-1815.8226318359375,-2086.22265625,119.4060516357422
-1815.3419189453125,-2085.63720703125,119.36251068115234
-1814.8603515625,-2085.05078125,119.31888580322266
-1814.3782958984375,-2084.46337890625,119.2750244140625
-1813.8955078125,-2083.875244140625,119.23141479492188
-1813.4122314453125,-2083.28564453125,119.18802642822266
-1812.9283447265625,-2082.695068359375,119.1448211669922
-1812.44384765625,-2082.103271484375,119.10194396972656
-1811.9586181640625,-2081.510986328125,119.05949401855467
-1811.472900390625,-2080.917724609375,119.01727294921876
-1810.986328125,-2080.32373046875,118.97528839111328
-1810.4990234375,-2079.72900390625,118.9334945678711
-1810.010986328125,-2079.13330078125,118.89185333251952
-1809.52197265625,-2078.53662109375,118.8500747680664
-1809.0323486328125,-2077.939208984375,118.80843353271484
-1808.5421142578125,-2077.340576171875,118.7669906616211
-1808.0511474609375,-2076.7412109375,118.72554779052734
-1807.5596923828125,-2076.140869140625,118.68466186523438
-1807.0675048828125,-2075.539306640625,118.6440887451172
-1806.574462890625,-2074.937255859375,118.60321044921876
-1806.0810546875,-2074.334228515625,118.5624771118164
-1805.5870361328125,-2073.73046875,118.52189636230467
-1805.092529296875,-2073.125732421875,118.4816665649414
-1804.5972900390625,-2072.519775390625,118.44144439697266
-1804.1015625,-2071.912841796875,118.40129852294922
-1803.6051025390625,-2071.30517578125,118.36148834228516
-1803.1080322265625,-2070.69677734375,118.3219985961914
-1802.6102294921875,-2070.087646484375,118.28289794921876
-1802.1114501953125,-2069.47802734375,118.2439422607422
-1801.6119384765625,-2068.86767578125,118.2051773071289
-1801.1116943359375,-2068.256591796875,118.16654205322266
-1800.610595703125,-2067.644287109375,118.1280288696289
-1800.1087646484375,-2067.031494140625,118.0893325805664
-1799.6065673828125,-2066.41796875,118.0510025024414
-1799.10400390625,-2065.80322265625,118.01363372802734
-1798.6005859375,-2065.188232421875,117.97733306884766
-1798.0958251953125,-2064.5732421875,117.94032287597656
-1797.5911865234375,-2063.957763671875,117.90432739257812
-1797.086181640625,-2063.343017578125,117.86888885498048
-1796.5804443359375,-2062.72900390625,117.83367919921876
-1796.07421875,-2062.11572265625,117.79777526855467
-1795.5677490234375,-2061.50341796875,117.76102447509766
-1795.06103515625,-2060.89111328125,117.72389221191406
-1794.5545654296875,-2060.279052734375,117.68673706054688
-1794.048095703125,-2059.667236328125,117.64910888671876
-1793.5416259765625,-2059.05615234375,117.6111297607422
-1793.0355224609375,-2058.445068359375,117.57330322265624
-1792.5296630859375,-2057.834228515625,117.53541564941406
-1792.024169921875,-2057.223876953125,117.49793243408205
-1791.5189208984375,-2056.61328125,117.4608917236328
-1791.0133056640625,-2056.00341796875,117.42353057861328
-1790.5078125,-2055.39404296875,117.3861312866211
-1790.0028076171875,-2054.78466796875,117.35000610351562
-1789.4979248046875,-2054.17578125,117.31471252441406
-1788.9927978515625,-2053.567138671875,117.27955627441406
-1788.487548828125,-2052.959228515625,117.2441177368164
-1787.982666015625,-2052.35205078125,117.20844268798828
-1787.4779052734375,-2051.745849609375,117.1724090576172
-1786.9739990234375,-2051.138916015625,117.13606262207033
-1786.4700927734375,-2050.532470703125,117.09874725341795
-1785.966552734375,-2049.92626953125,117.0599136352539
-1785.463623046875,-2049.319580078125,117.02047729492188
-1784.96240234375,-2048.7119140625,116.9822998046875
-1784.4620361328125,-2048.103759765625,116.94527435302734
-1783.962158203125,-2047.4952392578125,116.9088363647461
-1783.463134765625,-2046.886474609375,116.87421417236328
-1782.9647216796875,-2046.2779541015625,116.841552734375
-1782.4664306640625,-2045.670654296875,116.80957794189452
-1781.96826171875,-2045.0638427734375,116.77789306640624
-1781.470458984375,-2044.4573974609375,116.74669647216795
-1780.972412109375,-2043.8511962890625,116.71479034423828
-1780.47412109375,-2043.2454833984375,116.68180084228516
-1779.9766845703125,-2042.6396484375,116.64910125732422
-1779.479736328125,-2042.0343017578125,116.61637878417967
-1778.9822998046875,-2041.4296875,116.58279418945312
-1778.4853515625,-2040.8253173828125,116.5489501953125
-1777.989013671875,-2040.220947265625,116.51500701904295
-1777.492919921875,-2039.61669921875,116.48101043701172
-1776.9970703125,-2039.0126953125,116.44677734375
-1776.5020751953125,-2038.4083251953125,116.4131088256836
-1776.0076904296875,-2037.803955078125,116.3804931640625
-1775.513671875,-2037.19970703125,116.34881591796876
-1775.0194091796875,-2036.5960693359375,116.3173599243164
-1774.525634765625,-2035.992919921875,116.2863311767578
-1774.0323486328125,-2035.3902587890625,116.2560806274414
-1773.5390625,-2034.7877197265625,116.22618103027344
-1773.0455322265625,-2034.1854248046875,116.1959991455078
-1772.5521240234375,-2033.5833740234375,116.16561889648438
-1772.05908203125,-2032.9813232421875,116.13561248779295
-1771.565673828125,-2032.379638671875,116.10570526123048
-1771.0726318359375,-2031.7783203125,116.07585906982422
-1770.5799560546875,-2031.1771240234375,116.04613494873048
-1770.0872802734375,-2030.5758056640625,116.0163803100586
-1769.594482421875,-2029.974853515625,115.98629760742188
-1769.102294921875,-2029.3736572265625,115.95626068115234
-1768.6102294921875,-2028.7724609375,115.92681884765624
-1768.118408203125,-2028.171142578125,115.89743041992188
-1767.626953125,-2027.5697021484375,115.86784362792967
-1767.135986328125,-2026.9681396484375,115.8386001586914
-1766.6451416015625,-2026.36669921875,115.80949401855467
-1766.1544189453125,-2025.76513671875,115.7806625366211
-1765.6639404296875,-2025.1632080078125,115.75199127197266
-1765.1734619140625,-2024.5618896484375,115.72260284423828
-1764.68310546875,-2023.9605712890625,115.69256591796876
-1764.193115234375,-2023.3594970703125,115.66270446777344
-1763.70361328125,-2022.7576904296875,115.63304901123048
-1763.2142333984375,-2022.1558837890625,115.60276794433594
-1762.724853515625,-2021.553466796875,115.57245635986328
-1762.2359619140625,-2020.9510498046875,115.54242706298828
-1761.747314453125,-2020.34814453125,115.51329803466795
-1761.2587890625,-2019.7454833984375,115.48501586914062
-1760.7701416015625,-2019.142822265625,115.45731353759766
-1760.281494140625,-2018.5400390625,115.43000030517578
-1759.7930908203125,-2017.9376220703125,115.40355682373048
-1759.3046875,-2017.3353271484375,115.37755584716795
-1758.8162841796875,-2016.73291015625,115.35220336914062
-1758.3280029296875,-2016.1302490234375,115.32754516601562
-1757.839111328125,-2015.528564453125,115.3025131225586
-1757.3499755859375,-2014.9273681640625,115.27722930908205
-1756.8612060546875,-2014.32666015625,115.25192260742188
-1756.3720703125,-2013.7261962890625,115.2266616821289
-1755.8826904296875,-2013.1258544921875,115.2009506225586
-1755.3931884765625,-2012.5252685546875,115.17487335205078
-1754.903564453125,-2011.9249267578125,115.1482391357422
-1754.413818359375,-2011.32470703125,115.12146759033205
-1753.924072265625,-2010.724853515625,115.09508514404295
-1753.4345703125,-2010.1248779296875,115.06916809082033
-1752.94482421875,-2009.5250244140625,115.0433578491211
-1752.4542236328125,-2008.9256591796875,115.0169677734375
-1751.963623046875,-2008.326904296875,114.99005126953124
-1751.4730224609375,-2007.728515625,114.96267700195312
-1750.9822998046875,-2007.1304931640625,114.93479919433594
-1750.4918212890625,-2006.5323486328125,114.90625762939452
-1750.0013427734375,-2005.93408203125,114.87694549560548
-1749.5106201171875,-2005.3355712890625,114.84647369384766
-1749.020263671875,-2004.7366943359375,114.81550598144533
-1748.5308837890625,-2004.13720703125,114.78519439697266
-1748.0418701171875,-2003.537109375,114.7557144165039
-1747.5533447265625,-2002.936279296875,114.72692108154295
-1747.0655517578125,-2002.3348388671875,114.69960021972656
-1746.578125,-2001.73291015625,114.67401885986328
-1746.0908203125,-2001.13134765625,114.6498794555664
-1745.603759765625,-2000.5301513671875,114.62776184082033
-1745.116943359375,-1999.928955078125,114.60808563232422
-1744.6292724609375,-1999.328369140625,114.58924865722656
-1744.1409912109375,-1998.728515625,114.5698013305664
-1743.6524658203125,-1998.129638671875,114.54991149902344
-1743.16357421875,-1997.531494140625,114.52970123291016
-1742.6746826171875,-1996.9339599609375,114.5088882446289
-1742.185546875,-1996.33642578125,114.48747253417967
-1741.6959228515625,-1995.73876953125,114.46516418457033
-1741.205810546875,-1995.1416015625,114.44197082519533
-1740.716064453125,-1994.5445556640625,114.41869354248048
-1740.2266845703125,-1993.947265625,114.39646911621094
-1739.7373046875,-1993.3502197265625,114.37535858154295
-1739.24755859375,-1992.7535400390625,114.35514068603516
-1738.7574462890625,-1992.1571044921875,114.33592987060548
-1738.26708984375,-1991.5615234375,114.3179702758789
-1737.7764892578125,-1990.9666748046875,114.30081939697266
-1737.2852783203125,-1990.372802734375,114.28453063964844
-1736.793701171875,-1989.780029296875,114.26872253417967
-1736.301025390625,-1989.1878662109375,114.25267028808594
-1735.8079833984375,-1988.5965576171875,114.23594665527344
-1735.314208984375,-1988.0062255859375,114.21881866455078
-1734.820068359375,-1987.4163818359375,114.20159149169922
-1734.32568359375,-1986.8272705078125,114.18423461914062
-1733.830810546875,-1986.2386474609375,114.16651916503906
-1733.3358154296875,-1985.6502685546875,114.14852142333984
-1732.8404541015625,-1985.06298828125,114.12996673583984
-1732.3447265625,-1984.4761962890625,114.11033630371094
-1731.849365234375,-1983.8897705078125,114.09040069580078
-1731.3543701171875,-1983.3028564453125,114.07125854492188
-1730.859130859375,-1982.7158203125,114.05158233642578
-1730.364013671875,-1982.1290283203125,114.0304718017578
-1729.8702392578125,-1981.54150390625,114.00958251953124
-1729.3775634765625,-1980.95361328125,113.99005889892578
-1728.885009765625,-1980.365478515625,113.97047424316406
-1728.3935546875,-1979.7762451171875,113.951171875
-1727.903076171875,-1979.1866455078125,113.9322509765625
-1727.4134521484375,-1978.59619140625,113.9135284423828
-1726.92529296875,-1978.0052490234375,113.89576721191406
-1726.43798828125,-1977.413818359375,113.87828063964844
-1725.95166015625,-1976.8218994140625,113.86056518554688
-1725.466552734375,-1976.229248046875,113.843017578125
-1724.982666015625,-1975.635986328125,113.825927734375
-1724.499267578125,-1975.0419921875,113.80889129638672
-1724.0166015625,-1974.4476318359375,113.79178619384766
-1723.534423828125,-1973.8531494140625,113.77449035644533
-1723.0528564453125,-1973.258544921875,113.75797271728516
-1722.5718994140625,-1972.66357421875,113.74222564697266
-1722.0908203125,-1972.06884765625,113.7269058227539
-1721.609619140625,-1971.474365234375,113.71137237548828
-1721.12841796875,-1970.8802490234375,113.69625091552734
-1720.6474609375,-1970.2860107421875,113.68244934082033
-1720.166259765625,-1969.6925048828125,113.66852569580078
-1719.6844482421875,-1969.099853515625,113.6535415649414
-1719.201904296875,-1968.5089111328125,113.6369857788086
-1718.7200927734375,-1967.91748046875,113.62103271484376
-1718.238525390625,-1967.3255615234375,113.60546875
-1717.755615234375,-1966.734130859375,113.5890121459961
-1717.2720947265625,-1966.1435546875,113.57083129882812
-1716.789306640625,-1965.5531005859375,113.55397033691406
-1716.3067626953125,-1964.962890625,113.53905487060548
-1715.8238525390625,-1964.3731689453125,113.5246124267578
-1715.340087890625,-1963.7843017578125,113.50965118408205
-1714.8560791015625,-1963.1966552734375,113.4942398071289
-1714.372314453125,-1962.6094970703125,113.4791488647461
-1713.888671875,-1962.0224609375,113.46448516845705
-1713.40478515625,-1961.4354248046875,113.44991302490234
-1712.9210205078125,-1960.848388671875,113.43522644042967
-1712.436767578125,-1960.26171875,113.42022705078124
-1711.95361328125,-1959.675048828125,113.40637969970705
-1711.470703125,-1959.0882568359375,113.39331817626952
-1710.9881591796875,-1958.501708984375,113.38085174560548
-1710.505859375,-1957.9150390625,113.36844635009766
-1710.024169921875,-1957.328369140625,113.35586547851562
-1709.54296875,-1956.7418212890625,113.3435287475586
-1709.0625,-1956.1551513671875,113.33141326904295
-1708.5828857421875,-1955.568115234375,113.31944274902344
-1708.1033935546875,-1954.980712890625,113.30764770507812
-1707.6239013671875,-1954.3935546875,113.2957763671875
-1707.14453125,-1953.80712890625,113.28343200683594
-1706.665283203125,-1953.2210693359375,113.2703094482422
-1706.1864013671875,-1952.6353759765625,113.25757598876952
-1705.7081298828125,-1952.0496826171875,113.24520111083984
-1705.2294921875,-1951.46435546875,113.23233032226562
-1704.75048828125,-1950.8795166015625,113.21817779541016
-1704.2718505859375,-1950.294921875,113.20368194580078
-1703.7939453125,-1949.7100830078125,113.18978881835938
-1703.316162109375,-1949.1251220703125,113.17601013183594
-1702.838623046875,-1948.5400390625,113.16259765625
-1702.3609619140625,-1947.954833984375,113.14900970458984
-1701.883544921875,-1947.3699951171875,113.13687896728516
-1701.4063720703125,-1946.7855224609375,113.12609100341795
-1700.92919921875,-1946.2015380859375,113.11676788330078
-1700.4515380859375,-1945.61767578125,113.10831451416016
-1699.97265625,-1945.034423828125,113.09980010986328
-1699.4931640625,-1944.45166015625,113.09098052978516
-1699.0128173828125,-1943.86865234375,113.0818862915039
-1698.5318603515625,-1943.285400390625,113.07230377197266
-1698.049560546875,-1942.701416015625,113.06190490722656
-1697.5665283203125,-1942.1153564453125,113.05097198486328
-1697.082275390625,-1941.5269775390625,113.03948211669922
-1696.596435546875,-1940.936767578125,113.02715301513672
-1696.1094970703125,-1940.3441162109375,113.01448059082033
-1695.6219482421875,-1939.7484130859375,113.0028305053711
-1695.1331787109375,-1939.149658203125,112.99215698242188
-1694.642333984375,-1938.5478515625,112.9816436767578
-1694.1494140625,-1937.943115234375,112.97052764892578
-1693.6556396484375,-1937.3353271484375,112.96051788330078
-1693.160400390625,-1936.72509765625,112.95152282714844
-1692.6630859375,-1936.1116943359375,112.9436492919922
-1692.1639404296875,-1935.4974365234375,112.93562316894533
-1691.6639404296875,-1934.881103515625,112.92764282226562
-1691.1624755859375,-1934.262939453125,112.9200210571289
-1690.659423828125,-1933.6435546875,112.9112548828125
-1690.155517578125,-1933.02197265625,112.9019012451172
-1689.6512451171875,-1932.39892578125,112.89310455322266
-1689.1463623046875,-1931.77490234375,112.88445281982422
-1688.6412353515625,-1931.15087890625,112.87596130371094
-1688.1361083984375,-1930.5269775390625,112.86819458007812
-1687.6309814453125,-1929.9034423828125,112.86066436767578
-1687.125732421875,-1929.2806396484375,112.85297393798828
-1686.6201171875,-1928.6588134765625,112.84521484375
-1686.1146240234375,-1928.0374755859375,112.83773803710938
-1685.6090087890625,-1927.4168701171875,112.83040618896484
-1685.1029052734375,-1926.7974853515625,112.8228530883789
-1684.5963134765625,-1926.179443359375,112.81522369384766
-1684.0899658203125,-1925.5623779296875,112.80799865722656
-1683.583740234375,-1924.9459228515625,112.80130767822266
-1683.0770263671875,-1924.33056640625,112.79456329345705
-1682.5701904296875,-1923.71630859375,112.78750610351562
-1682.063232421875,-1923.10302734375,112.7805633544922
-1681.5567626953125,-1922.4906005859375,112.77406311035156
-1681.0501708984375,-1921.8787841796875,112.7677230834961
-1680.5435791015625,-1921.26806640625,112.7613296508789
-1680.0372314453125,-1920.6580810546875,112.75497436523438
-1679.531005859375,-1920.0487060546875,112.748779296875
-1679.02490234375,-1919.4404296875,112.74266052246094
-1678.5189208984375,-1918.8333740234375,112.73627471923828
-1678.01318359375,-1918.22705078125,112.72975158691406
-1677.508056640625,-1917.62109375,112.72349548339844
-1677.003173828125,-1917.0157470703125,112.71742248535156
-1676.498291015625,-1916.410888671875,112.71104431152344
-1675.993896484375,-1915.806884765625,112.70439910888672
-1675.4908447265625,-1915.2027587890625,112.69912719726562
-1674.98828125,-1914.59912109375,112.6947250366211
-1674.4862060546875,-1913.9959716796875,112.69107055664062
-1673.9847412109375,-1913.3935546875,112.6881103515625
-1673.483154296875,-1912.791748046875,112.68485260009766
-1672.982421875,-1912.1905517578125,112.68209838867188
-1672.4822998046875,-1911.5897216796875,112.6795883178711
-1671.9827880859375,-1910.989501953125,112.67706298828124
-1671.4837646484375,-1910.3896484375,112.67442321777344
-1670.9854736328125,-1909.7901611328125,112.67176055908205
-1670.488037109375,-1909.1910400390625,112.6691436767578
-1669.9908447265625,-1908.59228515625,112.66670989990234
-1669.494384765625,-1907.993896484375,112.66445922851562
-1668.9984130859375,-1907.39599609375,112.66207885742188
-1668.502685546875,-1906.7989501953125,112.65936279296876
-1668.0078125,-1906.2025146484375,112.65677642822266
-1667.5135498046875,-1905.6063232421875,112.65448760986328
-1667.01953125,-1905.0106201171875,112.65237426757812
-1666.5252685546875,-1904.4156494140625,112.6500015258789
-1666.03125,-1903.82177734375,112.6473159790039
-1665.5374755859375,-1903.228759765625,112.64476776123048
-1665.0438232421875,-1902.636474609375,112.64279174804688
-1664.5499267578125,-1902.0452880859375,112.64112854003906
-1664.0556640625,-1901.455078125,112.63939666748048
-1663.5611572265625,-1900.8660888671875,112.6378173828125
-1663.066162109375,-1900.2783203125,112.63679504394533
-1662.5711669921875,-1899.6917724609375,112.6359634399414
-1662.0755615234375,-1899.1068115234375,112.63548278808594
-1661.579345703125,-1898.5233154296875,112.63522338867188
-1661.08251953125,-1897.94140625,112.63461303710938
-1660.5849609375,-1897.361083984375,112.63341522216795
-1660.0869140625,-1896.7822265625,112.63265991210938
-1659.587890625,-1896.204833984375,112.63223266601562
-1659.0875244140625,-1895.629150390625,112.63174438476562
-1658.5859375,-1895.0557861328125,112.63111877441406
-1658.0833740234375,-1894.484130859375,112.63113403320312
-1657.579833984375,-1893.9146728515625,112.6318588256836
-1657.0745849609375,-1893.347900390625,112.6326141357422
-1656.567626953125,-1892.783447265625,112.63350677490234
-1656.0589599609375,-1892.2215576171875,112.6347198486328
-1655.548583984375,-1891.662353515625,112.6363754272461
-1655.0360107421875,-1891.1058349609375,112.63850402832033
-1654.521484375,-1890.552490234375,112.64093780517578
-1654.0045166015625,-1890.00244140625,112.64322662353516
-1653.4853515625,-1889.455810546875,112.64596557617188
-1652.9638671875,-1888.91259765625,112.64888763427734
-1652.4400634765625,-1888.3729248046875,112.6505889892578
-1651.9136962890625,-1887.8365478515625,112.65227508544922
-1651.3846435546875,-1887.30419921875,112.65203857421876
-1650.853759765625,-1886.7747802734375,112.65219116210938
-1650.3204345703125,-1886.24853515625,112.6533203125
-1649.7840576171875,-1885.7261962890625,112.65387725830078
-1649.2445068359375,-1885.2078857421875,112.65299987792967
-1648.7025146484375,-1884.6937255859375,112.65359497070312
-1648.1578369140625,-1884.1839599609375,112.65569305419922
-1647.6094970703125,-1883.678955078125,112.6578598022461
-1647.057861328125,-1883.1787109375,112.65945434570312
-1646.5035400390625,-1882.6829833984375,112.66143798828124
-1645.9464111328125,-1882.1917724609375,112.66437530517578
-1645.38623046875,-1881.705322265625,112.66736602783205
-1644.8231201171875,-1881.2232666015625,112.67025756835938
-1644.2568359375,-1880.7457275390625,112.67323303222656
-1643.6878662109375,-1880.2733154296875,112.67583465576172
-1643.116455078125,-1879.8050537109375,112.67880249023438
-1642.54248046875,-1879.3414306640625,112.68216705322266
-1641.966064453125,-1878.8817138671875,112.68522644042967
-1641.3875732421875,-1878.4259033203125,112.687744140625
-1640.80712890625,-1877.9737548828125,112.69036865234376
-1640.2249755859375,-1877.5252685546875,112.69280242919922
-1639.64111328125,-1877.080078125,112.69508361816406
-1639.055908203125,-1876.6380615234375,112.69756317138672
-1638.4693603515625,-1876.1988525390625,112.70021057128906
-1637.881591796875,-1875.76220703125,112.7031021118164
-1637.29248046875,-1875.328369140625,112.70606231689452
-1636.7025146484375,-1874.897216796875,112.70909881591795
-1636.1116943359375,-1874.4686279296875,112.71271514892578
-1635.519775390625,-1874.0426025390625,112.71678161621094
-1634.9267578125,-1873.619384765625,112.72113800048828
-1634.3326416015625,-1873.1986083984375,112.72525024414062
-1633.737548828125,-1872.780517578125,112.72946166992188
-1633.1416015625,-1872.3646240234375,112.73407745361328
-1632.5443115234375,-1871.9515380859375,112.739013671875
-1631.946044921875,-1871.541015625,112.74398803710938
-1631.3465576171875,-1871.1331787109375,112.74911499023438
-1630.74609375,-1870.72802734375,112.75450897216795
-1630.144287109375,-1870.32568359375,112.76007080078124
-1629.5413818359375,-1869.9259033203125,112.76583862304688
-1628.9371337890625,-1869.529296875,112.7715072631836
-1628.33154296875,-1869.1353759765625,112.77701568603516
-1627.724853515625,-1868.744140625,112.78240203857422
-1627.11669921875,-1868.355712890625,112.78776550292967
-1626.50732421875,-1867.969970703125,112.7929229736328
-1625.896728515625,-1867.5870361328125,112.7978515625
-1625.2847900390625,-1867.20654296875,112.80282592773438
-1624.671630859375,-1866.828857421875,112.80833435058594
-1624.05712890625,-1866.453369140625,112.81409454345705
-1623.4417724609375,-1866.0804443359375,112.8199234008789
-1622.8253173828125,-1865.709716796875,112.8260498046875
-1622.2078857421875,-1865.34130859375,112.83267211914062
-1621.5897216796875,-1864.97509765625,112.839599609375
-1620.9705810546875,-1864.6109619140625,112.84676361083984
-1620.350830078125,-1864.2490234375,112.85406494140624
-1619.7298583984375,-1863.88916015625,112.86144256591795
-1619.1083984375,-1863.531494140625,112.86890411376952
-1618.4859619140625,-1863.1759033203125,112.87649536132812
-1617.8626708984375,-1862.8226318359375,112.88422393798828
-1617.2384033203125,-1862.471923828125,112.89207458496094
-1616.61328125,-1862.1234130859375,112.89999389648438
-1615.9871826171875,-1861.777587890625,112.90792846679688
-1615.360107421875,-1861.4345703125,112.91592407226562
-1614.73193359375,-1861.0941162109375,112.92379760742188
-1614.102783203125,-1860.7567138671875,112.93157196044922
-1613.47265625,-1860.422119140625,112.93937683105467
-1612.8411865234375,-1860.0904541015625,112.94747161865234
-1612.208740234375,-1859.761474609375,112.95551300048828
-1611.5751953125,-1859.435546875,112.96370697021484
-1610.9405517578125,-1859.112548828125,112.97200012207033
-1610.304931640625,-1858.792724609375,112.98065185546876
-1609.6683349609375,-1858.475830078125,112.98991394042967
-1609.03076171875,-1858.162109375,112.99934387207033
-1608.3922119140625,-1857.8511962890625,113.00875091552734
-1607.7528076171875,-1857.5433349609375,113.01830291748048
-1607.112548828125,-1857.238037109375,113.02826690673828
-1606.4715576171875,-1856.9356689453125,113.03820037841795
-1605.8297119140625,-1856.635986328125,113.04788970947266
-1605.187255859375,-1856.3389892578125,113.05775451660156
-1604.544189453125,-1856.044189453125,113.06806182861328
-1603.9002685546875,-1855.7518310546875,113.07855987548828
-1603.255615234375,-1855.462158203125,113.08870697021484
-1602.6103515625,-1855.1749267578125,113.09905242919922
-1601.9644775390625,-1854.8902587890625,113.10977172851562
-1601.318115234375,-1854.6083984375,113.12043762207033
-1600.6710205078125,-1854.3292236328125,113.1309814453125
-1600.0233154296875,-1854.0526123046875,113.14143371582033
-1599.3748779296875,-1853.77880859375,113.15192413330078
-1598.7257080078125,-1853.5074462890625,113.16236877441406
-1598.07568359375,-1853.239013671875,113.1729507446289
-1597.4249267578125,-1852.9736328125,113.1835479736328
-1596.7735595703125,-1852.7115478515625,113.19424438476562
-1596.1214599609375,-1852.4527587890625,113.20491027832033
-1595.468505859375,-1852.197265625,113.21533203125
-1594.8150634765625,-1851.9449462890625,113.2255859375
-1594.1607666015625,-1851.69580078125,113.23606872558594
-1593.50537109375,-1851.449951171875,113.24642181396484
-1592.8492431640625,-1851.207763671875,113.25621795654295
-1592.1923828125,-1850.9688720703125,113.26581573486328
-1591.5345458984375,-1850.7333984375,113.27589416503906
-1590.8758544921875,-1850.5020751953125,113.28643035888672
-1590.21630859375,-1850.274658203125,113.29679107666016
-1589.55615234375,-1850.0501708984375,113.30733489990234
-1588.895263671875,-1849.8292236328125,113.31871032714844
-1588.233642578125,-1849.6124267578125,113.33045196533205
-1587.5714111328125,-1849.3992919921875,113.34163665771484
-1586.9085693359375,-1849.189697265625,113.35279846191406
-1586.245361328125,-1848.9840087890625,113.3643798828125
-1585.581298828125,-1848.781982421875,113.37579345703124
-1584.916748046875,-1848.58349609375,113.38665771484376
-1584.2515869140625,-1848.3887939453125,113.39675903320312
-1583.5858154296875,-1848.197998046875,113.406005859375
-1582.9195556640625,-1848.01025390625,113.41545867919922
-1582.2528076171875,-1847.825927734375,113.42521667480467
-1581.5853271484375,-1847.6446533203125,113.43451690673828
-1580.917236328125,-1847.46630859375,113.44317626953124
-1580.2490234375,-1847.2908935546875,113.4521942138672
-1579.5806884765625,-1847.1181640625,113.46178436279295
-1578.9122314453125,-1846.9476318359375,113.47180938720705
-1578.2437744140625,-1846.7789306640625,113.48189544677734
-1577.5753173828125,-1846.6116943359375,113.4918212890625
-1576.9072265625,-1846.4459228515625,113.50167083740234
-1576.239501953125,-1846.28076171875,113.51152801513672
-1575.5721435546875,-1846.1156005859375,113.5216064453125
-1574.905029296875,-1845.95068359375,113.53166198730467
-1574.2384033203125,-1845.78564453125,113.54147338867188
-1573.5723876953125,-1845.620361328125,113.55088806152344
-1572.906982421875,-1845.4547119140625,113.56040954589844
-1572.2420654296875,-1845.28857421875,113.57001495361328
-1571.57763671875,-1845.1224365234375,113.57960510253906
-1570.913818359375,-1844.9556884765625,113.58897399902344
-1570.2503662109375,-1844.7889404296875,113.5982894897461
-1569.58740234375,-1844.621826171875,113.60774230957033
-1568.9248046875,-1844.45458984375,113.61724090576172
-1568.262451171875,-1844.2872314453125,113.62667083740234
-1567.6007080078125,-1844.1201171875,113.63610076904295
-1566.9390869140625,-1843.952880859375,113.64584350585938
-1566.2779541015625,-1843.78564453125,113.65576934814452
-1565.6171875,-1843.6185302734375,113.66539001464844
-1564.956787109375,-1843.451416015625,113.67475128173828
-1564.296875,-1843.2843017578125,113.68437957763672
-1563.6370849609375,-1843.1171875,113.69438934326172
-1562.9775390625,-1842.9500732421875,113.7041015625
-1562.3182373046875,-1842.783203125,113.7137222290039
-1561.6593017578125,-1842.6160888671875,113.7234344482422
-1561.0008544921875,-1842.4488525390625,113.73345184326172
-1560.3426513671875,-1842.2821044921875,113.74359130859376
-1559.6846923828125,-1842.1153564453125,113.75382232666016
-1559.0272216796875,-1841.948486328125,113.76386260986328
-1558.369873046875,-1841.7813720703125,113.77417755126952
-1557.712890625,-1841.6143798828125,113.78485107421876
-1557.05615234375,-1841.447509765625,113.79557037353516
-1556.3995361328125,-1841.280517578125,113.8061981201172
-1555.7431640625,-1841.1134033203125,113.81736755371094
-1555.0870361328125,-1840.9462890625,113.82901000976562
-1554.43115234375,-1840.779052734375,113.84066009521484
-1553.775390625,-1840.61181640625,113.8523406982422
-1553.1197509765625,-1840.4447021484375,113.86397552490234
-1552.4642333984375,-1840.276611328125,113.87527465820312
-1551.8087158203125,-1840.108154296875,113.88593292236328
-1551.1524658203125,-1839.9395751953125,113.89632415771484
-1550.4949951171875,-1839.77001953125,113.9069366455078
-1549.8359375,-1839.599365234375,113.91747283935548
-1549.1751708984375,-1839.427734375,113.92754364013672
-1548.5126953125,-1839.2547607421875,113.937744140625
-1547.848388671875,-1839.08056640625,113.94850158691406
-1547.1822509765625,-1838.905029296875,113.9595947265625
-1546.5137939453125,-1838.7283935546875,113.97061157226562
-1545.84326171875,-1838.5501708984375,113.98161315917967
-1545.169921875,-1838.3704833984375,113.99276733398438
-1544.4935302734375,-1838.1893310546875,114.0047836303711
-1543.8145751953125,-1838.00732421875,114.0170669555664
-1543.133544921875,-1837.8240966796875,114.02912902832033
-1542.4508056640625,-1837.63916015625,114.0413818359375
-1541.76611328125,-1837.453125,114.05465698242188
-1541.079345703125,-1837.2664794921875,114.06845092773438
-1540.39013671875,-1837.07861328125,114.08235931396484
-1539.698974609375,-1836.889892578125,114.09632110595705
-1539.006103515625,-1836.700439453125,114.11026763916016
-1538.3111572265625,-1836.5106201171875,114.12432098388672
-1537.6146240234375,-1836.3204345703125,114.13853454589844
-1536.9166259765625,-1836.130126953125,114.15267944335938
-1536.2174072265625,-1835.9395751953125,114.1667251586914
-1535.5167236328125,-1835.749267578125,114.18099975585938
-1534.8150634765625,-1835.5587158203125,114.19547271728516
-1534.1121826171875,-1835.3681640625,114.21006774902344
-1533.4083251953125,-1835.1781005859375,114.22457122802734
-1532.703857421875,-1834.988525390625,114.23909759521484
-1531.9986572265625,-1834.798583984375,114.25401306152344
-1531.292724609375,-1834.6087646484375,114.2694854736328
-1530.5855712890625,-1834.419189453125,114.2850112915039
-1529.8775634765625,-1834.2294921875,114.30064392089844
-1529.1690673828125,-1834.0400390625,114.31604766845705
-1528.4600830078125,-1833.8505859375,114.33153533935548
-1527.7503662109375,-1833.6612548828125,114.3473892211914
-1527.0399169921875,-1833.4716796875,114.36312103271484
-1526.3284912109375,-1833.2822265625,114.37841796875
-1525.6163330078125,-1833.0928955078125,114.39402770996094
-1524.9031982421875,-1832.9031982421875,114.41008758544922
-1524.189453125,-1832.7137451171875,114.42633819580078
-1523.47509765625,-1832.52490234375,114.4421844482422
-1522.7603759765625,-1832.3355712890625,114.45848083496094
-1522.045166015625,-1832.146240234375,114.47532653808594
-1521.329345703125,-1831.95654296875,114.49214935302734
-1520.61279296875,-1831.7666015625,114.50891876220705
-1519.8955078125,-1831.5767822265625,114.52593231201172
-1519.1776123046875,-1831.387451171875,114.54290008544922
-1518.459716796875,-1831.197998046875,114.55998992919922
-1517.741455078125,-1831.008544921875,114.57746124267578
-1517.022705078125,-1830.8192138671875,114.5950927734375
-1516.3033447265625,-1830.6300048828125,114.61251831054688
-1515.583740234375,-1830.4405517578125,114.62985229492188
-1514.86376953125,-1830.25048828125,114.6473388671875
-1514.1434326171875,-1830.0604248046875,114.66482543945312
-1513.4228515625,-1829.8702392578125,114.68252563476562
-1512.7017822265625,-1829.6798095703125,114.7004623413086
-1511.98046875,-1829.4896240234375,114.71837615966795
-1511.2587890625,-1829.2998046875,114.73606872558594
-1510.5369873046875,-1829.1097412109375,114.75404357910156
-1509.8148193359375,-1828.919677734375,114.77224731445312
-1509.092041015625,-1828.7301025390625,114.79036712646484
-1508.368896484375,-1828.54052734375,114.8083953857422
-1507.6455078125,-1828.35107421875,114.82654571533205
-1506.9219970703125,-1828.1614990234375,114.84493255615234
-1506.1983642578125,-1827.97216796875,114.86354064941406
-1505.474365234375,-1827.7830810546875,114.8821029663086
-1504.75,-1827.593994140625,114.9007797241211
-1504.025634765625,-1827.405029296875,114.91971588134766
-1503.301025390625,-1827.21630859375,114.93865966796876
-1502.576171875,-1827.0279541015625,114.95772552490234
-1501.8509521484375,-1826.8397216796875,114.97686767578124
-1501.125732421875,-1826.65185546875,114.99592590332033
-1500.400390625,-1826.4639892578125,115.01499938964844
-1499.675048828125,-1826.276611328125,115.03421020507812
-1498.949462890625,-1826.08935546875,115.05305480957033
-1498.2236328125,-1825.902099609375,115.07169342041016
-1497.4979248046875,-1825.71484375,115.0902862548828
-1496.7718505859375,-1825.52783203125,115.10894775390624
-1496.0457763671875,-1825.34130859375,115.1274642944336
-1495.3193359375,-1825.1546630859375,115.1457977294922
-1494.593017578125,-1824.9681396484375,115.16419219970705
-1493.8665771484375,-1824.78173828125,115.18278503417967
-1493.1400146484375,-1824.595703125,115.20108032226562
-1492.4132080078125,-1824.4097900390625,115.21927642822266
-1491.6865234375,-1824.2237548828125,115.2375030517578
-1490.9595947265625,-1824.0379638671875,115.25587463378906
-1490.232421875,-1823.8521728515625,115.27417755126952
-1489.50537109375,-1823.666259765625,115.2925033569336
-1488.7781982421875,-1823.48046875,115.31118774414062
-1488.051025390625,-1823.2943115234375,115.3299560546875
-1487.3238525390625,-1823.108154296875,115.34871673583984
-1486.5968017578125,-1822.9215087890625,115.3673324584961
-1485.8702392578125,-1822.7344970703125,115.38591766357422
-1485.143310546875,-1822.5472412109375,115.40473175048828
-1484.41650390625,-1822.359375,115.42355346679688
-1483.689453125,-1822.1708984375,115.4423370361328
-1482.9627685546875,-1821.98193359375,115.4613037109375
-1482.2359619140625,-1821.792724609375,115.48047637939452
-1481.5096435546875,-1821.6033935546875,115.49972534179688
-1480.783447265625,-1821.413818359375,115.51902770996094
-1480.0572509765625,-1821.223388671875,115.5381088256836
-1479.3314208984375,-1821.0325927734375,115.55643463134766
-1478.60546875,-1820.841552734375,115.5743637084961
-1477.87939453125,-1820.6497802734375,115.59286499023438
-1477.1533203125,-1820.4576416015625,115.61116027832033
-1476.42724609375,-1820.265625,115.62860107421876
-1475.701416015625,-1820.0731201171875,115.64556121826172
-1474.976318359375,-1819.8795166015625,115.6624526977539
-1474.251220703125,-1819.6859130859375,115.67887878417967
-1473.52587890625,-1819.4921875,115.69501495361328
-1472.8001708984375,-1819.297607421875,115.71074676513672
-1472.0740966796875,-1819.1029052734375,115.72618103027344
-1471.3482666015625,-1818.9080810546875,115.74192810058594
-1470.6229248046875,-1818.712646484375,115.75885009765624
-1469.8975830078125,-1818.51708984375,115.7770004272461
-1469.1724853515625,-1818.3216552734375,115.79600524902344
-1468.447509765625,-1818.126220703125,115.815673828125
-1467.72265625,-1817.9302978515625,115.83611297607422
-1466.9984130859375,-1817.7342529296875,115.85714721679688
-1466.2740478515625,-1817.538330078125,115.87876892089844
-1465.550048828125,-1817.3424072265625,115.90046691894533
-1464.826171875,-1817.14697265625,115.92179107666016
-1464.102783203125,-1816.9515380859375,115.94281005859376
-1463.37939453125,-1816.7557373046875,115.96368408203124
-1462.6561279296875,-1816.5596923828125,115.98450469970705
-1461.9326171875,-1816.3636474609375,116.00479125976562
-1461.2093505859375,-1816.167236328125,116.02434539794922
-1460.486083984375,-1815.9703369140625,116.0441665649414
-1459.7633056640625,-1815.7728271484375,116.06501770019533
-1459.0406494140625,-1815.57470703125,116.08619689941406
-1458.3182373046875,-1815.37646484375,116.10739135742188
-1457.5960693359375,-1815.1783447265625,116.12884521484376
-1456.8741455078125,-1814.98046875,116.15126037597656
-1456.1524658203125,-1814.7822265625,116.17454528808594
-1455.4307861328125,-1814.58447265625,116.19778442382812
-1454.7093505859375,-1814.3863525390625,116.22167205810548
-1453.988037109375,-1814.188720703125,116.2465591430664
-1453.2669677734375,-1813.9918212890625,116.27099609375
-1452.5462646484375,-1813.7962646484375,116.29390716552734
-1451.8260498046875,-1813.6004638671875,116.31635284423828
-1451.1064453125,-1813.4034423828125,116.33948516845705
-1450.3863525390625,-1813.20556640625,116.36192321777344
-1449.6658935546875,-1813.0079345703125,116.3833999633789
-1448.945556640625,-1812.8101806640625,116.40499877929688
-1448.2259521484375,-1812.6121826171875,116.4278335571289
-1447.50634765625,-1812.41455078125,116.45143127441406
-1446.7869873046875,-1812.2177734375,116.4750518798828
-1446.067626953125,-1812.021728515625,116.49853515625
-1445.3485107421875,-1811.8262939453125,116.5219955444336
-1444.6292724609375,-1811.631591796875,116.54517364501952
-1443.91015625,-1811.437255859375,116.56817626953124
-1443.19091796875,-1811.243408203125,116.5909194946289
-1442.4716796875,-1811.0501708984375,116.61359405517578
-1441.7525634765625,-1810.8577880859375,116.6366958618164
-1441.033447265625,-1810.6656494140625,116.66036987304688
-1440.3143310546875,-1810.47412109375,116.68470001220705
-1439.5950927734375,-1810.28369140625,116.70951080322266
-1438.876220703125,-1810.0948486328125,116.73480224609376
-1438.157470703125,-1809.907470703125,116.76053619384766
-1437.438720703125,-1809.721435546875,116.78731536865234
-1436.7200927734375,-1809.5367431640625,116.8141860961914
-1436.0013427734375,-1809.353515625,116.8399658203125
-1435.282958984375,-1809.171142578125,116.86534881591795
-1434.56494140625,-1808.9893798828125,116.89120483398438
-1433.8468017578125,-1808.808349609375,116.91765594482422
-1433.1285400390625,-1808.627685546875,116.944091796875
-1432.4105224609375,-1808.447509765625,116.97067260742188
-1431.69287109375,-1808.2686767578125,116.99698638916016
-1430.975830078125,-1808.0904541015625,117.02391052246094
-1430.25927734375,-1807.912353515625,117.0518798828125
-1429.5430908203125,-1807.7344970703125,117.08016204833984
-1428.82666015625,-1807.557861328125,117.10773468017578
-1428.1103515625,-1807.3814697265625,117.13491821289062
-1427.3948974609375,-1807.2049560546875,117.16253662109376
-1426.6798095703125,-1807.0289306640625,117.19025421142578
-1425.965087890625,-1806.8544921875,117.21719360351562
-1425.25048828125,-1806.68017578125,117.24329376220705
-1424.536376953125,-1806.5052490234375,117.26954650878906
-1423.822265625,-1806.3304443359375,117.2959976196289
-1423.1082763671875,-1806.15576171875,117.322265625
-1422.39453125,-1805.98095703125,117.34904479980467
-1421.6812744140625,-1805.805419921875,117.37703704833984
-1420.96875,-1805.6298828125,117.40609741210938
-1420.2567138671875,-1805.4552001953125,117.43567657470705
-1419.5455322265625,-1805.28076171875,117.46621704101562
-1418.834716796875,-1805.1063232421875,117.49713897705078
-1418.124267578125,-1804.9310302734375,117.52896118164062
-1417.4140625,-1804.7559814453125,117.56043243408205
-1416.7039794921875,-1804.580810546875,117.59185028076172
-1415.994384765625,-1804.405029296875,117.62384796142578
-1415.2855224609375,-1804.2288818359375,117.65721130371094
-1414.5770263671875,-1804.0545654296875,117.68885803222656
-1413.869384765625,-1803.8804931640625,117.7191390991211
-1413.16259765625,-1803.7056884765625,117.74880981445312
-1412.456298828125,-1803.529296875,117.77848815917967
-1411.7493896484375,-1803.3521728515625,117.80699920654295
-1411.042724609375,-1803.1734619140625,117.83551788330078
-1410.3370361328125,-1802.99365234375,117.86396026611328
-1409.6326904296875,-1802.812744140625,117.89372253417967
-1408.9296875,-1802.6309814453125,117.92513275146484
-1408.22705078125,-1802.4483642578125,117.95752716064452
-1407.52490234375,-1802.26513671875,117.98980712890624
-1406.8233642578125,-1802.081298828125,118.02181243896484
-1406.12255859375,-1801.896728515625,118.0542221069336
-1405.422607421875,-1801.7109375,118.08731079101562
-1404.7236328125,-1801.524169921875,118.12059783935548
-1404.025390625,-1801.3360595703125,118.15399932861328
-1403.3280029296875,-1801.147216796875,118.1878662109375
-1402.631103515625,-1800.957763671875,118.22180938720705
-1401.93505859375,-1800.768310546875,118.25502014160156
-1401.2396240234375,-1800.578369140625,118.28778839111328
-1400.544921875,-1800.38818359375,118.32029724121094
-1399.85107421875,-1800.197265625,118.35234832763672
-1399.157470703125,-1800.0052490234375,118.38420867919922
-1398.46435546875,-1799.8126220703125,118.41607666015624
-1397.771728515625,-1799.61962890625,118.44756317138672
-1397.0799560546875,-1799.425537109375,118.47911071777344
-1396.388916015625,-1799.23095703125,118.51139831542967
-1395.6988525390625,-1799.0361328125,118.54435729980467
-1395.009033203125,-1798.8414306640625,118.57718658447266
-1394.3197021484375,-1798.64697265625,118.60991668701172
-1393.6307373046875,-1798.4527587890625,118.64289855957033
-1392.9422607421875,-1798.2586669921875,118.67679595947266
-1392.25390625,-1798.0654296875,118.71044158935548
-1391.56591796875,-1797.873291015625,118.7433090209961
-1390.8782958984375,-1797.6815185546875,118.77603912353516
-1390.19140625,-1797.4906005859375,118.80927276611328
-1389.50439453125,-1797.30029296875,118.84262084960938
-1388.8172607421875,-1797.1104736328125,118.87579345703124
-1388.130615234375,-1796.9208984375,118.90852355957033
-1387.4442138671875,-1796.7318115234375,118.94058990478516
-1386.75830078125,-1796.54345703125,118.9729995727539
-1386.0731201171875,-1796.355224609375,119.00615692138672
-1385.387939453125,-1796.167236328125,119.03909301757812
-1384.7030029296875,-1795.9798583984375,119.0716323852539
-1384.01806640625,-1795.793212890625,119.1043472290039
-1383.333740234375,-1795.6068115234375,119.13742065429688
-1382.6495361328125,-1795.4208984375,119.1707000732422
-1381.9659423828125,-1795.2366943359375,119.20291137695312
-1381.2830810546875,-1795.0518798828125,119.2357940673828
-1380.6005859375,-1794.8673095703125,119.26945495605467
-1379.918212890625,-1794.6832275390625,119.3038558959961
-1379.235595703125,-1794.4998779296875,119.33741760253906
-1378.5537109375,-1794.316650390625,119.37191772460938
-1377.8724365234375,-1794.1339111328125,119.40750885009766
-1377.19189453125,-1793.9517822265625,119.4440689086914
-1376.511962890625,-1793.77001953125,119.4813003540039
-1375.8323974609375,-1793.5894775390625,119.51869201660156
-1375.1533203125,-1793.41015625,119.55577087402344
-1374.474609375,-1793.2320556640625,119.59222412109376
-1373.7962646484375,-1793.0546875,119.62793731689452
-1373.1180419921875,-1792.8780517578125,119.66316986083984
-1372.4398193359375,-1792.701904296875,119.69818115234376
-1371.7618408203125,-1792.5264892578125,119.73284912109376
-1371.0841064453125,-1792.351318359375,119.7671356201172
-1370.40673828125,-1792.176513671875,119.801513671875
-1369.72998046875,-1792.0020751953125,119.83639526367188
-1369.0538330078125,-1791.8275146484375,119.8716812133789
-1368.3780517578125,-1791.6531982421875,119.9074935913086
-1367.7027587890625,-1791.47900390625,119.9439697265625
-1367.0277099609375,-1791.3055419921875,119.98094177246094
-1366.3531494140625,-1791.1324462890625,120.01802825927734
-1365.6793212890625,-1790.960205078125,120.0551300048828
-1365.006103515625,-1790.78857421875,120.09228515625
-1364.33349609375,-1790.617431640625,120.12922668457033
-1363.661376953125,-1790.4462890625,120.16604614257812
-1362.9896240234375,-1790.27490234375,120.20266723632812
-1362.3179931640625,-1790.103759765625,120.23860168457033
-1361.6468505859375,-1789.9326171875,120.27378845214844
-1360.976318359375,-1789.7613525390625,120.30921173095705
-1360.306396484375,-1789.58935546875,120.3451156616211
-1359.63720703125,-1789.4178466796875,120.38053894042967
-1358.9686279296875,-1789.2457275390625,120.41577911376952
-1358.300537109375,-1789.0733642578125,120.4512710571289
-1357.6329345703125,-1788.901123046875,120.48670959472656
-1356.9656982421875,-1788.728759765625,120.52136993408205
-1356.2989501953125,-1788.555908203125,120.55606079101562
-1355.6331787109375,-1788.3826904296875,120.59158325195312
-1354.9674072265625,-1788.209716796875,120.62702941894533
-1354.30224609375,-1788.0369873046875,120.66175079345705
-1353.6375732421875,-1787.86376953125,120.6963348388672
-1352.973876953125,-1787.6898193359375,120.73178100585938
-1352.3106689453125,-1787.51513671875,120.76786041259766
-1351.647705078125,-1787.3402099609375,120.80386352539062
-1350.9852294921875,-1787.164794921875,120.84020233154295
-1350.3231201171875,-1786.9893798828125,120.87708282470705
-1349.6619873046875,-1786.8143310546875,120.91400909423828
-1349.0015869140625,-1786.63916015625,120.95082092285156
-1348.342041015625,-1786.464111328125,120.98771667480467
-1347.6824951171875,-1786.288330078125,121.02488708496094
-1347.0234375,-1786.1129150390625,121.06163787841795
-1346.364501953125,-1785.9376220703125,121.09754180908205
-1345.705810546875,-1785.7625732421875,121.13264465332033
-1345.0478515625,-1785.5872802734375,121.16785430908205
-1344.390380859375,-1785.4112548828125,121.20379638671876
-1343.733154296875,-1785.2349853515625,121.24034881591795
-1343.0760498046875,-1785.0587158203125,121.27709197998048
-1342.4190673828125,-1784.88232421875,121.31404876708984
-1341.7628173828125,-1784.7059326171875,121.3515396118164
-1341.1070556640625,-1784.529296875,121.38999938964844
-1340.4520263671875,-1784.352294921875,121.42911529541016
-1339.796875,-1784.176025390625,121.4682846069336
-1339.1416015625,-1784.000244140625,121.50699615478516
-1338.4864501953125,-1783.824951171875,121.5456771850586
-1337.830810546875,-1783.64990234375,121.58384704589844
-1337.1748046875,-1783.474853515625,121.6213607788086
-1336.51806640625,-1783.29931640625,121.65838623046876
-1335.8603515625,-1783.1236572265625,121.6951904296875
-1335.2010498046875,-1782.9473876953125,121.7317886352539
-1334.5399169921875,-1782.7703857421875,121.76834106445312
-1333.8773193359375,-1782.592529296875,121.80482482910156
-1333.2125244140625,-1782.4136962890625,121.84163665771484
-1332.54541015625,-1782.2337646484375,121.87950897216795
-1331.8760986328125,-1782.0528564453125,121.91824340820312
-1331.2042236328125,-1781.871337890625,121.95771026611328
-1330.5306396484375,-1781.689208984375,121.9977035522461
-1329.85498046875,-1781.506591796875,122.03795623779295
-1329.1776123046875,-1781.3231201171875,122.07850646972656
-1328.498291015625,-1781.1387939453125,122.11939239501952
-1327.8162841796875,-1780.9532470703125,122.16023254394533
-1327.1317138671875,-1780.7666015625,122.20079040527344
-1326.44482421875,-1780.57861328125,122.24110412597656
-1325.7554931640625,-1780.38916015625,122.28118133544922
-1325.063720703125,-1780.1982421875,122.32176971435548
-1324.3695068359375,-1780.005615234375,122.36328887939452
-1323.6724853515625,-1779.81201171875,122.40532684326172
-1322.9727783203125,-1779.61767578125,122.44763946533205
-1322.2708740234375,-1779.4228515625,122.49056243896484
-1321.567138671875,-1779.2271728515625,122.53419494628906
-1320.861328125,-1779.031494140625,122.57797241210938
-1320.1536865234375,-1778.8358154296875,122.6217269897461
-1319.4443359375,-1778.640625,122.66573333740234
-1318.7342529296875,-1778.446044921875,122.70935821533205
-1318.0238037109375,-1778.2520751953125,122.75238800048828
-1317.31396484375,-1778.0584716796875,122.7954330444336
-1316.6044921875,-1777.865966796875,122.83879089355467
-1315.8955078125,-1777.674072265625,122.88226318359376
-1315.1871337890625,-1777.483154296875,122.92617797851562
-1314.4796142578125,-1777.293212890625,122.97074127197266
-1313.7728271484375,-1777.1048583984375,123.01569366455078
-1313.0670166015625,-1776.9178466796875,123.06131744384766
-1312.362060546875,-1776.7325439453125,123.10750579833984
-1311.6580810546875,-1776.5489501953125,123.1533432006836
-1310.954345703125,-1776.3668212890625,123.19822692871094
-1310.2513427734375,-1776.185791015625,123.24266052246094
-1309.5489501953125,-1776.0057373046875,123.2869873046875
-1308.84716796875,-1775.826904296875,123.33087158203124
-1308.146240234375,-1775.648681640625,123.37449645996094
-1307.4459228515625,-1775.470947265625,123.41844177246094
-1306.7467041015625,-1775.293701171875,123.4629135131836
-1306.0479736328125,-1775.1170654296875,123.5078582763672
-1305.3499755859375,-1774.940673828125,123.5532455444336
-1304.6529541015625,-1774.7647705078125,123.59925079345705
-1303.956298828125,-1774.5892333984375,123.64578247070312
-1303.2606201171875,-1774.4144287109375,123.69236755371094
-1302.5654296875,-1774.2403564453125,123.73854064941406
-1301.870849609375,-1774.06640625,123.7842788696289
-1301.1766357421875,-1773.892578125,123.82935333251952
-1300.4830322265625,-1773.7178955078125,123.87386322021484
-1299.789306640625,-1773.5423583984375,123.91812133789062
-1299.0958251953125,-1773.3660888671875,123.96215057373048
-1298.40234375,-1773.1888427734375,124.00614166259766
-1297.70947265625,-1773.0106201171875,124.0508270263672
-1297.017333984375,-1772.8316650390625,124.09629821777344
-1296.3260498046875,-1772.6524658203125,124.1422882080078
-1295.63525390625,-1772.4730224609375,124.1890869140625
-1294.94482421875,-1772.2935791015625,124.23651885986328
-1294.2547607421875,-1772.1143798828125,124.28374481201172
-1293.5650634765625,-1771.9356689453125,124.33023834228516
-1292.8759765625,-1771.7572021484375,124.37645721435548
-1292.187255859375,-1771.57861328125,124.4230728149414
-1291.4986572265625,-1771.4002685546875,124.46929931640624
-1290.810302734375,-1771.2225341796875,124.51461029052734
-1290.1221923828125,-1771.0445556640625,124.55962371826172
-1289.4346923828125,-1770.865966796875,124.6050033569336
-1288.7476806640625,-1770.6871337890625,124.6508331298828
-1288.060791015625,-1770.508056640625,124.69692993164062
-1287.374755859375,-1770.3291015625,124.74337005615234
-1286.689208984375,-1770.1502685546875,124.79046630859376
-1286.00439453125,-1769.9718017578125,124.83804321289062
-1285.3204345703125,-1769.79345703125,124.88611602783205
-1284.6373291015625,-1769.6153564453125,124.9345474243164
-1283.9544677734375,-1769.43798828125,124.98289489746094
-1283.272216796875,-1769.2611083984375,125.03073120117188
-1282.590576171875,-1769.08447265625,125.07829284667967
-1281.909423828125,-1768.9078369140625,125.12582397460938
-1281.22900390625,-1768.731201171875,125.1729507446289
-1280.5489501953125,-1768.5545654296875,125.2200164794922
-1279.869384765625,-1768.3778076171875,125.26722717285156
-1279.1904296875,-1768.200927734375,125.31501007080078
-1278.5120849609375,-1768.0242919921875,125.3627471923828
-1277.834228515625,-1767.8486328125,125.41016387939452
-1277.1573486328125,-1767.6728515625,125.45823669433594
-1276.4810791015625,-1767.4967041015625,125.50720977783205
-1275.8056640625,-1767.3212890625,125.55609893798828
-1275.1302490234375,-1767.1461181640625,125.60408020019533
-1274.45556640625,-1766.97119140625,125.65193176269533
-1273.781494140625,-1766.7958984375,125.70035552978516
-1273.1080322265625,-1766.6207275390625,125.7491226196289
-1272.434814453125,-1766.4459228515625,125.7977066040039
-1271.76220703125,-1766.2711181640625,125.84608459472656
-1271.0902099609375,-1766.095947265625,125.89481353759766
-1270.418701171875,-1765.9210205078125,125.94409942626952
-1269.7474365234375,-1765.74609375,125.9938507080078
-1269.0765380859375,-1765.5709228515625,126.0440902709961
-1268.406005859375,-1765.3956298828125,126.09475708007812
-1267.73583984375,-1765.2208251953125,126.1454086303711
-1267.066162109375,-1765.046630859375,126.19573974609376
-1266.39697265625,-1764.8729248046875,126.24594116210938
-1265.72802734375,-1764.6993408203125,126.29601287841795
-1265.05908203125,-1764.5257568359375,126.34548950195312
-1264.3900146484375,-1764.351806640625,126.394287109375
-1263.7208251953125,-1764.1773681640625,126.44300079345705
-1263.05126953125,-1764.00244140625,126.49163055419922
-1262.3818359375,-1763.8270263671875,126.54031372070312
-1261.712158203125,-1763.65087890625,126.58943176269533
-1261.0428466796875,-1763.474609375,126.63907623291016
-1260.373291015625,-1763.2978515625,126.68928527832033
-1259.703857421875,-1763.1204833984375,126.74010467529295
-1259.034423828125,-1762.943359375,126.7911605834961
-1258.3651123046875,-1762.7667236328125,126.84178161621094
-1257.6961669921875,-1762.5899658203125,126.89214324951172
-1257.0277099609375,-1762.412841796875,126.94259643554688
-1256.359619140625,-1762.2354736328125,126.9931869506836
-1255.691650390625,-1762.0584716796875,127.04313659667967
-1255.02392578125,-1761.88134765625,127.09221649169922
-1254.3568115234375,-1761.7041015625,127.14080047607422
-1253.6904296875,-1761.5262451171875,127.18977355957033
-1253.0247802734375,-1761.347900390625,127.23907470703124
-1252.3597412109375,-1761.169677734375,127.2884521484375
-1251.695556640625,-1760.9915771484375,127.33781433105467
-1251.0325927734375,-1760.8135986328125,127.387451171875
-1250.370849609375,-1760.6358642578125,127.43726348876952
-1249.7103271484375,-1760.458740234375,127.48722839355467
-1249.0506591796875,-1760.2823486328125,127.53724670410156
-1248.3916015625,-1760.106201171875,127.58699035644533
-1247.733154296875,-1759.9306640625,127.63619995117188
-1247.074951171875,-1759.7552490234375,127.68485260009766
-1246.4171142578125,-1759.5802001953125,127.73300170898438
-1245.75927734375,-1759.4051513671875,127.78099060058594
-1245.1011962890625,-1759.229248046875,127.82933807373048
-1244.4429931640625,-1759.05322265625,127.87794494628906
-1243.784423828125,-1758.8773193359375,127.92656707763672
-1243.125732421875,-1758.701416015625,127.97530364990234
-1242.46728515625,-1758.52587890625,128.02438354492188
-1241.8092041015625,-1758.350341796875,128.07408142089844
-1241.1512451171875,-1758.1749267578125,128.1244354248047
-1240.4927978515625,-1758.000244140625,128.1748809814453
-1239.833984375,-1757.8253173828125,128.2251739501953
-1239.175048828125,-1757.650634765625,128.27569580078125
-1238.51611328125,-1757.4765625,128.32656860351562
-1237.8575439453125,-1757.3023681640625,128.377685546875
-1237.1998291015625,-1757.128173828125,128.42953491210938
-1236.54345703125,-1756.9544677734375,128.48194885253906
-1235.888427734375,-1756.7811279296875,128.53443908691406
-1235.2349853515625,-1756.6080322265625,128.58763122558594
-1234.5828857421875,-1756.435546875,128.6417694091797
-1233.9322509765625,-1756.263916015625,128.69598388671875
-1233.2828369140625,-1756.0928955078125,128.7498321533203
-1232.63525390625,-1755.9224853515625,128.8040771484375
-1231.98876953125,-1755.7528076171875,128.85865783691406
-1231.34375,-1755.583984375,128.91278076171875
-1230.69970703125,-1755.41650390625,128.9660186767578
-1230.0570068359375,-1755.2496337890625,129.01856994628906
-1229.415771484375,-1755.083251953125,129.07029724121094
-1228.775634765625,-1754.91748046875,129.1212921142578
-1228.136962890625,-1754.7520751953125,129.1719970703125
-1227.5,-1754.5872802734375,129.2225799560547
-1226.865478515625,-1754.4229736328125,129.27291870117188
-1226.2344970703125,-1754.2598876953125,129.32284545898438
-1225.610107421875,-1754.0985107421875,129.37301635742188
-1224.9949951171875,-1753.9393310546875,129.42344665527344
-1224.3902587890625,-1753.7833251953125,129.47369384765625
-1223.7969970703125,-1753.6302490234375,129.5237579345703
-1223.215576171875,-1753.4805908203125,129.5735626220703
-1222.645263671875,-1753.3338623046875,129.62203979492188
-1222.08642578125,-1753.190185546875,129.6695098876953
-1221.53759765625,-1753.049072265625,129.7161865234375
-1220.995849609375,-1752.9097900390625,129.7620849609375
-1220.4591064453125,-1752.7720947265625,129.80679321289062
-1219.9273681640625,-1752.63623046875,129.85015869140625
-1219.401123046875,-1752.5018310546875,129.89291381835938
-1218.881103515625,-1752.3682861328125,129.93515014648438
-1218.36767578125,-1752.236328125,129.9774169921875
-1217.8604736328125,-1752.10595703125,130.01968383789062
-1217.3592529296875,-1751.9774169921875,130.06141662597656
-1216.8641357421875,-1751.850341796875,130.10227966308594
-1216.37548828125,-1751.7244873046875,130.14231872558594
-1215.8934326171875,-1751.60009765625,130.1818084716797
-1215.4190673828125,-1751.477294921875,130.2210693359375
-1214.9532470703125,-1751.3564453125,130.25982666015625
-1214.4970703125,-1751.23779296875,130.29776000976562
-1214.05126953125,-1751.121337890625,130.33482360839844
-1213.6165771484375,-1751.0074462890625,130.37109375
-1213.1934814453125,-1750.8958740234375,130.40646362304688
-1212.7818603515625,-1750.786865234375,130.4408721923828
-1212.3817138671875,-1750.680419921875,130.47433471679688
-1211.9930419921875,-1750.5770263671875,130.50698852539062
-1211.6156005859375,-1750.47607421875,130.53871154785156
-1211.2470703125,-1750.377197265625,130.5694580078125
-1210.8848876953125,-1750.2799072265625,130.59898376464844
-1210.5306396484375,-1750.184326171875,130.62741088867188
-1210.1864013671875,-1750.0906982421875,130.65501403808594
-1209.852783203125,-1749.99951171875,130.68203735351562
-1209.529541015625,-1749.9107666015625,130.70858764648438
-1209.2169189453125,-1749.8243408203125,130.73468017578125
-1208.9151611328125,-1749.7403564453125,130.7609100341797
-1208.62451171875,-1749.658935546875,130.78701782226562
-1208.341796875,-1749.5804443359375,130.81089782714844
-1208.0665283203125,-1749.5028076171875,130.83370971679688
-1207.798583984375,-1749.427001953125,130.8553924560547
-1207.5372314453125,-1749.3529052734375,130.8760528564453
-1207.2843017578125,-1749.280517578125,130.8968505859375
-1207.0380859375,-1749.2095947265625,130.9175567626953
-1206.796875,-1749.1396484375,130.9381866455078
-1206.5609130859375,-1749.0701904296875,130.95892333984375
-1206.3297119140625,-1749.002197265625,130.9798583984375
-1206.1015625,-1748.9346923828125,131.0008087158203
-1205.8743896484375,-1748.86767578125,131.0202178955078
-1205.6484375,-1748.7996826171875,131.039306640625
-1205.423583984375,-1748.7318115234375,131.05853271484375
-1205.199462890625,-1748.6646728515625,131.07708740234375
-1204.9766845703125,-1748.59716796875,131.094970703125
-1204.755126953125,-1748.5294189453125,131.11253356933594
-1204.534912109375,-1748.4615478515625,131.13052368164062
-1204.3155517578125,-1748.3939208984375,131.14862060546875
-1204.09716796875,-1748.326416015625,131.16653442382812
-1203.8798828125,-1748.2591552734375,131.18344116210938
-1203.6636962890625,-1748.190185546875,131.2008819580078
-1203.4481201171875,-1748.1212158203125,131.21929931640625
-1203.233154296875,-1748.0543212890625,131.23635864257812
-1203.0196533203125,-1747.9840087890625,131.2539825439453
-1202.806884765625,-1747.91357421875,131.27243041992188
-1202.594482421875,-1747.8436279296875,131.29052734375
-1202.3828125,-1747.77392578125,131.3066864013672
-1202.1728515625,-1747.7010498046875,131.32305908203125
-1201.963623046875,-1747.6278076171875,131.33993530273438
-1201.7550048828125,-1747.5548095703125,131.35675048828125
-1201.547607421875,-1747.480712890625,131.37364196777344
-1201.340576171875,-1747.40625,131.38937377929688
-1201.13525390625,-1747.3304443359375,131.40579223632812
-1200.931396484375,-1747.254638671875,131.4235382080078
-1200.7283935546875,-1747.1787109375,131.441162109375
-1200.5264892578125,-1747.1015625,131.4572296142578
-1200.32666015625,-1747.022216796875,131.47381591796875
-1200.1282958984375,-1746.9422607421875,131.4906463623047
-1199.9312744140625,-1746.861572265625,131.50657653808594
-1199.736083984375,-1746.7781982421875,131.52171325683594
-1199.5426025390625,-1746.692626953125,131.53704833984375
-1199.350830078125,-1746.604736328125,131.55319213867188
-1199.16064453125,-1746.5150146484375,131.5705108642578
-1198.9722900390625,-1746.4232177734375,131.5895233154297
-1198.78515625,-1746.330322265625,131.6096649169922
-1198.599853515625,-1746.236328125,131.62966918945312
-1198.416259765625,-1746.1405029296875,131.64834594726562
-1198.23486328125,-1746.04248046875,131.66542053222656
-1198.055908203125,-1745.941650390625,131.681396484375
-1197.87939453125,-1745.8382568359375,131.69662475585938
-1197.7054443359375,-1745.7325439453125,131.7114715576172
-1197.5341796875,-1745.6240234375,131.72520446777344
-1197.36572265625,-1745.5126953125,131.73789978027344
-1197.199951171875,-1745.3983154296875,131.74960327148438
-1197.037109375,-1745.28173828125,131.761474609375
-1196.8775634765625,-1745.1624755859375,131.77525329589844
-1196.721435546875,-1745.04052734375,131.79115295410156
-1196.568359375,-1744.9166259765625,131.80856323242188
-1196.417236328125,-1744.7913818359375,131.82568359375
-1196.2691650390625,-1744.66357421875,131.84193420410156
-1196.12451171875,-1744.53271484375,131.85731506347656
-1195.983154296875,-1744.3997802734375,131.8710479736328
-1195.84521484375,-1744.26416015625,131.8834686279297
-1195.7109375,-1744.125732421875,131.89517211914062
-1195.580078125,-1743.9849853515625,131.90585327148438
-1195.452880859375,-1743.842041015625,131.91542053222656
-1195.3299560546875,-1743.696044921875,131.9243927001953
-1195.21142578125,-1743.5477294921875,131.9340362548828
-1195.0975341796875,-1743.39697265625,131.94461059570312
-1194.9864501953125,-1743.2451171875,131.954345703125
-1194.880126953125,-1743.090576171875,131.9633026123047
-1194.7803955078125,-1742.93212890625,131.97410583496094
-1194.6846923828125,-1742.7724609375,131.9868621826172
-1194.5911865234375,-1742.612548828125,131.99830627441406
-1194.50341796875,-1742.449462890625,132.0093994140625
-1194.4217529296875,-1742.283447265625,132.02171325683594
-1194.343017578125,-1742.11669921875,132.03443908691406
-1194.26806640625,-1741.948974609375,132.04641723632812
-1194.1978759765625,-1741.7796630859375,132.05734252929688
-1194.13427734375,-1741.6082763671875,132.06906127929688
-1194.075439453125,-1741.4354248046875,132.0808868408203
-1194.0205078125,-1741.26220703125,132.09246826171875
-1193.9708251953125,-1741.0875244140625,132.10353088378906
-1193.926025390625,-1740.912109375,132.11424255371094
-1193.8857421875,-1740.73583984375,132.12423706054688
-1193.851318359375,-1740.558349609375,132.13389587402344
-1193.8216552734375,-1740.38037109375,132.1429901123047
-1193.79736328125,-1740.201904296875,132.15184020996094
-1193.777587890625,-1740.02294921875,132.160400390625
-1193.7635498046875,-1739.84375,132.16836547851562
-1193.7545166015625,-1739.66455078125,132.17626953125
-1193.7509765625,-1739.4852294921875,132.1841278076172
-1193.7520751953125,-1739.306396484375,132.19200134277344
-1193.7581787109375,-1739.1278076171875,132.19989013671875
-1193.768798828125,-1738.94970703125,132.20721435546875
-1193.7833251953125,-1738.771728515625,132.21359252929688
-1193.8031005859375,-1738.5943603515625,132.21998596191406
-1193.827392578125,-1738.4180908203125,132.22718811035156
-1193.85498046875,-1738.2423095703125,132.23477172851562
-1193.8857421875,-1738.067138671875,132.24234008789062
-1193.91943359375,-1737.891845703125,132.248291015625
-1193.9580078125,-1737.718017578125,132.25514221191406
-1193.9991455078125,-1737.5452880859375,132.2631072998047
-1194.0423583984375,-1737.373046875,132.27163696289062
-1194.0872802734375,-1737.20068359375,132.279541015625
-1194.1351318359375,-1737.0284423828125,132.28640747070312
-1194.186279296875,-1736.8560791015625,132.29415893554688
-1194.23876953125,-1736.6826171875,132.30267333984375
-1194.293212890625,-1736.5074462890625,132.31129455566406
-1194.3489990234375,-1736.3302001953125,132.3191375732422
-1194.40673828125,-1736.1514892578125,132.32667541503906
-1194.466064453125,-1735.971923828125,132.33551025390625
-1194.525634765625,-1735.7906494140625,132.34432983398438
-1194.5867919921875,-1735.607421875,132.35296630859375
-1194.6494140625,-1735.4224853515625,132.36102294921875
-1194.71337890625,-1735.236328125,132.3698272705078
-1194.7772216796875,-1735.049072265625,132.37925720214844
-1194.842529296875,-1734.8603515625,132.38870239257812
-1194.9088134765625,-1734.6695556640625,132.39694213867188
-1194.9769287109375,-1734.477783203125,132.40586853027344
-1195.04541015625,-1734.2847900390625,132.4156036376953
-1195.1151123046875,-1734.09033203125,132.42526245117188
-1195.1856689453125,-1733.893798828125,132.43399047851562
-1195.2578125,-1733.696533203125,132.4434051513672
-1195.3306884765625,-1733.497802734375,132.45388793945312
-1195.4039306640625,-1733.297607421875,132.46432495117188
-1195.4781494140625,-1733.0955810546875,132.47349548339844
-1195.5540771484375,-1732.8929443359375,132.48348999023438
-1195.6298828125,-1732.6888427734375,132.4944610595703
-1195.7061767578125,-1732.4833984375,132.504638671875
-1195.78369140625,-1732.2762451171875,132.51283264160156
-1195.863037109375,-1732.068115234375,132.5215606689453
-1195.942138671875,-1731.8583984375,132.53065490722656
-1196.020263671875,-1731.6474609375,132.53878784179688
-1196.1004638671875,-1731.435791015625,132.54745483398438
-1196.1798095703125,-1731.222900390625,132.5568389892578
-1196.258056640625,-1731.0096435546875,132.56683349609375
-1196.3353271484375,-1730.7969970703125,132.57763671875
-1196.4112548828125,-1730.5845947265625,132.58914184570312
-1196.4857177734375,-1730.3720703125,132.60118103027344
-1196.5587158203125,-1730.159423828125,132.6133575439453
-1196.6297607421875,-1729.946533203125,132.62442016601562
-1196.6995849609375,-1729.7337646484375,132.63418579101562
-1196.7681884765625,-1729.5213623046875,132.64276123046875
-1196.8359375,-1729.30908203125,132.6511993408203
-1196.90234375,-1729.0965576171875,132.65943908691406
-1196.9677734375,-1728.8843994140625,132.6677703857422
-1197.032470703125,-1728.6724853515625,132.67709350585938
-1197.095703125,-1728.461181640625,132.6871337890625
-1197.1580810546875,-1728.2503662109375,132.69818115234375
-1197.219482421875,-1728.040283203125,132.7102508544922
-1197.280029296875,-1727.83056640625,132.7230224609375
-1197.34033203125,-1727.62158203125,132.7362060546875
-1197.4000244140625,-1727.41259765625,132.74899291992188
-1197.460205078125,-1727.2034912109375,132.76083374023438
-1197.520751953125,-1726.994140625,132.77146911621094
-1197.5816650390625,-1726.7843017578125,132.78126525878906
-1197.64306640625,-1726.57470703125,132.7913818359375
-1197.7047119140625,-1726.364501953125,132.80186462402344
-1197.76611328125,-1726.15380859375,132.8125457763672
-1197.8271484375,-1725.9422607421875,132.82334899902344
-1197.8878173828125,-1725.730224609375,132.83425903320312
-1197.9482421875,-1725.51708984375,132.8456573486328
-1198.0078125,-1725.30322265625,132.85794067382812
-1198.0665283203125,-1725.089111328125,132.87107849121094
-1198.1241455078125,-1724.875244140625,132.8847198486328
-1198.1802978515625,-1724.661865234375,132.89846801757812
-1198.235107421875,-1724.44921875,132.9119110107422
-1198.2889404296875,-1724.23681640625,132.92481994628906
-1198.34130859375,-1724.0244140625,132.93748474121094
-1198.3922119140625,-1723.8121337890625,132.9500732421875
-1198.4415283203125,-1723.6002197265625,132.96246337890625
-1198.4892578125,-1723.3887939453125,132.97454833984375
-1198.5355224609375,-1723.1773681640625,132.98651123046875
-1198.580322265625,-1722.966552734375,132.99874877929688
-1198.6229248046875,-1722.756103515625,133.0116729736328
-1198.663818359375,-1722.5462646484375,133.02523803710938
-1198.702880859375,-1722.3367919921875,133.03927612304688
-1198.7406005859375,-1722.1280517578125,133.0534210205078
-1198.7762451171875,-1721.9193115234375,133.0672607421875
-1198.810546875,-1721.7113037109375,133.08091735839844
-1198.84326171875,-1721.5035400390625,133.09445190429688
-1198.8740234375,-1721.296142578125,133.10787963867188
-1198.903076171875,-1721.08935546875,133.12124633789062
-1198.9302978515625,-1720.8828125,133.13446044921875
-1198.9559326171875,-1720.6766357421875,133.1475830078125
-1198.979736328125,-1720.470947265625,133.16061401367188
-1199.0013427734375,-1720.265625,133.1735076904297
-1199.021240234375,-1720.060791015625,133.1864471435547
-1199.0391845703125,-1719.8563232421875,133.1995086669922
-1199.0556640625,-1719.6519775390625,133.212646484375
-1199.0699462890625,-1719.4471435546875,133.22552490234375
-1199.082275390625,-1719.24169921875,133.23828125
-1199.0928955078125,-1719.0352783203125,133.2509765625
-1199.1016845703125,-1718.827880859375,133.2634735107422
-1199.1087646484375,-1718.619384765625,133.27561950683594
-1199.11376953125,-1718.4100341796875,133.28756713867188
-1199.1170654296875,-1718.199462890625,133.29949951171875
-1199.1185302734375,-1717.987548828125,133.3117218017578
-1199.117919921875,-1717.774658203125,133.32391357421875
-1199.115234375,-1717.560791015625,133.33602905273438
-1199.1104736328125,-1717.345703125,133.3480987548828
-1199.1038818359375,-1717.1297607421875,133.36024475097656
-1199.09521484375,-1716.91259765625,133.3724365234375
-1199.0841064453125,-1716.6944580078125,133.38473510742188
-1199.0706787109375,-1716.4755859375,133.39724731445312
-1199.05517578125,-1716.255859375,133.4102020263672
-1199.03759765625,-1716.0357666015625,133.42356872558594
-1199.017822265625,-1715.8154296875,133.4370880126953
-1198.9959716796875,-1715.594970703125,133.4506072998047
-1198.9716796875,-1715.37451171875,133.4637451171875
-1198.945068359375,-1715.154052734375,133.4767303466797
-1198.916015625,-1714.933837890625,133.4895477294922
-1198.885009765625,-1714.7138671875,133.50234985351562
-1198.8519287109375,-1714.4942626953125,133.51541137695312
-1198.8165283203125,-1714.275390625,133.5286102294922
-1198.7786865234375,-1714.056884765625,133.5418701171875
-1198.7386474609375,-1713.8388671875,133.5552215576172
-1198.6962890625,-1713.6214599609375,133.5688934326172
-1198.65185546875,-1713.40478515625,133.5829315185547
-1198.60498046875,-1713.1885986328125,133.5973358154297
-1198.55615234375,-1712.972412109375,133.6121063232422
-1198.5050048828125,-1712.75634765625,133.62698364257812
-1198.4515380859375,-1712.5404052734375,133.64163208007812
-1198.3956298828125,-1712.324462890625,133.6561279296875
-1198.33740234375,-1712.108642578125,133.6705780029297
-1198.276611328125,-1711.8931884765625,133.6852264404297
-1198.21337890625,-1711.6783447265625,133.6999053955078
-1198.147705078125,-1711.4638671875,133.71453857421875
-1198.07958984375,-1711.25,133.72903442382812
-1198.0091552734375,-1711.036865234375,133.74342346191406
-1197.9364013671875,-1710.824462890625,133.75755310058594
-1197.861328125,-1710.613037109375,133.77149963378906
-1197.7840576171875,-1710.4024658203125,133.78550720214844
-1197.7047119140625,-1710.192626953125,133.79991149902344
-1197.6229248046875,-1709.983642578125,133.81454467773438
-1197.5386962890625,-1709.7755126953125,133.8291778564453
-1197.4522705078125,-1709.5677490234375,133.84373474121094
-1197.36328125,-1709.36083984375,133.8581085205078
-1197.2718505859375,-1709.154541015625,133.87234497070312
-1197.1778564453125,-1708.94873046875,133.88633728027344
-1197.0816650390625,-1708.74365234375,133.90011596679688
-1196.9827880859375,-1708.5391845703125,133.91358947753906
-1196.8817138671875,-1708.3350830078125,133.92674255371094
-1196.7784423828125,-1708.13134765625,133.93980407714844
-1196.6732177734375,-1707.9281005859375,133.95323181152344
-1196.5654296875,-1707.7252197265625,133.9667510986328
-1196.4559326171875,-1707.52294921875,133.98048400878906
-1196.344482421875,-1707.3209228515625,133.9945068359375
-1196.2314453125,-1707.1192626953125,134.00900268554688
-1196.116455078125,-1706.91796875,134.0232696533203
-1195.999755859375,-1706.7171630859375,134.03749084472656
-1195.881103515625,-1706.5172119140625,134.0518035888672
-1195.7607421875,-1706.318115234375,134.0657958984375
-1195.6385498046875,-1706.11962890625,134.0793914794922
-1195.5147705078125,-1705.9219970703125,134.09298706054688
-1195.3890380859375,-1705.7255859375,134.1065673828125
-1195.26171875,-1705.530517578125,134.11988830566406
-1195.132568359375,-1705.336669921875,134.1331787109375
-1195.0018310546875,-1705.14404296875,134.14674377441406
-1194.869384765625,-1704.9527587890625,134.16073608398438
-1194.7349853515625,-1704.7633056640625,134.1750030517578
-1194.5987548828125,-1704.57568359375,134.18948364257812
-1194.4605712890625,-1704.3895263671875,134.20407104492188
-1194.3204345703125,-1704.2052001953125,134.21859741210938
-1194.1787109375,-1704.022705078125,134.2329559326172
-1194.034912109375,-1703.8419189453125,134.2471923828125
-1193.8892822265625,-1703.6632080078125,134.26124572753906
-1193.7421875,-1703.4862060546875,134.27505493164062
-1193.59326171875,-1703.3109130859375,134.28872680664062
-1193.44287109375,-1703.1380615234375,134.30259704589844
-1193.291259765625,-1702.9674072265625,134.3167266845703
-1193.137939453125,-1702.799072265625,134.3307647705078
-1192.983154296875,-1702.63330078125,134.34474182128906
-1192.8267822265625,-1702.4700927734375,134.3589630126953
-1192.6693115234375,-1702.30908203125,134.373291015625
-1192.5103759765625,-1702.1505126953125,134.3872833251953
-1192.35009765625,-1701.994384765625,134.40103149414062
-1192.188232421875,-1701.8408203125,134.41453552246094
-1192.0252685546875,-1701.689453125,134.4278564453125
-1191.8609619140625,-1701.54052734375,134.4408721923828
-1191.695556640625,-1701.393798828125,134.45367431640625
-1191.529052734375,-1701.2493896484375,134.4665069580078
-1191.361572265625,-1701.1072998046875,134.479248046875
-1191.19287109375,-1700.967529296875,134.49171447753906
-1191.0230712890625,-1700.830078125,134.50389099121094
-1190.8524169921875,-1700.695068359375,134.51596069335938
-1190.6806640625,-1700.562255859375,134.5279998779297
-1190.5081787109375,-1700.4315185546875,134.53990173339844
-1190.3345947265625,-1700.3026123046875,134.55160522460938
-1190.1597900390625,-1700.1754150390625,134.563232421875
-1189.983642578125,-1700.0498046875,134.57479858398438
-1189.80615234375,-1699.9256591796875,134.5862274169922
-1189.62744140625,-1699.802734375,134.59779357910156
-1189.447509765625,-1699.6812744140625,134.60963439941406
-1189.2662353515625,-1699.5604248046875,134.62158203125
-1189.0836181640625,-1699.44091796875,134.6334686279297
-1188.8995361328125,-1699.32177734375,134.64512634277344
-1188.713623046875,-1699.2032470703125,134.65646362304688
-1188.5260009765625,-1699.0850830078125,134.66751098632812
-1188.3370361328125,-1698.9669189453125,134.67845153808594
-1188.1466064453125,-1698.848388671875,134.6896514892578
-1187.9547119140625,-1698.7296142578125,134.7012939453125
-1187.760986328125,-1698.61083984375,134.71324157714844
-1187.565673828125,-1698.4915771484375,134.72537231445312
-1187.3685302734375,-1698.3720703125,134.7377471923828
-1187.1697998046875,-1698.2523193359375,134.75042724609375
-1186.96923828125,-1698.1319580078125,134.7633056640625
-1186.7667236328125,-1698.0115966796875,134.77609252929688
-1186.5621337890625,-1697.890625,134.78878784179688
-1186.3553466796875,-1697.7691650390625,134.80120849609375
-1186.1463623046875,-1697.6474609375,134.81369018554688
-1185.9346923828125,-1697.5255126953125,134.8263702392578
-1185.7208251953125,-1697.403564453125,134.8395538330078
-1185.5047607421875,-1697.281494140625,134.85333251953125
-1185.2860107421875,-1697.1597900390625,134.8673553466797
-1185.065185546875,-1697.0377197265625,134.88140869140625
-1184.8419189453125,-1696.915283203125,134.8955078125
-1184.6163330078125,-1696.7928466796875,134.9092254638672
-1184.388671875,-1696.6697998046875,134.92221069335938
-1184.1588134765625,-1696.545654296875,134.93490600585938
-1183.927001953125,-1696.420654296875,134.94757080078125
-1183.69287109375,-1696.2943115234375,134.96095275878906
-1183.456298828125,-1696.16748046875,134.9749755859375
-1183.217041015625,-1696.0404052734375,134.98944091796875
-1182.975341796875,-1695.9130859375,135.00411987304688
-1182.7310791015625,-1695.78564453125,135.01893615722656
-1182.484375,-1695.6578369140625,135.03375244140625
-1182.23486328125,-1695.5296630859375,135.0480499267578
-1181.982666015625,-1695.4007568359375,135.0617218017578
-1181.7283935546875,-1695.2705078125,135.07513427734375
-1181.4716796875,-1695.13916015625,135.08853149414062
-1181.2125244140625,-1695.006103515625,135.10267639160156
-1180.9505615234375,-1694.871826171875,135.1175994873047
-1180.6859130859375,-1694.73779296875,135.13243103027344
-1180.419189453125,-1694.6031494140625,135.1470184326172
-1180.150390625,-1694.4681396484375,135.1609649658203
-1179.87890625,-1694.3309326171875,135.1755828857422
-1179.604736328125,-1694.1929931640625,135.19056701660156
-1179.328125,-1694.0535888671875,135.20614624023438
-1179.048828125,-1693.913818359375,135.22207641601562
-1178.7672119140625,-1693.7733154296875,135.23898315429688
-1178.4827880859375,-1693.6329345703125,135.25534057617188
-1178.195556640625,-1693.491455078125,135.27139282226562
-1177.9051513671875,-1693.3486328125,135.28680419921875
-1177.6121826171875,-1693.20458984375,135.3023223876953
-1177.3170166015625,-1693.0596923828125,135.31863403320312
-1177.019287109375,-1692.9140625,135.33558654785156
-1176.7191162109375,-1692.7677001953125,135.35308837890625
-1176.4163818359375,-1692.62109375,135.37034606933594
-1176.111083984375,-1692.4737548828125,135.38677978515625
-1175.802734375,-1692.3251953125,135.40313720703125
-1175.4918212890625,-1692.1749267578125,135.4203643798828
-1175.1781005859375,-1692.0240478515625,135.43861389160156
-1174.861572265625,-1691.872802734375,135.45706176757812
-1174.5426025390625,-1691.720703125,135.4752960205078
-1174.2205810546875,-1691.5675048828125,135.4932098388672
-1173.895751953125,-1691.413330078125,135.51068115234375
-1173.568115234375,-1691.2579345703125,135.52752685546875
-1173.23828125,-1691.101318359375,135.54440307617188
-1172.906494140625,-1690.9429931640625,135.56199645996094
-1172.5721435546875,-1690.783447265625,135.58018493652344
-1172.2352294921875,-1690.62255859375,135.5984344482422
-1171.8961181640625,-1690.460693359375,135.61631774902344
-1171.554931640625,-1690.2967529296875,135.6343536376953
-1171.2115478515625,-1690.1307373046875,135.65310668945312
-1170.8656005859375,-1689.96337890625,135.67221069335938
-1170.517578125,-1689.794921875,135.69142150878906
-1170.1673583984375,-1689.6251220703125,135.71090698242188
-1169.815185546875,-1689.4542236328125,135.73040771484375
-1169.4605712890625,-1689.2821044921875,135.74948120117188
-1169.10400390625,-1689.1080322265625,135.7686767578125
-1168.74560546875,-1688.9327392578125,135.78878784179688
-1168.3848876953125,-1688.7567138671875,135.80958557128906
-1168.021728515625,-1688.5799560546875,135.8303985595703
-1167.65625,-1688.4029541015625,135.85047912597656
-1167.2880859375,-1688.2235107421875,135.87083435058594
-1166.91796875,-1688.0443115234375,135.89028930664062
-1166.5452880859375,-1687.8624267578125,135.9103240966797
-1166.17041015625,-1687.6807861328125,135.93008422851562
-1165.792236328125,-1687.49658203125,135.94973754882812
-1165.4127197265625,-1687.31298828125,135.96995544433594
-1165.0301513671875,-1687.1275634765625,135.99041748046875
-1164.6458740234375,-1686.9427490234375,136.01095581054688
-1164.2586669921875,-1686.755859375,136.03114318847656
-1163.86962890625,-1686.5692138671875,136.05123901367188
-1163.4783935546875,-1686.380126953125,136.07301330566406
-1163.0850830078125,-1686.1920166015625,136.0955352783203
-1162.688720703125,-1686.0028076171875,136.1175994873047
-1162.2904052734375,-1685.8123779296875,136.13954162597656
-1161.889892578125,-1685.6204833984375,136.1611785888672
-1161.48681640625,-1685.4273681640625,136.1814727783203
-1161.0826416015625,-1685.2332763671875,136.20257568359375
-1160.6754150390625,-1685.03759765625,136.22360229492188
-1160.2667236328125,-1684.8419189453125,136.2444610595703
-1159.855712890625,-1684.6431884765625,136.26583862304688
-1159.4429931640625,-1684.4439697265625,136.28759765625
-1159.028076171875,-1684.24365234375,136.30953979492188
-1158.6107177734375,-1684.0428466796875,136.32989501953125
-1158.1923828125,-1683.839599609375,136.35166931152344
-1157.7711181640625,-1683.63525390625,136.3734588623047
-1157.348388671875,-1683.43017578125,136.3955078125
-1156.923583984375,-1683.2227783203125,136.41944885253906
-1156.4969482421875,-1683.0157470703125,136.4436492919922
-1156.0682373046875,-1682.8076171875,136.46798706054688
-1155.636962890625,-1682.5986328125,136.4911346435547
-1155.2042236328125,-1682.3890380859375,136.51522827148438
-1154.7689208984375,-1682.1773681640625,136.5406951904297
-1154.33154296875,-1681.96630859375,136.5666046142578
-1153.8922119140625,-1681.7540283203125,136.59324645996094
-1153.4501953125,-1681.5421142578125,136.6178436279297
-1153.006591796875,-1681.329833984375,136.64207458496094
-1152.560791015625,-1681.1160888671875,136.66647338867188
-1152.1126708984375,-1680.902099609375,136.6904296875
-1151.662841796875,-1680.68603515625,136.71665954589844
-1151.210205078125,-1680.470703125,136.74241638183594
-1150.75537109375,-1680.2554931640625,136.76788330078125
-1150.2978515625,-1680.0390625,136.792724609375
-1149.83740234375,-1679.822265625,136.81680297851562
-1149.3756103515625,-1679.60546875,136.84182739257812
-1148.9111328125,-1679.387939453125,136.8676300048828
-1148.4439697265625,-1679.1708984375,136.89321899414062
-1147.9752197265625,-1678.95263671875,136.9207763671875
-1147.5029296875,-1678.7340087890625,136.94886779785156
-1147.029052734375,-1678.5169677734375,136.9774627685547
-1146.5521240234375,-1678.2998046875,137.00552368164062
-1146.0723876953125,-1678.0828857421875,137.0321502685547
-1145.590087890625,-1677.8653564453125,137.05862426757812
-1145.105712890625,-1677.646484375,137.08642578125
-1144.6190185546875,-1677.4288330078125,137.11270141601562
-1144.1300048828125,-1677.2117919921875,137.13870239257812
-1143.63818359375,-1676.994140625,137.1647186279297
-1143.1436767578125,-1676.776611328125,137.19078063964844
-1142.6473388671875,-1676.5594482421875,137.21835327148438
-1142.1483154296875,-1676.342041015625,137.24679565429688
-1141.645751953125,-1676.1251220703125,137.27444458007812
-1141.1409912109375,-1675.9088134765625,137.30224609375
-1140.6336669921875,-1675.69189453125,137.3306427001953
-1140.123291015625,-1675.475341796875,137.3589324951172
-1139.610595703125,-1675.259033203125,137.38815307617188
-1139.0953369140625,-1675.0428466796875,137.4185028076172
-1138.5775146484375,-1674.8270263671875,137.44900512695312
-1138.0574951171875,-1674.6131591796875,137.47927856445312
-1137.53515625,-1674.39990234375,137.50961303710938
-1137.0103759765625,-1674.1868896484375,137.53981018066406
-1136.48291015625,-1673.97412109375,137.5699005126953
-1135.9537353515625,-1673.7625732421875,137.5998992919922
-1135.4215087890625,-1673.55126953125,137.62940979003906
-1134.88623046875,-1673.3404541015625,137.6584014892578
-1134.3492431640625,-1673.1307373046875,137.68728637695312
-1133.8095703125,-1672.92138671875,137.7163543701172
-1133.2672119140625,-1672.713134765625,137.7456512451172
-1132.721923828125,-1672.506103515625,137.7744140625
-1132.1741943359375,-1672.3001708984375,137.8038330078125
-1131.6236572265625,-1672.094482421875,137.83424377441406
-1131.0694580078125,-1671.890380859375,137.86431884765625
-1130.51220703125,-1671.6868896484375,137.89431762695312
-1129.9521484375,-1671.483642578125,137.92373657226562
-1129.3895263671875,-1671.2803955078125,137.95306396484375
-1128.8233642578125,-1671.0767822265625,137.98202514648438
-1128.2552490234375,-1670.87353515625,138.01112365722656
-1127.6834716796875,-1670.6700439453125,138.03993225097656
-1127.1085205078125,-1670.467041015625,138.0682373046875
-1126.5301513671875,-1670.2637939453125,138.0963592529297
-1125.9495849609375,-1670.06103515625,138.12461853027344
-1125.365478515625,-1669.85888671875,138.15151977539062
-1124.7777099609375,-1669.6556396484375,138.1798553466797
-1124.186279296875,-1669.45263671875,138.2083740234375
-1123.591064453125,-1669.2491455078125,138.23779296875
-1122.992919921875,-1669.04638671875,138.26744079589844
-1122.3912353515625,-1668.843994140625,138.29693603515625
-1121.7867431640625,-1668.6417236328125,138.32708740234375
-1121.178466796875,-1668.4393310546875,138.35850524902344
-1120.568115234375,-1668.238525390625,138.39088439941406
-1119.953857421875,-1668.0386962890625,138.4219207763672
-1119.3369140625,-1667.8377685546875,138.45339965820312
-1118.717041015625,-1667.6387939453125,138.4831085205078
-1118.093017578125,-1667.439208984375,138.51231384277344
-1117.4658203125,-1667.23974609375,138.54176330566406
-1116.8350830078125,-1667.0408935546875,138.5702667236328
-1116.2008056640625,-1666.841796875,138.59881591796875
-1115.563232421875,-1666.6439208984375,138.62709045410156
-1114.9217529296875,-1666.445556640625,138.6557159423828
-1114.2762451171875,-1666.2476806640625,138.6853485107422
-1113.628662109375,-1666.0523681640625,138.7158660888672
-1112.9766845703125,-1665.8577880859375,138.74818420410156
-1112.3212890625,-1665.66357421875,138.78366088867188
-1111.663330078125,-1665.471923828125,138.8206024169922
-1111.0018310546875,-1665.2830810546875,138.8565216064453
-1110.337646484375,-1665.09521484375,138.8925018310547
-1109.6707763671875,-1664.9085693359375,138.92886352539062
-1109.00048828125,-1664.7232666015625,138.9637908935547
-1108.3260498046875,-1664.5394287109375,138.9974822998047
-1107.648193359375,-1664.3560791015625,139.0304412841797
-1106.966796875,-1664.17333984375,139.06265258789062
-1106.282470703125,-1663.9913330078125,139.09434509277344
-1105.5948486328125,-1663.81005859375,139.1259307861328
-1104.9041748046875,-1663.62939453125,139.15760803222656
-1104.2105712890625,-1663.448974609375,139.18983459472656
-1103.51416015625,-1663.26953125,139.2223663330078
-1102.815673828125,-1663.0908203125,139.25489807128906
-1102.11572265625,-1662.913330078125,139.28717041015625
-1101.4140625,-1662.7373046875,139.3197479248047
-1100.7110595703125,-1662.5628662109375,139.35267639160156
-1100.0064697265625,-1662.3896484375,139.38539123535156
-1099.3004150390625,-1662.2176513671875,139.41769409179688
-1098.59326171875,-1662.0472412109375,139.44940185546875
-1097.8851318359375,-1661.8775634765625,139.4810333251953
-1097.1761474609375,-1661.70849609375,139.51272583007812
-1096.4659423828125,-1661.539794921875,139.54464721679688
-1095.7547607421875,-1661.3717041015625,139.57644653320312
-1095.04248046875,-1661.203857421875,139.60800170898438
-1094.32958984375,-1661.0360107421875,139.63955688476562
-1093.615478515625,-1660.868408203125,139.6712646484375
-1092.900390625,-1660.70068359375,139.7030029296875
-1092.1834716796875,-1660.5325927734375,139.73455810546875
-1091.465087890625,-1660.3638916015625,139.7660369873047
-1090.7452392578125,-1660.1944580078125,139.79742431640625
-1090.023681640625,-1660.0242919921875,139.82875061035156
-1089.301025390625,-1659.85302734375,139.86012268066406
-1088.5770263671875,-1659.6807861328125,139.89170837402344
-1087.8515625,-1659.5074462890625,139.9233856201172
-1087.1248779296875,-1659.3331298828125,139.95526123046875
-1086.39697265625,-1659.1578369140625,139.98745727539062
-1085.6678466796875,-1658.9815673828125,140.01988220214844
-1084.9376220703125,-1658.8045654296875,140.05262756347656
-1084.2061767578125,-1658.6265869140625,140.0857391357422
-1083.4737548828125,-1658.447265625,140.11912536621094
-1082.7401123046875,-1658.266845703125,140.152587890625
-1082.0054931640625,-1658.0855712890625,140.1862335205078
-1081.26953125,-1657.9033203125,140.2202606201172
-1080.532470703125,-1657.7200927734375,140.25462341308594
-1079.79443359375,-1657.5360107421875,140.28868103027344
-1079.05517578125,-1657.3514404296875,140.32217407226562
-1078.314453125,-1657.1666259765625,140.35610961914062
-1077.572509765625,-1656.9814453125,140.38949584960938
-1076.8289794921875,-1656.7960205078125,140.42185974121094
-1076.083251953125,-1656.610595703125,140.4534912109375
-1075.3358154296875,-1656.425537109375,140.48480224609375
-1074.58642578125,-1656.240478515625,140.51612854003906
-1073.8353271484375,-1656.0560302734375,140.5466766357422
-1073.0821533203125,-1655.871826171875,140.5771026611328
-1072.326904296875,-1655.687255859375,140.6083221435547
-1071.5699462890625,-1655.5032958984375,140.6398162841797
-1070.8111572265625,-1655.31982421875,140.67079162597656
-1070.0509033203125,-1655.136474609375,140.7022705078125
-1069.2886962890625,-1654.953125,140.73484802246094
-1068.5242919921875,-1654.7705078125,140.7678680419922
-1067.7581787109375,-1654.5880126953125,140.8006591796875
-1066.9906005859375,-1654.405517578125,140.8338165283203
-1066.2213134765625,-1654.2235107421875,140.86721801757812
-1065.450439453125,-1654.0418701171875,140.90049743652344
-1064.677490234375,-1653.8599853515625,140.93348693847656
-1063.902587890625,-1653.67822265625,140.96609497070312
-1063.125732421875,-1653.496337890625,140.9980926513672
-1062.3468017578125,-1653.314208984375,141.0298309326172
-1061.5660400390625,-1653.1318359375,141.06130981445312
-1060.78369140625,-1652.9490966796875,141.09243774414062
-1059.9991455078125,-1652.7662353515625,141.1232452392578
-1059.2127685546875,-1652.5830078125,141.15382385253906
-1058.424560546875,-1652.3988037109375,141.18423461914062
-1057.6341552734375,-1652.2139892578125,141.2149658203125
-1056.8419189453125,-1652.028564453125,141.24586486816406
-1056.048095703125,-1651.8421630859375,141.27700805664062
-1055.2523193359375,-1651.655029296875,141.3089599609375
-1054.4552001953125,-1651.4677734375,141.34133911132812
-1053.656494140625,-1651.2801513671875,141.37356567382812
-1052.856201171875,-1651.0924072265625,141.4060516357422
-1052.053955078125,-1650.9041748046875,141.43875122070312
-1051.2496337890625,-1650.7156982421875,141.47113037109375
-1050.443603515625,-1650.5269775390625,141.50331115722656
-1049.6353759765625,-1650.33837890625,141.53573608398438
-1048.825439453125,-1650.1494140625,141.56832885742188
-1048.013916015625,-1649.9605712890625,141.60055541992188
-1047.2005615234375,-1649.771728515625,141.63275146484375
-1046.3861083984375,-1649.5828857421875,141.6641082763672
-1045.56982421875,-1649.393798828125,141.69393920898438
-1044.7515869140625,-1649.2044677734375,141.72303771972656
-1043.93115234375,-1649.0146484375,141.7512969970703
-1043.108154296875,-1648.8240966796875,141.7781524658203
-1042.2828369140625,-1648.6331787109375,141.8048553466797
-1041.4554443359375,-1648.441650390625,141.83177185058594
-1040.62548828125,-1648.249267578125,141.85923767089844
-1039.79345703125,-1648.0565185546875,141.8878173828125
-1038.95947265625,-1647.8634033203125,141.91712951660156
-1038.123779296875,-1647.669677734375,141.94700622558594
-1037.2861328125,-1647.475341796875,141.97760009765625
-1036.4466552734375,-1647.2806396484375,142.0082244873047
-1035.60498046875,-1647.085205078125,142.0386505126953
-1034.7615966796875,-1646.8890380859375,142.06832885742188
-1033.9163818359375,-1646.6920166015625,142.0968475341797
-1033.06884765625,-1646.493896484375,142.12486267089844
-1032.21875,-1646.294921875,142.15255737304688
-1031.366455078125,-1646.0948486328125,142.17958068847656
-1030.5120849609375,-1645.8939208984375,142.2066192626953
-1029.656005859375,-1645.6920166015625,142.23422241210938
-1028.79833984375,-1645.4886474609375,142.26199340820312
-1027.938720703125,-1645.28466796875,142.2900390625
-1027.0775146484375,-1645.07958984375,142.31854248046875
-1026.2144775390625,-1644.87353515625,142.3472137451172
-1025.3502197265625,-1644.66650390625,142.3761749267578
-1024.484619140625,-1644.4586181640625,142.40570068359375
-1023.6187133789062,-1644.2501220703125,142.4353485107422
-1022.7532958984376,-1644.0411376953125,142.4642791748047
-1021.8885498046876,-1643.8319091796875,142.49301147460938
-1021.0245971679688,-1643.6220703125,142.5211944580078
-1020.160888671875,-1643.412109375,142.5479278564453
-1019.297607421875,-1643.201904296875,142.57400512695312
-1018.4345703125,-1642.9918212890625,142.599609375
-1017.5718994140624,-1642.781982421875,142.6251678466797
-1016.7096557617188,-1642.572509765625,142.6514892578125
-1015.8479614257812,-1642.3634033203125,142.67848205566406
-1014.9868774414062,-1642.1549072265625,142.7060546875
-1014.1265258789062,-1641.9473876953125,142.73431396484375
-1013.2671508789062,-1641.7406005859375,142.76210021972656
-1012.40869140625,-1641.5345458984375,142.78927612304688
-1011.55126953125,-1641.3289794921875,142.8157958984375
-1010.6947021484376,-1641.1239013671875,142.84104919433594
-1009.839111328125,-1640.9188232421875,142.8659210205078
-1008.9841918945312,-1640.7139892578125,142.890869140625
-1008.1301879882812,-1640.509521484375,142.91571044921875
-1007.27734375,-1640.305419921875,142.940673828125
-1006.4258422851562,-1640.1015625,142.96646118164062
-1005.5756225585938,-1639.897705078125,142.99240112304688
-1004.7264404296876,-1639.694091796875,143.01806640625
-1003.8784790039062,-1639.490478515625,143.04319763183594
-1003.0316162109376,-1639.2867431640625,143.06756591796875
-1002.1859741210938,-1639.0830078125,143.09153747558594
-1001.34130859375,-1638.87890625,143.1150665283203
-1000.497802734375,-1638.674560546875,143.13807678222656
-999.6556396484376,-1638.469970703125,143.1610870361328
-998.8150634765624,-1638.2652587890625,143.18421936035156
-997.9769897460938,-1638.060546875,143.20758056640625
-997.1427001953124,-1637.8563232421875,143.23129272460938
-996.3135375976562,-1637.6529541015625,143.25521850585938
-995.4912719726562,-1637.450927734375,143.27935791015625
-994.677001953125,-1637.2508544921875,143.3035430908203
-993.8710327148438,-1637.052978515625,143.32754516601562
-993.0735473632812,-1636.8572998046875,143.35121154785156
-992.2840576171876,-1636.663818359375,143.37420654296875
-991.5027465820312,-1636.472412109375,143.39663696289062
-990.729736328125,-1636.2830810546875,143.418701171875
-989.9653930664062,-1636.0965576171875,143.4406280517578
-989.2094116210938,-1635.9122314453125,143.46217346191406
-988.46142578125,-1635.7303466796875,143.4833221435547
-987.7215576171876,-1635.55078125,143.50436401367188
-986.9893798828124,-1635.3736572265625,143.52529907226562
-986.264892578125,-1635.198974609375,143.54591369628906
-985.5482177734376,-1635.026611328125,143.5661163330078
-984.8394775390624,-1634.8568115234375,143.5863800048828
-984.1384887695312,-1634.6893310546875,143.6068572998047
-983.445068359375,-1634.5242919921875,143.62710571289062
-982.7588500976562,-1634.361572265625,143.64617919921875
-982.080322265625,-1634.2010498046875,143.66461181640625
-981.4099731445312,-1634.04296875,143.6829071044922
-980.7477416992188,-1633.88720703125,143.7007598876953
-980.0934448242188,-1633.7337646484375,143.71734619140625
-979.4474487304688,-1633.5831298828125,143.733154296875
-978.81005859375,-1633.4346923828125,143.7490234375
-978.180908203125,-1633.2891845703125,143.76480102539062
-977.5599975585938,-1633.1463623046875,143.77999877929688
-976.9472045898438,-1633.0059814453125,143.79428100585938
-976.3429565429688,-1632.86865234375,143.80813598632812
-975.7472534179688,-1632.734130859375,143.82205200195312
-975.1583251953124,-1632.6025390625,143.83604431152344
-974.5739135742188,-1632.4736328125,143.84927368164062
-973.9923706054688,-1632.3465576171875,143.8614044189453
-973.4132080078124,-1632.2215576171875,143.87286376953125
-972.8369140625,-1632.0985107421875,143.88414001464844
-972.2639770507812,-1631.9774169921875,143.89552307128906
-971.6947021484376,-1631.858642578125,143.9071502685547
-971.1289672851562,-1631.7421875,143.91888427734375
-970.5669555664062,-1631.6282958984375,143.9305877685547
-970.0090942382812,-1631.5172119140625,143.94207763671875
-969.4560546875,-1631.4090576171875,143.95338439941406
-968.90771484375,-1631.3043212890625,143.96432495117188
-968.3640747070312,-1631.202880859375,143.97467041015625
-967.8250732421876,-1631.1053466796875,143.98455810546875
-967.2907104492188,-1631.01123046875,143.99395751953125
-966.7613525390624,-1630.9208984375,144.0033721923828
-966.2371826171876,-1630.8348388671875,144.01339721679688
-965.718017578125,-1630.7529296875,144.02377319335938
-965.2039184570312,-1630.6754150390625,144.03440856933594
-964.6944580078124,-1630.602294921875,144.04527282714844
-964.189453125,-1630.534423828125,144.0560760498047
-963.6885375976562,-1630.4716796875,144.06735229492188
-963.1907348632812,-1630.414306640625,144.0783233642578
-962.6953125,-1630.36083984375,144.08975219726562
-962.2012329101562,-1630.3116455078125,144.10198974609375
-961.7073974609376,-1630.2672119140625,144.1138153076172
-961.2139282226562,-1630.22705078125,144.12498474121094
-960.7205200195312,-1630.1915283203125,144.13577270507812
-960.2274169921876,-1630.16064453125,144.1461944580078
-959.7349853515624,-1630.13427734375,144.15713500976562
-959.2433471679688,-1630.112548828125,144.1683349609375
-958.7523193359376,-1630.0955810546875,144.1792755126953
-958.2620849609376,-1630.0836181640625,144.19017028808594
-957.772705078125,-1630.0771484375,144.20083618164062
-957.2843017578124,-1630.0753173828125,144.2112274169922
-956.796630859375,-1630.0782470703125,144.22210693359375
-956.3096313476562,-1630.0860595703125,144.23342895507812
-955.8235473632812,-1630.09912109375,144.24478149414062
-955.3382568359376,-1630.1173095703125,144.2558135986328
-954.853759765625,-1630.1405029296875,144.26585388183594
-954.3703002929688,-1630.168701171875,144.27574157714844
-953.8883056640624,-1630.202392578125,144.28665161132812
-953.4075317382812,-1630.241455078125,144.2977752685547
-952.9280395507812,-1630.28515625,144.30911254882812
-952.4498291015624,-1630.3338623046875,144.3201446533203
-951.972900390625,-1630.3878173828125,144.3305206298828
-951.4974975585938,-1630.4471435546875,144.3407440185547
-951.0236206054688,-1630.512451171875,144.35116577148438
-950.55126953125,-1630.5830078125,144.3616180419922
-950.0805053710938,-1630.65869140625,144.3719024658203
-949.611328125,-1630.739501953125,144.38185119628906
-949.1437377929688,-1630.82568359375,144.3912353515625
-948.677978515625,-1630.9166259765625,144.4005584716797
-948.2139892578124,-1631.0130615234375,144.4098663330078
-947.7518920898438,-1631.114501953125,144.41917419433594
-947.2913818359376,-1631.22021484375,144.4283447265625
-946.8328247070312,-1631.3309326171875,144.43710327148438
-946.3760375976562,-1631.4456787109375,144.44586181640625
-945.9210205078124,-1631.56494140625,144.4546356201172
-945.4682006835938,-1631.6895751953125,144.46136474609375
-945.0177612304688,-1631.8187255859375,144.4661102294922
-944.5689697265624,-1631.9512939453125,144.46981811523438
-944.12158203125,-1632.0865478515625,144.4738006591797
-943.6760864257812,-1632.225341796875,144.4786834716797
-943.2320556640624,-1632.3675537109375,144.4840850830078
-942.7891235351562,-1632.5135498046875,144.4875946044922
-942.347412109375,-1632.66259765625,144.48963928222656
-941.9071655273438,-1632.8135986328125,144.49234008789062
-941.4689331054688,-1632.967529296875,144.4964141845703
-941.0325927734376,-1633.1241455078125,144.50135803222656
-940.59814453125,-1633.2843017578125,144.50657653808594
-940.1652221679688,-1633.4466552734375,144.51181030273438
-939.7340087890624,-1633.6114501953125,144.516845703125
-939.3041381835938,-1633.7784423828125,144.52264404296875
-938.87548828125,-1633.9476318359375,144.5291748046875
-938.4481811523438,-1634.119140625,144.53591918945312
-938.0223388671876,-1634.2928466796875,144.5428466796875
-937.597900390625,-1634.468505859375,144.54981994628906
-937.1748046875,-1634.6463623046875,144.55677795410156
-936.75341796875,-1634.8260498046875,144.56431579589844
-936.3338012695312,-1635.0078125,144.5724639892578
-935.9157104492188,-1635.191650390625,144.58090209960938
-935.4990234375,-1635.3770751953125,144.58937072753906
-935.0841064453124,-1635.564697265625,144.5978240966797
-934.6708374023438,-1635.754638671875,144.60618591308594
-934.2590942382812,-1635.9468994140625,144.61441040039062
-933.8489379882812,-1636.1414794921875,144.62246704101562
-933.4406127929688,-1636.33837890625,144.63038635253906
-933.0341186523438,-1636.5379638671875,144.63804626464844
-932.62939453125,-1636.739990234375,144.6453399658203
-932.2268676757812,-1636.9447021484375,144.6522674560547
-931.826416015625,-1637.1524658203125,144.65933227539062
-931.4280395507812,-1637.363037109375,144.66632080078125
-931.0318603515624,-1637.5762939453125,144.6730499267578
-930.6380615234376,-1637.7928466796875,144.67955017089844
-930.2462768554688,-1638.0120849609375,144.68565368652344
-929.856689453125,-1638.2340087890625,144.6913604736328
-929.4692993164062,-1638.458740234375,144.69686889648438
-929.083984375,-1638.6864013671875,144.7020721435547
-928.7008666992188,-1638.91650390625,144.70693969726562
-928.3200073242188,-1639.1494140625,144.71185302734375
-927.9412841796876,-1639.3851318359375,144.7169189453125
-927.5648803710938,-1639.6236572265625,144.72178649902344
-927.1907348632812,-1639.8646240234375,144.7265625
-926.8194580078124,-1640.1087646484375,144.7308349609375
-926.4505615234376,-1640.3555908203125,144.73487854003906
-926.0842895507812,-1640.6051025390625,144.73959350585938
-925.7206420898438,-1640.8575439453125,144.74537658691406
-925.3598022460938,-1641.11279296875,144.75143432617188
-925.0015258789062,-1641.3707275390625,144.758056640625
-924.64599609375,-1641.631591796875,144.7650604248047
-924.2936401367188,-1641.8955078125,144.771240234375
-923.9442138671876,-1642.1619873046875,144.7764434814453
-923.596923828125,-1642.4300537109375,144.78189086914062
-923.2525024414062,-1642.700439453125,144.7872314453125
-922.9111938476562,-1642.973388671875,144.7919464111328
-922.5721435546876,-1643.2484130859375,144.79693603515625
-922.235595703125,-1643.525634765625,144.80259704589844
-921.9019165039062,-1643.805419921875,144.80885314941406
-921.5714721679688,-1644.0880126953125,144.81532287597656
-921.2435913085938,-1644.373046875,144.82211303710938
-920.9187622070312,-1644.6607666015625,144.828857421875
-920.5973510742188,-1644.9512939453125,144.83462524414062
-920.2789306640624,-1645.244140625,144.8390655517578
-919.9628295898438,-1645.5386962890625,144.8428192138672
-919.6493530273438,-1645.8350830078125,144.84710693359375
-919.3389282226562,-1646.1336669921875,144.85130310058594
-919.0313110351562,-1646.43408203125,144.85560607910156
-918.72607421875,-1646.736572265625,144.8606414794922
-918.4234619140624,-1647.0406494140625,144.86636352539062
-918.1239624023438,-1647.34716796875,144.87232971191406
-917.8277587890624,-1647.656005859375,144.87831115722656
-917.533935546875,-1647.966552734375,144.88568115234375
-917.243896484375,-1648.2796630859375,144.89312744140625
-916.9573974609376,-1648.59521484375,144.8996124267578
-916.6738891601562,-1648.9122314453125,144.9053192138672
-916.3926391601562,-1649.2305908203125,144.9109344482422
-916.11474609375,-1649.5511474609375,144.9158477783203
-915.8396606445312,-1649.8729248046875,144.92083740234375
-915.5670166015624,-1650.196044921875,144.92678833007812
-915.2974243164062,-1650.52099609375,144.93377685546875
-915.031005859375,-1650.847900390625,144.94146728515625
-914.7677001953124,-1651.1766357421875,144.94937133789062
-914.50732421875,-1651.507080078125,144.95758056640625
-914.2506713867188,-1651.839599609375,144.9650115966797
-913.997314453125,-1652.1737060546875,144.9713592529297
-913.7467041015624,-1652.5091552734375,144.97654724121094
-913.4984741210938,-1652.845458984375,144.98147583007812
-913.2529296875,-1653.18310546875,144.9871368408203
-913.0103759765624,-1653.522216796875,144.99307250976562
-912.770263671875,-1653.862548828125,144.99916076660156
-912.5324096679688,-1654.2044677734375,145.005126953125
-912.2967529296876,-1654.5482177734375,145.01119995117188
-912.0635375976562,-1654.893798828125,145.01698303222656
-911.8327026367188,-1655.240966796875,145.0225067138672
-911.604248046875,-1655.5894775390625,145.02748107910156
-911.3778686523438,-1655.9393310546875,145.03257751464844
-911.154052734375,-1656.2908935546875,145.03762817382812
-910.9326171875,-1656.64404296875,145.04299926757812
-910.7135009765624,-1656.998779296875,145.04867553710938
-910.4967651367188,-1657.3551025390625,145.0543975830078
-910.2821655273438,-1657.713134765625,145.06036376953125
-910.06982421875,-1658.072998046875,145.06674194335938
-909.8603515625,-1658.4345703125,145.07275390625
-909.6539916992188,-1658.7977294921875,145.0778350830078
-909.4496459960938,-1659.1624755859375,145.08248901367188
-909.2472534179688,-1659.5284423828125,145.08726501464844
-909.0476684570312,-1659.89599609375,145.091552734375
-908.8505859375,-1660.264892578125,145.09579467773438
-908.6556396484376,-1660.6351318359375,145.10067749023438
-908.46337890625,-1661.00634765625,145.10626220703125
-908.2742309570312,-1661.379150390625,145.11224365234375
-908.088134765625,-1661.7532958984375,145.11814880371094
-907.90478515625,-1662.1285400390625,145.1238250732422
-907.724365234375,-1662.5048828125,145.1291046142578
-907.5467529296876,-1662.88232421875,145.1339111328125
-907.3718872070312,-1663.2608642578125,145.13844299316406
-907.19970703125,-1663.6402587890625,145.142822265625
-907.0302124023438,-1664.0205078125,145.1472625732422
-906.8634643554688,-1664.401611328125,145.1521453857422
-906.6994018554688,-1664.7838134765625,145.15762329101562
-906.5382690429688,-1665.167236328125,145.16244506835938
-906.3804321289062,-1665.551513671875,145.16632080078125
-906.2259521484376,-1665.9365234375,145.1690216064453
-906.0740356445312,-1666.322021484375,145.1714324951172
-905.9246826171876,-1666.7080078125,145.1748046875
-905.77880859375,-1667.094482421875,145.17919921875
-905.635986328125,-1667.4814453125,145.18466186523438
-905.4967041015624,-1667.869384765625,145.19021606445312
-905.3611450195312,-1668.25830078125,145.1945343017578
-905.2293090820312,-1668.6480712890625,145.19764709472656
-905.1005859375,-1669.0379638671875,145.20094299316406
-904.9758911132812,-1669.4283447265625,145.2045135498047
-904.8551635742188,-1669.819091796875,145.20779418945312
-904.7376708984376,-1670.2099609375,145.21116638183594
-904.6229858398438,-1670.60107421875,145.21522521972656
-904.511474609375,-1670.992431640625,145.2198944091797
-904.4036254882812,-1671.384521484375,145.2247772216797
-904.2997436523438,-1671.777099609375,145.22898864746094
-904.1990966796876,-1672.1700439453125,145.2321014404297
-904.1013793945312,-1672.5635986328125,145.2339324951172
-904.0064697265624,-1672.9571533203125,145.23558044433594
-903.9143676757812,-1673.3507080078125,145.23814392089844
-903.8253784179688,-1673.744384765625,145.24142456054688
-903.739501953125,-1674.1383056640625,145.24502563476562
-903.6570434570312,-1674.5330810546875,145.24842834472656
-903.5773315429688,-1674.9281005859375,145.2518310546875
-903.5010375976562,-1675.3236083984375,145.25576782226562
-903.4285278320312,-1675.7198486328125,145.25918579101562
-903.358642578125,-1676.116455078125,145.26251220703125
-903.2914428710938,-1676.5135498046875,145.26565551757812
-903.2269287109376,-1676.9110107421875,145.2687225341797
-903.165283203125,-1677.3089599609375,145.27220153808594
-903.1060791015624,-1677.70703125,145.27584838867188
-903.0494384765624,-1678.1055908203125,145.27944946289062
-902.9953002929688,-1678.5048828125,145.2830352783203
-902.9434204101562,-1678.9046630859375,145.2866973876953
-902.8937377929688,-1679.3050537109375,145.2903594970703
-902.8463134765624,-1679.705810546875,145.29409790039062
-902.8013305664062,-1680.1070556640625,145.2976837158203
-902.7578125,-1680.5087890625,145.3015594482422
-902.7160034179688,-1680.9107666015625,145.3058319091797
-902.6759033203124,-1681.3133544921875,145.31060791015625
-902.6370239257812,-1681.7164306640625,145.31634521484375
-902.6002197265624,-1682.1201171875,145.32257080078125
-902.5673217773438,-1682.5240478515625,145.32713317871094
-902.5348510742188,-1682.92822265625,145.33175659179688
-902.50390625,-1683.3326416015625,145.3360595703125
-902.4743041992188,-1683.7376708984375,145.34054565429688
-902.4462890625,-1684.14306640625,145.3456268310547
-902.4195556640624,-1684.5487060546875,145.3516387939453
-902.3954467773438,-1684.95458984375,145.3579559326172
-902.3740844726562,-1685.361572265625,145.3624725341797
-902.3540649414062,-1685.768798828125,145.3671112060547
-902.336181640625,-1686.1761474609375,145.3716278076172
-902.3206176757812,-1686.58349609375,145.37623596191406
-902.3075561523438,-1686.9908447265625,145.381103515625
-902.2969970703124,-1687.3975830078125,145.3859405517578
-902.2890014648438,-1687.803955078125,145.39044189453125
-902.2836303710938,-1688.2098388671875,145.3950653076172
-902.2811889648438,-1688.615478515625,145.400390625
-902.28125,-1689.020751953125,145.406005859375
-902.283935546875,-1689.426025390625,145.41172790527344
-902.28955078125,-1689.8306884765625,145.4170684814453
-902.2974243164062,-1690.2352294921875,145.42160034179688
-902.3074951171876,-1690.639404296875,145.4254913330078
-902.3203125,-1691.043212890625,145.42942810058594
-902.3359985351562,-1691.4462890625,145.43414306640625
-902.3540649414062,-1691.8489990234375,145.4391632080078
-902.374755859375,-1692.2515869140625,145.44406127929688
-902.3980712890624,-1692.6541748046875,145.44869995117188
-902.4237670898438,-1693.0567626953125,145.4528045654297
-902.4515380859376,-1693.4593505859375,145.45640563964844
-902.4819946289062,-1693.8619384765625,145.45980834960938
-902.5150756835938,-1694.2646484375,145.46353149414062
-902.5504150390624,-1694.667724609375,145.4678497314453
-902.5882568359376,-1695.070556640625,145.47247314453125
-902.6286010742188,-1695.473388671875,145.4770050048828
-902.671142578125,-1695.876220703125,145.48095703125
-902.71630859375,-1696.279052734375,145.48455810546875
-902.763916015625,-1696.681884765625,145.4882049560547
-902.814453125,-1697.084716796875,145.4924774169922
-902.8674926757812,-1697.4871826171875,145.49716186523438
-902.923095703125,-1697.8896484375,145.50196838378906
-902.981201171875,-1698.2921142578125,145.50645446777344
-903.0418701171876,-1698.6943359375,145.51071166992188
-903.1053466796876,-1699.0966796875,145.514892578125
-903.1715698242188,-1699.498779296875,145.51922607421875
-903.2407836914062,-1699.900390625,145.52340698242188
-903.3130493164062,-1700.3017578125,145.52725219726562
-903.3881225585938,-1700.7030029296875,145.5308837890625
-903.4664306640624,-1701.103515625,145.53427124023438
-903.547607421875,-1701.5035400390625,145.53761291503906
-903.6318969726562,-1701.9027099609375,145.5410614013672
-903.7193603515624,-1702.3013916015625,145.54437255859375
-903.8099975585938,-1702.6990966796875,145.54718017578125
-903.9039306640624,-1703.0960693359375,145.54965209960938
-904.0010986328124,-1703.4920654296875,145.55206298828125
-904.1016845703124,-1703.887451171875,145.55429077148438
-904.2056274414062,-1704.2816162109375,145.55661010742188
-904.3130493164062,-1704.6746826171875,145.55909729003906
-904.4241943359376,-1705.066650390625,145.56141662597656
-904.5387573242188,-1705.4576416015625,145.56324768066406
-904.6571044921876,-1705.8472900390625,145.56478881835938
-904.7788696289062,-1706.235595703125,145.56639099121094
-904.9041748046876,-1706.62255859375,145.56793212890625
-905.0331420898438,-1707.008056640625,145.56939697265625
-905.1659545898438,-1707.3922119140625,145.57078552246094
-905.3024291992188,-1707.7747802734375,145.57199096679688
-905.4426879882812,-1708.1561279296875,145.57308959960938
-905.5865478515624,-1708.5355224609375,145.57418823242188
-905.734130859375,-1708.9139404296875,145.5752716064453
-905.8854370117188,-1709.29052734375,145.575927734375
-906.0406494140624,-1709.6654052734375,145.57620239257812
-906.1997680664062,-1710.0386962890625,145.5762939453125
-906.3628540039062,-1710.409912109375,145.57676696777344
-906.5297241210938,-1710.779541015625,145.5775146484375
-906.7002563476562,-1711.1470947265625,145.5783233642578
-906.874755859375,-1711.5128173828125,145.57919311523438
-907.0531616210938,-1711.8765869140625,145.5797576904297
-907.235107421875,-1712.238525390625,145.58006286621094
-907.420654296875,-1712.5985107421875,145.58045959472656
-907.610107421875,-1712.956298828125,145.5811004638672
-907.8031616210938,-1713.311767578125,145.5817413330078
-907.9998168945312,-1713.6654052734375,145.58250427246094
-908.2002563476562,-1714.016845703125,145.5832061767578
-908.4038696289062,-1714.3665771484375,145.58395385742188
-908.6112060546876,-1714.7142333984375,145.5842742919922
-908.8217163085938,-1715.060302734375,145.58482360839844
-909.0357666015624,-1715.4046630859375,145.5854949951172
-909.2535400390624,-1715.746826171875,145.58633422851562
-909.4749145507812,-1716.0872802734375,145.58758544921875
-909.6997680664062,-1716.426025390625,145.5889892578125
-909.9279174804688,-1716.76318359375,145.5899200439453
-910.159912109375,-1717.098388671875,145.59005737304688
-910.3948974609376,-1717.4320068359375,145.59010314941406
-910.6328735351562,-1717.7640380859375,145.59056091308594
-910.8743286132812,-1718.094482421875,145.59158325195312
-911.118896484375,-1718.4234619140625,145.59396362304688
-911.3679809570312,-1718.7498779296875,145.59573364257812
-911.6196899414062,-1719.07568359375,145.59739685058594
-911.8761596679688,-1719.3983154296875,145.5977325439453
-912.1348876953124,-1719.7205810546875,145.59913635253906
-912.3976440429688,-1720.039794921875,145.599609375
-912.6627197265624,-1720.3577880859375,145.60116577148438
-912.931884765625,-1720.6724853515625,145.60244750976562
-913.2041625976562,-1720.9859619140625,145.6026611328125
-913.4791259765624,-1721.29736328125,145.6027069091797
-913.757080078125,-1721.607177734375,145.60186767578125
-914.0375366210938,-1721.914794921875,145.6009521484375
-914.3201293945312,-1722.2218017578125,145.59938049316406
-914.605224609375,-1722.5267333984375,145.59799194335938
-914.892333984375,-1722.8314208984375,145.596435546875
-915.1820678710938,-1723.134521484375,145.59390258789062
-915.4725341796876,-1723.4371337890625,145.5929718017578
-915.765380859375,-1723.7384033203125,145.59019470214844
-916.0584716796876,-1724.0400390625,145.58871459960938
-916.3535766601562,-1724.340576171875,145.58580017089844
-916.6490478515624,-1724.6409912109375,145.58401489257812
-916.9457397460938,-1724.941650390625,145.58242797851562
-917.243408203125,-1725.240966796875,145.5810546875
-917.542236328125,-1725.5411376953125,145.57925415039062
-917.8421020507812,-1725.840087890625,145.5773468017578
-918.1428833007812,-1726.1400146484375,145.57583618164062
-918.4448852539062,-1726.438720703125,145.5746307373047
-918.7476196289062,-1726.738037109375,145.5733184814453
-919.0514526367188,-1727.0362548828125,145.57229614257812
-919.3565063476562,-1727.3350830078125,145.5699005126953
-919.6620483398438,-1727.634033203125,145.567626953125
-919.9684448242188,-1727.9342041015625,145.5657196044922
-920.2760620117188,-1728.23388671875,145.5640106201172
-920.5841064453124,-1728.53515625,145.5634765625
-920.89453125,-1728.835693359375,145.56124877929688
-921.204345703125,-1729.1380615234375,145.5613250732422
-921.5164184570312,-1729.439697265625,145.56008911132812
-921.8289184570312,-1729.74169921875,145.5590362548828
-922.142333984375,-1730.0455322265625,145.55799865722656
-922.4563598632812,-1730.3489990234375,145.5576629638672
-922.771240234375,-1730.6536865234375,145.55796813964844
-923.0865478515624,-1730.957763671875,145.5589141845703
-923.4026489257812,-1731.26318359375,145.55917358398438
-923.7188110351562,-1731.56884765625,145.56021118164062
-924.03564453125,-1731.8756103515625,145.560791015625
-924.3533935546876,-1732.1824951171875,145.5598907470703
-924.6697387695312,-1732.4915771484375,145.56100463867188
-924.9874877929688,-1732.80029296875,145.5606689453125
-925.3047485351562,-1733.110107421875,145.56033325195312
-925.622314453125,-1733.4215087890625,145.55943298339844
-925.9401245117188,-1733.733154296875,145.55809020996094
-926.2577514648438,-1734.0467529296875,145.55677795410156
-926.5751342773438,-1734.36083984375,145.55674743652344
-926.89306640625,-1734.6761474609375,145.55670166015625
-927.2113647460938,-1734.991455078125,145.5565185546875
-927.529541015625,-1735.3087158203125,145.5563507080078
-927.8482055664062,-1735.62646484375,145.55516052246094
-928.1659545898438,-1735.9462890625,145.5556640625
-928.4846801757812,-1736.2672119140625,145.55592346191406
-928.803955078125,-1736.587890625,145.55567932128906
-929.1234130859376,-1736.910888671875,145.55458068847656
-929.4424438476562,-1737.2352294921875,145.55393981933594
-929.7620239257812,-1737.5614013671875,145.5531463623047
-930.082275390625,-1737.8883056640625,145.55191040039062
-930.4024658203124,-1738.2174072265625,145.55184936523438
-930.7239990234376,-1738.5482177734375,145.55111694335938
-931.046142578125,-1738.8792724609375,145.5498504638672
-931.3692626953124,-1739.212646484375,145.54864501953125
-931.6932983398438,-1739.54638671875,145.5479736328125
-932.018798828125,-1739.8817138671875,145.54693603515625
-932.3455810546876,-1740.2174072265625,145.54519653320312
-932.673095703125,-1740.5548095703125,145.5442657470703
-933.0025024414062,-1740.89404296875,145.54318237304688
-933.3333740234376,-1741.2325439453125,145.5417022705078
-933.6656494140624,-1741.572509765625,145.53970336914062
-933.9990844726562,-1741.9129638671875,145.5375213623047
-934.333251953125,-1742.2547607421875,145.53680419921875
-934.6692504882812,-1742.5975341796875,145.53607177734375
-935.0066528320312,-1742.9398193359375,145.53472900390625
-935.344970703125,-1743.2835693359375,145.5329132080078
-935.6843872070312,-1743.6280517578125,145.53038024902344
-936.0237426757812,-1743.97412109375,145.52996826171875
-936.3645629882812,-1744.321533203125,145.52993774414062
-936.7064819335938,-1744.6683349609375,145.52931213378906
-937.049072265625,-1745.0172119140625,145.52772521972656
-937.3922729492188,-1745.3670654296875,145.5255889892578
-937.7354736328124,-1745.718017578125,145.52430725097656
-938.0797119140624,-1746.071044921875,145.52342224121094
-938.4246826171876,-1746.4248046875,145.52346801757812
-938.7706909179688,-1746.779541015625,145.5234832763672
-939.1177978515624,-1747.134521484375,145.52236938476562
-939.46533203125,-1747.489990234375,145.5205841064453
-939.8131103515624,-1747.8472900390625,145.51858520507812
-940.1614379882812,-1748.205322265625,145.516845703125
-940.5098876953124,-1748.5650634765625,145.51719665527344
-940.8599853515624,-1748.92578125,145.5173797607422
-941.2110595703124,-1749.28662109375,145.51683044433594
-941.5624389648438,-1749.6494140625,145.51571655273438
-941.9147338867188,-1750.0126953125,145.5132598876953
-942.2671508789062,-1750.376708984375,145.51051330566406
-942.6199340820312,-1750.7425537109375,145.5078582763672
-942.973388671875,-1751.1090087890625,145.5047607421875
-943.326904296875,-1751.476806640625,145.50303649902344
-943.6813354492188,-1751.845703125,145.50169372558594
-944.036865234375,-1752.21484375,145.5003204345703
-944.3927612304688,-1752.5853271484375,145.49942016601562
-944.7499389648438,-1752.9571533203125,145.4981231689453
-945.1079711914062,-1753.328369140625,145.49627685546875
-945.466796875,-1753.7010498046875,145.49395751953125
-945.8270263671876,-1754.073974609375,145.4899444580078
-946.1879272460938,-1754.4473876953125,145.48526000976562
-946.5494384765624,-1754.822265625,145.48037719726562
-946.912353515625,-1755.19775390625,145.47474670410156
-947.2762451171876,-1755.5738525390625,145.46945190429688
-947.6410522460938,-1755.951171875,145.46493530273438
-948.0075073242188,-1756.328857421875,145.46038818359375
-948.3746337890624,-1756.70703125,145.45782470703125
-948.7433471679688,-1757.086181640625,145.45681762695312
-949.1141967773438,-1757.4652099609375,145.4552764892578
-949.486572265625,-1757.8438720703125,145.4535369873047
-949.8601684570312,-1758.223876953125,145.4514617919922
-950.2352905273438,-1758.6046142578125,145.44876098632812
-950.6115112304688,-1758.985595703125,145.44615173339844
-950.989013671875,-1759.3685302734375,145.44346618652344
-951.368408203125,-1759.7520751953125,145.439453125
-951.7486572265624,-1760.1368408203125,145.43560791015625
-952.130126953125,-1760.5235595703125,145.43202209472656
-952.5133666992188,-1760.911376953125,145.42791748046875
-952.8978881835938,-1761.300048828125,145.4236602783203
-953.2838745117188,-1761.691162109375,145.41920471191406
-953.6718139648438,-1762.0836181640625,145.41416931152344
-954.0611572265624,-1762.477783203125,145.40931701660156
-954.4520263671876,-1762.8748779296875,145.405517578125
-954.8453369140624,-1763.27392578125,145.40084838867188
-955.2403564453124,-1763.67431640625,145.39617919921875
-955.6376342773438,-1764.0777587890625,145.39125061035156
-956.0372314453124,-1764.484375,145.386962890625
-956.438720703125,-1764.8931884765625,145.38400268554688
-956.8428344726562,-1765.303955078125,145.3811492919922
-957.2492065429688,-1765.717529296875,145.37767028808594
-957.6575317382812,-1766.1341552734375,145.37391662597656
-958.0675048828124,-1766.55322265625,145.37088012695312
-958.4803466796876,-1766.9752197265625,145.3672637939453
-958.8956298828124,-1767.3995361328125,145.36224365234375
-959.3125,-1767.8271484375,145.35731506347656
-959.7310180664062,-1768.2568359375,145.352783203125
-960.1514892578124,-1768.690185546875,145.34837341308594
-960.5747680664062,-1769.124267578125,145.34190368652344
-960.9998779296876,-1769.5618896484375,145.33499145507812
-961.4267578125,-1770.0025634765625,145.32791137695312
-961.8551025390624,-1770.4466552734375,145.32203674316406
-962.2863159179688,-1770.8917236328125,145.3151397705078
-962.7198486328124,-1771.34033203125,145.3082275390625
-963.1553344726562,-1771.790771484375,145.30172729492188
-963.5930786132812,-1772.24267578125,145.2954864501953
-964.0325317382812,-1772.697509765625,145.2913055419922
-964.47509765625,-1773.15185546875,145.28619384765625
-964.9199829101562,-1773.6099853515625,145.28114318847656
-965.3665161132812,-1774.0687255859375,145.27696228027344
-965.8160400390624,-1774.52880859375,145.2709503173828
-966.2667236328124,-1774.9921875,145.26641845703125
-966.72021484375,-1775.456298828125,145.26126098632812
-967.17626953125,-1775.9228515625,145.25534057617188
-967.6339721679688,-1776.3912353515625,145.24964904785156
-968.093994140625,-1776.861328125,145.24278259277344
-968.5560302734376,-1777.3336181640625,145.23536682128906
-969.0193481445312,-1777.8099365234375,145.22926330566406
-969.485107421875,-1778.286865234375,145.22250366210938
-969.953125,-1778.767822265625,145.21588134765625
-970.4228515625,-1779.250244140625,145.21018981933594
-970.8945922851562,-1779.7337646484375,145.20445251464844
-971.3685913085938,-1780.219970703125,145.1978759765625
-971.843994140625,-1780.7100830078125,145.1918182373047
-972.3219604492188,-1781.20166015625,145.1847381591797
-972.802490234375,-1781.697998046875,145.17684936523438
-973.2848510742188,-1782.1976318359375,145.16897583007812
-973.7692260742188,-1782.6998291015625,145.16184997558594
-974.2559814453124,-1783.2039794921875,145.154296875
-974.744873046875,-1783.7100830078125,145.14651489257812
-975.2357177734376,-1784.2197265625,145.13967895507812
-975.7288208007812,-1784.7318115234375,145.13421630859375
-976.2246704101562,-1785.2467041015625,145.12928771972656
-976.7236328125,-1785.7625732421875,145.1226806640625
-977.2245483398438,-1786.281982421875,145.11680603027344
-977.7280883789062,-1786.803955078125,145.11146545410156
-978.234130859375,-1787.32958984375,145.10787963867188
-978.7440185546876,-1787.857421875,145.10304260253906
-979.256591796875,-1788.3873291015625,145.09796142578125
-979.7719116210938,-1788.9188232421875,145.0927276611328
-980.2897338867188,-1789.4520263671875,145.08824157714844
-980.8107299804688,-1789.985595703125,145.0832061767578
-981.3340454101562,-1790.5206298828125,145.0774688720703
-981.8595581054688,-1791.0592041015625,145.07305908203125
-982.3890991210938,-1791.5986328125,145.06744384765625
-982.9216918945312,-1792.138671875,145.0606231689453
-983.4559936523438,-1792.6805419921875,145.05430603027344
-983.9921875,-1793.22412109375,145.0499725341797
-984.5314331054688,-1793.770263671875,145.04603576660156
-985.0733642578124,-1794.3179931640625,145.04165649414062
-985.6175537109376,-1794.86767578125,145.036865234375
-986.1634521484376,-1795.418212890625,145.03207397460938
-986.7105712890624,-1795.970703125,145.02732849121094
-987.2590942382812,-1796.525146484375,145.02232360839844
-987.80908203125,-1797.0828857421875,145.01756286621094
-988.3604125976562,-1797.643310546875,145.01254272460938
-988.9130249023438,-1798.205810546875,145.00714111328125
-989.4663696289062,-1798.76953125,145.00135803222656
-990.0201416015624,-1799.3349609375,144.99595642089844
-990.5747680664062,-1799.901611328125,144.99049377441406
-991.130615234375,-1800.4703369140625,144.98443603515625
-991.6878662109376,-1801.0411376953125,144.9776611328125
-992.24609375,-1801.6142578125,144.9708709716797
-992.8055419921876,-1802.1885986328125,144.96331787109375
-993.36572265625,-1802.763916015625,144.95602416992188
-993.9266357421876,-1803.340576171875,144.94918823242188
-994.488525390625,-1803.9183349609375,144.94268798828125
-995.0516967773438,-1804.4974365234375,144.93580627441406
-995.615966796875,-1805.077392578125,144.9289093017578
-996.181640625,-1805.6578369140625,144.92173767089844
-996.748046875,-1806.2391357421875,144.9154052734375
-997.3154907226562,-1806.8206787109375,144.9088134765625
-997.8839111328124,-1807.4019775390625,144.90110778808594
-998.4531860351562,-1807.984375,144.89398193359375
-999.0234375,-1808.567626953125,144.88780212402344
-999.5952758789062,-1809.1517333984375,144.88116455078125
-1000.1682739257812,-1809.7357177734375,144.8741455078125
-1000.7421264648438,-1810.3201904296875,144.8683624267578
-1001.3165893554688,-1810.905029296875,144.8638458251953
-1001.8927612304688,-1811.489990234375,144.8591766357422
-1002.4705200195312,-1812.0733642578125,144.85281372070312
-1003.0482788085938,-1812.657958984375,144.84666442871094
-1003.62646484375,-1813.2440185546875,144.84164428710938
-1004.2060546875,-1813.8302001953125,144.83677673339844
-1004.7872924804688,-1814.4169921875,144.8308868408203
-1005.3684692382812,-1815.0048828125,144.8268585205078
-1005.950439453125,-1815.593017578125,144.8234405517578
-1006.5337524414062,-1816.1802978515625,144.8192138671875
-1007.1182861328124,-1816.767333984375,144.8148956298828
-1007.7039794921876,-1817.35498046875,144.8104248046875
-1008.29052734375,-1817.9432373046875,144.8047637939453
-1008.8778076171876,-1818.5325927734375,144.79818725585938
-1009.4659423828124,-1819.1226806640625,144.79116821289062
-1010.0545043945312,-1819.71337890625,144.78341674804688
-1010.64306640625,-1820.3057861328125,144.77528381347656
-1011.2321166992188,-1820.8992919921875,144.76718139648438
-1011.822021484375,-1821.4945068359375,144.75926208496094
-1012.4122314453124,-1822.0911865234375,144.7518310546875
-1013.0030517578124,-1822.6888427734375,144.7445526123047
-1013.5939331054688,-1823.2869873046875,144.73785400390625
-1014.1846923828124,-1823.886474609375,144.73268127441406
-1014.7759399414062,-1824.4871826171875,144.728515625
-1015.3680419921876,-1825.0889892578125,144.72373962402344
-1015.9605102539062,-1825.691162109375,144.71823120117188
-1016.5528564453124,-1826.293701171875,144.7127227783203
-1017.14501953125,-1826.8974609375,144.70703125
-1017.7369995117188,-1827.5028076171875,144.70077514648438
-1018.3290405273438,-1828.1090087890625,144.69361877441406
-1018.9210205078124,-1828.716064453125,144.6857147216797
-1019.5121459960938,-1829.3243408203125,144.67808532714844
-1020.1025390625,-1829.93408203125,144.6713409423828
-1020.6928100585938,-1830.544677734375,144.6651611328125
-1021.28271484375,-1831.156005859375,144.65982055664062
-1021.8721923828124,-1831.7677001953125,144.65560913085938
-1022.4614868164062,-1832.379150390625,144.65220642089844
-1023.0506591796876,-1832.9906005859375,144.65016174316406
-1023.6401977539062,-1833.601806640625,144.64877319335938
-1024.230712890625,-1834.212158203125,144.6462860107422
-1024.8216552734375,-1834.8212890625,144.64283752441406
-1025.4130859375,-1835.4295654296875,144.63873291015625
-1026.005126953125,-1836.0372314453125,144.6334228515625
-1026.59765625,-1836.6451416015625,144.6271209716797
-1027.19091796875,-1837.2528076171875,144.62013244628906
-1027.784912109375,-1837.85986328125,144.612060546875
-1028.378662109375,-1838.4669189453125,144.60385131835938
-1028.972412109375,-1839.0738525390625,144.59622192382812
-1029.566650390625,-1839.6807861328125,144.58917236328125
-1030.161376953125,-1840.28759765625,144.58270263671875
-1030.75634765625,-1840.89404296875,144.57659912109375
-1031.3515625,-1841.4998779296875,144.57113647460938
-1031.947021484375,-1842.1051025390625,144.56675720214844
-1032.542724609375,-1842.7098388671875,144.56298828125
-1033.1392822265625,-1843.31396484375,144.55850219726562
-1033.7366943359375,-1843.917236328125,144.5535888671875
-1034.334228515625,-1844.5198974609375,144.54830932617188
-1034.93212890625,-1845.122314453125,144.54232788085938
-1035.5301513671875,-1845.72509765625,144.5360870361328
-1036.1285400390625,-1846.3280029296875,144.5292510986328
-1036.72705078125,-1846.9306640625,144.52149963378906
-1037.325439453125,-1847.533935546875,144.51405334472656
-1037.9228515625,-1848.137939453125,144.5076446533203
-1038.5203857421875,-1848.7430419921875,144.5020294189453
-1039.11767578125,-1849.3492431640625,144.49769592285156
-1039.7152099609375,-1849.9544677734375,144.49432373046875
-1040.312744140625,-1850.5587158203125,144.4918975830078
-1040.91015625,-1851.1624755859375,144.48995971679688
-1041.5084228515625,-1851.7655029296875,144.4874267578125
-1042.107421875,-1852.36865234375,144.48374938964844
-1042.706787109375,-1852.97216796875,144.47857666015625
-1043.3065185546875,-1853.575927734375,144.4723663330078
-1043.9061279296875,-1854.179931640625,144.466064453125
-1044.5059814453125,-1854.7841796875,144.45982360839844
-1045.1058349609375,-1855.3887939453125,144.4532470703125
-1045.7056884765625,-1855.99365234375,144.44635009765625
-1046.3055419921875,-1856.599365234375,144.43978881835938
-1046.9053955078125,-1857.205810546875,144.43321228027344
-1047.5057373046875,-1857.8125,144.42652893066406
-1048.10595703125,-1858.4193115234375,144.4199676513672
-1048.7060546875,-1859.0272216796875,144.41372680664062
-1049.3062744140625,-1859.6353759765625,144.40753173828125
-1049.906494140625,-1860.2442626953125,144.40098571777344
-1050.50634765625,-1860.8541259765625,144.39486694335938
-1051.106201171875,-1861.4649658203125,144.3892822265625
-1051.705810546875,-1862.0767822265625,144.38363647460938
-1052.30517578125,-1862.689208984375,144.37847900390625
-1052.904296875,-1863.30224609375,144.37399291992188
-1053.5030517578125,-1863.916015625,144.36997985839844
-1054.10205078125,-1864.5301513671875,144.36598205566406
-1054.701416015625,-1865.144287109375,144.3614959716797
-1055.3004150390625,-1865.7587890625,144.35711669921875
-1055.8995361328125,-1866.3741455078125,144.3530731201172
-1056.498779296875,-1866.989990234375,144.3484344482422
-1057.098388671875,-1867.6063232421875,144.3432159423828
-1057.697998046875,-1868.2230224609375,144.33859252929688
-1058.2974853515625,-1868.8402099609375,144.33432006835938
-1058.8974609375,-1869.457763671875,144.32955932617188
-1059.49755859375,-1870.075439453125,144.32489013671875
-1060.097900390625,-1870.693359375,144.3201446533203
-1060.6986083984375,-1871.3115234375,144.31488037109375
-1061.29931640625,-1871.93017578125,144.30938720703125
-1061.900390625,-1872.549560546875,144.30381774902344
-1062.501953125,-1873.1697998046875,144.2979736328125
-1063.1038818359375,-1873.790771484375,144.29229736328125
-1063.7061767578125,-1874.412109375,144.28712463378906
-1064.3092041015625,-1875.0335693359375,144.28195190429688
-1064.9127197265625,-1875.6553955078125,144.27691650390625
-1065.51708984375,-1876.2777099609375,144.27188110351562
-1066.1224365234375,-1876.9002685546875,144.26644897460938
-1066.72900390625,-1877.5234375,144.2606964111328
-1067.3365478515625,-1878.1478271484375,144.25527954101562
-1067.945068359375,-1878.77294921875,144.2502899169922
-1068.554443359375,-1879.3990478515625,144.24594116210938
-1069.164794921875,-1880.0252685546875,144.24191284179688
-1069.7762451171875,-1880.65087890625,144.23748779296875
-1070.388916015625,-1881.2762451171875,144.23141479492188
-1071.002197265625,-1881.90283203125,144.22373962402344
-1071.615478515625,-1882.5318603515625,144.21658325195312
-1072.2298583984375,-1883.16162109375,144.2086944580078
