x,y,z
-1083.6851806640625,-1873.523193359375,143.8776397705078
-1084.2581787109375,-1874.1036376953125,143.87265014648438
-1084.83154296875,-1874.684814453125,143.86744689941406
-1085.4049072265625,-1875.2672119140625,143.86199951171875
-1085.9788818359375,-1875.8509521484375,143.8568878173828
-1086.552978515625,-1876.43603515625,143.8519744873047
-1087.1270751953125,-1877.022216796875,143.8467254638672
-1087.7012939453125,-1877.6090087890625,143.84152221679688
-1088.2755126953125,-1878.1966552734375,143.83682250976562
-1088.8499755859375,-1878.78515625,143.8321075439453
-1089.4249267578125,-1879.374755859375,143.8268280029297
-1090.000244140625,-1879.96533203125,143.82131958007812
-1090.575927734375,-1880.5570068359375,143.81588745117188
-1091.1522216796875,-1881.149658203125,143.8103790283203
-1091.7286376953125,-1881.743408203125,143.80531311035156
-1092.305419921875,-1882.3377685546875,143.80081176757812
-1092.8828125,-1882.9329833984375,143.79653930664062
-1093.4605712890625,-1883.5286865234375,143.7925262451172
-1094.0386962890625,-1884.125244140625,143.78884887695312
-1094.617431640625,-1884.72216796875,143.78482055664062
-1095.19677734375,-1885.3197021484375,143.78077697753906
-1095.7767333984375,-1885.917724609375,143.77639770507812
-1096.357177734375,-1886.516357421875,143.7707977294922
-1096.9385986328125,-1887.1153564453125,143.76499938964844
-1097.5208740234375,-1887.7154541015625,143.7592010498047
-1098.1038818359375,-1888.316162109375,143.752685546875
-1098.6876220703125,-1888.9173583984375,143.7459259033203
-1099.2720947265625,-1889.5191650390625,143.73934936523438
-1099.8572998046875,-1890.121337890625,143.73281860351562
-1100.4432373046875,-1890.723876953125,143.72625732421875
-1101.0299072265625,-1891.32666015625,143.71981811523438
-1101.617431640625,-1891.9302978515625,143.71347045898438
-1102.2054443359375,-1892.5341796875,143.70700073242188
-1102.7940673828125,-1893.1385498046875,143.7004852294922
-1103.383544921875,-1893.7431640625,143.6945343017578
-1103.9736328125,-1894.3480224609375,143.6887969970703
-1104.564453125,-1894.9534912109375,143.68267822265625
-1105.15576171875,-1895.5589599609375,143.6765899658203
-1105.7479248046875,-1896.164794921875,143.67071533203125
-1106.3406982421875,-1896.7711181640625,143.66473388671875
-1106.9342041015625,-1897.3779296875,143.65875244140625
-1107.5284423828125,-1897.985107421875,143.6527099609375
-1108.123291015625,-1898.5928955078125,143.6465606689453
-1108.718994140625,-1899.2008056640625,143.64056396484375
-1109.3148193359375,-1899.8094482421875,143.63414001464844
-1109.9112548828125,-1900.4188232421875,143.6268310546875
-1110.5096435546875,-1901.028564453125,143.61993408203125
-1111.108642578125,-1901.638916015625,143.61260986328125
-1111.7088623046875,-1902.2501220703125,143.60433959960938
-1112.3106689453125,-1902.861083984375,143.59739685058594
-1112.9136962890625,-1903.472900390625,143.59136962890625
-1113.517578125,-1904.0855712890625,143.5854034423828
-1114.1217041015625,-1904.6988525390625,143.5800018310547
-1114.72607421875,-1905.31298828125,143.57540893554688
-1115.3310546875,-1905.92822265625,143.57057189941406
-1115.93701171875,-1906.544189453125,143.5652618408203
-1116.5439453125,-1907.1612548828125,143.55960083007812
-1117.1517333984375,-1907.7794189453125,143.5538330078125
-1117.7607421875,-1908.3983154296875,143.54774475097656
-1118.3707275390625,-1909.01806640625,143.5415496826172
-1118.98193359375,-1909.6385498046875,143.53564453125
-1119.59423828125,-1910.2598876953125,143.5297088623047
-1120.207275390625,-1910.8822021484375,143.523681640625
-1120.8216552734375,-1911.505126953125,143.5176544189453
-1121.4371337890625,-1912.12890625,143.5118408203125
-1122.0538330078125,-1912.7532958984375,143.50619506835938
-1122.6717529296875,-1913.378662109375,143.50083923339844
-1123.2906494140625,-1914.0048828125,143.49562072753906
-1123.910888671875,-1914.63134765625,143.49050903320312
-1124.5321044921875,-1915.2586669921875,143.4857177734375
-1125.1541748046875,-1915.8865966796875,143.48092651367188
-1125.7779541015625,-1916.5147705078125,143.47621154785156
-1126.4024658203125,-1917.1435546875,143.47100830078125
-1127.0284423828125,-1917.7725830078125,143.4656219482422
-1127.6556396484375,-1918.402099609375,143.4603271484375
-1128.2838134765625,-1919.0321044921875,143.4545440673828
-1128.9134521484375,-1919.6624755859375,143.44879150390625
-1129.5440673828125,-1920.293212890625,143.44293212890625
-1130.1759033203125,-1920.9244384765625,143.43701171875
-1130.8084716796875,-1921.55615234375,143.43125915527344
-1131.4420166015625,-1922.1883544921875,143.42538452148438
-1132.076416015625,-1922.8206787109375,143.41941833496094
-1132.7115478515625,-1923.45361328125,143.4134979248047
-1133.347412109375,-1924.0869140625,143.4073944091797
-1133.984130859375,-1924.7210693359375,143.40126037597656
-1134.621337890625,-1925.355712890625,143.3950653076172
-1135.2591552734375,-1925.9910888671875,143.38865661621094
-1135.897705078125,-1926.6268310546875,143.38258361816406
-1136.5367431640625,-1927.2633056640625,143.3770294189453
-1137.175537109375,-1927.9010009765625,143.37100219726562
-1137.81396484375,-1928.53955078125,143.36431884765625
-1138.452880859375,-1929.1788330078125,143.3585205078125
-1139.092041015625,-1929.8193359375,143.35263061523438
-1139.731201171875,-1930.4613037109375,143.3463897705078
-1140.3707275390625,-1931.103759765625,143.34071350097656
-1141.010009765625,-1931.747314453125,143.33567810058594
-1141.649169921875,-1932.3917236328125,143.33103942871094
-1142.2880859375,-1933.0369873046875,143.3258819580078
-1142.9268798828125,-1933.68310546875,143.32081604003906
-1143.565673828125,-1934.330322265625,143.3157958984375
-1144.204833984375,-1934.978759765625,143.3101348876953
-1144.84326171875,-1935.62841796875,143.3036651611328
-1145.4820556640625,-1936.278564453125,143.29774475097656
-1146.120849609375,-1936.9290771484375,143.2919158935547
-1146.759765625,-1937.580810546875,143.28514099121094
-1147.398681640625,-1938.2330322265625,143.2781524658203
-1148.0379638671875,-1938.885498046875,143.27096557617188
-1148.677978515625,-1939.5386962890625,143.2638702392578
-1149.3177490234375,-1940.1925048828125,143.25633239746094
-1149.957763671875,-1940.8466796875,143.24876403808594
-1150.5982666015625,-1941.5010986328125,143.24172973632812
-1151.2388916015625,-1942.1558837890625,143.23484802246094
-1151.8797607421875,-1942.8111572265625,143.22763061523438
-1152.52099609375,-1943.46630859375,143.22079467773438
-1153.1624755859375,-1944.121826171875,143.21446228027344
-1153.804443359375,-1944.7774658203125,143.20811462402344
-1154.447021484375,-1945.4329833984375,143.2019500732422
-1155.0899658203125,-1946.0882568359375,143.19590759277344
-1155.7332763671875,-1946.7435302734375,143.19024658203125
-1156.377197265625,-1947.39892578125,143.18479919433594
-1157.021728515625,-1948.0543212890625,143.1793975830078
-1157.666748046875,-1948.70947265625,143.174072265625
-1158.3115234375,-1949.36474609375,143.1684112548828
-1158.956787109375,-1950.019775390625,143.16273498535156
-1159.602783203125,-1950.6746826171875,143.1570281982422
-1160.2491455078125,-1951.3299560546875,143.1506805419922
-1160.89599609375,-1951.9849853515625,143.14431762695312
-1161.5433349609375,-1952.6400146484375,143.13809204101562
-1162.1907958984375,-1953.294921875,143.13206481933594
-1162.8387451171875,-1953.949951171875,143.1261444091797
-1163.486572265625,-1954.605224609375,143.120361328125
-1164.134521484375,-1955.2603759765625,143.1147003173828
-1164.782470703125,-1955.916015625,143.10931396484375
-1165.4305419921875,-1956.5716552734375,143.10386657714844
-1166.0784912109375,-1957.2276611328125,143.0984344482422
-1166.726318359375,-1957.8839111328125,143.09332275390625
-1167.373779296875,-1958.540283203125,143.0879364013672
-1168.0208740234375,-1959.19677734375,143.08241271972656
-1168.667724609375,-1959.8533935546875,143.07691955566406
-1169.31396484375,-1960.510009765625,143.0711669921875
-1169.9598388671875,-1961.1666259765625,143.06488037109375
-1170.6051025390625,-1961.8232421875,143.0585479736328
-1171.250244140625,-1962.479736328125,143.05267333984375
-1171.8946533203125,-1963.1363525390625,143.04652404785156
-1172.5386962890625,-1963.7928466796875,143.03997802734375
-1173.182373046875,-1964.448974609375,143.03416442871094
-1173.8258056640625,-1965.1048583984375,143.02828979492188
-1174.468994140625,-1965.760498046875,143.02206420898438
-1175.1119384765625,-1966.4158935546875,143.0160675048828
-1175.754638671875,-1967.0709228515625,143.01011657714844
-1176.397216796875,-1967.7257080078125,143.0042266845703
-1177.0391845703125,-1968.3802490234375,142.9986114501953
-1177.680908203125,-1969.0347900390625,142.99301147460938
-1178.3221435546875,-1969.689208984375,142.987548828125
-1178.962890625,-1970.34326171875,142.9822540283203
-1179.603271484375,-1970.9971923828125,142.97654724121094
-1180.2432861328125,-1971.6512451171875,142.97108459472656
-1180.8828125,-1972.3050537109375,142.96522521972656
-1181.5218505859375,-1972.958984375,142.9586181640625
-1182.1602783203125,-1973.61279296875,142.9518585205078
-1182.79833984375,-1974.266357421875,142.9442596435547
-1183.4359130859375,-1974.919921875,142.936279296875
-1184.07275390625,-1975.5738525390625,142.9282989501953
-1184.70947265625,-1976.2279052734375,142.92022705078125
-1185.345458984375,-1976.8819580078125,142.91256713867188
-1185.9805908203125,-1977.5360107421875,142.90524291992188
-1186.615478515625,-1978.1900634765625,142.89810180664062
-1187.2496337890625,-1978.8438720703125,142.8909454345703
-1187.8834228515625,-1979.4976806640625,142.88381958007812
-1188.51708984375,-1980.1513671875,142.8765411376953
-1189.150146484375,-1980.8052978515625,142.86898803710938
-1189.7828369140625,-1981.4588623046875,142.86141967773438
-1190.415283203125,-1982.1123046875,142.8540496826172
-1191.0472412109375,-1982.7657470703125,142.846923828125
-1191.6790771484375,-1983.4188232421875,142.8397674560547
-1192.3106689453125,-1984.0716552734375,142.83267211914062
-1192.94189453125,-1984.724365234375,142.8257293701172
-1193.572998046875,-1985.3765869140625,142.8187713623047
-1194.2042236328125,-1986.028564453125,142.8116455078125
-1194.835205078125,-1986.6800537109375,142.80416870117188
-1195.466064453125,-1987.3310546875,142.7962188720703
-1196.09716796875,-1987.981689453125,142.78805541992188
-1196.728271484375,-1988.6318359375,142.7794189453125
-1197.35986328125,-1989.2813720703125,142.77035522460938
-1197.9915771484375,-1989.9305419921875,142.76109313964844
-1198.6236572265625,-1990.5791015625,142.7517547607422
-1199.2559814453125,-1991.2271728515625,142.74252319335938
-1199.8885498046875,-1991.874755859375,142.73330688476562
-1200.5216064453125,-1992.5216064453125,142.7245635986328
-1201.1552734375,-1993.1680908203125,142.71627807617188
-1201.7891845703125,-1993.8138427734375,142.70822143554688
-1202.4234619140625,-1994.4588623046875,142.70059204101562
-1203.0579833984375,-1995.1031494140625,142.69337463378906
-1203.693115234375,-1995.746826171875,142.68666076660156
-1204.3284912109375,-1996.3900146484375,142.6798553466797
-1204.96435546875,-1997.032470703125,142.6724853515625
-1205.6004638671875,-1997.6739501953125,142.66494750976562
-1206.2369384765625,-1998.31494140625,142.65704345703125
-1206.874267578125,-1998.95556640625,142.64840698242188
-1207.5123291015625,-1999.5955810546875,142.63967895507812
-1208.150634765625,-2000.2353515625,142.63116455078125
-1208.7891845703125,-2000.8743896484375,142.622802734375
-1209.42822265625,-2001.512939453125,142.61500549316406
-1210.0672607421875,-2002.151123046875,142.60757446289062
-1210.706298828125,-2002.78857421875,142.6001739501953
-1211.3455810546875,-2003.42578125,142.5927276611328
-1211.9849853515625,-2004.0626220703125,142.58493041992188
-1212.6241455078125,-2004.69921875,142.576904296875
-1213.263427734375,-2005.3358154296875,142.56884765625
-1213.90234375,-2005.9722900390625,142.56065368652344
-1214.541259765625,-2006.608642578125,142.5522003173828
-1215.1798095703125,-2007.244873046875,142.54379272460938
-1215.8179931640625,-2007.88134765625,142.5352325439453
-1216.4559326171875,-2008.5177001953125,142.52626037597656
-1217.0933837890625,-2009.154052734375,142.51699829101562
-1217.730712890625,-2009.79052734375,142.50732421875
-1218.36767578125,-2010.4273681640625,142.4972381591797
-1219.004150390625,-2011.064453125,142.4872589111328
-1219.6405029296875,-2011.7017822265625,142.47715759277344
-1220.2763671875,-2012.339111328125,142.46707153320312
-1220.91162109375,-2012.9765625,142.45753479003906
-1221.546875,-2013.6142578125,142.4483184814453
-1222.1817626953125,-2014.2520751953125,142.43922424316406
-1222.81640625,-2014.8897705078125,142.4302215576172
-1223.4505615234375,-2015.5277099609375,142.42138671875
-1224.08447265625,-2016.16552734375,142.4123992919922
-1224.7110595703125,-2016.803466796875,142.40249633789062
-1225.337646484375,-2017.4400634765625,142.39247131347656
-1225.963623046875,-2018.076416015625,142.38238525390625
-1226.5875244140625,-2018.713134765625,142.37203979492188
-1227.211181640625,-2019.349365234375,142.3616943359375
-1227.832763671875,-2019.985107421875,142.3513641357422
-1228.4521484375,-2020.6204833984375,142.34120178222656
-1229.071533203125,-2021.2552490234375,142.3314666748047
-1229.6905517578125,-2021.8895263671875,142.32164001464844
-1230.3092041015625,-2022.5233154296875,142.31146240234375
-1230.9281005859375,-2023.1566162109375,142.3013153076172
-1231.5469970703125,-2023.789794921875,142.2911376953125
-1232.1661376953125,-2024.423095703125,142.28050231933594
-1232.784912109375,-2025.056640625,142.2697296142578
-1233.4034423828125,-2025.6905517578125,142.25904846191406
-1234.021484375,-2026.324462890625,142.24842834472656
-1234.6395263671875,-2026.9583740234375,142.2378387451172
-1235.2572021484375,-2027.592529296875,142.22727966308594
-1235.874755859375,-2028.2266845703125,142.21665954589844
-1236.4923095703125,-2028.8607177734375,142.2059326171875
-1237.1099853515625,-2029.49462890625,142.19512939453125
-1237.7276611328125,-2030.12841796875,142.18443298339844
-1238.3455810546875,-2030.7618408203125,142.1735382080078
-1238.9637451171875,-2031.3948974609375,142.16259765625
-1239.58203125,-2032.027587890625,142.1518096923828
-1240.2005615234375,-2032.6600341796875,142.1405029296875
-1240.8197021484375,-2033.2918701171875,142.1293182373047
-1241.4390869140625,-2033.9234619140625,142.11846923828125
-1242.058837890625,-2034.5545654296875,142.10748291015625
-1242.67919921875,-2035.1851806640625,142.09706115722656
-1243.299560546875,-2035.8153076171875,142.0870819091797
-1243.920166015625,-2036.44482421875,142.07696533203125
-1244.5411376953125,-2037.0738525390625,142.06719970703125
-1245.1622314453125,-2037.7025146484375,142.05734252929688
-1245.783447265625,-2038.330810546875,142.04685974121094
-1246.4049072265625,-2038.958984375,142.03616333007812
-1247.0264892578125,-2039.5870361328125,142.02520751953125
-1247.6483154296875,-2040.215087890625,142.01409912109375
-1248.2701416015625,-2040.8427734375,142.00289916992188
-1248.8846435546875,-2041.4703369140625,141.99110412597656
-1249.49853515625,-2042.096923828125,141.97959899902344
-1250.11279296875,-2042.72314453125,141.96826171875
-1250.726318359375,-2043.3489990234375,141.95701599121094
-1251.3392333984375,-2043.9749755859375,141.9461212158203
-1251.951904296875,-2044.600830078125,141.93539428710938
-1252.565185546875,-2045.2264404296875,141.9247283935547
-1253.1781005859375,-2045.8519287109375,141.9142303466797
-1253.79150390625,-2046.4769287109375,141.90379333496094
-1254.4061279296875,-2047.1016845703125,141.8932647705078
-1255.0235595703125,-2047.7265625,141.8828582763672
-1255.636474609375,-2048.35205078125,141.8719482421875
-1256.245849609375,-2048.97705078125,141.8607177734375
-1256.8570556640625,-2049.602783203125,141.84959411621094
-1257.4698486328125,-2050.2294921875,141.83853149414062
-1258.0809326171875,-2050.857421875,141.8272705078125
-1258.69287109375,-2051.4853515625,141.81573486328125
-1259.30517578125,-2052.11376953125,141.8041229248047
-1259.9202880859375,-2052.742431640625,141.7926788330078
-1260.539306640625,-2053.371826171875,141.7812042236328
-1261.155029296875,-2054.00244140625,141.76956176757812
-1261.7725830078125,-2054.634033203125,141.7580108642578
-1262.3927001953125,-2055.26611328125,141.7467498779297
-1263.0164794921875,-2055.899658203125,141.7357940673828
-1263.6409912109375,-2056.533935546875,141.72491455078125
-1264.2652587890625,-2057.16943359375,141.7140350341797
-1264.8912353515625,-2057.805908203125,141.7030487060547
-1265.5150146484375,-2058.4423828125,141.69174194335938
-1266.1361083984375,-2059.079345703125,141.68019104003906
-1266.759521484375,-2059.717041015625,141.66824340820312
-1267.3848876953125,-2060.35693359375,141.65631103515625
-1268.0125732421875,-2060.998779296875,141.64486694335938
-1268.6402587890625,-2061.64208984375,141.633056640625
-1269.2679443359375,-2062.286376953125,141.62168884277344
-1269.89990234375,-2062.930908203125,141.61138916015625
-1270.5350341796875,-2063.576416015625,141.6015625
-1271.171630859375,-2064.222900390625,141.5919189453125
-1271.8026123046875,-2064.869873046875,141.58163452148438
-1272.4375,-2065.516845703125,141.57154846191406
-1273.0718994140625,-2066.165771484375,141.56126403808594
-1273.707275390625,-2066.81494140625,141.55067443847656
-1274.344482421875,-2067.46533203125,141.53952026367188
-1274.9833984375,-2068.11669921875,141.52809143066406
-1275.623046875,-2068.768798828125,141.51675415039062
-1276.262939453125,-2069.422119140625,141.5054473876953
-1276.9041748046875,-2070.076171875,141.4938507080078
-1277.547119140625,-2070.73095703125,141.48248291015625
-1278.1904296875,-2071.38671875,141.47166442871094
-1278.8348388671875,-2072.043212890625,141.4608154296875
-1279.479736328125,-2072.700439453125,141.44993591308594
-1280.125,-2073.3583984375,141.43931579589844
-1280.7698974609375,-2074.018310546875,141.4285125732422
-1281.4166259765625,-2074.6787109375,141.41757202148438
-1282.0634765625,-2075.339111328125,141.40675354003906
-1282.7115478515625,-2075.99951171875,141.39598083496094
-1283.3597412109375,-2076.66015625,141.3851318359375
-1284.0087890625,-2077.321044921875,141.3743133544922
-1284.6588134765625,-2077.982666015625,141.3634033203125
-1285.30615234375,-2078.64404296875,141.35214233398438
-1285.9541015625,-2079.3046875,141.3411102294922
-1286.60205078125,-2079.9638671875,141.33016967773438
-1287.24951171875,-2080.6220703125,141.31927490234375
-1287.8984375,-2081.2783203125,141.30865478515625
-1288.5399169921875,-2081.93310546875,141.2976531982422
-1289.1820068359375,-2082.586181640625,141.28684997558594
-1289.8233642578125,-2083.23828125,141.27593994140625
-1290.4625244140625,-2083.88916015625,141.2648468017578
-1291.099609375,-2084.5390625,141.25363159179688
-1291.7374267578125,-2085.187255859375,141.2423095703125
-1292.375,-2085.83447265625,141.23062133789062
-1293.0098876953125,-2086.479736328125,141.21853637695312
-1293.640625,-2087.12451171875,141.20626831054688
-1294.27099609375,-2087.767822265625,141.1938934326172
-1294.900634765625,-2088.409912109375,141.18154907226562
-1295.526123046875,-2089.051025390625,141.16905212402344
-1296.151611328125,-2089.68994140625,141.15650939941406
-1296.7752685546875,-2090.328125,141.14430236816406
-1297.399658203125,-2090.96435546875,141.1323699951172
-1298.0220947265625,-2091.598876953125,141.12026977539062
-1298.643798828125,-2092.23193359375,141.10833740234375
-1299.2647705078125,-2092.863525390625,141.09664916992188
-1299.88427734375,-2093.4931640625,141.08502197265625
-1300.5020751953125,-2094.1220703125,141.07350158691406
-1301.119140625,-2094.74951171875,141.06198120117188
-1301.736328125,-2095.37548828125,141.05075073242188
-1302.348876953125,-2096.000244140625,141.03945922851562
-1302.962158203125,-2096.623046875,141.02816772460938
-1303.5753173828125,-2097.244873046875,141.01690673828125
-1304.189208984375,-2097.864501953125,141.00563049316406
-1304.8037109375,-2098.482666015625,140.9943389892578
-1305.4189453125,-2099.099609375,140.98326110839844
-1306.033935546875,-2099.7158203125,140.97254943847656
-1306.6490478515625,-2100.330810546875,140.9610137939453
-1307.26416015625,-2100.9443359375,140.94879150390625
-1307.8790283203125,-2101.557373046875,140.93618774414062
-1308.4937744140625,-2102.16943359375,140.92141723632812
-1309.1085205078125,-2102.7802734375,140.9054718017578
-1309.7239990234375,-2103.390625,140.89015197753906
-1310.33984375,-2104.00048828125,140.87489318847656
-1310.9560546875,-2104.609619140625,140.86050415039062
-1311.572509765625,-2105.217041015625,140.8483123779297
-1312.1883544921875,-2105.82373046875,140.83782958984375
-1312.8040771484375,-2106.42919921875,140.82864379882812
-1313.4195556640625,-2107.033203125,140.8195343017578
-1314.0350341796875,-2107.636962890625,140.8095703125
-1314.6500244140625,-2108.239990234375,140.7991485595703
-1315.26513671875,-2108.842041015625,140.78781127929688
-1315.8797607421875,-2109.44384765625,140.7755584716797
-1316.494140625,-2110.044677734375,140.7615203857422
-1317.108154296875,-2110.64501953125,140.7458953857422
-1317.7216796875,-2111.245361328125,140.7301788330078
-1318.3348388671875,-2111.845703125,140.71388244628906
-1318.9473876953125,-2112.446533203125,140.69692993164062
-1319.5592041015625,-2113.047607421875,140.6802978515625
-1320.169921875,-2113.64892578125,140.6644744873047
-1320.779296875,-2114.25048828125,140.64915466308594
-1321.387939453125,-2114.852783203125,140.6345977783203
-1321.995361328125,-2115.455322265625,140.61988830566406
-1322.6016845703125,-2116.05859375,140.60464477539062
-1323.2064208984375,-2116.66259765625,140.58998107910156
-1323.810546875,-2117.26708984375,140.5758819580078
-1324.413818359375,-2117.8720703125,140.5616912841797
-1325.016357421875,-2118.4775390625,140.54713439941406
-1325.6181640625,-2119.0830078125,140.533203125
-1326.2191162109375,-2119.688720703125,140.51956176757812
-1326.819580078125,-2120.294189453125,140.50579833984375
-1327.4197998046875,-2120.900390625,140.49154663085938
-1328.0198974609375,-2121.5068359375,140.4765167236328
-1328.619873046875,-2122.11328125,140.46139526367188
-1329.2196044921875,-2122.7197265625,140.4459686279297
-1329.8199462890625,-2123.32666015625,140.4302520751953
-1330.4200439453125,-2123.933837890625,140.41395568847656
-1331.0206298828125,-2124.541259765625,140.39718627929688
-1331.6214599609375,-2125.148681640625,140.38034057617188
-1332.2225341796875,-2125.7568359375,140.36276245117188
-1332.8238525390625,-2126.365234375,140.3448486328125
-1333.425537109375,-2126.97412109375,140.3267059326172
-1334.0277099609375,-2127.58349609375,140.30833435058594
-1334.6300048828125,-2128.193115234375,140.28990173339844
-1335.2325439453125,-2128.803466796875,140.27127075195312
-1335.8350830078125,-2129.4140625,140.2526092529297
-1336.4376220703125,-2130.025146484375,140.2333221435547
-1337.0404052734375,-2130.636474609375,140.2135772705078
-1337.6431884765625,-2131.2490234375,140.19403076171875
-1338.246337890625,-2131.862060546875,140.1742706298828
-1338.849609375,-2132.476318359375,140.1542205810547
-1339.452880859375,-2133.09033203125,140.13491821289062
-1340.05615234375,-2133.70556640625,140.11590576171875
-1340.6591796875,-2134.320556640625,140.09661865234375
-1341.26220703125,-2134.9365234375,140.07774353027344
-1341.865478515625,-2135.552978515625,140.05873107910156
-1342.46923828125,-2136.170166015625,140.03961181640625
-1343.0728759765625,-2136.7880859375,140.02053833007812
-1343.6768798828125,-2137.40625,140.00135803222656
-1344.2813720703125,-2138.0244140625,139.98275756835938
-1344.88623046875,-2138.643798828125,139.96484375
-1345.49169921875,-2139.263427734375,139.94732666015625
-1346.0975341796875,-2139.883544921875,139.9300537109375
-1346.70361328125,-2140.504150390625,139.91351318359375
-1347.3101806640625,-2141.12548828125,139.8979034423828
-1347.9173583984375,-2141.747314453125,139.8826141357422
-1348.525146484375,-2142.3701171875,139.8678436279297
-1349.1334228515625,-2142.993408203125,139.85414123535156
-1349.7421875,-2143.6171875,139.8408966064453
-1350.3514404296875,-2144.241455078125,139.82818603515625
-1350.9610595703125,-2144.86669921875,139.816162109375
-1351.571533203125,-2145.49267578125,139.80479431152344
-1352.182861328125,-2146.119140625,139.79348754882812
-1352.794677734375,-2146.746826171875,139.78207397460938
-1353.4071044921875,-2147.37548828125,139.7708740234375
-1354.0205078125,-2148.0048828125,139.75936889648438
-1354.634521484375,-2148.6357421875,139.74777221679688
-1355.2493896484375,-2149.267333984375,139.7360382080078
-1355.8646240234375,-2149.899658203125,139.72369384765625
-1356.4805908203125,-2150.532958984375,139.71119689941406
-1357.096923828125,-2151.16748046875,139.69895935058594
-1357.7138671875,-2151.802490234375,139.6864471435547
-1358.3311767578125,-2152.438232421875,139.6738739013672
-1358.9493408203125,-2153.074951171875,139.6617431640625
-1359.5677490234375,-2153.71240234375,139.64935302734375
-1360.1866455078125,-2154.350830078125,139.63673400878906
-1360.8062744140625,-2154.989501953125,139.62399291992188
-1361.42626953125,-2155.629150390625,139.61048889160156
-1362.047119140625,-2156.269775390625,139.59632873535156
-1362.6685791015625,-2156.91162109375,139.58132934570312
-1363.290771484375,-2157.554443359375,139.56561279296875
-1363.9136962890625,-2158.1982421875,139.54969787597656
-1364.537353515625,-2158.8427734375,139.5332489013672
-1365.1619873046875,-2159.488525390625,139.51681518554688
-1365.787109375,-2160.134765625,139.50033569335938
-1366.4129638671875,-2160.781982421875,139.4840545654297
-1367.0391845703125,-2161.429931640625,139.46820068359375
-1367.6661376953125,-2162.078857421875,139.45228576660156
-1368.293701171875,-2162.72900390625,139.43629455566406
-1368.9217529296875,-2163.3798828125,139.4204864501953
-1369.550537109375,-2164.031982421875,139.4049072265625
-1370.18017578125,-2164.685302734375,139.38925170898438
-1370.810791015625,-2165.33984375,139.3734130859375
-1371.4417724609375,-2165.9951171875,139.3577880859375
-1372.07373046875,-2166.65087890625,139.34230041503906
-1372.70654296875,-2167.3076171875,139.32681274414062
-1373.3402099609375,-2167.96484375,139.31126403808594
-1373.9747314453125,-2168.622314453125,139.29583740234375
-1374.6102294921875,-2169.2802734375,139.28041076660156
-1375.2467041015625,-2169.9384765625,139.26487731933594
-1375.8839111328125,-2170.596435546875,139.24916076660156
-1376.5223388671875,-2171.254638671875,139.23304748535156
-1377.1617431640625,-2171.9130859375,139.21653747558594
-1377.80224609375,-2172.571533203125,139.1993865966797
-1378.444091796875,-2173.22998046875,139.1817169189453
-1379.0870361328125,-2173.887939453125,139.16336059570312
-1379.731201171875,-2174.54638671875,139.14453125
-1380.376708984375,-2175.2041015625,139.1254425048828
-1381.0235595703125,-2175.862060546875,139.10601806640625
-1381.6717529296875,-2176.51953125,139.08660888671875
-1382.3212890625,-2177.176513671875,139.06729125976562
-1382.971923828125,-2177.833251953125,139.04812622070312
-1383.6239013671875,-2178.48974609375,139.02928161621094
-1384.2772216796875,-2179.145263671875,139.0105743408203
-1384.9317626953125,-2179.80078125,138.9920654296875
-1385.5875244140625,-2180.455322265625,138.9738006591797
-1386.2445068359375,-2181.109375,138.9556427001953
-1386.90283203125,-2181.7626953125,138.93753051757812
-1387.5621337890625,-2182.415283203125,138.9195098876953
-1388.2225341796875,-2183.06689453125,138.90151977539062
-1388.883544921875,-2183.71728515625,138.88352966308594
-1389.545166015625,-2184.366455078125,138.8655242919922
-1390.2073974609375,-2185.014404296875,138.8475341796875
-1390.8701171875,-2185.660888671875,138.82943725585938
-1391.5333251953125,-2186.305908203125,138.81129455566406
-1392.197021484375,-2186.94970703125,138.7931671142578
-1392.8612060546875,-2187.592041015625,138.77490234375
-1393.525634765625,-2188.233154296875,138.75665283203125
-1394.1905517578125,-2188.873046875,138.73834228515625
-1394.8555908203125,-2189.511474609375,138.71998596191406
-1395.5208740234375,-2190.148681640625,138.70156860351562
-1396.1864013671875,-2190.78466796875,138.6832275390625
-1396.85205078125,-2191.419677734375,138.66465759277344
-1397.5179443359375,-2192.053466796875,138.64601135253906
-1398.183837890625,-2192.686279296875,138.62730407714844
-1398.849853515625,-2193.318115234375,138.60821533203125
-1399.515869140625,-2193.948974609375,138.58892822265625
-1400.1817626953125,-2194.578857421875,138.5694122314453
-1400.847412109375,-2195.207763671875,138.54953002929688
-1401.5126953125,-2195.8359375,138.52938842773438
-1402.1778564453125,-2196.4638671875,138.50914001464844
-1402.84228515625,-2197.091064453125,138.48855590820312
-1403.5064697265625,-2197.71826171875,138.46807861328125
-1404.1702880859375,-2198.3447265625,138.44769287109375
-1404.83349609375,-2198.970458984375,138.42747497558594
-1405.4957275390625,-2199.595703125,138.4075927734375
-1406.1566162109375,-2200.219970703125,138.38818359375
-1406.8155517578125,-2200.842529296875,138.36936950683594
-1407.4716796875,-2201.46240234375,138.35110473632812
-1408.123779296875,-2202.078857421875,138.33349609375
-1408.7713623046875,-2202.69091796875,138.31625366210938
-1409.4130859375,-2203.298095703125,138.2994842529297
-1410.048828125,-2203.8994140625,138.28286743164062
-1410.677978515625,-2204.4951171875,138.2661895751953
-1411.300048828125,-2205.08447265625,138.2494354248047
-1411.915283203125,-2205.667236328125,138.23236083984375
-1412.5235595703125,-2206.243896484375,138.2149658203125
-1413.125732421875,-2206.81494140625,138.1968231201172
-1413.7222900390625,-2207.380615234375,138.17835998535156
-1414.31396484375,-2207.94189453125,138.15963745117188
-1414.9010009765625,-2208.4990234375,138.1401824951172
-1415.4835205078125,-2209.051513671875,138.120361328125
-1416.061767578125,-2209.600341796875,138.10008239746094
-1416.63623046875,-2210.1455078125,138.0794677734375
-1417.207763671875,-2210.687744140625,138.0586700439453
-1417.7781982421875,-2211.228759765625,138.0375213623047
-1418.348388671875,-2211.76953125,138.01593017578125
-1418.91845703125,-2212.309326171875,137.99447631835938
-1419.4886474609375,-2212.8486328125,137.97325134277344
-1420.0589599609375,-2213.38671875,137.95213317871094
-1420.62939453125,-2213.923828125,137.93125915527344
-1421.2003173828125,-2214.459228515625,137.91078186035156
-1421.7720947265625,-2214.993408203125,137.8906707763672
-1422.3448486328125,-2215.525634765625,137.87066650390625
-1422.918212890625,-2216.055908203125,137.85032653808594
-1423.49169921875,-2216.585205078125,137.82896423339844
-1424.0675048828125,-2217.111083984375,137.8081817626953
-1424.645751953125,-2217.6337890625,137.78753662109375
-1425.2257080078125,-2218.154052734375,137.76617431640625
-1425.8070068359375,-2218.672119140625,137.743896484375
-1426.3905029296875,-2219.186279296875,137.7223663330078
-1426.9755859375,-2219.69775390625,137.70033264160156
-1427.5626220703125,-2220.205810546875,137.67813110351562
-1428.1517333984375,-2220.711181640625,137.65597534179688
-1428.7425537109375,-2221.2138671875,137.63340759277344
-1429.335205078125,-2221.713623046875,137.60997009277344
-1429.9296875,-2222.2099609375,137.58607482910156
-1430.5263671875,-2222.70263671875,137.5621337890625
-1431.125244140625,-2223.19140625,137.5376739501953
-1431.7266845703125,-2223.677001953125,137.5127716064453
-1432.330322265625,-2224.1591796875,137.48822021484375
-1432.9364013671875,-2224.637939453125,137.46400451660156
-1433.54443359375,-2225.11328125,137.43955993652344
-1434.154296875,-2225.584716796875,137.41549682617188
-1434.765869140625,-2226.05322265625,137.39198303222656
-1435.37890625,-2226.518798828125,137.3686065673828
-1435.993408203125,-2226.981689453125,137.34457397460938
-1436.60888671875,-2227.4423828125,137.32015991210938
-1437.2255859375,-2227.900390625,137.29547119140625
-1437.843017578125,-2228.356689453125,137.27037048339844
-1438.46142578125,-2228.8115234375,137.24514770507812
-1439.080322265625,-2229.2646484375,137.21987915039062
-1439.699951171875,-2229.7158203125,137.19442749023438
-1440.3201904296875,-2230.165283203125,137.16879272460938
-1440.940673828125,-2230.614013671875,137.14324951171875
-1441.5611572265625,-2231.061767578125,137.1175537109375
-1442.181884765625,-2231.50830078125,137.09169006347656
-1442.802490234375,-2231.953857421875,137.06602478027344
-1443.423583984375,-2232.398193359375,137.04019165039062
-1444.044677734375,-2232.841796875,137.01412963867188
-1444.66552734375,-2233.28515625,136.9879608154297
-1445.285888671875,-2233.72802734375,136.9617156982422
-1445.9058837890625,-2234.17041015625,136.93495178222656
-1446.5257568359375,-2234.612548828125,136.9080047607422
-1447.1451416015625,-2235.05419921875,136.8811798095703
-1447.76416015625,-2235.49560546875,136.85391235351562
-1448.382080078125,-2235.937255859375,136.82568359375
-1448.998779296875,-2236.378173828125,136.79710388183594
-1449.613525390625,-2236.817138671875,136.76876831054688
-1450.2252197265625,-2237.253662109375,136.74081420898438
-1450.8323974609375,-2237.6875,136.71334838867188
-1451.433837890625,-2238.11767578125,136.6865692138672
-1452.0294189453125,-2238.54345703125,136.66082763671875
-1452.6181640625,-2238.965576171875,136.6363525390625
-1453.2003173828125,-2239.384033203125,136.61328125
-1453.77587890625,-2239.79833984375,136.59149169921875
-1454.3458251953125,-2240.2099609375,136.57008361816406
-1454.91015625,-2240.6201171875,136.547607421875
-1455.4697265625,-2241.028076171875,136.52438354492188
-1456.02490234375,-2241.43408203125,136.50079345703125
-1456.5762939453125,-2241.838623046875,136.4767303466797
-1457.124755859375,-2242.240966796875,136.4520263671875
-1457.6707763671875,-2242.641845703125,136.4269561767578
-1458.2147216796875,-2243.04150390625,136.40115356445312
-1458.7574462890625,-2243.43994140625,136.3745880126953
-1459.2996826171875,-2243.83740234375,136.34799194335938
-1459.8414306640625,-2244.233642578125,136.32176208496094
-1460.3831787109375,-2244.62890625,136.29611206054688
-1460.9246826171875,-2245.02294921875,136.27099609375
-1461.4656982421875,-2245.416748046875,136.24609375
-1462.00634765625,-2245.809326171875,136.22125244140625
-1462.5467529296875,-2246.201171875,136.1968994140625
-1463.0865478515625,-2246.591796875,136.17300415039062
-1463.6259765625,-2246.981689453125,136.14913940429688
-1464.1651611328125,-2247.370849609375,136.1252899169922
-1464.7041015625,-2247.759033203125,136.10116577148438
-1465.242431640625,-2248.146728515625,136.07675170898438
-1465.7803955078125,-2248.53369140625,136.05221557617188
-1466.318115234375,-2248.919921875,136.02757263183594
-1466.8551025390625,-2249.305419921875,136.0028076171875
-1467.391845703125,-2249.6904296875,135.97796630859375
-1467.927978515625,-2250.07470703125,135.9530029296875
-1468.463623046875,-2250.45849609375,135.92764282226562
-1468.998779296875,-2250.841796875,135.90216064453125
-1469.533447265625,-2251.224365234375,135.8766326904297
-1470.067626953125,-2251.606689453125,135.8509521484375
-1470.60107421875,-2251.98828125,135.8249969482422
-1471.13427734375,-2252.369140625,135.79884338378906
-1471.6669921875,-2252.749755859375,135.77264404296875
-1472.1990966796875,-2253.129638671875,135.7462158203125
-1472.730712890625,-2253.509521484375,135.71978759765625
-1473.2620849609375,-2253.888427734375,135.693359375
-1473.7928466796875,-2254.266845703125,135.66677856445312
-1474.3232421875,-2254.64453125,135.63998413085938
-1474.8531494140625,-2255.02197265625,135.61314392089844
-1475.3826904296875,-2255.398681640625,135.5862579345703
-1475.9119873046875,-2255.774169921875,135.55955505371094
-1476.4412841796875,-2256.148681640625,135.53330993652344
-1476.9705810546875,-2256.5224609375,135.5076141357422
-1477.499755859375,-2256.8955078125,135.48226928710938
-1478.0286865234375,-2257.267578125,135.45733642578125
-1478.557373046875,-2257.63818359375,135.43284606933594
-1479.0858154296875,-2258.00830078125,135.4088134765625
-1479.6142578125,-2258.376953125,135.38555908203125
-1480.1424560546875,-2258.74462890625,135.36297607421875
-1480.67041015625,-2259.111328125,135.34033203125
-1481.1978759765625,-2259.477294921875,135.31710815429688
-1481.724853515625,-2259.842529296875,135.2933807373047
-1482.25146484375,-2260.206787109375,135.26922607421875
-1482.7777099609375,-2260.570068359375,135.24452209472656
-1483.3038330078125,-2260.93212890625,135.21937561035156
-1483.829833984375,-2261.29248046875,135.19378662109375
-1484.355712890625,-2261.652099609375,135.16749572753906
-1484.8809814453125,-2262.010498046875,135.14015197753906
-1485.40576171875,-2262.36767578125,135.1120147705078
-1485.9300537109375,-2262.722412109375,135.0838165283203
-1486.45361328125,-2263.0751953125,135.0560760498047
-1486.9766845703125,-2263.426025390625,135.02857971191406
-1487.4984130859375,-2263.774658203125,135.00123596191406
-1488.0184326171875,-2264.12109375,134.97406005859375
-1488.5360107421875,-2264.46484375,134.9473114013672
-1489.0506591796875,-2264.80517578125,134.92100524902344
-1489.5618896484375,-2265.142578125,134.8952178955078
-1490.0694580078125,-2265.47607421875,134.8702392578125
-1490.5736083984375,-2265.806640625,134.84571838378906
-1491.0740966796875,-2266.134033203125,134.82089233398438
-1491.5709228515625,-2266.458251953125,134.79547119140625
-1492.064208984375,-2266.779541015625,134.76966857910156
-1492.553955078125,-2267.096923828125,134.7437286376953
-1493.0400390625,-2267.4111328125,134.71778869628906
-1493.5228271484375,-2267.721923828125,134.69186401367188
-1494.0018310546875,-2268.029052734375,134.66590881347656
-1494.47705078125,-2268.33251953125,134.6400604248047
-1494.9483642578125,-2268.6328125,134.614013671875
-1495.4156494140625,-2268.92919921875,134.5879364013672
-1495.8792724609375,-2269.2216796875,134.56204223632812
-1496.3389892578125,-2269.511474609375,134.53643798828125
-1496.795654296875,-2269.79833984375,134.5110321044922
-1497.2501220703125,-2270.0830078125,134.48556518554688
-1497.7042236328125,-2270.3662109375,134.46002197265625
-1498.15771484375,-2270.648193359375,134.43429565429688
-1498.611328125,-2270.9296875,134.4083709716797
-1499.064697265625,-2271.210205078125,134.38226318359375
-1499.5177001953125,-2271.4892578125,134.3561553955078
-1499.9697265625,-2271.766845703125,134.33010864257812
-1500.4200439453125,-2272.042724609375,134.30433654785156
-1500.8682861328125,-2272.316650390625,134.27870178222656
-1501.3138427734375,-2272.58837890625,134.25302124023438
-1501.7568359375,-2272.858154296875,134.2271270751953
-1502.1973876953125,-2273.125732421875,134.20101928710938
-1502.635498046875,-2273.39111328125,134.1751251220703
-1503.0711669921875,-2273.655029296875,134.14956665039062
-1503.5054931640625,-2273.917724609375,134.12423706054688
-1503.9388427734375,-2274.179443359375,134.09877014160156
-1504.37158203125,-2274.43994140625,134.0732421875
-1504.80322265625,-2274.7001953125,134.0478057861328
-1505.23388671875,-2274.95947265625,134.0227813720703
-1505.66357421875,-2275.21826171875,133.9978485107422
-1506.0924072265625,-2275.476318359375,133.97303771972656
-1506.5208740234375,-2275.7333984375,133.9485321044922
-1506.9490966796875,-2275.989990234375,133.92462158203125
-1507.376953125,-2276.24609375,133.90133666992188
-1507.8045654296875,-2276.50244140625,133.8780517578125
-1508.231689453125,-2276.758056640625,133.8543701171875
-1508.6580810546875,-2277.013671875,133.83029174804688
-1509.0838623046875,-2277.2685546875,133.80599975585938
-1509.5087890625,-2277.522705078125,133.78163146972656
-1509.9324951171875,-2277.776123046875,133.75718688964844
-1510.3544921875,-2278.028076171875,133.7325897216797
-1510.7745361328125,-2278.2783203125,133.70797729492188
-1511.191650390625,-2278.526611328125,133.68333435058594
-1511.6051025390625,-2278.7724609375,133.65870666503906
-1512.014892578125,-2279.015869140625,133.63421630859375
-1512.4208984375,-2279.25732421875,133.60975646972656
-1512.8226318359375,-2279.49609375,133.58551025390625
-1513.220458984375,-2279.732421875,133.56158447265625
-1513.6141357421875,-2279.965576171875,133.53878784179688
-1514.0032958984375,-2280.196044921875,133.5171661376953
-1514.3880615234375,-2280.42333984375,133.4964141845703
-1514.7686767578125,-2280.649169921875,133.47573852539062
-1515.1448974609375,-2280.8720703125,133.45477294921875
-1515.5166015625,-2281.09228515625,133.4337158203125
-1515.8834228515625,-2281.3095703125,133.4133758544922
-1516.24560546875,-2281.523681640625,133.39366149902344
-1516.6029052734375,-2281.734619140625,133.37449645996094
-1516.9554443359375,-2281.943115234375,133.35543823242188
-1517.302978515625,-2282.148193359375,133.33595275878906
-1517.6453857421875,-2282.35009765625,133.31646728515625
-1517.9825439453125,-2282.54833984375,133.29718017578125
-1518.3138427734375,-2282.743408203125,133.2783203125
-1518.6396484375,-2282.935546875,133.25975036621094
-1518.9600830078125,-2283.124267578125,133.2414093017578
-1519.275634765625,-2283.31005859375,133.2232666015625
-1519.5867919921875,-2283.49365234375,133.2054901123047
-1519.89453125,-2283.67529296875,133.1881561279297
-1520.19970703125,-2283.85546875,133.1711883544922
-1520.5028076171875,-2284.0341796875,133.15480041503906
-1520.804443359375,-2284.21142578125,133.13856506347656
-1521.1055908203125,-2284.38818359375,133.1221923828125
-1521.406494140625,-2284.563720703125,133.10589599609375
-1521.7066650390625,-2284.739013671875,133.08932495117188
-1522.00634765625,-2284.913818359375,133.07264709472656
-1522.30517578125,-2285.087890625,133.0559844970703
-1522.603271484375,-2285.26123046875,133.03933715820312
-1522.90087890625,-2285.434326171875,133.02294921875
-1523.1976318359375,-2285.606201171875,133.0069580078125
-1523.49365234375,-2285.777587890625,132.99095153808594
-1523.7890625,-2285.948486328125,132.97512817382812
-1524.083740234375,-2286.118896484375,132.95909118652344
-1524.377685546875,-2286.288818359375,132.94293212890625
-1524.670654296875,-2286.4580078125,132.9269256591797
-1524.9622802734375,-2286.626220703125,132.91131591796875
-1525.2515869140625,-2286.793212890625,132.89605712890625
-1525.537353515625,-2286.958251953125,132.8813934326172
-1525.8189697265625,-2287.12109375,132.86666870117188
-1526.0955810546875,-2287.280517578125,132.85205078125
-1526.3671875,-2287.4375,132.83731079101562
-1526.634521484375,-2287.591552734375,132.82241821289062
-1526.8978271484375,-2287.74267578125,132.80789184570312
-1527.1585693359375,-2287.892578125,132.79396057128906
-1527.4183349609375,-2288.041748046875,132.78012084960938
-1527.6776123046875,-2288.19091796875,132.76583862304688
-1527.936767578125,-2288.33935546875,132.75160217285156
-1528.195556640625,-2288.487060546875,132.73764038085938
-1528.4534912109375,-2288.6337890625,132.72430419921875
-1528.7095947265625,-2288.779541015625,132.71115112304688
-1528.96337890625,-2288.924072265625,132.6978759765625
-1529.2135009765625,-2289.066162109375,132.684814453125
-1529.459716796875,-2289.205810546875,132.67196655273438
-1529.7020263671875,-2289.343505859375,132.6592559814453
-1529.9407958984375,-2289.47900390625,132.64662170410156
-1530.1771240234375,-2289.612548828125,132.63372802734375
-1530.412841796875,-2289.744140625,132.6214599609375
-1530.6483154296875,-2289.875244140625,132.60997009277344
-1530.8831787109375,-2290.006103515625,132.59896850585938
-1531.1177978515625,-2290.13623046875,132.58779907226562
-1531.352294921875,-2290.265869140625,132.57632446289062
-1531.5867919921875,-2290.3935546875,132.565185546875
-1531.8203125,-2290.5205078125,132.55445861816406
-1532.0521240234375,-2290.6455078125,132.5440216064453
-1532.2803955078125,-2290.769775390625,132.53224182128906
-1532.5054931640625,-2290.888916015625,132.51995849609375
-1532.7266845703125,-2291.002685546875,132.50869750976562
-1532.9432373046875,-2291.115234375,132.4973602294922
-1533.1568603515625,-2291.225830078125,132.4847412109375
-1533.3704833984375,-2291.332275390625,132.47279357910156
-1533.583251953125,-2291.43896484375,132.46043395996094
-1533.79638671875,-2291.543701171875,132.447021484375
-1534.0108642578125,-2291.645751953125,132.43511962890625
-1534.224365234375,-2291.748779296875,132.42269897460938
-1534.4385986328125,-2291.848876953125,132.41046142578125
-1534.65380859375,-2291.94677734375,132.39805603027344
-1534.8690185546875,-2292.04443359375,132.38356018066406
-1535.0850830078125,-2292.138671875,132.3697509765625
-1535.301025390625,-2292.230712890625,132.35592651367188
-1535.516845703125,-2292.3212890625,132.34019470214844
-1535.7325439453125,-2292.40771484375,132.3251190185547
-1535.947265625,-2292.492431640625,132.30902099609375
-1536.1605224609375,-2292.573486328125,132.29299926757812
-1536.3719482421875,-2292.650634765625,132.27781677246094
-1536.581787109375,-2292.723876953125,132.26229858398438
-1536.78857421875,-2292.794189453125,132.2460174560547
-1536.9923095703125,-2292.86181640625,132.2288818359375
-1537.1932373046875,-2292.925537109375,132.21026611328125
-1537.39111328125,-2292.985107421875,132.191162109375
-1537.586181640625,-2293.040283203125,132.17201232910156
-1537.77783203125,-2293.092041015625,132.1526336669922
-1537.96630859375,-2293.140869140625,132.1333465576172
-1538.1517333984375,-2293.186279296875,132.11434936523438
-1538.3343505859375,-2293.228515625,132.09556579589844
-1538.5150146484375,-2293.26708984375,132.0772247314453
-1538.6942138671875,-2293.302490234375,132.0591278076172
-1538.872802734375,-2293.334716796875,132.04104614257812
-1539.051025390625,-2293.363525390625,132.02291870117188
-1539.22900390625,-2293.388671875,132.0039520263672
-1539.407958984375,-2293.41064453125,131.9827880859375
-1539.5872802734375,-2293.43017578125,131.9600067138672
-1539.7672119140625,-2293.446044921875,131.9374542236328
-1539.947509765625,-2293.457763671875,131.91409301757812
-1540.128173828125,-2293.46484375,131.89047241210938
-1540.3089599609375,-2293.46826171875,131.86724853515625
-1540.4896240234375,-2293.46728515625,131.84417724609375
-1540.670166015625,-2293.46240234375,131.82119750976562
-1540.8504638671875,-2293.453369140625,131.79888916015625
-1541.0303955078125,-2293.439697265625,131.77713012695312
-1541.2095947265625,-2293.420654296875,131.75595092773438
-1541.3880615234375,-2293.397216796875,131.73504638671875
-1541.565673828125,-2293.369140625,131.71519470214844
-1541.7420654296875,-2293.337158203125,131.695556640625
-1541.917724609375,-2293.302734375,131.6741180419922
-1542.09130859375,-2293.2607421875,131.65237426757812
-1542.262939453125,-2293.21337890625,131.63063049316406
-1542.433349609375,-2293.161865234375,131.60935974121094
-1542.6025390625,-2293.106201171875,131.58761596679688
-1542.7703857421875,-2293.046630859375,131.56507873535156
-1542.9356689453125,-2292.980712890625,131.5424346923828
-1543.0987548828125,-2292.91015625,131.5205535888672
-1543.259765625,-2292.835205078125,131.49871826171875
-1543.4189453125,-2292.7568359375,131.4775390625
-1543.575439453125,-2292.6728515625,131.45700073242188
-1543.72900390625,-2292.584228515625,131.4373779296875
-1543.880126953125,-2292.491943359375,131.4182586669922
-1544.0283203125,-2292.39501953125,131.39981079101562
-1544.173828125,-2292.29443359375,131.3826904296875
-1544.31591796875,-2292.18896484375,131.36643981933594
-1544.4547119140625,-2292.07958984375,131.34971618652344
-1544.59033203125,-2291.96630859375,131.33311462402344
-1544.7222900390625,-2291.849365234375,131.31637573242188
-1544.8505859375,-2291.728515625,131.2991943359375
-1544.9752197265625,-2291.6044921875,131.2822265625
-1545.0950927734375,-2291.4755859375,131.2658233642578
-1545.2113037109375,-2291.34423828125,131.24942016601562
-1545.32373046875,-2291.209716796875,131.2338104248047
-1545.4329833984375,-2291.072998046875,131.2169952392578
-1545.5372314453125,-2290.9326171875,131.20062255859375
-1545.6368408203125,-2290.789794921875,131.185302734375
-1545.7322998046875,-2290.64404296875,131.17149353027344
-1545.82373046875,-2290.496826171875,131.15867614746094
-1545.9112548828125,-2290.347412109375,131.1449432373047
-1545.993896484375,-2290.19580078125,131.13104248046875
-1546.0712890625,-2290.041748046875,131.11842346191406
-1546.14404296875,-2289.88623046875,131.10658264160156
-1546.21240234375,-2289.72900390625,131.0952911376953
-1546.2767333984375,-2289.57080078125,131.08432006835938
-1546.336181640625,-2289.410888671875,131.07315063476562
-1546.3907470703125,-2289.249755859375,131.06243896484375
-1546.440673828125,-2289.087646484375,131.05226135253906
-1546.4859619140625,-2288.924560546875,131.04244995117188
-1546.5264892578125,-2288.7607421875,131.03306579589844
-1546.5631103515625,-2288.5966796875,131.02420043945312
-1546.5948486328125,-2288.431640625,131.01544189453125
-1546.6224365234375,-2288.266357421875,131.0067901611328
-1546.645263671875,-2288.101318359375,130.99838256835938
-1546.6639404296875,-2287.93603515625,130.98995971679688
-1546.6776123046875,-2287.770751953125,130.98191833496094
-1546.68701171875,-2287.605712890625,130.97413635253906
-1546.6920166015625,-2287.44091796875,130.96646118164062
-1546.6925048828125,-2287.276611328125,130.95901489257812
-1546.6888427734375,-2287.11328125,130.95164489746094
-1546.6810302734375,-2286.949951171875,130.94427490234375
-1546.668701171875,-2286.787841796875,130.93707275390625
-1546.652099609375,-2286.62646484375,130.92994689941406
-1546.6314697265625,-2286.4658203125,130.9228057861328
-1546.60693359375,-2286.306396484375,130.91566467285156
-1546.578369140625,-2286.148193359375,130.90863037109375
-1546.5460205078125,-2285.9912109375,130.90179443359375
-1546.5106201171875,-2285.835205078125,130.89500427246094
-1546.4718017578125,-2285.68017578125,130.88815307617188
-1546.4300537109375,-2285.526123046875,130.88119506835938
-1546.3856201171875,-2285.373291015625,130.8741455078125
-1546.3382568359375,-2285.220947265625,130.8671112060547
-1546.28857421875,-2285.0693359375,130.86007690429688
-1546.2366943359375,-2284.91845703125,130.85302734375
-1546.1824951171875,-2284.767822265625,130.8459930419922
-1546.1263427734375,-2284.6171875,130.83897399902344
-1546.0684814453125,-2284.466552734375,130.8319549560547
-1546.009033203125,-2284.315673828125,130.8249969482422
-1545.9481201171875,-2284.164794921875,130.81814575195312
-1545.88623046875,-2284.013916015625,130.81137084960938
-1545.8231201171875,-2283.86279296875,130.80465698242188
-1545.7591552734375,-2283.710693359375,130.7980499267578
-1545.694580078125,-2283.557861328125,130.79165649414062
-1545.62939453125,-2283.404052734375,130.78543090820312
-1545.5640869140625,-2283.2490234375,130.7792510986328
-1545.498291015625,-2283.09228515625,130.77310180664062
-1545.4315185546875,-2282.9345703125,130.76695251464844
-1545.363525390625,-2282.775634765625,130.76083374023438
-1545.2945556640625,-2282.6162109375,130.75489807128906
-1545.2242431640625,-2282.455322265625,130.74911499023438
-1545.1524658203125,-2282.29443359375,130.74346923828125
-1545.0787353515625,-2282.1318359375,130.73802185058594
-1545.00390625,-2281.968017578125,130.73248291015625
-1544.927001953125,-2281.802734375,130.7271728515625
-1544.8487548828125,-2281.63623046875,130.7218475341797
-1544.7681884765625,-2281.4677734375,130.71658325195312
-1544.686279296875,-2281.298095703125,130.71148681640625
-1544.6038818359375,-2281.127197265625,130.7063446044922
-1544.5205078125,-2280.955078125,130.70159912109375
-1544.4371337890625,-2280.78125,130.69712829589844
-1544.3536376953125,-2280.606201171875,130.69288635253906
-1544.2706298828125,-2280.4296875,130.68875122070312
-1544.188232421875,-2280.25244140625,130.68479919433594
-1544.106201171875,-2280.074462890625,130.68069458007812
-1544.02392578125,-2279.896484375,130.67691040039062
-1543.9425048828125,-2279.71875,130.67347717285156
-1543.8616943359375,-2279.54150390625,130.67018127441406
-1543.7821044921875,-2279.364501953125,130.6668701171875
-1543.7037353515625,-2279.187255859375,130.66322326660156
-1543.62646484375,-2279.010498046875,130.65980529785156
-1543.550537109375,-2278.833984375,130.65591430664062
-1543.4759521484375,-2278.657470703125,130.65261840820312
-1543.4033203125,-2278.48046875,130.64942932128906
-1543.3319091796875,-2278.303955078125,130.64625549316406
-1543.26220703125,-2278.127197265625,130.6431121826172
-1543.194091796875,-2277.950439453125,130.63999938964844
-1543.12744140625,-2277.773681640625,130.6369171142578
-1543.0621337890625,-2277.596923828125,130.6338348388672
-1542.998046875,-2277.420166015625,130.63070678710938
-1542.9349365234375,-2277.243408203125,130.62741088867188
-1542.8724365234375,-2277.066162109375,130.62393188476562
-1542.8104248046875,-2276.888427734375,130.62034606933594
-1542.74853515625,-2276.7099609375,130.61680603027344
-1542.6868896484375,-2276.530517578125,130.61349487304688
-1542.62548828125,-2276.349609375,130.61036682128906
-1542.564697265625,-2276.167724609375,130.6073455810547
-1542.504150390625,-2275.984130859375,130.60435485839844
-1542.4437255859375,-2275.79931640625,130.60130310058594
-1542.3834228515625,-2275.612548828125,130.59815979003906
-1542.322998046875,-2275.42431640625,130.59487915039062
-1542.262451171875,-2275.23388671875,130.59144592285156
-1542.2012939453125,-2275.041259765625,130.5879669189453
-1542.139404296875,-2274.845703125,130.58428955078125
-1542.0770263671875,-2274.646484375,130.58042907714844
-1542.0140380859375,-2274.443603515625,130.57650756835938
-1541.9501953125,-2274.237060546875,130.57273864746094
-1541.8856201171875,-2274.026611328125,130.5691680908203
-1541.820556640625,-2273.812255859375,130.56576538085938
-1541.755126953125,-2273.593505859375,130.56253051757812
-1541.689208984375,-2273.37109375,130.55953979492188
-1541.6226806640625,-2273.14453125,130.55670166015625
-1541.5557861328125,-2272.913818359375,130.55404663085938
-1541.4884033203125,-2272.679443359375,130.5514373779297
-1541.420654296875,-2272.4404296875,130.54885864257812
-1541.3526611328125,-2272.197998046875,130.54638671875
-1541.28466796875,-2271.951171875,130.54400634765625
-1541.216796875,-2271.7001953125,130.54151916503906
-1541.149169921875,-2271.4453125,130.53880310058594
-1541.0814208984375,-2271.1865234375,130.53598022460938
-1541.013427734375,-2270.924072265625,130.53317260742188
-1540.9451904296875,-2270.658203125,130.5304412841797
-1540.8763427734375,-2270.387939453125,130.52786254882812
-1540.806884765625,-2270.11376953125,130.5255584716797
-1540.73681640625,-2269.8359375,130.5236358642578
-1540.6658935546875,-2269.553955078125,130.5218505859375
-1540.59423828125,-2269.267822265625,130.52027893066406
-1540.521484375,-2268.978271484375,130.51898193359375
-1540.44775390625,-2268.684326171875,130.51760864257812
-1540.3726806640625,-2268.38623046875,130.51608276367188
-1540.29638671875,-2268.08447265625,130.51425170898438
-1540.2186279296875,-2267.779052734375,130.5122833251953
-1540.1396484375,-2267.47021484375,130.51031494140625
-1540.05908203125,-2267.157470703125,130.5083770751953
-1539.976806640625,-2266.841064453125,130.50636291503906
-1539.8931884765625,-2266.521240234375,130.50465393066406
-1539.8079833984375,-2266.197998046875,130.5030975341797
-1539.7215576171875,-2265.87109375,130.5017547607422
-1539.6337890625,-2265.541259765625,130.50054931640625
-1539.545166015625,-2265.20849609375,130.4993133544922
-1539.4554443359375,-2264.873291015625,130.4980926513672
-1539.3646240234375,-2264.53515625,130.49688720703125
-1539.27294921875,-2264.194580078125,130.4957275390625
-1539.1798095703125,-2263.8505859375,130.49502563476562
-1539.0859375,-2263.503662109375,130.49493408203125
-1538.9918212890625,-2263.15380859375,130.4947052001953
-1538.8970947265625,-2262.801513671875,130.49427795410156
-1538.8016357421875,-2262.446533203125,130.49383544921875
-1538.7052001953125,-2262.0888671875,130.49362182617188
-1538.6080322265625,-2261.727783203125,130.4939422607422
-1538.5107421875,-2261.36328125,130.4948272705078
-1538.4132080078125,-2260.99609375,130.4965362548828
-1538.3157958984375,-2260.62548828125,130.49855041503906
-1538.21826171875,-2260.252197265625,130.50010681152344
-1538.120361328125,-2259.875732421875,130.50161743164062
-1538.0225830078125,-2259.49658203125,130.50311279296875
-1537.9244384765625,-2259.115234375,130.505126953125
-1537.8262939453125,-2258.731201171875,130.5074005126953
-1537.72802734375,-2258.344482421875,130.50994873046875
-1537.629638671875,-2257.955810546875,130.51246643066406
-1537.5303955078125,-2257.564453125,130.51510620117188
-1537.4307861328125,-2257.17041015625,130.5180206298828
-1537.3304443359375,-2256.773681640625,130.52127075195312
-1537.229248046875,-2256.373779296875,130.5248260498047
-1537.1273193359375,-2255.971435546875,130.5288848876953
-1537.0242919921875,-2255.56640625,130.53341674804688
-1536.9202880859375,-2255.15869140625,130.53822326660156
-1536.8154296875,-2254.74853515625,130.54347229003906
-1536.7095947265625,-2254.3359375,130.54908752441406
-1536.602783203125,-2253.9208984375,130.55484008789062
-1536.4947509765625,-2253.5029296875,130.56146240234375
-1536.385498046875,-2253.081787109375,130.56918334960938
-1536.2747802734375,-2252.65771484375,130.57762145996094
-1536.1629638671875,-2252.23095703125,130.5865478515625
-1536.05029296875,-2251.80126953125,130.5958251953125
-1535.93603515625,-2251.368896484375,130.60499572753906
-1535.81982421875,-2250.933837890625,130.61439514160156
-1535.7020263671875,-2250.496826171875,130.6244354248047
-1535.58251953125,-2250.057861328125,130.63475036621094
-1535.4608154296875,-2249.6162109375,130.6455078125
-1535.337158203125,-2249.17236328125,130.65724182128906
-1535.212158203125,-2248.7265625,130.6693878173828
-1535.085205078125,-2248.27880859375,130.6815185546875
-1534.9571533203125,-2247.82958984375,130.692138671875
-1534.826904296875,-2247.379150390625,130.7018585205078
-1534.693359375,-2246.927490234375,130.71205139160156
-1534.5572509765625,-2246.474365234375,130.72303771972656
-1534.41943359375,-2246.01904296875,130.7342529296875
-1534.2794189453125,-2245.561767578125,130.74569702148438
-1534.1373291015625,-2245.102294921875,130.75694274902344
-1533.992919921875,-2244.641357421875,130.7682647705078
-1533.84619140625,-2244.179443359375,130.78079223632812
-1533.6971435546875,-2243.716064453125,130.79446411132812
-1533.54638671875,-2243.251220703125,130.80889892578125
-1533.3944091796875,-2242.785888671875,130.823974609375
-1533.2403564453125,-2242.319091796875,130.84007263183594
-1533.08447265625,-2241.8515625,130.8567352294922
-1532.92724609375,-2241.383056640625,130.8736114501953
-1532.768310546875,-2240.913330078125,130.89122009277344
-1532.6075439453125,-2240.4423828125,130.90904235839844
-1532.4456787109375,-2239.97021484375,130.92660522460938
-1532.2822265625,-2239.497314453125,130.9444580078125
-1532.1175537109375,-2239.022705078125,130.9625701904297
-1531.9512939453125,-2238.54736328125,130.9807586669922
-1531.7830810546875,-2238.0712890625,130.9996795654297
-1531.6131591796875,-2237.59423828125,131.01953125
-1531.4417724609375,-2237.116455078125,131.03964233398438
-1531.26904296875,-2236.63818359375,131.05982971191406
-1531.0941162109375,-2236.160400390625,131.08128356933594
-1530.9173583984375,-2235.680908203125,131.10366821289062
-1530.7376708984375,-2235.19775390625,131.12710571289062
-1530.5560302734375,-2234.712646484375,131.151611328125
-1530.37353515625,-2234.227783203125,131.17642211914062
-1530.1895751953125,-2233.7431640625,131.20181274414062
-1530.0047607421875,-2233.259765625,131.22860717773438
-1529.8189697265625,-2232.777587890625,131.2561798095703
-1529.6319580078125,-2232.2958984375,131.28440856933594
-1529.444091796875,-2231.81494140625,131.31263732910156
-1529.2550048828125,-2231.333984375,131.34121704101562
-1529.0645751953125,-2230.8544921875,131.3704376220703
-1528.873046875,-2230.375732421875,131.3998565673828
-1528.68017578125,-2229.8984375,131.42970275878906
-1528.485595703125,-2229.4228515625,131.46058654785156
-1528.2901611328125,-2228.948486328125,131.49191284179688
-1528.0938720703125,-2228.475830078125,131.5232696533203
-1527.8958740234375,-2228.00439453125,131.5548858642578
-1527.696533203125,-2227.534423828125,131.58663940429688
-1527.4954833984375,-2227.066162109375,131.61927795410156
-1527.2938232421875,-2226.599365234375,131.6526641845703
-1527.0911865234375,-2226.1337890625,131.6857452392578
-1526.887939453125,-2225.669677734375,131.71792602539062
-1526.6827392578125,-2225.207275390625,131.7509765625
-1526.476318359375,-2224.74658203125,131.78529357910156
-1526.269287109375,-2224.287109375,131.82037353515625
-1526.061767578125,-2223.829345703125,131.85589599609375
-1525.853759765625,-2223.372314453125,131.89047241210938
-1525.6448974609375,-2222.917236328125,131.92434692382812
-1525.434814453125,-2222.4638671875,131.9593505859375
-1525.224365234375,-2222.011962890625,131.99508666992188
-1525.01416015625,-2221.5615234375,132.030517578125
-1524.8033447265625,-2221.11181640625,132.0650634765625
-1524.5916748046875,-2220.66357421875,132.09915161132812
-1524.3795166015625,-2220.216552734375,132.13311767578125
-1524.16650390625,-2219.77099609375,132.16729736328125
-1523.9527587890625,-2219.32666015625,132.20120239257812
-1523.7381591796875,-2218.883544921875,132.23486328125
-1523.5225830078125,-2218.441650390625,132.26881408691406
-1523.30615234375,-2218.00146484375,132.30325317382812
-1523.0889892578125,-2217.5625,132.337646484375
-1522.8714599609375,-2217.125,132.3717498779297
-1522.6529541015625,-2216.68896484375,132.40562438964844
-1522.4337158203125,-2216.25439453125,132.43966674804688
-1522.2135009765625,-2215.821533203125,132.473876953125
-1521.9921875,-2215.390380859375,132.50860595703125
-1521.77001953125,-2214.960693359375,132.5431671142578
-1521.5472412109375,-2214.53173828125,132.57725524902344
-1521.323974609375,-2214.10400390625,132.61062622070312
-1521.0997314453125,-2213.677490234375,132.6434783935547
-1520.874755859375,-2213.25244140625,132.67604064941406
-1520.648681640625,-2212.8291015625,132.70831298828125
-1520.422119140625,-2212.4072265625,132.74009704589844
-1520.1944580078125,-2211.986572265625,132.7714385986328
-1519.9659423828125,-2211.567138671875,132.8025665283203
-1519.7366943359375,-2211.14892578125,132.83383178710938
-1519.5068359375,-2210.731689453125,132.86509704589844
-1519.27587890625,-2210.315185546875,132.8959197998047
-1519.0443115234375,-2209.900146484375,132.9264373779297
-1518.8123779296875,-2209.486083984375,132.9569549560547
-1518.5802001953125,-2209.072998046875,132.98745727539062
-1518.34765625,-2208.661376953125,133.01815795898438
-1518.1146240234375,-2208.2509765625,133.0491485595703
-1517.881591796875,-2207.8408203125,133.08016967773438
-1517.6483154296875,-2207.431884765625,133.1112060546875
-1517.4149169921875,-2207.024169921875,133.1419219970703
-1517.1810302734375,-2206.617431640625,133.17236328125
-1516.9468994140625,-2206.211669921875,133.20245361328125
-1516.712646484375,-2205.806884765625,133.23248291015625
-1516.47802734375,-2205.40234375,133.26193237304688
-1516.2432861328125,-2204.998779296875,133.291015625
-1516.008056640625,-2204.596435546875,133.31983947753906
-1515.7728271484375,-2204.19482421875,133.3481903076172
-1515.5374755859375,-2203.794189453125,133.37579345703125
-1515.3017578125,-2203.39453125,133.40283203125
-1515.0657958984375,-2202.99560546875,133.42941284179688
-1514.8297119140625,-2202.59765625,133.45571899414062
-1514.59326171875,-2202.20068359375,133.48207092285156
-1514.3564453125,-2201.804443359375,133.50845336914062
-1514.119384765625,-2201.4091796875,133.5347137451172
-1513.8819580078125,-2201.01416015625,133.56085205078125
-1513.64453125,-2200.620361328125,133.5870819091797
-1513.406982421875,-2200.227294921875,133.61341857910156
-1513.1695556640625,-2199.83447265625,133.63995361328125
-1512.9322509765625,-2199.44287109375,133.66690063476562
-1512.6953125,-2199.052490234375,133.69430541992188
-1512.4581298828125,-2198.662841796875,133.7218475341797
-1512.2208251953125,-2198.274169921875,133.74966430664062
-1511.9837646484375,-2197.88623046875,133.7772216796875
-1511.74658203125,-2197.499267578125,133.80459594726562
-1511.50927734375,-2197.113525390625,133.83187866210938
-1511.2720947265625,-2196.728759765625,133.8586883544922
-1511.0350341796875,-2196.345458984375,133.88490295410156
-1510.798095703125,-2195.96337890625,133.91099548339844
-1510.5616455078125,-2195.582275390625,133.93650817871094
-1510.3255615234375,-2195.202392578125,133.9617919921875
-1510.0902099609375,-2194.823486328125,133.98721313476562
-1509.8555908203125,-2194.4453125,134.01231384277344
-1509.6219482421875,-2194.06787109375,134.03684997558594
-1509.3892822265625,-2193.691162109375,134.06118774414062
-1509.158203125,-2193.315185546875,134.08529663085938
-1508.9287109375,-2192.939697265625,134.10894775390625
-1508.70068359375,-2192.564453125,134.13247680664062
-1508.4744873046875,-2192.189697265625,134.15536499023438
-1508.249755859375,-2191.8154296875,134.17758178710938
-1508.0262451171875,-2191.442138671875,134.1995086669922
-1507.8043212890625,-2191.069091796875,134.22140502929688
-1507.583740234375,-2190.69677734375,134.2429962158203
-1507.3646240234375,-2190.32470703125,134.26449584960938
-1507.1468505859375,-2189.953125,134.2852325439453
-1506.9300537109375,-2189.58154296875,134.30520629882812
-1506.7139892578125,-2189.211669921875,134.3252410888672
-1506.4991455078125,-2188.841796875,134.3450469970703
-1506.2855224609375,-2188.47314453125,134.36447143554688
-1506.0731201171875,-2188.105224609375,134.38360595703125
-1505.8614501953125,-2187.738037109375,134.4026641845703
-1505.650634765625,-2187.37158203125,134.42152404785156
-1505.441162109375,-2187.005859375,134.439697265625
-1505.2325439453125,-2186.640625,134.45748901367188
-1505.0250244140625,-2186.276123046875,134.47457885742188
-1504.8179931640625,-2185.911376953125,134.4910888671875
-1504.61181640625,-2185.547607421875,134.50726318359375
-1504.40625,-2185.18408203125,134.52337646484375
-1504.2015380859375,-2184.82080078125,134.5389404296875
-1503.99755859375,-2184.45751953125,134.5541229248047
-1503.7945556640625,-2184.094970703125,134.5691375732422
-1503.5921630859375,-2183.732177734375,134.58404541015625
-1503.390869140625,-2183.3701171875,134.59896850585938
-1503.190673828125,-2183.0078125,134.61395263671875
-1502.9915771484375,-2182.645751953125,134.6289825439453
-1502.7938232421875,-2182.283935546875,134.64405822753906
-1502.5975341796875,-2181.921630859375,134.65890502929688
-1502.4024658203125,-2181.559814453125,134.6736602783203
-1502.208984375,-2181.197998046875,134.6885986328125
-1502.017333984375,-2180.8359375,134.703857421875
-1501.8280029296875,-2180.4736328125,134.71914672851562
-1501.6409912109375,-2180.11083984375,134.7344512939453
-1501.456787109375,-2179.747314453125,134.74964904785156
-1501.2755126953125,-2179.383056640625,134.76467895507812
-1501.09765625,-2179.01806640625,134.77951049804688
-1500.92333984375,-2178.65283203125,134.79417419433594
-1500.7528076171875,-2178.28662109375,134.80848693847656
-1500.5860595703125,-2177.919921875,134.82212829589844
-1500.4232177734375,-2177.552734375,134.8353271484375
-1500.2645263671875,-2177.1845703125,134.84840393066406
-1500.1097412109375,-2176.81591796875,134.86148071289062
-1499.958740234375,-2176.4462890625,134.87428283691406
-1499.81201171875,-2176.076171875,134.88685607910156
-1499.6693115234375,-2175.705322265625,134.89891052246094
-1499.5303955078125,-2175.33349609375,134.90997314453125
-1499.39501953125,-2174.96142578125,134.92031860351562
-1499.2630615234375,-2174.588623046875,134.93057250976562
-1499.1336669921875,-2174.2158203125,134.94142150878906
-1499.0072021484375,-2173.842529296875,134.9529266357422
-1498.88330078125,-2173.46923828125,134.96498107910156
-1498.76171875,-2173.09521484375,134.97714233398438
-1498.6422119140625,-2172.72119140625,134.9889678955078
-1498.5242919921875,-2172.346923828125,135.00051879882812
-1498.4078369140625,-2171.972412109375,135.01210021972656
-1498.292236328125,-2171.59765625,135.02406311035156
-1498.177490234375,-2171.222900390625,135.03651428222656
-1498.0635986328125,-2170.84814453125,135.04922485351562
-1497.9503173828125,-2170.472900390625,135.06216430664062
-1497.8375244140625,-2170.097900390625,135.07504272460938
-1497.7257080078125,-2169.72216796875,135.0878143310547
-1497.6151123046875,-2169.346435546875,135.10049438476562
-1497.5057373046875,-2168.97021484375,135.11305236816406
-1497.3978271484375,-2168.593505859375,135.12530517578125
-1497.2918701171875,-2168.21630859375,135.13722229003906
-1497.1878662109375,-2167.838623046875,135.14883422851562
-1497.085693359375,-2167.460693359375,135.1599884033203
-1496.9859619140625,-2167.08203125,135.1704864501953
-1496.8885498046875,-2166.702880859375,135.18064880371094
-1496.7935791015625,-2166.3232421875,135.19068908691406
-1496.7010498046875,-2165.94287109375,135.20068359375
-1496.6114501953125,-2165.562255859375,135.21063232421875
-1496.5244140625,-2165.1806640625,135.22056579589844
-1496.4403076171875,-2164.798583984375,135.23045349121094
-1496.3590087890625,-2164.41552734375,135.24009704589844
-1496.28076171875,-2164.0322265625,135.24972534179688
-1496.2052001953125,-2163.648193359375,135.25946044921875
-1496.1326904296875,-2163.263671875,135.26918029785156
-1496.062255859375,-2162.878662109375,135.2789764404297
-1495.994140625,-2162.493408203125,135.28887939453125
-1495.9283447265625,-2162.10791015625,135.29893493652344
-1495.864501953125,-2161.721923828125,135.30929565429688
-1495.8026123046875,-2161.33544921875,135.32000732421875
-1495.742919921875,-2160.948486328125,135.3308563232422
-1495.6854248046875,-2160.56103515625,135.34165954589844
-1495.6302490234375,-2160.173095703125,135.35206604003906
-1495.5770263671875,-2159.784423828125,135.36216735839844
-1495.52587890625,-2159.39501953125,135.37200927734375
-1495.47705078125,-2159.0048828125,135.38185119628906
-1495.4302978515625,-2158.6142578125,135.3916015625
-1495.3858642578125,-2158.22314453125,135.40110778808594
-1495.3441162109375,-2157.8310546875,135.41043090820312
-1495.3046875,-2157.43798828125,135.41957092285156
-1495.2674560546875,-2157.04443359375,135.42881774902344
-1495.2325439453125,-2156.64990234375,135.4381866455078
-1495.199951171875,-2156.254150390625,135.44775390625
-1495.169677734375,-2155.857666015625,135.45741271972656
-1495.1419677734375,-2155.459716796875,135.46730041503906
-1495.116943359375,-2155.060791015625,135.47740173339844
-1495.0943603515625,-2154.66015625,135.48782348632812
-1495.073974609375,-2154.2587890625,135.49827575683594
-1495.056640625,-2153.8564453125,135.5081024169922
-1495.0413818359375,-2153.453125,135.51771545410156
-1495.0284423828125,-2153.048828125,135.5276641845703
-1495.0177001953125,-2152.643798828125,135.5381317138672
-1495.00927734375,-2152.237548828125,135.5489501953125
-1495.00341796875,-2151.83056640625,135.55990600585938
-1495.0001220703125,-2151.422607421875,135.57046508789062
-1494.9991455078125,-2151.012939453125,135.58021545410156
-1495.00048828125,-2150.602783203125,135.58958435058594
-1495.0045166015625,-2150.19140625,135.5986785888672
-1495.0107421875,-2149.779296875,135.60765075683594
-1495.0196533203125,-2149.365966796875,135.61660766601562
-1495.03125,-2148.951904296875,135.62545776367188
-1495.04541015625,-2148.537109375,135.63426208496094
-1495.0623779296875,-2148.121337890625,135.64292907714844
-1495.0816650390625,-2147.705078125,135.65139770507812
-1495.103271484375,-2147.2880859375,135.65957641601562
-1495.1273193359375,-2146.870361328125,135.66773986816406
-1495.1534423828125,-2146.451904296875,135.6761016845703
-1495.1820068359375,-2146.032470703125,135.6845703125
-1495.212890625,-2145.612548828125,135.69302368164062
-1495.2459716796875,-2145.1923828125,135.70140075683594
-1495.281494140625,-2144.771240234375,135.709716796875
-1495.3194580078125,-2144.349853515625,135.7180633544922
-1495.360107421875,-2143.92822265625,135.7263641357422
-1495.4031982421875,-2143.505859375,135.73458862304688
-1495.4488525390625,-2143.083251953125,135.7427978515625
-1495.4970703125,-2142.659912109375,135.7509002685547
-1495.54736328125,-2142.236328125,135.75894165039062
-1495.6004638671875,-2141.8125,135.766845703125
-1495.65625,-2141.3876953125,135.77468872070312
-1495.71484375,-2140.962890625,135.78221130371094
-1495.776611328125,-2140.5380859375,135.78952026367188
-1495.841796875,-2140.11328125,135.7968292236328
-1495.910400390625,-2139.68798828125,135.8040771484375
-1495.9825439453125,-2139.2626953125,135.8112030029297
-1496.05810546875,-2138.837890625,135.8183135986328
-1496.136962890625,-2138.4130859375,135.82537841796875
-1496.2197265625,-2137.988525390625,135.83226013183594
-1496.3060302734375,-2137.564453125,135.8389129638672
-1496.395751953125,-2137.140625,135.8455352783203
-1496.488525390625,-2136.71728515625,135.85240173339844
-1496.5845947265625,-2136.294189453125,135.85939025878906
-1496.6842041015625,-2135.87158203125,135.86636352539062
-1496.786865234375,-2135.44921875,135.87327575683594
-1496.8927001953125,-2135.02734375,135.87997436523438
-1497.001220703125,-2134.60546875,135.88650512695312
-1497.112548828125,-2134.1845703125,135.89309692382812
-1497.2265625,-2133.763671875,135.89967346191406
-1497.3433837890625,-2133.343505859375,135.9061279296875
-1497.4632568359375,-2132.923583984375,135.91253662109375
-1497.5858154296875,-2132.504150390625,135.9190216064453
-1497.7110595703125,-2132.085205078125,135.92547607421875
-1497.839111328125,-2131.666748046875,135.93177795410156
-1497.9698486328125,-2131.248779296875,135.937744140625
-1498.1031494140625,-2130.8310546875,135.9436492919922
-1498.23974609375,-2130.4140625,135.94943237304688
-1498.3792724609375,-2129.997802734375,135.95501708984375
-1498.5216064453125,-2129.581787109375,135.96063232421875
-1498.6666259765625,-2129.166259765625,135.9661407470703
-1498.814697265625,-2128.75146484375,135.97146606445312
-1498.9654541015625,-2128.3369140625,135.97671508789062
-1499.118896484375,-2127.92333984375,135.9820556640625
-1499.2752685546875,-2127.51025390625,135.9872589111328
-1499.4344482421875,-2127.09765625,135.99229431152344
-1499.59619140625,-2126.685302734375,135.99700927734375
-1499.7607421875,-2126.274169921875,136.00152587890625
-1499.92822265625,-2125.863037109375,136.00611877441406
-1500.098388671875,-2125.453125,136.01065063476562
-1500.271240234375,-2125.043212890625,136.01515197753906
-1500.4464111328125,-2124.634033203125,136.0195770263672
-1500.62451171875,-2124.225341796875,136.0238037109375
-1500.8048095703125,-2123.8173828125,136.02789306640625
-1500.988037109375,-2123.409423828125,136.03211975097656
-1501.1737060546875,-2123.002685546875,136.03627014160156
-1501.362060546875,-2122.596435546875,136.0401611328125
-1501.552978515625,-2122.190673828125,136.04397583007812
-1501.746826171875,-2121.785888671875,136.04782104492188
-1501.943359375,-2121.3818359375,136.05169677734375
-1502.1427001953125,-2120.978271484375,136.0556640625
-1502.3448486328125,-2120.57568359375,136.0595703125
-1502.5496826171875,-2120.174072265625,136.0633087158203
-1502.757568359375,-2119.773193359375,136.06690979003906
-1502.9683837890625,-2119.373779296875,136.07032775878906
-1503.1822509765625,-2118.974853515625,136.07369995117188
-1503.3990478515625,-2118.576904296875,136.0771484375
-1503.6187744140625,-2118.179931640625,136.08059692382812
-1503.8416748046875,-2117.7841796875,136.0839385986328
-1504.0673828125,-2117.38916015625,136.08714294433594
-1504.296142578125,-2116.995361328125,136.09002685546875
-1504.5279541015625,-2116.60302734375,136.09278869628906
-1504.7630615234375,-2116.211181640625,136.09556579589844
-1505.0013427734375,-2115.821533203125,136.0980987548828
-1505.242431640625,-2115.4326171875,136.1004180908203
-1505.4866943359375,-2115.044677734375,136.10255432128906
-1505.734375,-2114.658203125,136.10450744628906
-1505.9853515625,-2114.2734375,136.1063995361328
-1506.239501953125,-2113.889892578125,136.10838317871094
-1506.4969482421875,-2113.5078125,136.1103057861328
-1506.7574462890625,-2113.126953125,136.11195373535156
-1507.02099609375,-2112.74755859375,136.1133270263672
-1507.287841796875,-2112.3701171875,136.114501953125
-1507.557861328125,-2111.993896484375,136.1156005859375
-1507.8309326171875,-2111.619384765625,136.1167755126953
-1508.10693359375,-2111.24609375,136.11801147460938
-1508.3861083984375,-2110.874267578125,136.11904907226562
-1508.66845703125,-2110.50390625,136.1197509765625
-1508.95361328125,-2110.135009765625,136.12037658691406
-1509.241943359375,-2109.767578125,136.1209716796875
-1509.5335693359375,-2109.402099609375,136.1213836669922
-1509.8284912109375,-2109.038330078125,136.1217041015625
-1510.1263427734375,-2108.676025390625,136.12191772460938
-1510.427490234375,-2108.315673828125,136.12193298339844
-1510.7318115234375,-2107.957275390625,136.12188720703125
-1511.039306640625,-2107.600341796875,136.12173461914062
-1511.35009765625,-2107.245849609375,136.12147521972656
-1511.6640625,-2106.892822265625,136.1212158203125
-1511.981201171875,-2106.54150390625,136.1209716796875
-1512.3017578125,-2106.1923828125,136.1206817626953
-1512.6253662109375,-2105.844482421875,136.1201629638672
-1512.95166015625,-2105.498779296875,136.11947631835938
-1513.2808837890625,-2105.15478515625,136.1187286376953
-1513.6129150390625,-2104.81201171875,136.1179962158203
-1513.9478759765625,-2104.471435546875,136.11727905273438
-1514.2855224609375,-2104.13232421875,136.1166534423828
-1514.6260986328125,-2103.795166015625,136.11598205566406
-1514.9697265625,-2103.4599609375,136.1151123046875
-1515.3162841796875,-2103.12646484375,136.114013671875
-1515.6658935546875,-2102.79541015625,136.11285400390625
-1516.018310546875,-2102.466064453125,136.11155700683594
-1516.3736572265625,-2102.138427734375,136.1102752685547
-1516.732177734375,-2101.812744140625,136.10894775390625
-1517.09375,-2101.48876953125,136.10757446289062
-1517.45849609375,-2101.167236328125,136.10621643066406
-1517.825927734375,-2100.847900390625,136.10472106933594
-1518.196533203125,-2100.5302734375,136.10292053222656
-1518.5703125,-2100.21533203125,136.10104370117188
-1518.947021484375,-2099.90234375,136.09925842285156
-1519.326904296875,-2099.591552734375,136.09751892089844
-1519.709716796875,-2099.283203125,136.09573364257812
-1520.09521484375,-2098.97705078125,136.09352111816406
-1520.4832763671875,-2098.672607421875,136.0908203125
-1520.8740234375,-2098.37109375,136.0879669189453
-1521.267578125,-2098.0712890625,136.0851593017578
-1521.6634521484375,-2097.7734375,136.0824737548828
-1522.0621337890625,-2097.478271484375,136.07968139648438
-1522.4635009765625,-2097.185302734375,136.0762939453125
-1522.8675537109375,-2096.89501953125,136.07240295410156
-1523.274169921875,-2096.60693359375,136.06845092773438
-1523.683349609375,-2096.321533203125,136.06463623046875
-1524.09521484375,-2096.0390625,136.06085205078125
-1524.509765625,-2095.759033203125,136.0570526123047
-1524.9271240234375,-2095.4814453125,136.05323791503906
-1525.346923828125,-2095.206787109375,136.0495147705078
-1525.7691650390625,-2094.934814453125,136.04588317871094
-1526.1939697265625,-2094.66552734375,136.04229736328125
-1526.62109375,-2094.39892578125,136.03875732421875
-1527.05029296875,-2094.134765625,136.03529357910156
-1527.4818115234375,-2093.873779296875,136.03187561035156
-1527.915771484375,-2093.615478515625,136.02842712402344
-1528.351806640625,-2093.3603515625,136.0248260498047
-1528.790283203125,-2093.107421875,136.02117919921875
-1529.23095703125,-2092.857421875,136.01731872558594
-1529.6739501953125,-2092.6103515625,136.01319885253906
-1530.1192626953125,-2092.366455078125,136.00901794433594
-1530.56689453125,-2092.125732421875,136.00462341308594
-1531.0166015625,-2091.8876953125,135.9998016357422
-1531.4683837890625,-2091.65283203125,135.99473571777344
-1531.9227294921875,-2091.421142578125,135.98947143554688
-1532.379150390625,-2091.19287109375,135.9840850830078
-1532.8377685546875,-2090.967529296875,135.978515625
-1533.29833984375,-2090.745849609375,135.9725799560547
-1533.76123046875,-2090.527099609375,135.96641540527344
-1534.22607421875,-2090.3115234375,135.9599609375
-1534.6932373046875,-2090.099365234375,135.95330810546875
-1535.1624755859375,-2089.89013671875,135.9464569091797
-1535.633544921875,-2089.684814453125,135.9394073486328
-1536.106689453125,-2089.482666015625,135.93234252929688
-1536.581787109375,-2089.284423828125,135.92514038085938
-1537.05859375,-2089.08935546875,135.91802978515625
-1537.5372314453125,-2088.89794921875,135.91090393066406
-1538.017333984375,-2088.710205078125,135.9034881591797
-1538.4990234375,-2088.5263671875,135.896240234375
-1538.9818115234375,-2088.34619140625,135.8887481689453
-1539.4659423828125,-2088.169921875,135.88108825683594
-1539.951171875,-2087.997314453125,135.87368774414062
-1540.4378662109375,-2087.828857421875,135.86614990234375
-1540.92578125,-2087.6640625,135.8588104248047
-1541.4149169921875,-2087.50341796875,135.8514404296875
-1541.9052734375,-2087.3466796875,135.84373474121094
-1542.396728515625,-2087.194091796875,135.8361053466797
-1542.889404296875,-2087.04541015625,135.82859802246094
-1543.3829345703125,-2086.9013671875,135.8211212158203
-1543.8778076171875,-2086.7607421875,135.81375122070312
-1544.3736572265625,-2086.624267578125,135.80624389648438
-1544.8704833984375,-2086.492431640625,135.79869079589844
-1545.3682861328125,-2086.364501953125,135.79087829589844
-1545.8670654296875,-2086.240478515625,135.78274536132812
-1546.366943359375,-2086.1201171875,135.77464294433594
-1546.86767578125,-2086.004638671875,135.7660675048828
-1547.369140625,-2085.89306640625,135.75698852539062
-1547.8717041015625,-2085.78564453125,135.74769592285156
-1548.375,-2085.68212890625,135.73809814453125
-1548.8790283203125,-2085.5830078125,135.72836303710938
-1549.3841552734375,-2085.48828125,135.71832275390625
-1549.889892578125,-2085.397705078125,135.70770263671875
-1550.3966064453125,-2085.3115234375,135.69700622558594
-1550.9039306640625,-2085.22998046875,135.6863250732422
-1551.4119873046875,-2085.152587890625,135.67543029785156
-1551.9205322265625,-2085.07958984375,135.6643524169922
-1552.429931640625,-2085.0107421875,135.653076171875
-1552.9398193359375,-2084.9462890625,135.64157104492188
-1553.4500732421875,-2084.885986328125,135.63006591796875
-1553.9608154296875,-2084.82958984375,135.61839294433594
-1554.4720458984375,-2084.777587890625,135.60653686523438
-1554.98388671875,-2084.729248046875,135.59454345703125
-1555.4962158203125,-2084.684326171875,135.58218383789062
-1556.0089111328125,-2084.642822265625,135.56982421875
-1556.522216796875,-2084.605224609375,135.5576171875
-1557.0357666015625,-2084.570556640625,135.5452117919922
-1557.5496826171875,-2084.5390625,135.5325164794922
-1558.06396484375,-2084.5107421875,135.51980590820312
-1558.578369140625,-2084.485595703125,135.50706481933594
-1559.0931396484375,-2084.464111328125,135.49440002441406
-1559.6082763671875,-2084.445556640625,135.4817352294922
-1560.1234130859375,-2084.429931640625,135.46865844726562
-1560.6387939453125,-2084.4169921875,135.4554901123047
-1561.1544189453125,-2084.406982421875,135.4422607421875
-1561.6702880859375,-2084.398681640625,135.42857360839844
-1562.1865234375,-2084.392822265625,135.41456604003906
-1562.702880859375,-2084.38916015625,135.4003448486328
-1563.2196044921875,-2084.387451171875,135.38597106933594
-1563.7364501953125,-2084.387451171875,135.37142944335938
-1564.25341796875,-2084.389404296875,135.35671997070312
-1564.770751953125,-2084.392578125,135.34194946289062
-1565.28857421875,-2084.39794921875,135.32742309570312
-1565.806396484375,-2084.404541015625,135.31292724609375
-1566.3243408203125,-2084.4130859375,135.29776000976562
-1566.8424072265625,-2084.42333984375,135.2822723388672
-1567.360595703125,-2084.43505859375,135.2667999267578
-1567.8790283203125,-2084.44775390625,135.25161743164062
-1568.397216796875,-2084.46240234375,135.23629760742188
-1568.9158935546875,-2084.478759765625,135.2202606201172
-1569.4346923828125,-2084.49755859375,135.2034454345703
-1569.9532470703125,-2084.518798828125,135.18496704101562
-1570.4720458984375,-2084.5419921875,135.16555786132812
-1570.9913330078125,-2084.56494140625,135.14697265625
-1571.5106201171875,-2084.591064453125,135.1277313232422
-1572.0302734375,-2084.619384765625,135.10858154296875
-1572.55029296875,-2084.650634765625,135.08787536621094
-1573.07080078125,-2084.684326171875,135.0656280517578
-1573.5914306640625,-2084.71875,135.04501342773438
-1574.1121826171875,-2084.755859375,135.0252227783203
-1574.6331787109375,-2084.794677734375,135.0072479248047
-1575.154541015625,-2084.836181640625,134.98965454101562
-1575.675537109375,-2084.881103515625,134.9714813232422
-1576.1962890625,-2084.927734375,134.9532012939453
-1576.71728515625,-2084.9755859375,134.93487548828125
-1577.238525390625,-2085.02490234375,134.91688537597656
-1577.7593994140625,-2085.076171875,134.89889526367188
-1578.2806396484375,-2085.129150390625,134.8795928955078
-1578.802490234375,-2085.18212890625,134.860107421875
-1579.324462890625,-2085.236328125,134.8413543701172
-1579.846923828125,-2085.29150390625,134.8227081298828
-1580.3695068359375,-2085.3486328125,134.80352783203125
-1580.8924560546875,-2085.407470703125,134.78268432617188
-1581.41552734375,-2085.466796875,134.76119995117188
-1581.938720703125,-2085.52685546875,134.7403564453125
-1582.4619140625,-2085.587646484375,134.7209014892578
-1582.985595703125,-2085.650390625,134.7003173828125
-1583.50927734375,-2085.7138671875,134.6790313720703
-1584.0338134765625,-2085.7783203125,134.657470703125
-1584.5587158203125,-2085.84228515625,134.63687133789062
-1585.0836181640625,-2085.90771484375,134.61634826660156
-1585.608642578125,-2085.974853515625,134.5946502685547
-1586.13427734375,-2086.0419921875,134.57260131835938
-1586.65966796875,-2086.10986328125,134.55064392089844
-1587.185546875,-2086.17724609375,134.5298614501953
-1587.7117919921875,-2086.245849609375,134.50816345214844
-1588.2381591796875,-2086.315673828125,134.4850311279297
-1588.76513671875,-2086.385498046875,134.46080017089844
-1589.29296875,-2086.454345703125,134.43699645996094
-1589.821044921875,-2086.52392578125,134.4133758544922
-1590.3494873046875,-2086.593994140625,134.3896026611328
-1590.878662109375,-2086.664306640625,134.36546325683594
-1591.407958984375,-2086.7353515625,134.3406982421875
-1591.9373779296875,-2086.8056640625,134.3171844482422
-1592.4671630859375,-2086.877197265625,134.29298400878906
-1592.9974365234375,-2086.949462890625,134.26864624023438
-1593.5279541015625,-2087.02099609375,134.24490356445312
-1594.0592041015625,-2087.0927734375,134.220703125
-1594.59033203125,-2087.16552734375,134.1961669921875
-1595.1221923828125,-2087.238525390625,134.17149353027344
-1595.6546630859375,-2087.310546875,134.1470947265625
-1596.18701171875,-2087.38330078125,134.12286376953125
-1596.719970703125,-2087.45654296875,134.0989227294922
-1597.25341796875,-2087.530029296875,134.07415771484375
-1597.786865234375,-2087.60400390625,134.04896545410156
-1598.32080078125,-2087.677734375,134.02444458007812
-1598.8553466796875,-2087.75146484375,133.99929809570312
-1599.3900146484375,-2087.825927734375,133.9739227294922
-1599.925048828125,-2087.89990234375,133.94862365722656
-1600.460693359375,-2087.974609375,133.9227294921875
-1600.9964599609375,-2088.049560546875,133.896484375
-1601.532470703125,-2088.124755859375,133.8705291748047
-1602.0692138671875,-2088.2001953125,133.84413146972656
-1602.6060791015625,-2088.276123046875,133.8175506591797
-1603.143310546875,-2088.352294921875,133.7906036376953
-1603.68115234375,-2088.428466796875,133.76318359375
-1604.2193603515625,-2088.505615234375,133.735595703125
-1604.7574462890625,-2088.583740234375,133.7075958251953
-1605.2962646484375,-2088.66162109375,133.6791534423828
-1605.835693359375,-2088.7392578125,133.65150451660156
-1606.3751220703125,-2088.818603515625,133.6233367919922
-1606.9151611328125,-2088.898193359375,133.59500122070312
-1607.455810546875,-2088.97802734375,133.56629943847656
-1607.9967041015625,-2089.0595703125,133.53707885742188
-1608.53759765625,-2089.140625,133.5085906982422
-1609.0791015625,-2089.22412109375,133.47869873046875
-1609.6207275390625,-2089.307373046875,133.44911193847656
-1610.1632080078125,-2089.39111328125,133.42127990722656
-1610.70556640625,-2089.476806640625,133.39154052734375
-1611.248291015625,-2089.563720703125,133.36143493652344
-1611.7918701171875,-2089.651123046875,133.33120727539062
-1612.3359375,-2089.7392578125,133.3011932373047
-1612.8798828125,-2089.828857421875,133.27220153808594
-1613.4246826171875,-2089.91943359375,133.2425994873047
-1613.9696044921875,-2090.01123046875,133.2122344970703
-1614.514892578125,-2090.10400390625,133.18234252929688
-1615.060546875,-2090.19775390625,133.1528778076172
-1615.6064453125,-2090.29296875,133.12269592285156
-1616.1527099609375,-2090.389404296875,133.0921173095703
-1616.699951171875,-2090.486083984375,133.06216430664062
-1617.2474365234375,-2090.584228515625,133.03253173828125
-1617.7957763671875,-2090.683349609375,133.0023956298828
-1618.3441162109375,-2090.783935546875,132.9713134765625
-1618.892822265625,-2090.8857421875,132.9398193359375
-1619.44189453125,-2090.989013671875,132.9082489013672
-1619.9910888671875,-2091.093017578125,132.8765869140625
-1620.54052734375,-2091.197509765625,132.8457794189453
-1621.0908203125,-2091.30322265625,132.81414794921875
-1621.641357421875,-2091.410888671875,132.7816162109375
-1622.192138671875,-2091.51904296875,132.74905395507812
-1622.743408203125,-2091.628662109375,132.71615600585938
-1623.295166015625,-2091.73974609375,132.6818389892578
-1623.84716796875,-2091.851318359375,132.6470184326172
-1624.39990234375,-2091.9638671875,132.6115264892578
-1624.9532470703125,-2092.077392578125,132.57601928710938
-1625.506591796875,-2092.192138671875,132.54116821289062
-1626.0609130859375,-2092.3076171875,132.5067138671875
-1626.615966796875,-2092.42431640625,132.47227478027344
-1627.171142578125,-2092.542236328125,132.4385223388672
-1627.7265625,-2092.66162109375,132.4049530029297
-1628.2823486328125,-2092.781494140625,132.37245178222656
-1628.838623046875,-2092.9033203125,132.33917236328125
-1629.39501953125,-2093.026123046875,132.30560302734375
-1629.9522705078125,-2093.1494140625,132.27151489257812
-1630.5101318359375,-2093.2734375,132.2372283935547
-1631.068603515625,-2093.39794921875,132.2036895751953
-1631.6275634765625,-2093.5234375,132.1702880859375
-1632.1873779296875,-2093.64990234375,132.1370086669922
-1632.74755859375,-2093.77734375,132.10247802734375
-1633.30810546875,-2093.905029296875,132.0674591064453
-1633.8695068359375,-2094.033203125,132.03367614746094
-1634.43115234375,-2094.162841796875,131.99937438964844
-1634.9935302734375,-2094.29248046875,131.9657440185547
-1635.556396484375,-2094.42333984375,131.93214416503906
-1636.119873046875,-2094.5546875,131.8990478515625
-1636.6839599609375,-2094.687744140625,131.86500549316406
-1637.2484130859375,-2094.82177734375,131.83047485351562
-1637.8135986328125,-2094.95654296875,131.7964324951172
-1638.379150390625,-2095.092041015625,131.76219177246094
-1638.9453125,-2095.228271484375,131.7274932861328
-1639.5113525390625,-2095.365478515625,131.69271850585938
-1640.07763671875,-2095.50390625,131.65762329101562
-1640.644287109375,-2095.64306640625,131.62225341796875
-1641.211181640625,-2095.782470703125,131.58761596679688
-1641.7779541015625,-2095.92333984375,131.5526123046875
-1642.345458984375,-2096.06494140625,131.51766967773438
-1642.9136962890625,-2096.207763671875,131.48265075683594
-1643.4825439453125,-2096.350830078125,131.44760131835938
-1644.0517578125,-2096.494384765625,131.41427612304688
-1644.621337890625,-2096.639404296875,131.3805389404297
-1645.1915283203125,-2096.784912109375,131.3467254638672
-1645.7615966796875,-2096.931640625,131.313232421875
-1646.33203125,-2097.078369140625,131.2804412841797
-1646.903076171875,-2097.2265625,131.2472686767578
-1647.474365234375,-2097.375244140625,131.2140350341797
-1648.0462646484375,-2097.524658203125,131.1820068359375
-1648.6185302734375,-2097.67431640625,131.1504364013672
-1649.1907958984375,-2097.826171875,131.1175079345703
-1649.763427734375,-2097.977294921875,131.0854949951172
-1650.33642578125,-2098.12890625,131.05325317382812
-1650.90966796875,-2098.281005859375,131.02207946777344
-1651.4830322265625,-2098.434326171875,130.98924255371094
-1652.0567626953125,-2098.587646484375,130.95635986328125
-1652.630615234375,-2098.7412109375,130.9242706298828
-1653.2049560546875,-2098.89453125,130.8928680419922
-1653.77978515625,-2099.048583984375,130.8614959716797
-1654.3543701171875,-2099.203369140625,130.82972717285156
-1654.9287109375,-2099.3583984375,130.79891967773438
-1655.5029296875,-2099.513916015625,130.76829528808594
-1656.0767822265625,-2099.669677734375,130.73831176757812
-1656.650146484375,-2099.826171875,130.70822143554688
-1657.223388671875,-2099.983154296875,130.67771911621094
-1657.7965087890625,-2100.140380859375,130.6469268798828
-1658.369140625,-2100.298095703125,130.61558532714844
-1658.941162109375,-2100.45556640625,130.58509826660156
-1659.51318359375,-2100.613525390625,130.55494689941406
-1660.0848388671875,-2100.771728515625,130.52565002441406
-1660.6556396484375,-2100.931396484375,130.4967803955078
-1661.225830078125,-2101.09130859375,130.4681396484375
-1661.7955322265625,-2101.25146484375,130.4407196044922
-1662.3648681640625,-2101.412109375,130.4136199951172
-1662.9332275390625,-2101.57373046875,130.3871307373047
-1663.5009765625,-2101.73681640625,130.359619140625
-1664.0682373046875,-2101.8994140625,130.33238220214844
-1664.63525390625,-2102.06201171875,130.30532836914062
-1665.2012939453125,-2102.225830078125,130.2783203125
-1665.766845703125,-2102.38916015625,130.2525177001953
-1666.331787109375,-2102.5537109375,130.2266082763672
-1666.896240234375,-2102.718505859375,130.20120239257812
-1667.459716796875,-2102.884521484375,130.1759490966797
-1668.0225830078125,-2103.050537109375,130.15139770507812
-1668.5848388671875,-2103.217529296875,130.12623596191406
-1669.146240234375,-2103.385498046875,130.10118103027344
-1669.706787109375,-2103.55419921875,130.07647705078125
-1670.2666015625,-2103.723388671875,130.05226135253906
-1670.82568359375,-2103.893798828125,130.02774047851562
-1671.3837890625,-2104.06494140625,130.00338745117188
-1671.9412841796875,-2104.23681640625,129.98016357421875
-1672.497802734375,-2104.40966796875,129.95701599121094
-1673.0535888671875,-2104.58349609375,129.93328857421875
-1673.6087646484375,-2104.757568359375,129.90956115722656
-1674.1630859375,-2104.93212890625,129.88705444335938
-1674.7169189453125,-2105.107421875,129.864990234375
-1675.2694091796875,-2105.28466796875,129.8419952392578
-1675.8206787109375,-2105.46240234375,129.81813049316406
-1676.3717041015625,-2105.64013671875,129.79563903808594
-1676.9219970703125,-2105.818603515625,129.7733917236328
-1677.4710693359375,-2105.997802734375,129.7520751953125
-1678.0196533203125,-2106.178955078125,129.72921752929688
-1678.567626953125,-2106.360107421875,129.70693969726562
-1679.1143798828125,-2106.542236328125,129.6857452392578
-1679.659912109375,-2106.725830078125,129.66444396972656
-1680.20458984375,-2106.910400390625,129.64373779296875
-1680.7481689453125,-2107.09619140625,129.6227569580078
-1681.2904052734375,-2107.284423828125,129.6014404296875
-1681.83154296875,-2107.473388671875,129.5812530517578
-1682.37158203125,-2107.664794921875,129.56088256835938
-1682.909912109375,-2107.857421875,129.5413055419922
-1683.4456787109375,-2108.052490234375,129.52166748046875
-1683.9781494140625,-2108.24951171875,129.50204467773438
-1684.5072021484375,-2108.44775390625,129.483642578125
-1685.031982421875,-2108.6474609375,129.4658660888672
-1685.5517578125,-2108.8486328125,129.44911193847656
-1686.0665283203125,-2109.05126953125,129.43177795410156
-1686.575439453125,-2109.254638671875,129.4141082763672
-1687.0780029296875,-2109.45703125,129.39785766601562
-1687.5745849609375,-2109.659912109375,129.3816375732422
-1688.0657958984375,-2109.86279296875,129.36553955078125
-1688.552734375,-2110.06689453125,129.34982299804688
-1689.0367431640625,-2110.271240234375,129.33413696289062
-1689.517822265625,-2110.477294921875,129.31820678710938
-1689.995849609375,-2110.684326171875,129.3029327392578
-1690.471435546875,-2110.892822265625,129.2875518798828
-1690.9439697265625,-2111.102294921875,129.27316284179688
-1691.4136962890625,-2111.312744140625,129.25942993164062
-1691.8817138671875,-2111.525390625,129.24533081054688
-1692.347900390625,-2111.739501953125,129.23072814941406
-1692.812744140625,-2111.955322265625,129.21646118164062
-1693.2760009765625,-2112.172607421875,129.2019805908203
-1693.73779296875,-2112.3916015625,129.18838500976562
-1694.1983642578125,-2112.61181640625,129.17469787597656
-1694.6575927734375,-2112.833984375,129.1607666015625
-1695.114990234375,-2113.05810546875,129.1476593017578
-1695.57080078125,-2113.284423828125,129.1345977783203
-1696.0245361328125,-2113.5126953125,129.12208557128906
-1696.4764404296875,-2113.7431640625,129.11013793945312
-1696.9266357421875,-2113.9755859375,129.0988311767578
-1697.37451171875,-2114.211181640625,129.08724975585938
-1697.8204345703125,-2114.448486328125,129.07626342773438
-1698.2646484375,-2114.6884765625,129.06492614746094
-1698.7064208984375,-2114.931884765625,129.0535125732422
-1699.1461181640625,-2115.177490234375,129.04270935058594
-1699.5831298828125,-2115.426513671875,129.03152465820312
-1700.017822265625,-2115.677734375,129.02072143554688
-1700.450927734375,-2115.931640625,129.01016235351562
-1700.880615234375,-2116.189208984375,128.99972534179688
-1701.3079833984375,-2116.44970703125,128.98992919921875
-1701.7330322265625,-2116.712890625,128.97970581054688
-1702.1551513671875,-2116.97900390625,128.96942138671875
-1702.5755615234375,-2117.2470703125,128.96009826660156
-1702.99365234375,-2117.517578125,128.95074462890625
-1703.4097900390625,-2117.789794921875,128.94261169433594
-1703.824462890625,-2118.06396484375,128.93423461914062
-1704.2371826171875,-2118.340576171875,128.9259490966797
-1704.6483154296875,-2118.618408203125,128.9178009033203
-1705.0577392578125,-2118.898193359375,128.9093780517578
-1705.4647216796875,-2119.1796875,128.90087890625
-1705.8701171875,-2119.46240234375,128.89288330078125
-1706.273681640625,-2119.74658203125,128.8848419189453
-1706.67529296875,-2120.031982421875,128.8775634765625
-1707.0750732421875,-2120.31884765625,128.8700714111328
-1707.472900390625,-2120.60693359375,128.86264038085938
-1707.86962890625,-2120.896240234375,128.85482788085938
-1708.2642822265625,-2121.18701171875,128.84640502929688
-1708.6571044921875,-2121.479248046875,128.8389434814453
-1709.0482177734375,-2121.773193359375,128.8313751220703
-1709.4366455078125,-2122.0693359375,128.8232879638672
-1709.8231201171875,-2122.3671875,128.81605529785156
-1710.2069091796875,-2122.667236328125,128.8086395263672
-1710.588134765625,-2122.968994140625,128.80218505859375
-1710.9666748046875,-2123.272705078125,128.79623413085938
-1711.34228515625,-2123.577880859375,128.79098510742188
-1711.71484375,-2123.885009765625,128.78628540039062
-1712.084716796875,-2124.193115234375,128.78155517578125
-1712.451416015625,-2124.50341796875,128.77622985839844
-1712.815673828125,-2124.8154296875,128.77084350585938
-1713.1771240234375,-2125.12939453125,128.76605224609375
-1713.534912109375,-2125.446044921875,128.7618408203125
-1713.8890380859375,-2125.7646484375,128.75779724121094
-1714.240234375,-2126.085205078125,128.75450134277344
-1714.5875244140625,-2126.40771484375,128.75003051757812
-1714.9307861328125,-2126.732421875,128.7451171875
-1715.269775390625,-2127.058837890625,128.7403106689453
-1715.6044921875,-2127.386962890625,128.73574829101562
-1715.93505859375,-2127.716064453125,128.73193359375
-1716.260986328125,-2128.046142578125,128.7286376953125
-1716.582275390625,-2128.37744140625,128.72471618652344
-1716.8990478515625,-2128.709228515625,128.72023010253906
-1717.21142578125,-2129.040771484375,128.71551513671875
-1717.5194091796875,-2129.371337890625,128.71095275878906
-1717.82275390625,-2129.700439453125,128.7068328857422
-1718.1214599609375,-2130.02783203125,128.70291137695312
-1718.4149169921875,-2130.35400390625,128.69911193847656
-1718.7030029296875,-2130.67822265625,128.69515991210938
-1718.986083984375,-2131.000732421875,128.69125366210938
-1719.264404296875,-2131.322021484375,128.6873321533203
-1719.5372314453125,-2131.641845703125,128.68380737304688
-1719.804931640625,-2131.959716796875,128.68038940429688
-1720.0673828125,-2132.275390625,128.6770477294922
-1720.32421875,-2132.589111328125,128.67393493652344
-1720.5758056640625,-2132.900390625,128.67098999023438
-1720.82275390625,-2133.2099609375,128.66793823242188
-1721.0653076171875,-2133.518310546875,128.66482543945312
-1721.303466796875,-2133.825439453125,128.6617889404297
-1721.537841796875,-2134.13232421875,128.65866088867188
-1721.768798828125,-2134.439208984375,128.65541076660156
-1721.99609375,-2134.745849609375,128.65199279785156
-1722.2200927734375,-2135.052978515625,128.64862060546875
-1722.440673828125,-2135.3603515625,128.6453094482422
-1722.657958984375,-2135.66845703125,128.64210510253906
-1722.8719482421875,-2135.976806640625,128.6389923095703
-1723.0826416015625,-2136.285400390625,128.6358642578125
-1723.290283203125,-2136.5947265625,128.63259887695312
-1723.4951171875,-2136.904541015625,128.62905883789062
-1723.6973876953125,-2137.2158203125,128.62542724609375
-1723.8968505859375,-2137.528076171875,128.62193298339844
-1724.093505859375,-2137.841064453125,128.6186065673828
-1724.287353515625,-2138.155517578125,128.6153564453125
-1724.4783935546875,-2138.470947265625,128.61212158203125
-1724.6661376953125,-2138.787841796875,128.60867309570312
-1724.85107421875,-2139.105224609375,128.60498046875
-1725.0328369140625,-2139.42431640625,128.601318359375
-1725.211669921875,-2139.744384765625,128.59793090820312
-1725.387451171875,-2140.0654296875,128.59481811523438
-1725.56005859375,-2140.387451171875,128.59188842773438
-1725.7296142578125,-2140.710205078125,128.5889892578125
-1725.89599609375,-2141.034423828125,128.58590698242188
-1726.058837890625,-2141.359375,128.58265686035156
-1726.21826171875,-2141.685791015625,128.5793914794922
-1726.3739013671875,-2142.012939453125,128.5763397216797
-1726.526123046875,-2142.34130859375,128.57345581054688
-1726.67431640625,-2142.67041015625,128.5706024169922
-1726.818603515625,-2143.00048828125,128.56776428222656
-1726.959228515625,-2143.33154296875,128.56483459472656
-1727.095703125,-2143.663818359375,128.56179809570312
-1727.2281494140625,-2143.997314453125,128.5585479736328
-1727.35595703125,-2144.331787109375,128.55520629882812
-1727.4793701171875,-2144.667236328125,128.55181884765625
-1727.598388671875,-2145.003662109375,128.5483856201172
-1727.7127685546875,-2145.341064453125,128.54501342773438
-1727.8223876953125,-2145.67919921875,128.54168701171875
-1727.9273681640625,-2146.018310546875,128.53826904296875
-1728.027587890625,-2146.3583984375,128.53460693359375
-1728.123291015625,-2146.698974609375,128.53073120117188
-1728.2144775390625,-2147.040283203125,128.5266876220703
-1728.3016357421875,-2147.3818359375,128.5225830078125
-1728.384521484375,-2147.72412109375,128.51849365234375
-1728.4635009765625,-2148.06640625,128.51446533203125
-1728.5391845703125,-2148.409423828125,128.510498046875
-1728.61181640625,-2148.75244140625,128.50662231445312
-1728.681884765625,-2149.095703125,128.5028533935547
-1728.74951171875,-2149.439208984375,128.49913024902344
-1728.8154296875,-2149.782958984375,128.495361328125
-1728.879638671875,-2150.126953125,128.49139404296875
-1728.9423828125,-2150.471435546875,128.4871063232422
-1729.0037841796875,-2150.81591796875,128.48275756835938
-1729.064208984375,-2151.160888671875,128.47865295410156
-1729.123291015625,-2151.506103515625,128.47499084472656
-1729.180908203125,-2151.8525390625,128.47161865234375
-1729.2371826171875,-2152.199462890625,128.4683074951172
-1729.2918701171875,-2152.5478515625,128.46493530273438
-1729.3453369140625,-2152.897216796875,128.46136474609375
-1729.3970947265625,-2153.247314453125,128.45767211914062
-1729.447021484375,-2153.59814453125,128.45404052734375
-1729.4949951171875,-2153.949951171875,128.45074462890625
-1729.5408935546875,-2154.302490234375,128.4475860595703
-1729.58447265625,-2154.6552734375,128.44454956054688
-1729.6256103515625,-2155.008544921875,128.44180297851562
-1729.6636962890625,-2155.362060546875,128.43931579589844
-1729.69921875,-2155.71533203125,128.43687438964844
-1729.7315673828125,-2156.068359375,128.4344024658203
-1729.7606201171875,-2156.421875,128.4320526123047
-1729.7864990234375,-2156.775146484375,128.42965698242188
-1729.80908203125,-2157.128173828125,128.42723083496094
-1729.8280029296875,-2157.48095703125,128.42506408691406
-1729.843505859375,-2157.833740234375,128.42311096191406
-1729.85546875,-2158.18603515625,128.4212646484375
-1729.8636474609375,-2158.5380859375,128.41949462890625
-1729.8685302734375,-2158.889892578125,128.4176788330078
-1729.86962890625,-2159.2412109375,128.41583251953125
-1729.8670654296875,-2159.59228515625,128.41387939453125
-1729.8609619140625,-2159.94287109375,128.4119873046875
-1729.85107421875,-2160.29296875,128.41018676757812
-1729.8375244140625,-2160.642333984375,128.4083709716797
-1729.8204345703125,-2160.990966796875,128.40646362304688
-1729.8001708984375,-2161.33935546875,128.40460205078125
-1729.77685546875,-2161.6875,128.40264892578125
-1729.750732421875,-2162.03515625,128.40057373046875
-1729.721923828125,-2162.382080078125,128.39837646484375
-1729.6903076171875,-2162.728515625,128.3961181640625
-1729.65576171875,-2163.074951171875,128.39382934570312
-1729.618408203125,-2163.4208984375,128.39166259765625
-1729.5784912109375,-2163.76708984375,128.38973999023438
-1729.535888671875,-2164.113037109375,128.38792419433594
-1729.4906005859375,-2164.45947265625,128.3860321044922
-1729.4422607421875,-2164.805908203125,128.38414001464844
-1729.3914794921875,-2165.152587890625,128.38233947753906
-1729.337890625,-2165.50048828125,128.3804473876953
-1729.2813720703125,-2165.848876953125,128.37841796875
-1729.221923828125,-2166.197998046875,128.37669372558594
-1729.15966796875,-2166.54833984375,128.3752899169922
-1729.094482421875,-2166.8994140625,128.3740234375
-1729.026123046875,-2167.25146484375,128.3729248046875
-1728.9544677734375,-2167.60498046875,128.3722381591797
-1728.879150390625,-2167.959716796875,128.37167358398438
-1728.80029296875,-2168.315673828125,128.3709259033203
-1728.717529296875,-2168.6728515625,128.37010192871094
-1728.6309814453125,-2169.030517578125,128.36924743652344
-1728.5406494140625,-2169.387939453125,128.36846923828125
-1728.4468994140625,-2169.744140625,128.36793518066406
-1728.3494873046875,-2170.09912109375,128.36773681640625
-1728.24853515625,-2170.452392578125,128.36770629882812
-1728.14404296875,-2170.80419921875,128.367431640625
-1728.0361328125,-2171.154541015625,128.3670654296875
-1727.924560546875,-2171.50341796875,128.3665313720703
-1727.809326171875,-2171.8505859375,128.36587524414062
-1727.6905517578125,-2172.195556640625,128.36495971679688
-1727.5684814453125,-2172.539306640625,128.36378479003906
-1727.443359375,-2172.881103515625,128.36264038085938
-1727.31494140625,-2173.2216796875,128.36172485351562
-1727.183349609375,-2173.56005859375,128.36099243164062
-1727.0484619140625,-2173.896728515625,128.36036682128906
-1726.9105224609375,-2174.2314453125,128.3597869873047
-1726.769287109375,-2174.564697265625,128.35926818847656
-1726.6251220703125,-2174.89599609375,128.35858154296875
-1726.47802734375,-2175.22509765625,128.3577423095703
-1726.3280029296875,-2175.552490234375,128.3570556640625
-1726.1751708984375,-2175.878662109375,128.35655212402344
-1726.0198974609375,-2176.203125,128.35614013671875
-1725.8619384765625,-2176.52685546875,128.35592651367188
-1725.701416015625,-2176.848876953125,128.35606384277344
-1725.538330078125,-2177.170166015625,128.35650634765625
-1725.37255859375,-2177.489990234375,128.35711669921875
-1725.2037353515625,-2177.808837890625,128.3578338623047
-1725.031982421875,-2178.126953125,128.35855102539062
-1724.85693359375,-2178.444580078125,128.3590850830078
-1724.6787109375,-2178.76171875,128.35946655273438
-1724.4967041015625,-2179.0791015625,128.3600616455078
-1724.3106689453125,-2179.396728515625,128.36080932617188
-1724.1207275390625,-2179.715087890625,128.36154174804688
-1723.9266357421875,-2180.034423828125,128.36256408691406
-1723.727783203125,-2180.354248046875,128.3638458251953
-1723.5242919921875,-2180.6748046875,128.36505126953125
-1723.31591796875,-2180.99609375,128.36614990234375
-1723.1026611328125,-2181.3173828125,128.36717224121094
-1722.88427734375,-2181.638916015625,128.36825561523438
-1722.6610107421875,-2181.9609375,128.36932373046875
-1722.4327392578125,-2182.282958984375,128.3704833984375
-1722.19921875,-2182.604736328125,128.37171936035156
-1721.96044921875,-2182.926025390625,128.3728790283203
-1721.7166748046875,-2183.247802734375,128.37408447265625
-1721.4676513671875,-2183.56884765625,128.37522888183594
-1721.213134765625,-2183.8896484375,128.37637329101562
-1720.9537353515625,-2184.21044921875,128.37770080566406
-1720.6890869140625,-2184.53076171875,128.37899780273438
-1720.4189453125,-2184.850341796875,128.38034057617188
-1720.14404296875,-2185.16943359375,128.38174438476562
-1719.864013671875,-2185.488037109375,128.38316345214844
-1719.57958984375,-2185.804931640625,128.38479614257812
-1719.2913818359375,-2186.12060546875,128.38682556152344
-1718.999267578125,-2186.434814453125,128.38900756835938
-1718.7034912109375,-2186.747802734375,128.3913116455078
-1718.404052734375,-2187.05908203125,128.3937225341797
-1718.1009521484375,-2187.36865234375,128.39610290527344
-1717.7940673828125,-2187.67578125,128.39857482910156
-1717.4837646484375,-2187.98095703125,128.40121459960938
-1717.169921875,-2188.283935546875,128.40380859375
-1716.8524169921875,-2188.58447265625,128.4066619873047
-1716.531982421875,-2188.881103515625,128.4098663330078
-1716.208740234375,-2189.175537109375,128.41319274902344
-1715.88232421875,-2189.46533203125,128.41656494140625
-1715.5533447265625,-2189.751708984375,128.41990661621094
-1715.2215576171875,-2190.0341796875,128.42315673828125
-1714.8873291015625,-2190.312744140625,128.42665100097656
-1714.5506591796875,-2190.587158203125,128.43035888671875
-1714.2115478515625,-2190.857666015625,128.43423461914062
-1713.8702392578125,-2191.124267578125,128.43817138671875
-1713.5269775390625,-2191.38720703125,128.4421844482422
-1713.1815185546875,-2191.646484375,128.4461669921875
-1712.8338623046875,-2191.90185546875,128.45028686523438
-1712.484375,-2192.1533203125,128.4544677734375
-1712.1329345703125,-2192.401123046875,128.45860290527344
-1711.77978515625,-2192.64501953125,128.4628143310547
-1711.4249267578125,-2192.884765625,128.46705627441406
-1711.068603515625,-2193.120849609375,128.47129821777344
-1710.7108154296875,-2193.35400390625,128.47564697265625
-1710.3516845703125,-2193.58349609375,128.48013305664062
-1709.9910888671875,-2193.809814453125,128.48458862304688
-1709.62939453125,-2194.032470703125,128.48898315429688
-1709.2662353515625,-2194.251708984375,128.49325561523438
-1708.901611328125,-2194.467529296875,128.49749755859375
-1708.535888671875,-2194.6796875,128.5018768310547
-1708.1685791015625,-2194.888427734375,128.5062255859375
-1707.800048828125,-2195.093505859375,128.5104522705078
-1707.43017578125,-2195.294677734375,128.5144805908203
-1707.0587158203125,-2195.4921875,128.51829528808594
-1706.685791015625,-2195.685302734375,128.52227783203125
-1706.3111572265625,-2195.874267578125,128.52670288085938
-1705.93505859375,-2196.058837890625,128.5314483642578
-1705.5572509765625,-2196.239013671875,128.53611755371094
-1705.177978515625,-2196.414794921875,128.54043579101562
-1704.79736328125,-2196.5859375,128.54452514648438
-1704.415283203125,-2196.7529296875,128.5487823486328
-1704.03173828125,-2196.915771484375,128.55348205566406
-1703.6470947265625,-2197.07421875,128.55848693847656
-1703.26123046875,-2197.2275390625,128.56358337402344
-1702.874267578125,-2197.377197265625,128.56842041015625
-1702.486083984375,-2197.522216796875,128.57310485839844
-1702.0965576171875,-2197.6630859375,128.57801818847656
-1701.706298828125,-2197.799560546875,128.58319091796875
-1701.31494140625,-2197.931884765625,128.58828735351562
-1700.922607421875,-2198.059326171875,128.59335327148438
-1700.529296875,-2198.18310546875,128.59849548339844
-1700.135009765625,-2198.302490234375,128.6038360595703
-1699.73974609375,-2198.41748046875,128.6094207763672
-1699.34375,-2198.52783203125,128.6154022216797
-1698.947021484375,-2198.634033203125,128.62168884277344
-1698.549560546875,-2198.736328125,128.6279296875
-1698.1514892578125,-2198.83447265625,128.63418579101562
-1697.753173828125,-2198.928955078125,128.6407928466797
-1697.354248046875,-2199.01953125,128.64761352539062
-1696.9549560546875,-2199.10693359375,128.65484619140625
-1696.55517578125,-2199.190673828125,128.6625518798828
-1696.155029296875,-2199.271240234375,128.67031860351562
-1695.754638671875,-2199.348388671875,128.6775360107422
-1695.3538818359375,-2199.423095703125,128.6842803955078
-1694.952880859375,-2199.4951171875,128.69081115722656
-1694.5517578125,-2199.564697265625,128.69760131835938
-1694.150390625,-2199.6318359375,128.70465087890625
-1693.7490234375,-2199.69677734375,128.7117462158203
-1693.3475341796875,-2199.76025390625,128.7185821533203
-1692.9459228515625,-2199.822021484375,128.72488403320312
-1692.544189453125,-2199.882568359375,128.73081970214844
-1692.1427001953125,-2199.94189453125,128.736328125
-1691.7410888671875,-2200.0,128.74197387695312
-1691.3397216796875,-2200.057861328125,128.74777221679688
-1690.9383544921875,-2200.11474609375,128.75340270996094
-1690.536865234375,-2200.1708984375,128.75881958007812
-1690.1357421875,-2200.226318359375,128.76426696777344
-1689.7344970703125,-2200.28125,128.76979064941406
-1689.3331298828125,-2200.3349609375,128.7751922607422
-1688.9320068359375,-2200.38818359375,128.78077697753906
-1688.531005859375,-2200.440673828125,128.7863311767578
-1688.1300048828125,-2200.49267578125,128.79176330566406
-1687.728759765625,-2200.543701171875,128.7965545654297
-1687.3277587890625,-2200.59423828125,128.80172729492188
-1686.9266357421875,-2200.644287109375,128.8072052001953
-1686.525634765625,-2200.693603515625,128.81275939941406
-1686.124267578125,-2200.742431640625,128.8183135986328
-1685.7225341796875,-2200.790771484375,128.82371520996094
-1685.3203125,-2200.839111328125,128.82882690429688
-1684.9176025390625,-2200.886962890625,128.83372497558594
-1684.5142822265625,-2200.93505859375,128.83856201171875
-1684.110595703125,-2200.983642578125,128.84347534179688
-1683.7061767578125,-2201.031982421875,128.84857177734375
-1683.3009033203125,-2201.0810546875,128.85394287109375
-1682.8946533203125,-2201.13037109375,128.85910034179688
-1682.4871826171875,-2201.180419921875,128.86407470703125
-1682.0787353515625,-2201.23095703125,128.86886596679688
-1681.6688232421875,-2201.28271484375,128.87368774414062
-1681.2579345703125,-2201.33544921875,128.87863159179688
-1680.8458251953125,-2201.389404296875,128.8838348388672
-1680.4324951171875,-2201.444091796875,128.88914489746094
-1680.01806640625,-2201.49951171875,128.89437866210938
-1679.60205078125,-2201.55615234375,128.89971923828125
-1679.1849365234375,-2201.613037109375,128.9051055908203
-1678.7667236328125,-2201.671142578125,128.91053771972656
-1678.3468017578125,-2201.72998046875,128.9159698486328
-1677.925048828125,-2201.789306640625,128.92147827148438
-1677.5010986328125,-2201.84912109375,128.92715454101562
-1677.07470703125,-2201.909423828125,128.93284606933594
-1676.6453857421875,-2201.969970703125,128.93856811523438
-1676.2125244140625,-2202.03125,128.9440155029297
-1675.7752685546875,-2202.09326171875,128.9497528076172
-1675.333740234375,-2202.15576171875,128.95587158203125
-1674.887939453125,-2202.21826171875,128.96238708496094
-1674.43798828125,-2202.281494140625,128.96905517578125
-1673.9837646484375,-2202.34521484375,128.97569274902344
-1673.525146484375,-2202.4091796875,128.9822235107422
-1673.0625,-2202.473876953125,128.98910522460938
-1672.595703125,-2202.538818359375,128.9964599609375
-1672.12451171875,-2202.604248046875,129.00392150878906
-1671.6490478515625,-2202.669677734375,129.01133728027344
-1671.1690673828125,-2202.7353515625,129.01858520507812
-1670.6845703125,-2202.802490234375,129.02578735351562
-1670.1956787109375,-2202.8701171875,129.03292846679688
-1669.7025146484375,-2202.938720703125,129.04006958007812
-1669.204833984375,-2203.0087890625,129.04721069335938
-1668.7027587890625,-2203.080078125,129.05421447753906
-1668.1966552734375,-2203.152587890625,129.06124877929688
-1667.68701171875,-2203.2265625,129.06826782226562
-1667.175048828125,-2203.3017578125,129.07528686523438
-1666.6619873046875,-2203.3779296875,129.08253479003906
-1666.149169921875,-2203.454345703125,129.0897674560547
-1665.6370849609375,-2203.5322265625,129.09695434570312
-1665.1258544921875,-2203.6103515625,129.10394287109375
-1664.615478515625,-2203.689208984375,129.11062622070312
-1664.10546875,-2203.7685546875,129.11705017089844
-1663.5963134765625,-2203.8486328125,129.123046875
-1663.0877685546875,-2203.9287109375,129.12872314453125
-1662.580078125,-2204.009521484375,129.13426208496094
-1662.0732421875,-2204.09033203125,129.1396484375
-1661.567138671875,-2204.17138671875,129.14480590820312
-1661.0616455078125,-2204.252197265625,129.14956665039062
-1660.5570068359375,-2204.333251953125,129.1540069580078
-1660.0531005859375,-2204.413818359375,129.15829467773438
-1659.5499267578125,-2204.49462890625,129.16238403320312
-1659.04736328125,-2204.574462890625,129.1658477783203
-1658.5457763671875,-2204.654296875,129.16868591308594
-1658.044921875,-2204.733642578125,129.1712188720703
-1657.5447998046875,-2204.81298828125,129.1735382080078
-1657.04541015625,-2204.891845703125,129.1757354736328
-1656.5467529296875,-2204.970703125,129.17764282226562
-1656.0487060546875,-2205.04833984375,129.1792449951172
-1655.551513671875,-2205.12646484375,129.18087768554688
-1655.0550537109375,-2205.204345703125,129.18238830566406
-1654.559326171875,-2205.28271484375,129.18389892578125
-1654.064697265625,-2205.361083984375,129.1854705810547
-1653.57080078125,-2205.43994140625,129.18710327148438
-1653.078125,-2205.51953125,129.18885803222656
-1652.58642578125,-2205.599853515625,129.19065856933594
-1652.095703125,-2205.681640625,129.19268798828125
-1651.606201171875,-2205.7646484375,129.19479370117188
-1651.11767578125,-2205.84912109375,129.1968994140625
-1650.6302490234375,-2205.93505859375,129.19911193847656
-1650.1441650390625,-2206.022705078125,129.2014923095703
-1649.6590576171875,-2206.11279296875,129.20413208007812
-1649.175537109375,-2206.205322265625,129.2071990966797
-1648.6932373046875,-2206.299560546875,129.20973205566406
-1648.21240234375,-2206.3974609375,129.2129364013672
-1647.7330322265625,-2206.496826171875,129.21591186523438
-1647.2550048828125,-2206.59814453125,129.21823120117188
-1646.778564453125,-2206.70263671875,129.2198486328125
-1646.3040771484375,-2206.810546875,129.22140502929688
-1645.8316650390625,-2206.924072265625,129.22349548339844
-1645.3612060546875,-2207.042724609375,129.2274932861328
-1644.8924560546875,-2207.164306640625,129.23252868652344
-1644.4251708984375,-2207.288330078125,129.23719787597656
-1643.9599609375,-2207.41748046875,129.24127197265625
-1643.4974365234375,-2207.552490234375,129.24559020996094
-1643.038818359375,-2207.6953125,129.2520751953125
-1642.58349609375,-2207.843994140625,129.2604217529297
-1642.1307373046875,-2207.997314453125,129.2694091796875
-1641.681640625,-2208.156494140625,129.2790985107422
-1641.23583984375,-2208.321533203125,129.28848266601562
-1640.7940673828125,-2208.493408203125,129.2985382080078
-1640.3565673828125,-2208.672119140625,129.30929565429688
-1639.9232177734375,-2208.858154296875,129.32041931152344
-1639.4947509765625,-2209.051025390625,129.332275390625
-1639.0716552734375,-2209.252685546875,129.34483337402344
-1638.6539306640625,-2209.462158203125,129.3574981689453
-1638.2418212890625,-2209.678466796875,129.36978149414062
-1637.8360595703125,-2209.90234375,129.38235473632812
-1637.4378662109375,-2210.133544921875,129.3945770263672
-1637.04833984375,-2210.370361328125,129.40664672851562
-1636.6695556640625,-2210.61279296875,129.41937255859375
-1636.30224609375,-2210.859375,129.4324951171875
-1635.946044921875,-2211.107666015625,129.44549560546875
-1635.6019287109375,-2211.357421875,129.45860290527344
-1635.2698974609375,-2211.60791015625,129.4714813232422
-1634.9498291015625,-2211.859130859375,129.48391723632812
-1634.6416015625,-2212.110595703125,129.4956817626953
-1634.34521484375,-2212.362060546875,129.50686645507812
-1634.0611572265625,-2212.613525390625,129.5178985595703
-1633.7880859375,-2212.866943359375,129.52859497070312
-1633.5252685546875,-2213.12353515625,129.5389404296875
-1633.2706298828125,-2213.384033203125,129.54904174804688
-1633.0245361328125,-2213.64892578125,129.55909729003906
-1632.787109375,-2213.91845703125,129.5690460205078
-1632.5574951171875,-2214.193115234375,129.5785369873047
-1632.3360595703125,-2214.47314453125,129.5879364013672
-1632.1226806640625,-2214.7578125,129.59690856933594
-1631.917236328125,-2215.04736328125,129.60546875
-1631.7205810546875,-2215.34130859375,129.6146697998047
-1631.53173828125,-2215.63916015625,129.6240997314453
-1631.35009765625,-2215.93994140625,129.63316345214844
-1631.176513671875,-2216.243896484375,129.64212036132812
-1631.009765625,-2216.55078125,129.6500244140625
-1630.8505859375,-2216.860107421875,129.65724182128906
-1630.6998291015625,-2217.1728515625,129.6644287109375
-1630.5565185546875,-2217.487548828125,129.67213439941406
-1630.420166015625,-2217.8046875,129.6806640625
-1630.2901611328125,-2218.123046875,129.68946838378906
-1630.1656494140625,-2218.443115234375,129.6977081298828
-1630.0469970703125,-2218.764892578125,129.70567321777344
-1629.933837890625,-2219.087890625,129.71328735351562
-1629.825439453125,-2219.412353515625,129.72018432617188
-1629.722412109375,-2219.73779296875,129.72654724121094
-1629.624755859375,-2220.064453125,129.733154296875
-1629.5308837890625,-2220.391357421875,129.73971557617188
-1629.4410400390625,-2220.71923828125,129.74588012695312
-1629.35595703125,-2221.047607421875,129.75198364257812
-1629.2750244140625,-2221.37646484375,129.758544921875
-1629.197265625,-2221.705810546875,129.76564025878906
-1629.12255859375,-2222.03515625,129.77288818359375
-1629.051025390625,-2222.365234375,129.78016662597656
-1628.982666015625,-2222.695556640625,129.78759765625
-1628.916748046875,-2223.025634765625,129.79502868652344
-1628.8533935546875,-2223.35595703125,129.80140686035156
-1628.7939453125,-2223.686767578125,129.80758666992188
-1628.73828125,-2224.017822265625,129.81399536132812
-1628.6854248046875,-2224.348876953125,129.8201141357422
-1628.6361083984375,-2224.680419921875,129.82586669921875
-1628.5904541015625,-2225.01171875,129.83139038085938
-1628.548583984375,-2225.343017578125,129.8368682861328
-1628.5101318359375,-2225.675048828125,129.8421630859375
-1628.474853515625,-2226.007080078125,129.84713745117188
-1628.4429931640625,-2226.33984375,129.85223388671875
-1628.414306640625,-2226.672607421875,129.8574676513672
-1628.388671875,-2227.005615234375,129.8625030517578
-1628.366455078125,-2227.33935546875,129.86749267578125
-1628.3477783203125,-2227.67333984375,129.87254333496094
-1628.3323974609375,-2228.0078125,129.87734985351562
-1628.3204345703125,-2228.3427734375,129.8815155029297
-1628.3118896484375,-2228.677734375,129.88534545898438
-1628.3065185546875,-2229.01318359375,129.8890838623047
-1628.304443359375,-2229.34912109375,129.8928680419922
-1628.3050537109375,-2229.685791015625,129.89659118652344
-1628.30810546875,-2230.0224609375,129.89971923828125
-1628.314453125,-2230.360107421875,129.902587890625
-1628.323974609375,-2230.698486328125,129.90582275390625
-1628.335693359375,-2231.03759765625,129.90870666503906
-1628.3494873046875,-2231.37744140625,129.9111785888672
-1628.365478515625,-2231.71826171875,129.91383361816406
-1628.3837890625,-2232.059326171875,129.91665649414062
-1628.404052734375,-2232.401123046875,129.9196014404297
-1628.4259033203125,-2232.7431640625,129.92160034179688
-1628.4500732421875,-2233.086181640625,129.92330932617188
-1628.4761962890625,-2233.428955078125,129.9254150390625
-1628.5032958984375,-2233.7724609375,129.9275360107422
-1628.5316162109375,-2234.115966796875,129.9297637939453
-1628.560791015625,-2234.4599609375,129.93228149414062
-1628.591064453125,-2234.80419921875,129.9351043701172
-1628.62158203125,-2235.14892578125,129.93826293945312
-1628.652587890625,-2235.494384765625,129.9417266845703
-1628.6837158203125,-2235.84033203125,129.94541931152344
-1628.715087890625,-2236.186767578125,129.94924926757812
-1628.7464599609375,-2236.53369140625,129.95315551757812
-1628.77783203125,-2236.88134765625,129.95712280273438
-1628.8092041015625,-2237.229736328125,129.9610595703125
-1628.84033203125,-2237.57861328125,129.9648895263672
-1628.871337890625,-2237.927978515625,129.96873474121094
-1628.90283203125,-2238.27783203125,129.97254943847656
-1628.9342041015625,-2238.628662109375,129.976318359375
-1628.9659423828125,-2238.980224609375,129.9801483154297
-1628.9981689453125,-2239.332275390625,129.98411560058594
-1629.0306396484375,-2239.68505859375,129.98825073242188
-1629.0638427734375,-2240.03857421875,129.9923095703125
-1629.09765625,-2240.392578125,129.99612426757812
-1629.1324462890625,-2240.74755859375,129.99978637695312
-1629.1678466796875,-2241.103515625,130.0033721923828
-1629.2042236328125,-2241.459716796875,130.0068817138672
-1629.2415771484375,-2241.81689453125,130.01034545898438
-1629.27978515625,-2242.1748046875,130.013671875
-1629.318603515625,-2242.533447265625,130.016845703125
-1629.3583984375,-2242.892822265625,130.0197296142578
-1629.399169921875,-2243.253173828125,130.02244567871094
-1629.4407958984375,-2243.614013671875,130.02511596679688
-1629.4835205078125,-2243.97607421875,130.02792358398438
-1629.5269775390625,-2244.339111328125,130.03089904785156
-1629.5714111328125,-2244.703125,130.03408813476562
-1629.616455078125,-2245.068359375,130.0374298095703
-1629.6619873046875,-2245.434814453125,130.04083251953125
-1629.708251953125,-2245.8017578125,130.04425048828125
-1629.7547607421875,-2246.169677734375,130.04769897460938
-1629.8018798828125,-2246.53857421875,130.05125427246094
-1629.84912109375,-2246.908203125,130.05499267578125
-1629.8966064453125,-2247.278564453125,130.0589599609375
-1629.944580078125,-2247.649658203125,130.063232421875
-1629.992919921875,-2248.021484375,130.06773376464844
-1630.0413818359375,-2248.394287109375,130.07229614257812
-1630.09033203125,-2248.767822265625,130.07688903808594
-1630.1395263671875,-2249.142578125,130.08140563964844
-1630.189208984375,-2249.51806640625,130.0859375
-1630.23876953125,-2249.89453125,130.0903778076172
-1630.2886962890625,-2250.27197265625,130.09474182128906
-1630.3385009765625,-2250.650634765625,130.09902954101562
-1630.388427734375,-2251.030029296875,130.10313415527344
-1630.4384765625,-2251.41064453125,130.10696411132812
-1630.48876953125,-2251.792236328125,130.1104736328125
-1630.539306640625,-2252.1748046875,130.11378479003906
-1630.5897216796875,-2252.55810546875,130.116943359375
-1630.6405029296875,-2252.942626953125,130.12002563476562
-1630.69140625,-2253.328125,130.12330627441406
-1630.742431640625,-2253.714599609375,130.1267852783203
-1630.7933349609375,-2254.102294921875,130.13055419921875
-1630.8446044921875,-2254.4912109375,130.1344451904297
-1630.895751953125,-2254.88134765625,130.1385955810547
-1630.947021484375,-2255.272705078125,130.14300537109375
-1630.998291015625,-2255.6650390625,130.14756774902344
-1631.0496826171875,-2256.058349609375,130.1522979736328
-1631.10107421875,-2256.452392578125,130.1571807861328
-1631.15234375,-2256.84765625,130.1621856689453
-1631.203857421875,-2257.243896484375,130.1672821044922
-1631.2552490234375,-2257.640869140625,130.17271423339844
-1631.306396484375,-2258.039306640625,130.17820739746094
-1631.3577880859375,-2258.438232421875,130.18344116210938
-1631.4090576171875,-2258.83837890625,130.18832397460938
-1631.46044921875,-2259.239990234375,130.19285583496094
-1631.51220703125,-2259.642578125,130.19699096679688
-1631.5638427734375,-2260.046630859375,130.20086669921875
-1631.61572265625,-2260.451904296875,130.20445251464844
-1631.6676025390625,-2260.858154296875,130.20762634277344
-1631.7197265625,-2261.265625,130.21035766601562
-1631.77197265625,-2261.674560546875,130.2129364013672
-1631.8243408203125,-2262.08447265625,130.21563720703125
-1631.8770751953125,-2262.49560546875,130.21856689453125
-1631.9298095703125,-2262.908203125,130.22171020507812
-1631.9830322265625,-2263.32177734375,130.22499084472656
-1632.0360107421875,-2263.736328125,130.2283477783203
-1632.0894775390625,-2264.15185546875,130.23182678222656
-1632.14306640625,-2264.568603515625,130.23545837402344
-1632.1966552734375,-2264.986083984375,130.23927307128906
-1632.2506103515625,-2265.404296875,130.2432403564453
-1632.3046875,-2265.823486328125,130.2476348876953
-1632.3592529296875,-2266.24365234375,130.2524871826172
-1632.413818359375,-2266.664794921875,130.25758361816406
-1632.468505859375,-2267.08740234375,130.26283264160156
-1632.5233154296875,-2267.510986328125,130.26788330078125
-1632.5782470703125,-2267.935546875,130.272705078125
-1632.633544921875,-2268.362060546875,130.27767944335938
-1632.689208984375,-2268.7900390625,130.28277587890625
-1632.7459716796875,-2269.219970703125,130.28857421875
-1632.8038330078125,-2269.65234375,130.2955322265625
-1632.861083984375,-2270.087646484375,130.30201721191406
-1632.91845703125,-2270.52587890625,130.3076171875
-1632.9766845703125,-2270.967041015625,130.31298828125
-1633.0360107421875,-2271.411865234375,130.3181915283203
-1633.09619140625,-2271.860107421875,130.32313537597656
-1633.15771484375,-2272.310791015625,130.3286895751953
-1633.22021484375,-2272.765380859375,130.3339080810547
-1633.2838134765625,-2273.224365234375,130.33840942382812
-1633.348876953125,-2273.688232421875,130.34231567382812
-1633.4151611328125,-2274.156005859375,130.34559631347656
-1633.4830322265625,-2274.62939453125,130.3487091064453
-1633.55224609375,-2275.10791015625,130.35147094726562
-1633.623046875,-2275.592041015625,130.35475158691406
-1633.6944580078125,-2276.081787109375,130.35899353027344
-1633.7652587890625,-2276.576416015625,130.36228942871094
-1633.835205078125,-2277.07373046875,130.3648681640625
-1633.9066162109375,-2277.575439453125,130.36795043945312
-1633.978515625,-2278.0830078125,130.3724365234375
-1634.0494384765625,-2278.595458984375,130.37718200683594
-1634.1204833984375,-2279.11279296875,130.38314819335938
-1634.1903076171875,-2279.635986328125,130.3879852294922
-1634.259521484375,-2280.163818359375,130.3917236328125
-1634.328125,-2280.6953125,130.395751953125
-1634.3973388671875,-2281.232421875,130.4006805419922
-1634.4654541015625,-2281.77294921875,130.40496826171875
-1634.533447265625,-2282.318115234375,130.40953063964844
-1634.6029052734375,-2282.869140625,130.4146270751953
-1634.67138671875,-2283.424560546875,130.41830444335938
-1634.7425537109375,-2283.986083984375,130.42283630371094
-1634.8138427734375,-2284.552490234375,130.42662048339844
-1634.8868408203125,-2285.12353515625,130.43238830566406
-1634.959716796875,-2285.698486328125,130.43795776367188
-1635.0338134765625,-2286.277587890625,130.4435577392578
-1635.109619140625,-2286.859130859375,130.45147705078125
-1635.1854248046875,-2287.444580078125,130.45921325683594
-1635.2628173828125,-2288.03369140625,130.4668426513672
-1635.3404541015625,-2288.625,130.4746551513672
-1635.4188232421875,-2289.22021484375,130.48187255859375
-1635.498046875,-2289.817626953125,130.4891815185547
-1635.578125,-2290.418701171875,130.49618530273438
-1635.65869140625,-2291.022216796875,130.50352478027344
-1635.7408447265625,-2291.628662109375,130.5117645263672
-1635.8223876953125,-2292.237548828125,130.51976013183594
-1635.9051513671875,-2292.849853515625,130.52760314941406
-1635.9874267578125,-2293.463623046875,130.53570556640625
-1636.0699462890625,-2294.07958984375,130.5434112548828
-1636.154052734375,-2294.698974609375,130.55105590820312
-1636.2384033203125,-2295.3212890625,130.5569305419922
-1636.32470703125,-2295.946533203125,130.56349182128906
-1636.410888671875,-2296.57421875,130.5690155029297
-1636.49755859375,-2297.204345703125,130.57330322265625
-1636.587158203125,-2297.838134765625,130.5780792236328
-1636.6773681640625,-2298.47412109375,130.58262634277344
-1636.767578125,-2299.112548828125,130.58692932128906
-1636.8594970703125,-2299.75390625,130.5906982421875
-1636.9534912109375,-2300.39794921875,130.59561157226562
-1637.048583984375,-2301.0458984375,130.60121154785156
-1637.14404296875,-2301.6962890625,130.6063232421875
-1637.241455078125,-2302.349853515625,130.61293029785156
-1637.3394775390625,-2303.005859375,130.6203155517578
-1637.4378662109375,-2303.664794921875,130.62693786621094
-1637.538330078125,-2304.326171875,130.63450622558594
-1637.6383056640625,-2304.98974609375,130.64097595214844
-1637.740234375,-2305.6572265625,130.6472930908203
-1637.8427734375,-2306.32763671875,130.65283203125
-1637.9461669921875,-2307.000732421875,130.65721130371094
-1638.05126953125,-2307.677490234375,130.6610565185547
-1638.1583251953125,-2308.357177734375,130.6656036376953
-1638.2646484375,-2309.038818359375,130.66827392578125
-1638.372802734375,-2309.72509765625,130.66978454589844
-1638.4827880859375,-2310.4140625,130.67160034179688
-1638.5931396484375,-2311.10546875,130.67385864257812
-1638.7042236328125,-2311.800048828125,130.67523193359375
-1638.81689453125,-2312.497802734375,130.6767120361328
-1638.930419921875,-2313.198974609375,130.67848205566406
-1639.0457763671875,-2313.9033203125,130.68055725097656
-1639.1627197265625,-2314.611083984375,130.68382263183594
-1639.280029296875,-2315.3212890625,130.68760681152344
-1639.3978271484375,-2316.03466796875,130.6911163330078
-1639.5172119140625,-2316.750732421875,130.6958465576172
-1639.63720703125,-2317.46923828125,130.70103454589844
-1639.75732421875,-2318.190673828125,130.70562744140625
-1639.87744140625,-2318.9140625,130.70892333984375
-1639.99853515625,-2319.640625,130.71116638183594
-1640.1207275390625,-2320.36962890625,130.7133331298828
-1640.2431640625,-2321.101318359375,130.71481323242188
-1640.3662109375,-2321.83642578125,130.7149200439453
-1640.4891357421875,-2322.57373046875,130.71405029296875
-1640.6129150390625,-2323.314453125,130.71234130859375
-1640.7379150390625,-2324.05908203125,130.71075439453125
-1640.8631591796875,-2324.80615234375,130.7095184326172
-1640.98828125,-2325.55615234375,130.70782470703125
-1641.1134033203125,-2326.308349609375,130.70733642578125
-1641.2393798828125,-2327.0634765625,130.70838928222656
-1641.3648681640625,-2327.821533203125,130.7085723876953
-1641.4910888671875,-2328.582275390625,130.70843505859375
-1641.6173095703125,-2329.34619140625,130.7073974609375
-1641.7432861328125,-2330.11279296875,130.7061309814453
-1641.869140625,-2330.882568359375,130.7039337158203
-1641.9957275390625,-2331.6552734375,130.70101928710938
-1642.1229248046875,-2332.430908203125,130.69808959960938
-1642.2510986328125,-2333.21044921875,130.69497680664062
-1642.3800048828125,-2333.992431640625,130.6920928955078
-1642.5091552734375,-2334.777099609375,130.68894958496094
-1642.6392822265625,-2335.564697265625,130.685791015625
-1642.771240234375,-2336.354736328125,130.68408203125
-1642.902587890625,-2337.147216796875,130.68162536621094
-1643.03564453125,-2337.943115234375,130.67880249023438
-1643.169921875,-2338.7412109375,130.67608642578125
-1643.3048095703125,-2339.541748046875,130.67288208007812
-1643.44140625,-2340.345458984375,130.66940307617188
-1643.5782470703125,-2341.15185546875,130.6648406982422
-1643.7159423828125,-2341.960205078125,130.6591796875
-1643.85546875,-2342.771240234375,130.65367126464844
-1643.9954833984375,-2343.5849609375,130.64797973632812
-1644.1356201171875,-2344.4013671875,130.64144897460938
-1644.2760009765625,-2345.220703125,130.6342010498047
-1644.417236328125,-2346.042724609375,130.62791442871094
-1644.558837890625,-2346.8681640625,130.62208557128906
-1644.7005615234375,-2347.6962890625,130.61582946777344
-1644.8424072265625,-2348.527099609375,130.61065673828125
-1644.9844970703125,-2349.360595703125,130.60621643066406
-1645.1268310546875,-2350.197265625,130.60153198242188
-1645.2689208984375,-2351.03662109375,130.59669494628906
-1645.4110107421875,-2351.879150390625,130.5921173095703
-1645.552734375,-2352.724365234375,130.58734130859375
-1645.6943359375,-2353.572265625,130.5824432373047
-1645.834716796875,-2354.422119140625,130.57716369628906
-1645.9757080078125,-2355.274658203125,130.57232666015625
-1646.11572265625,-2356.129638671875,130.56814575195312
-1646.2550048828125,-2356.986328125,130.5637664794922
-1646.394287109375,-2357.843994140625,130.56024169921875
-1646.531982421875,-2358.703125,130.5564727783203
-1646.6678466796875,-2359.56396484375,130.5514373779297
-1646.8026123046875,-2360.426025390625,130.5452117919922
-1646.936279296875,-2361.290283203125,130.53807067871094
-1647.0692138671875,-2362.156982421875,130.52978515625
-1647.2021484375,-2363.026611328125,130.52078247070312
-1647.334716796875,-2363.89892578125,130.5120391845703
-1647.4671630859375,-2364.773681640625,130.50387573242188
-1647.5992431640625,-2365.650634765625,130.49630737304688
-1647.72998046875,-2366.529541015625,130.48883056640625
-1647.85986328125,-2367.41162109375,130.48162841796875
-1647.9888916015625,-2368.295654296875,130.4745330810547
-1648.11669921875,-2369.182861328125,130.46707153320312
-1648.243896484375,-2370.072998046875,130.4601287841797
-1648.3709716796875,-2370.96484375,130.4532928466797
-1648.497314453125,-2371.858642578125,130.44619750976562
-1648.6231689453125,-2372.754638671875,130.43960571289062
-1648.748291015625,-2373.65380859375,130.4334259033203
-1648.873046875,-2374.555419921875,130.42694091796875
-1648.9971923828125,-2375.459228515625,130.4203643798828
-1649.12060546875,-2376.36572265625,130.41456604003906
-1649.2435302734375,-2377.274169921875,130.40902709960938
-1649.36572265625,-2378.1845703125,130.40350341796875
-1649.4874267578125,-2379.09765625,130.3978729248047
-1649.6090087890625,-2380.0126953125,130.392333984375
-1649.7301025390625,-2380.930419921875,130.3870086669922
-1649.8504638671875,-2381.850341796875,130.38124084472656
-1649.970703125,-2382.772216796875,130.37548828125
-1650.0904541015625,-2383.696533203125,130.3698272705078
-1650.2095947265625,-2384.622802734375,130.3636474609375
-1650.328857421875,-2385.551513671875,130.35671997070312
-1650.4483642578125,-2386.482421875,130.34939575195312
-1650.56787109375,-2387.416015625,130.34219360351562
-1650.687744140625,-2388.3515625,130.33480834960938
-1650.808349609375,-2389.2890625,130.3273162841797
-1650.929443359375,-2390.228515625,130.32020568847656
-1651.0516357421875,-2391.17041015625,130.31353759765625
-1651.1741943359375,-2392.1142578125,130.30670166015625
-1651.2977294921875,-2393.06005859375,130.30003356933594
-1651.422607421875,-2394.007568359375,130.29380798339844
-1651.54833984375,-2394.956298828125,130.28712463378906
-1651.6751708984375,-2395.90673828125,130.28005981445312
-1651.804443359375,-2396.8583984375,130.273193359375
-1651.935791015625,-2397.812255859375,130.26617431640625
-1652.069091796875,-2398.76708984375,130.25823974609375
-1652.205322265625,-2399.72412109375,130.2506866455078
-1652.3448486328125,-2400.682373046875,130.2434539794922
-1652.4874267578125,-2401.642333984375,130.2364501953125
-1652.6322021484375,-2402.603759765625,130.2291717529297
-1652.779052734375,-2403.56591796875,130.22119140625
-1652.9283447265625,-2404.529052734375,130.2119903564453
-1653.0810546875,-2405.49365234375,130.20135498046875
-1653.23828125,-2406.46044921875,130.18946838378906
-1653.400390625,-2407.4287109375,130.17662048339844
-1653.5679931640625,-2408.3984375,130.16395568847656
-1653.7418212890625,-2409.368408203125,130.15261840820312
-1653.921142578125,-2410.33935546875,130.14212036132812
-1654.1043701171875,-2411.310791015625,130.1318359375
-1654.290771484375,-2412.283203125,130.1212921142578
-1654.4803466796875,-2413.255859375,130.10983276367188
-1654.6734619140625,-2414.230224609375,130.0977020263672
-1654.869384765625,-2415.206298828125,130.08462524414062
-1655.0682373046875,-2416.18408203125,130.07080078125
-1655.2701416015625,-2417.1630859375,130.0574493408203
-1655.474365234375,-2418.144287109375,130.04495239257812
-1655.68017578125,-2419.12646484375,130.033203125
-1655.886962890625,-2420.110107421875,130.02178955078125
-1656.0933837890625,-2421.094970703125,130.0106201171875
-1656.299560546875,-2422.08203125,129.9990997314453
-1656.5047607421875,-2423.0712890625,129.98622131347656
-1656.70849609375,-2424.062255859375,129.97215270996094
-1656.9122314453125,-2425.055419921875,129.95790100097656
-1657.1158447265625,-2426.05126953125,129.94361877441406
-1657.3194580078125,-2427.049560546875,129.9298095703125
-1657.523193359375,-2428.049560546875,129.9176025390625
-1657.7261962890625,-2429.050537109375,129.9066162109375
-1657.92822265625,-2430.052734375,129.8965606689453
-1658.1292724609375,-2431.056396484375,129.88613891601562
-1658.3294677734375,-2432.06201171875,129.87405395507812
-1658.52978515625,-2433.069580078125,129.86053466796875
-1658.731689453125,-2434.078857421875,129.8468475341797
-1658.935546875,-2435.090087890625,129.8338165283203
-1659.1414794921875,-2436.102294921875,129.821533203125
-1659.349365234375,-2437.115234375,129.81028747558594
-1659.558837890625,-2438.12841796875,129.80059814453125
-1659.7694091796875,-2439.142822265625,129.79100036621094
-1659.9818115234375,-2440.157470703125,129.78067016601562
-1660.197998046875,-2441.17236328125,129.77037048339844
-1660.416015625,-2442.1875,129.7588348388672
-1660.63623046875,-2443.202880859375,129.74684143066406
-1660.8594970703125,-2444.21728515625,129.7353057861328
-1661.0848388671875,-2445.23193359375,129.72332763671875
-1661.312744140625,-2446.245849609375,129.71157836914062
-1661.5435791015625,-2447.2587890625,129.7007293701172
-1661.777587890625,-2448.270751953125,129.6899871826172
-1662.014892578125,-2449.281494140625,129.67919921875
-1662.25537109375,-2450.291015625,129.66810607910156
-1662.4993896484375,-2451.299560546875,129.65676879882812
-1662.746826171875,-2452.30615234375,129.6453399658203
-1662.9974365234375,-2453.311767578125,129.63345336914062
-1663.251953125,-2454.31494140625,129.62167358398438
-1663.5101318359375,-2455.317138671875,129.61009216308594
-1663.7718505859375,-2456.3173828125,129.59840393066406
-1664.0374755859375,-2457.315673828125,129.58709716796875
-1664.30712890625,-2458.31201171875,129.57655334472656
-1664.580810546875,-2459.306640625,129.5664825439453
-1664.8582763671875,-2460.29931640625,129.5565948486328
-1665.1395263671875,-2461.289794921875,129.5469970703125
-1665.424560546875,-2462.2783203125,129.53709411621094
-1665.71337890625,-2463.2646484375,129.52662658691406
-1666.0059814453125,-2464.248779296875,129.51573181152344
-1666.3021240234375,-2465.231201171875,129.50392150878906
-1666.6015625,-2466.211669921875,129.49098205566406
-1666.9044189453125,-2467.1904296875,129.4774932861328
-1667.210205078125,-2468.167236328125,129.4632568359375
-1667.5186767578125,-2469.142822265625,129.4484100341797
-1667.82958984375,-2470.11669921875,129.4335174560547
-1668.1419677734375,-2471.08935546875,129.41798400878906
-1668.45654296875,-2472.060302734375,129.40284729003906
-1668.7733154296875,-2473.030029296875,129.38900756835938
-1669.091064453125,-2473.9990234375,129.3758087158203
-1669.4100341796875,-2474.966552734375,129.36390686035156
-1669.7298583984375,-2475.932861328125,129.35374450683594
-1670.0501708984375,-2476.89794921875,129.34494018554688
-1670.37060546875,-2477.8623046875,129.33644104003906
-1670.6907958984375,-2478.825439453125,129.32827758789062
-1671.0107421875,-2479.7880859375,129.3199920654297
-1671.330322265625,-2480.75,129.3116455078125
-1671.6490478515625,-2481.711669921875,129.30340576171875
-1671.967041015625,-2482.672607421875,129.29478454589844
-1672.2840576171875,-2483.63330078125,129.28599548339844
-1672.6002197265625,-2484.593017578125,129.27589416503906
-1672.9154052734375,-2485.552001953125,129.26499938964844
-1673.2298583984375,-2486.510986328125,129.25233459472656
-1673.5439453125,-2487.46923828125,129.23854064941406
-1673.8577880859375,-2488.42724609375,129.22427368164062
-1674.171142578125,-2489.384765625,129.20948791503906
-1674.4842529296875,-2490.341552734375,129.1954345703125
-1674.7967529296875,-2491.298095703125,129.1816864013672
-1675.1082763671875,-2492.25390625,129.16806030273438
-1675.4197998046875,-2493.209228515625,129.15493774414062
-1675.7313232421875,-2494.163818359375,129.1422119140625
-1676.0423583984375,-2495.11767578125,129.12924194335938
-1676.3526611328125,-2496.071044921875,129.1158447265625
-1676.6630859375,-2497.0234375,129.1028289794922
-1676.9736328125,-2497.97509765625,129.08920288085938
-1677.2840576171875,-2498.9267578125,129.07508850097656
-1677.5947265625,-2499.877197265625,129.06085205078125
-1677.90576171875,-2500.82666015625,129.04652404785156
-1678.217041015625,-2501.775634765625,129.03237915039062
-1678.5286865234375,-2502.723876953125,129.01864624023438
-1678.8406982421875,-2503.67138671875,129.0054168701172
-1679.153076171875,-2504.6181640625,128.99232482910156
-1679.4654541015625,-2505.563720703125,128.9802703857422
-1679.7783203125,-2506.5087890625,128.9680633544922
-1680.091064453125,-2507.45263671875,128.95497131347656
-1680.403564453125,-2508.395751953125,128.94143676757812
-1680.71630859375,-2509.33837890625,128.92657470703125
-1681.029296875,-2510.280517578125,128.9110565185547
-1681.3424072265625,-2511.22216796875,128.89561462402344
-1681.6556396484375,-2512.1630859375,128.88027954101562
-1681.968994140625,-2513.103515625,128.86561584472656
-1682.2816162109375,-2514.042724609375,128.8513641357422
-1682.59375,-2514.9814453125,128.83706665039062
-1682.9053955078125,-2515.919921875,128.8226318359375
-1683.216552734375,-2516.857666015625,128.80746459960938
-1683.5269775390625,-2517.79541015625,128.7919158935547
-1683.8367919921875,-2518.732177734375,128.77593994140625
-1684.145751953125,-2519.669189453125,128.75967407226562
-1684.4537353515625,-2520.60546875,128.743408203125
-1684.7606201171875,-2521.541748046875,128.72726440429688
-1685.0662841796875,-2522.4775390625,128.7117156982422
-1685.3702392578125,-2523.413818359375,128.6960906982422
-1685.6729736328125,-2524.348876953125,128.68017578125
-1685.9744873046875,-2525.283935546875,128.6642608642578
-1686.2750244140625,-2526.21875,128.6476287841797
-1686.57421875,-2527.153564453125,128.6302947998047
-1686.8724365234375,-2528.088134765625,128.61280822753906
-1687.169677734375,-2529.0224609375,128.59519958496094
-1687.466064453125,-2529.95654296875,128.5777130126953
-1687.760986328125,-2530.890380859375,128.5604248046875
-1688.0548095703125,-2531.82373046875,128.54312133789062
-1688.3480224609375,-2532.756591796875,128.5260009765625
-1688.6405029296875,-2533.689453125,128.50897216796875
-1688.9322509765625,-2534.621826171875,128.49169921875
-1689.2235107421875,-2535.553466796875,128.4741973876953
-1689.5147705078125,-2536.484619140625,128.45672607421875
-1689.80615234375,-2537.415283203125,128.43923950195312
-1690.0975341796875,-2538.34521484375,128.42169189453125
-1690.389404296875,-2539.274658203125,128.4043731689453
-1690.6815185546875,-2540.203125,128.38731384277344
-1690.973876953125,-2541.130859375,128.3699493408203
-1691.266845703125,-2542.057861328125,128.3525390625
-1691.560302734375,-2542.983642578125,128.33474731445312
-1691.8544921875,-2543.909423828125,128.3163604736328
-1692.1494140625,-2544.833984375,128.29774475097656
-1692.4451904296875,-2545.7578125,128.27880859375
-1692.7415771484375,-2546.680419921875,128.2596435546875
-1693.038818359375,-2547.602294921875,128.24058532714844
-1693.3370361328125,-2548.5234375,128.22171020507812
-1693.6351318359375,-2549.443603515625,128.20281982421875
-1693.9339599609375,-2550.36328125,128.18411254882812
-1694.2330322265625,-2551.281494140625,128.1657257080078
-1694.5323486328125,-2552.198974609375,128.1474609375
-1694.831787109375,-2553.11572265625,128.1295928955078
-1695.131103515625,-2554.03173828125,128.11135864257812
-1695.429931640625,-2554.94677734375,128.09254455566406
-1695.72900390625,-2555.861083984375,128.07357788085938
-1696.0277099609375,-2556.774658203125,128.05316162109375
-1696.325927734375,-2557.687255859375,128.03201293945312
-1696.625244140625,-2558.599853515625,128.01116943359375
-1696.9244384765625,-2559.511474609375,127.98953247070312
-1697.2225341796875,-2560.42236328125,127.96710205078124
-1697.5206298828125,-2561.33203125,127.94551849365234
-1697.8177490234375,-2562.24169921875,127.92227935791016
-1698.1142578125,-2563.150634765625,127.89752197265624
-1698.41015625,-2564.058837890625,127.87228393554688
-1698.705078125,-2564.96630859375,127.84676361083984
-1698.999267578125,-2565.871826171875,127.82149505615234
-1699.2921142578125,-2566.775146484375,127.79635620117188
-1699.5830078125,-2567.67431640625,127.77235412597656
-1699.8719482421875,-2568.56884765625,127.74951934814452
-1700.15869140625,-2569.458251953125,127.72661590576172
-1700.4425048828125,-2570.34130859375,127.7044677734375
-1700.7235107421875,-2571.2177734375,127.68364715576172
-1701.0018310546875,-2572.087158203125,127.6629638671875
-1701.2767333984375,-2572.949951171875,127.64337921142578
-1701.54833984375,-2573.80615234375,127.6247329711914
-1701.8172607421875,-2574.65576171875,127.60531616210938
-1702.08349609375,-2575.49853515625,127.58553314208984
-1702.3463134765625,-2576.334228515625,127.56604766845705
-1702.6064453125,-2577.16357421875,127.546630859375
-1702.8643798828125,-2577.986328125,127.527099609375
-1703.119384765625,-2578.80224609375,127.50819396972656
-1703.3719482421875,-2579.611328125,127.49065399169922
-1703.620849609375,-2580.415283203125,127.47280883789062
-1703.8682861328125,-2581.213134765625,127.455322265625
-1704.115478515625,-2582.003662109375,127.440673828125
-1704.360107421875,-2582.789306640625,127.4275131225586
-1704.6016845703125,-2583.57177734375,127.41184997558594
-1704.84130859375,-2584.3505859375,127.39531707763672
-1705.079833984375,-2585.126708984375,127.37916564941406
-1705.3179931640625,-2585.90087890625,127.36276245117188
-1705.5552978515625,-2586.673583984375,127.34587860107422
-1705.792236328125,-2587.4453125,127.32806396484376
-1706.029541015625,-2588.21484375,127.31100463867188
-1706.2666015625,-2588.982421875,127.2947998046875
-1706.5032958984375,-2589.748046875,127.27944946289062
-1706.7398681640625,-2590.511962890625,127.26441192626952
-1706.9759521484375,-2591.2744140625,127.24907684326172
-1707.2110595703125,-2592.0361328125,127.23330688476562
-1707.4459228515625,-2592.797119140625,127.21727752685548
-1707.6812744140625,-2593.55712890625,127.20050048828124
-1707.916748046875,-2594.31640625,127.18312072753906
-1708.1529541015625,-2595.074951171875,127.16541290283205
-1708.389404296875,-2595.8330078125,127.14791870117188
-1708.6265869140625,-2596.589599609375,127.13045501708984
-1708.86474609375,-2597.34521484375,127.11331176757812
-1709.1024169921875,-2598.098388671875,127.09671020507812
-1709.3399658203125,-2598.848876953125,127.08057403564452
-1709.5770263671875,-2599.595947265625,127.06430053710938
-1709.81298828125,-2600.3388671875,127.04754638671876
-1710.0479736328125,-2601.07763671875,127.0307159423828
-1710.2816162109375,-2601.81201171875,127.0136489868164
-1710.513671875,-2602.5419921875,126.99571228027344
-1710.7442626953125,-2603.266845703125,126.97721862792967
-1710.973388671875,-2603.987060546875,126.9585189819336
-1711.2010498046875,-2604.701904296875,126.9398193359375
-1711.4268798828125,-2605.41162109375,126.92183685302734
-1711.6513671875,-2606.115966796875,126.9044952392578
-1711.874267578125,-2606.8154296875,126.88768005371094
-1712.09521484375,-2607.509765625,126.87187957763672
-1712.3140869140625,-2608.198486328125,126.8571548461914
-1712.53076171875,-2608.8818359375,126.84286499023438
-1712.745361328125,-2609.55908203125,126.8286361694336
-1712.957763671875,-2610.230712890625,126.8144073486328
-1713.1678466796875,-2610.8974609375,126.79991912841795
-1713.376220703125,-2611.55908203125,126.78515625
-1713.5830078125,-2612.21630859375,126.76958465576172
-1713.7879638671875,-2612.870849609375,126.75360107421876
-1713.9923095703125,-2613.52294921875,126.73754119873048
-1714.1961669921875,-2614.173095703125,126.72167205810548
-1714.399658203125,-2614.82177734375,126.70550537109376
-1714.6025390625,-2615.468994140625,126.68896484375
-1714.8048095703125,-2616.114013671875,126.67292022705078
-1715.006591796875,-2616.75634765625,126.65797424316406
-1715.207275390625,-2617.39599609375,126.6433334350586
-1715.4063720703125,-2618.03271484375,126.62837982177734
-1715.603515625,-2618.66650390625,126.61334991455078
-1715.799072265625,-2619.297607421875,126.59803771972656
-1715.9937744140625,-2619.925537109375,126.58200073242188
-1716.1868896484375,-2620.551513671875,126.56576538085938
-1716.3787841796875,-2621.173828125,126.5498504638672
-1716.56884765625,-2621.79248046875,126.53336334228516
-1716.7572021484375,-2622.40625,126.51643371582033
-1716.9432373046875,-2623.015869140625,126.49956512451172
-1717.1278076171875,-2623.6201171875,126.48331451416016
-1717.3101806640625,-2624.218505859375,126.46736145019533
-1717.4896240234375,-2624.81201171875,126.4512939453125
-1717.6658935546875,-2625.39990234375,126.43463134765624
-1717.8388671875,-2625.982421875,126.41749572753906
-1718.0087890625,-2626.55859375,126.40060424804688
-1718.17529296875,-2627.12939453125,126.3841323852539
-1718.3377685546875,-2627.694580078125,126.36725616455078
-1718.4964599609375,-2628.25439453125,126.35013580322266
-1718.650634765625,-2628.80908203125,126.33309936523438
-1718.80029296875,-2629.357666015625,126.316650390625
-1718.94580078125,-2629.90087890625,126.30055236816406
-1719.08642578125,-2630.438232421875,126.2846221923828
-1719.222412109375,-2630.968994140625,126.26891326904295
-1719.3533935546875,-2631.492919921875,126.25363159179688
-1719.4791259765625,-2632.009033203125,126.23937225341795
-1719.5994873046875,-2632.51708984375,126.22557067871094
-1719.7149658203125,-2633.017333984375,126.21183013916016
-1719.8255615234375,-2633.51025390625,126.1980972290039
-1719.9315185546875,-2633.995849609375,126.1842803955078
-1720.032958984375,-2634.474853515625,126.17080688476562
-1720.1297607421875,-2634.947265625,126.15763092041016
-1720.222900390625,-2635.41552734375,126.14446258544922
-1720.31298828125,-2635.882080078125,126.1310577392578
-1720.400634765625,-2636.3486328125,126.11720275878906
-1720.486083984375,-2636.815185546875,126.10285186767578
-1720.5697021484375,-2637.282470703125,126.08837890625
-1720.651123046875,-2637.74951171875,126.07393646240234
-1720.7308349609375,-2638.216796875,126.05965423583984
-1720.8087158203125,-2638.683837890625,126.04556274414062
-1720.8851318359375,-2639.150634765625,126.03173828125
-1720.959716796875,-2639.61767578125,126.01800537109376
-1721.0330810546875,-2640.084716796875,126.00466918945312
-1721.1043701171875,-2640.552001953125,125.99152374267578
-1721.173828125,-2641.01953125,125.97842407226562
-1721.241455078125,-2641.48681640625,125.9653778076172
-1721.306640625,-2641.9541015625,125.95233917236328
-1721.3695068359375,-2642.42138671875,125.93917846679688
-1721.4293212890625,-2642.888671875,125.92625427246094
-1721.4862060546875,-2643.35595703125,125.91333770751952
-1721.5400390625,-2643.823486328125,125.90025329589844
-1721.5906982421875,-2644.291015625,125.8870620727539
-1721.637939453125,-2644.7587890625,125.87391662597656
-1721.681884765625,-2645.226318359375,125.8607406616211
-1721.72265625,-2645.694091796875,125.84769439697266
-1721.7601318359375,-2646.16162109375,125.8344955444336
-1721.794189453125,-2646.62939453125,125.82089233398438
-1721.824951171875,-2647.096923828125,125.80718231201172
-1721.852294921875,-2647.564697265625,125.7939453125
-1721.87646484375,-2648.032470703125,125.78068542480467
-1721.8973388671875,-2648.500244140625,125.76738739013672
-1721.914794921875,-2648.9677734375,125.7539520263672
-1721.928955078125,-2649.435302734375,125.7402114868164
-1721.940185546875,-2649.902587890625,125.72618865966795
-1721.9482421875,-2650.36962890625,125.71228790283205
-1721.9532470703125,-2650.8369140625,125.69823455810548
-1721.9554443359375,-2651.3046875,125.68396759033205
-1721.954833984375,-2651.7724609375,125.6695556640625
-1721.9512939453125,-2652.240478515625,125.65477752685548
-1721.9454345703125,-2652.708984375,125.6396026611328
-1721.937255859375,-2653.17822265625,125.62487030029295
-1721.926025390625,-2653.6484375,125.6104736328125
-1721.9114990234375,-2654.119140625,125.59567260742188
-1721.893798828125,-2654.5908203125,125.58039093017578
-1721.872802734375,-2655.06298828125,125.5644760131836
-1721.8486328125,-2655.5361328125,125.54798126220705
-1721.8211669921875,-2656.009765625,125.5318832397461
-1721.7901611328125,-2656.484375,125.51679229736328
-1721.7557373046875,-2656.95947265625,125.50160217285156
-1721.7176513671875,-2657.435791015625,125.48578643798828
-1721.6761474609375,-2657.91259765625,125.46951293945312
-1721.6314697265625,-2658.390380859375,125.45280456542967
-1721.5831298828125,-2658.869140625,125.43607330322266
-1721.5318603515625,-2659.348876953125,125.42008972167967
-1721.4769287109375,-2659.82958984375,125.40443420410156
-1721.4183349609375,-2660.311279296875,125.3884735107422
-1721.3560791015625,-2660.79443359375,125.37191772460938
-1721.290771484375,-2661.278564453125,125.35504150390624
-1721.2222900390625,-2661.763671875,125.3384017944336
-1721.150146484375,-2662.250244140625,125.32225036621094
-1721.074462890625,-2662.73779296875,125.3061294555664
-1720.9951171875,-2663.2265625,125.28958892822266
-1720.9124755859375,-2663.716796875,125.27300262451172
-1720.826171875,-2664.2080078125,125.25678253173828
-1720.736328125,-2664.7001953125,125.24065399169922
-1720.64208984375,-2665.193115234375,125.2246322631836
-1720.5443115234375,-2665.686767578125,125.20838165283205
-1720.4429931640625,-2666.180908203125,125.19210815429688
-1720.337890625,-2666.676025390625,125.17613983154295
-1720.2291259765625,-2667.171630859375,125.16029357910156
-1720.1163330078125,-2667.667724609375,125.14446258544922
-1719.9993896484375,-2668.163818359375,125.12848663330078
-1719.87890625,-2668.660400390625,125.11205291748048
-1719.7545166015625,-2669.156982421875,125.0955047607422
-1719.626220703125,-2669.65380859375,125.07887268066406
-1719.4942626953125,-2670.150634765625,125.06185913085938
-1719.3585205078125,-2670.64794921875,125.04505920410156
-1719.218994140625,-2671.1455078125,125.0283432006836
-1719.075439453125,-2671.643310546875,125.0115737915039
-1718.9281005859375,-2672.140625,124.9948272705078
-1718.77685546875,-2672.63818359375,124.97761535644533
-1718.621826171875,-2673.13525390625,124.96026611328124
-1718.462890625,-2673.632080078125,124.94281005859376
-1718.3009033203125,-2674.129150390625,124.925537109375
-1718.135498046875,-2674.626220703125,124.90855407714844
-1717.96630859375,-2675.123291015625,124.8918685913086
-1717.7938232421875,-2675.6201171875,124.87513732910156
-1717.617431640625,-2676.11669921875,124.85792541503906
-1717.4376220703125,-2676.612060546875,124.83999633789062
-1717.2548828125,-2677.106689453125,124.82186889648438
-1717.0692138671875,-2677.60009765625,124.8047332763672
-1716.88037109375,-2678.092041015625,124.7880630493164
-1716.6881103515625,-2678.58251953125,124.77140045166016
-1716.491943359375,-2679.0712890625,124.75393676757812
-1716.29296875,-2679.558837890625,124.73590087890624
-1716.091064453125,-2680.04443359375,124.71808624267578
-1715.8861083984375,-2680.529052734375,124.7009048461914
-1715.6781005859375,-2681.011962890625,124.68421173095705
-1715.4661865234375,-2681.4931640625,124.66688537597656
-1715.2506103515625,-2681.97216796875,124.6485366821289
-1715.0322265625,-2682.449462890625,124.62950897216795
-1714.81103515625,-2682.925537109375,124.61114501953124
-1714.5867919921875,-2683.3994140625,124.59365844726562
-1714.358642578125,-2683.871337890625,124.57638549804688
-1714.1265869140625,-2684.341064453125,124.5586166381836
-1713.8907470703125,-2684.808349609375,124.54003143310548
-1713.652099609375,-2685.27392578125,124.52142333984376
-1713.4100341796875,-2685.7373046875,124.5037612915039
-1713.1639404296875,-2686.198486328125,124.48663330078124
-1712.9140625,-2686.6572265625,124.46944427490234
-1712.6595458984375,-2687.11328125,124.4510269165039
-1712.4013671875,-2687.56640625,124.43148040771484
-1712.14013671875,-2688.018310546875,124.41209411621094
-1711.87646484375,-2688.4677734375,124.39407348632812
-1711.6092529296875,-2688.91552734375,124.37700653076172
-1711.3385009765625,-2689.361328125,124.35879516601562
-1711.064453125,-2689.8046875,124.33868408203124
-1710.78857421875,-2690.246337890625,124.31790924072266
-1710.5108642578125,-2690.6865234375,124.29877471923828
-1710.23046875,-2691.12451171875,124.2811508178711
-1709.947021484375,-2691.560546875,124.26350402832033
-1709.6602783203125,-2691.99462890625,124.2447738647461
-1709.3714599609375,-2692.427001953125,124.22532653808594
-1709.080078125,-2692.857666015625,124.2060089111328
-1708.7861328125,-2693.286376953125,124.18727111816406
-1708.4888916015625,-2693.712890625,124.16877746582033
-1708.188232421875,-2694.13671875,124.15006256103516
-1707.8843994140625,-2694.55859375,124.13174438476562
-1707.57763671875,-2694.978515625,124.11344909667967
-1707.2677001953125,-2695.395751953125,124.0950927734375
-1706.954833984375,-2695.811279296875,124.07706451416016
-1706.63916015625,-2696.224365234375,124.05896759033205
-1706.320556640625,-2696.63525390625,124.0415496826172
-1705.9991455078125,-2697.044189453125,124.02510833740234
-1705.6748046875,-2697.451171875,124.00871276855467
-1705.3470458984375,-2697.855224609375,123.99178314208984
-1705.016357421875,-2698.257568359375,123.97445678710938
-1704.6829833984375,-2698.65771484375,123.95701599121094
-1704.3465576171875,-2699.05517578125,123.9397430419922
-1704.0074462890625,-2699.450927734375,123.92236328125
-1703.665283203125,-2699.84423828125,123.90453338623048
-1703.3206787109375,-2700.236083984375,123.88655090332033
-1702.972412109375,-2700.62548828125,123.86749267578124
-1702.621337890625,-2701.012939453125,123.84710693359376
-1702.267333984375,-2701.39794921875,123.82630157470705
-1701.910888671875,-2701.781494140625,123.8057632446289
-1701.55126953125,-2702.162841796875,123.78594970703124
-1701.1884765625,-2702.541259765625,123.76620483398438
-1700.822265625,-2702.9169921875,123.74658203125
-1700.4525146484375,-2703.289794921875,123.72676849365234
-1700.0797119140625,-2703.6591796875,123.70703125
-1699.7037353515625,-2704.02587890625,123.68780517578124
-1699.3243408203125,-2704.38916015625,123.66860961914062
-1698.9422607421875,-2704.750244140625,123.6501922607422
-1698.556884765625,-2705.10791015625,123.6314468383789
-1698.1685791015625,-2705.462646484375,123.61231994628906
-1697.77783203125,-2705.81494140625,123.5927734375
-1697.3841552734375,-2706.16455078125,123.57315826416016
-1696.9881591796875,-2706.51171875,123.55386352539062
-1696.5897216796875,-2706.8564453125,123.53437042236328
-1696.1885986328125,-2707.19873046875,123.5143814086914
-1695.784912109375,-2707.538818359375,123.49388122558594
-1695.3790283203125,-2707.876220703125,123.47307586669922
-1694.9708251953125,-2708.21142578125,123.45245361328124
-1694.56005859375,-2708.544189453125,123.4314422607422
-1694.14697265625,-2708.874267578125,123.4103775024414
-1693.7315673828125,-2709.2021484375,123.3896255493164
-1693.3135986328125,-2709.52734375,123.36859893798828
-1692.8936767578125,-2709.850341796875,123.34767150878906
-1692.47119140625,-2710.17041015625,123.326171875
-1692.0465087890625,-2710.488037109375,123.30404663085938
-1691.619384765625,-2710.802978515625,123.28253936767578
-1691.1903076171875,-2711.11572265625,123.26133728027344
-1690.7587890625,-2711.426025390625,123.24009704589844
-1690.324951171875,-2711.73388671875,123.21863555908205
-1689.8885498046875,-2712.0390625,123.197021484375
-1689.4501953125,-2712.341796875,123.17536926269533
-1689.009765625,-2712.6416015625,123.15342712402344
-1688.5670166015625,-2712.938720703125,123.13143920898438
-1688.12158203125,-2713.23291015625,123.10967254638672
-1687.6737060546875,-2713.52392578125,123.08837127685548
-1687.2236328125,-2713.81201171875,123.06686401367188
-1686.770751953125,-2714.097412109375,123.04476165771484
-1686.3157958984375,-2714.37939453125,123.02283477783205
-1685.8583984375,-2714.658935546875,123.00135803222656
-1685.398681640625,-2714.934814453125,122.97966003417967
-1684.9365234375,-2715.207763671875,122.95748901367188
-1684.4725341796875,-2715.47802734375,122.9356460571289
-1684.006591796875,-2715.7451171875,122.91376495361328
-1683.5389404296875,-2716.010009765625,122.8918228149414
-1683.06884765625,-2716.271240234375,122.86872863769533
-1682.596923828125,-2716.530029296875,122.84439086914062
-1682.1236572265625,-2716.78662109375,122.8198699951172
-1681.6484375,-2717.041259765625,122.79515838623048
-1681.1715087890625,-2717.293701171875,122.77066802978516
-1680.6923828125,-2717.5439453125,122.74590301513672
-1680.21142578125,-2717.792236328125,122.72026824951172
-1679.7291259765625,-2718.0390625,122.69403839111328
-1679.245361328125,-2718.284423828125,122.66828155517578
-1678.760009765625,-2718.527587890625,122.64341735839844
-1678.27294921875,-2718.76806640625,122.61854553222656
-1677.7847900390625,-2719.0068359375,122.59335327148438
-1677.2957763671875,-2719.2451171875,122.56818389892578
-1676.805908203125,-2719.482421875,122.54346466064452
-1676.31494140625,-2719.71826171875,122.51868438720705
-1675.822509765625,-2719.953125,122.49315643310548
-1675.3292236328125,-2720.1875,122.46720886230467
-1674.8350830078125,-2720.421630859375,122.44107055664062
-1674.340087890625,-2720.65576171875,122.414794921875
-1673.84423828125,-2720.88916015625,122.38829803466795
-1673.347412109375,-2721.1220703125,122.36167907714844
-1672.85009765625,-2721.35498046875,122.33518981933594
-1672.35205078125,-2721.587646484375,122.30866241455078
-1671.8531494140625,-2721.81982421875,122.28205871582033
-1671.3536376953125,-2722.051513671875,122.2554168701172
-1670.8536376953125,-2722.283447265625,122.22850036621094
-1670.35302734375,-2722.515380859375,122.20135498046876
-1669.85205078125,-2722.748046875,122.17374420166016
-1669.350341796875,-2722.980712890625,122.1457977294922
-1668.847900390625,-2723.213134765625,122.1175537109375
-1668.3443603515625,-2723.4453125,122.08890533447266
-1667.8404541015625,-2723.67822265625,122.0596160888672
-1667.3358154296875,-2723.911376953125,122.02970886230467
-1666.830078125,-2724.14453125,121.9997100830078
-1666.3238525390625,-2724.3779296875,121.9695816040039
-1665.816650390625,-2724.611572265625,121.93923950195312
-1665.3087158203125,-2724.84521484375,121.90846252441406
-1664.7996826171875,-2725.0791015625,121.87767791748048
-1664.2900390625,-2725.31298828125,121.84654998779295
-1663.77978515625,-2725.547119140625,121.81494140625
-1663.268798828125,-2725.781494140625,121.78343200683594
-1662.7569580078125,-2726.016357421875,121.75198364257812
-1662.24462890625,-2726.25146484375,121.72021484375
-1661.7313232421875,-2726.4873046875,121.68768310546876
-1661.2174072265625,-2726.723876953125,121.65528106689452
-1660.702880859375,-2726.961669921875,121.62345123291016
-1660.187744140625,-2727.199951171875,121.59151458740234
-1659.6717529296875,-2727.4384765625,121.5595703125
-1659.155029296875,-2727.677734375,121.52770233154295
-1658.6383056640625,-2727.91796875,121.4961395263672
-1658.1212158203125,-2728.15869140625,121.464599609375
-1657.6033935546875,-2728.400634765625,121.43306732177734
-1657.085205078125,-2728.642333984375,121.40142822265624
-1656.566650390625,-2728.885009765625,121.36917114257812
-1656.0477294921875,-2729.128662109375,121.33629608154295
-1655.5279541015625,-2729.37353515625,121.3038558959961
-1655.0079345703125,-2729.619140625,121.27182006835938
-1654.4871826171875,-2729.865966796875,121.23941040039062
-1653.9656982421875,-2730.11279296875,121.20668029785156
-1653.44384765625,-2730.3603515625,121.1739501953125
-1652.921875,-2730.60888671875,121.14197540283205
-1652.3995361328125,-2730.858154296875,121.11044311523438
-1651.87646484375,-2731.108154296875,121.07962799072266
-1651.352783203125,-2731.358154296875,121.04928588867188
-1650.8284912109375,-2731.60888671875,121.01896667480467
-1650.303466796875,-2731.85986328125,120.98837280273438
-1649.7784423828125,-2732.111328125,120.95758056640624
-1649.253173828125,-2732.363525390625,120.92699432373048
-1648.727294921875,-2732.61572265625,120.89641571044922
-1648.200927734375,-2732.868896484375,120.86615753173828
-1647.6739501953125,-2733.122314453125,120.83544158935548
-1647.1466064453125,-2733.37646484375,120.80435180664062
-1646.6187744140625,-2733.631103515625,120.77289581298828
-1646.0906982421875,-2733.885986328125,120.7413558959961
-1645.56201171875,-2734.14111328125,120.71009063720705
-1645.0333251953125,-2734.396484375,120.6793975830078
-1644.5047607421875,-2734.65234375,120.64946746826172
-1643.9761962890625,-2734.908447265625,120.619873046875
-1643.4476318359375,-2735.164306640625,120.59050750732422
-1642.918701171875,-2735.419189453125,120.56103515625
-1642.3905029296875,-2735.673583984375,120.53131103515624
-1641.8624267578125,-2735.927978515625,120.50151824951172
-1641.3345947265625,-2736.1826171875,120.4709930419922
-1640.8072509765625,-2736.437255859375,120.4395980834961
-1640.2796630859375,-2736.69189453125,120.40658569335938
-1639.752197265625,-2736.9462890625,120.37283325195312
-1639.224365234375,-2737.200927734375,120.33878326416016
-1638.69677734375,-2737.4560546875,120.30329895019533
-1638.1693115234375,-2737.71142578125,120.2670669555664
-1637.641845703125,-2737.967041015625,120.2307586669922
-1637.1142578125,-2738.222900390625,120.19498443603516
-1636.5870361328125,-2738.47900390625,120.1593780517578
-1636.0596923828125,-2738.7353515625,120.12353515625
-1635.532470703125,-2738.991943359375,120.0878448486328
-1635.00537109375,-2739.248291015625,120.052734375
-1634.47802734375,-2739.503662109375,120.01802825927734
-1633.9510498046875,-2739.759033203125,119.98311614990234
-1633.42431640625,-2740.0146484375,119.94783782958984
-1632.8978271484375,-2740.2705078125,119.91255950927734
-1632.371337890625,-2740.526123046875,119.87789916992188
-1631.8447265625,-2740.78173828125,119.84375762939452
-1631.318115234375,-2741.037841796875,119.80951690673828
-1630.7913818359375,-2741.293701171875,119.77538299560548
-1630.2645263671875,-2741.549560546875,119.7415771484375
-1629.7379150390625,-2741.804931640625,119.70818328857422
-1629.2115478515625,-2742.060791015625,119.67527770996094
-1628.685546875,-2742.31689453125,119.64356231689452
-1628.1595458984375,-2742.57275390625,119.61285400390624
-1627.63330078125,-2742.828369140625,119.58240509033205
-1627.107177734375,-2743.08349609375,119.55081939697266
-1626.5814208984375,-2743.33837890625,119.5185775756836
-1626.055908203125,-2743.59326171875,119.48640441894533
-1625.5303955078125,-2743.84716796875,119.45417785644533
-1625.0052490234375,-2744.101318359375,119.42103576660156
-1624.4801025390625,-2744.355712890625,119.38653564453124
-1623.9549560546875,-2744.60986328125,119.35103607177734
-1623.4298095703125,-2744.864013671875,119.31482696533205
-1622.905029296875,-2745.11767578125,119.27776336669922
-1622.381103515625,-2745.371826171875,119.23983764648438
-1621.858642578125,-2745.625732421875,119.20213317871094
-1621.3387451171875,-2745.879150390625,119.16507720947266
-1620.8221435546875,-2746.131591796875,119.1285400390625
-1620.309326171875,-2746.38232421875,119.09182739257812
-1619.8006591796875,-2746.630859375,119.0547866821289
-1619.296630859375,-2746.87744140625,119.01846313476562
-1618.79736328125,-2747.122314453125,118.9827651977539
-1618.3023681640625,-2747.365234375,118.94825744628906
-1617.811279296875,-2747.60693359375,118.9145050048828
-1617.323974609375,-2747.846923828125,118.88131713867188
-1616.83984375,-2748.085693359375,118.84793853759766
-1616.35888671875,-2748.32275390625,118.81402587890624
-1615.8819580078125,-2748.55908203125,118.78055572509766
-1615.4091796875,-2748.794677734375,118.74781036376952
-1614.9404296875,-2749.02978515625,118.71632385253906
-1614.4757080078125,-2749.2646484375,118.68557739257812
-1614.014404296875,-2749.498779296875,118.65477752685548
-1613.5565185546875,-2749.7333984375,118.62390899658205
-1613.1025390625,-2749.96826171875,118.59344482421876
-1612.6519775390625,-2750.2041015625,118.56319427490234
-1612.2047119140625,-2750.440185546875,118.53290557861328
-1611.7608642578125,-2750.677978515625,118.50251770019533
-1611.3204345703125,-2750.91748046875,118.47186279296876
-1610.884765625,-2751.16015625,118.4424057006836
-1610.4530029296875,-2751.404541015625,118.41370391845705
-1610.0245361328125,-2751.651123046875,118.38449096679688
-1609.5994873046875,-2751.900634765625,118.3542938232422
-1609.177978515625,-2752.153076171875,118.32298278808594
-1608.760009765625,-2752.4091796875,118.29054260253906
-1608.34619140625,-2752.670166015625,118.2582015991211
-1607.936767578125,-2752.9365234375,118.22665405273438
-1607.5299072265625,-2753.20654296875,118.1946258544922
-1607.1263427734375,-2753.48095703125,118.16155242919922
-1606.7261962890625,-2753.760498046875,118.12751007080078
-1606.330322265625,-2754.046142578125,118.0931167602539
-1605.9388427734375,-2754.337890625,118.05958557128906
-1605.551513671875,-2754.63427734375,118.02594757080078
-1605.168212890625,-2754.935791015625,117.99186706542967
-1604.7894287109375,-2755.24365234375,117.95769500732422
-1604.415283203125,-2755.556640625,117.9241943359375
-1604.046142578125,-2755.875732421875,117.89173126220705
-1603.6812744140625,-2756.19970703125,117.85929870605467
-1603.321044921875,-2756.5283203125,117.82659912109376
-1602.966064453125,-2756.863037109375,117.79474639892578
-1602.615966796875,-2757.202880859375,117.76375579833984
-1602.269775390625,-2757.546630859375,117.73233032226562
-1601.9287109375,-2757.894775390625,117.70015716552734
-1601.5928955078125,-2758.247802734375,117.66805267333984
-1601.2623291015625,-2758.605712890625,117.63581085205078
-1600.93701171875,-2758.96826171875,117.6041030883789
-1600.6168212890625,-2759.335205078125,117.57258605957033
-1600.3017578125,-2759.706787109375,117.5403289794922
-1599.992431640625,-2760.083251953125,117.5078125
-1599.689697265625,-2760.465087890625,117.47608184814452
-1599.392333984375,-2760.85107421875,117.44422912597656
-1599.10009765625,-2761.240478515625,117.41178894042967
-1598.8140869140625,-2761.63427734375,117.3790054321289
-1598.5343017578125,-2762.03271484375,117.34610748291016
-1598.26123046875,-2762.43505859375,117.31314086914062
-1597.995361328125,-2762.842041015625,117.28128051757812
-1597.735595703125,-2763.2529296875,117.24949645996094
-1597.48193359375,-2763.667724609375,117.2171401977539
-1597.2347412109375,-2764.086181640625,117.1844253540039
-1596.9937744140625,-2764.5087890625,117.15135192871094
-1596.7593994140625,-2764.9345703125,117.11791229248048
-1596.5316162109375,-2765.363525390625,117.08430480957033
-1596.31005859375,-2765.7958984375,117.05025482177734
-1596.09521484375,-2766.23193359375,117.0167007446289
-1595.886474609375,-2766.6708984375,116.98358154296876
-1595.683349609375,-2767.11279296875,116.95109558105467
-1595.4853515625,-2767.556884765625,116.9183120727539
-1595.2918701171875,-2768.00390625,116.88477325439452
-1595.104248046875,-2768.452880859375,116.85143280029295
-1594.921875,-2768.904052734375,116.81867218017578
-1594.744873046875,-2769.35791015625,116.7863540649414
-1594.5728759765625,-2769.813232421875,116.75458526611328
-1594.405517578125,-2770.2705078125,116.7229995727539
-1594.242919921875,-2770.729736328125,116.69186401367188
-1594.0850830078125,-2771.1904296875,116.66069793701172
-1593.932373046875,-2771.6533203125,116.62933349609376
-1593.78515625,-2772.11767578125,116.59795379638672
-1593.6434326171875,-2772.583740234375,116.566162109375
-1593.5078125,-2773.05126953125,116.53508758544922
-1593.3782958984375,-2773.520751953125,116.5045394897461
-1593.2545166015625,-2773.99169921875,116.4735870361328
-1593.136962890625,-2774.464111328125,116.44226837158205
-1593.025390625,-2774.937744140625,116.4100570678711
-1592.920654296875,-2775.412841796875,116.37725830078124
-1592.824462890625,-2775.8896484375,116.34568786621094
-1592.735595703125,-2776.36767578125,116.3148422241211
-1592.6536865234375,-2776.847412109375,116.28402709960938
-1592.5789794921875,-2777.328125,116.25260925292967
-1592.511474609375,-2777.81005859375,116.22056579589844
-1592.4522705078125,-2778.29248046875,116.18863677978516
-1592.401123046875,-2778.775390625,116.15738677978516
-1592.3580322265625,-2779.259033203125,116.12609100341795
-1592.322509765625,-2779.7431640625,116.09446716308594
-1592.294677734375,-2780.2275390625,116.06204223632812
-1592.27490234375,-2780.71240234375,116.0296401977539
-1592.2630615234375,-2781.197509765625,115.99697875976562
-1592.2596435546875,-2781.682373046875,115.96418762207033
-1592.2645263671875,-2782.16748046875,115.93143463134766
-1592.2777099609375,-2782.652587890625,115.8989715576172
-1592.29833984375,-2783.136962890625,115.86642456054688
-1592.326904296875,-2783.621337890625,115.8333511352539
-1592.3629150390625,-2784.104736328125,115.79974365234376
-1592.406494140625,-2784.587890625,115.7666015625
-1592.4573974609375,-2785.070556640625,115.7338409423828
-1592.515380859375,-2785.552490234375,115.70215606689452
-1592.57958984375,-2786.03369140625,115.67005157470705
-1592.650146484375,-2786.514892578125,115.6372299194336
-1592.7264404296875,-2786.994873046875,115.60372161865234
-1592.8089599609375,-2787.473876953125,115.56999206542967
-1592.8984375,-2787.951904296875,115.53643035888672
-1592.994873046875,-2788.42919921875,115.50315856933594
-1593.0977783203125,-2788.905029296875,115.47023010253906
-1593.2073974609375,-2789.3798828125,115.43781280517578
-1593.3223876953125,-2789.853759765625,115.4050064086914
-1593.44384765625,-2790.326416015625,115.37179565429688
-1593.571533203125,-2790.79736328125,115.33837890625
-1593.7054443359375,-2791.26708984375,115.30445098876952
-1593.8455810546875,-2791.73486328125,115.2706069946289
-1593.9920654296875,-2792.200927734375,115.2366943359375
-1594.14501953125,-2792.665283203125,115.20281219482422
-1594.3048095703125,-2793.12744140625,115.16909790039062
-1594.470703125,-2793.587890625,115.13497161865234
-1594.6434326171875,-2794.04638671875,115.10033416748048
-1594.8228759765625,-2794.502197265625,115.06563568115234
-1595.009521484375,-2794.9560546875,115.03092193603516
-1595.2044677734375,-2795.406982421875,114.99769592285156
-1595.40625,-2795.85498046875,114.96533966064452
-1595.61328125,-2796.30078125,114.9324722290039
-1595.8267822265625,-2796.74365234375,114.89937591552734
-1596.04736328125,-2797.18359375,114.86676025390624
-1596.27490234375,-2797.61962890625,114.83507537841795
-1596.50927734375,-2798.052490234375,114.80476379394533
-1596.74853515625,-2798.482666015625,114.77409362792967
-1596.9927978515625,-2798.91064453125,114.74200439453124
-1597.2437744140625,-2799.33447265625,114.7096176147461
-1597.5023193359375,-2799.754638671875,114.67828369140624
-1597.7662353515625,-2800.171142578125,114.64685821533205
-1598.0352783203125,-2800.5849609375,114.6143798828125
-1598.3104248046875,-2800.99462890625,114.5811004638672
-1598.5921630859375,-2801.400146484375,114.5473861694336
-1598.8807373046875,-2801.80126953125,114.51441192626952
-1599.1761474609375,-2802.197265625,114.48239135742188
-1599.4765625,-2802.590087890625,114.44960021972656
-1599.78271484375,-2802.97900390625,114.41561126708984
-1600.09521484375,-2803.363037109375,114.38152313232422
-1600.4136962890625,-2803.7421875,114.3475341796875
-1600.73828125,-2804.1162109375,114.31385803222656
-1601.06884765625,-2804.485107421875,114.28013610839844
-1601.4051513671875,-2804.848876953125,114.24662017822266
-1601.747314453125,-2805.207763671875,114.21318817138672
-1602.0953369140625,-2805.561279296875,114.18075561523438
-1602.4486083984375,-2805.909912109375,114.14854431152344
-1602.8060302734375,-2806.2548828125,114.11510467529295
-1603.1689453125,-2806.593994140625,114.08138275146484
-1603.5379638671875,-2806.927001953125,114.0488739013672
-1603.91162109375,-2807.255126953125,114.01720428466795
-1604.289794921875,-2807.578125,113.98688507080078
-1604.671875,-2807.897216796875,113.95628356933594
-1605.0587158203125,-2808.211669921875,113.9250946044922
-1605.4490966796875,-2808.521484375,113.89415740966795
-1605.8431396484375,-2808.826904296875,113.86337280273438
-1606.2410888671875,-2809.127685546875,113.83301544189452
-1606.642822265625,-2809.424072265625,113.80303192138672
-1607.0472412109375,-2809.716552734375,113.77259826660156
-1607.4539794921875,-2810.005615234375,113.74105834960938
-1607.8642578125,-2810.290771484375,113.70897674560548
-1608.2781982421875,-2810.570556640625,113.67742156982422
-1608.6954345703125,-2810.8466796875,113.64665222167967
-1609.115478515625,-2811.119140625,113.61599731445312
-1609.5380859375,-2811.388671875,113.58441162109376
-1609.9632568359375,-2811.654541015625,113.55200958251952
-1610.3912353515625,-2811.916259765625,113.5200653076172
-1610.821533203125,-2812.174072265625,113.48841094970705
-1611.254150390625,-2812.42822265625,113.45716857910156
-1611.6890869140625,-2812.6796875,113.42662811279295
-1612.1260986328125,-2812.92822265625,113.3963394165039
-1612.5650634765625,-2813.175048828125,113.36620330810548
-1613.0059814453125,-2813.419921875,113.33627319335938
-1613.44873046875,-2813.66259765625,113.30656433105467
-1613.8927001953125,-2813.903564453125,113.27717590332033
-1614.3377685546875,-2814.14306640625,113.24798583984376
-1614.7838134765625,-2814.3818359375,113.2188491821289
-1615.2308349609375,-2814.61962890625,113.19017028808594
-1615.6788330078125,-2814.85693359375,113.16214752197266
-1616.1273193359375,-2815.09423828125,113.13446044921876
-1616.576416015625,-2815.331787109375,113.1065673828125
-1617.0260009765625,-2815.5693359375,113.07858276367188
-1617.4764404296875,-2815.80712890625,113.051025390625
-1617.9273681640625,-2816.045166015625,113.0245132446289
-1618.37841796875,-2816.28369140625,112.99848175048828
-1618.829345703125,-2816.523193359375,112.97215270996094
-1619.2796630859375,-2816.76416015625,112.94445037841795
-1619.7296142578125,-2817.005126953125,112.9159927368164
-1620.1800537109375,-2817.246337890625,112.8870849609375
-1620.6312255859375,-2817.4873046875,112.85884857177734
-1621.083251953125,-2817.728271484375,112.83140563964844
-1621.535888671875,-2817.970458984375,112.8033676147461
-1621.989013671875,-2818.21435546875,112.77400207519533
-1622.443603515625,-2818.457763671875,112.74441528320312
-1622.89892578125,-2818.70068359375,112.71515655517578
-1623.354736328125,-2818.944091796875,112.6868896484375
-1623.8114013671875,-2819.18798828125,112.65929412841795
-1624.2686767578125,-2819.431884765625,112.63243103027344
-1624.7264404296875,-2819.676025390625,112.60693359375
-1625.184814453125,-2819.9208984375,112.58143615722656
-1625.64404296875,-2820.16552734375,112.55573272705078
-1626.1046142578125,-2820.409912109375,112.5303955078125
-1626.566162109375,-2820.65478515625,112.505615234375
-1627.0283203125,-2820.900146484375,112.48086547851562
-1627.4915771484375,-2821.145263671875,112.45557403564452
-1627.9560546875,-2821.390869140625,112.4297103881836
-1628.421630859375,-2821.63671875,112.40431213378906
-1628.8880615234375,-2821.883056640625,112.37950897216795
-1629.355224609375,-2822.130126953125,112.35438537597656
-1629.8236083984375,-2822.3779296875,112.32872009277344
-1630.2928466796875,-2822.62646484375,112.30306243896484
-1630.7633056640625,-2822.87548828125,112.27784729003906
-1631.234130859375,-2823.125,112.25262451171876
-1631.7059326171875,-2823.375732421875,112.22724151611328
-1632.1787109375,-2823.627197265625,112.20178985595705
-1632.652587890625,-2823.878662109375,112.1762924194336
-1633.1265869140625,-2824.13134765625,112.15047454833984
-1633.6024169921875,-2824.3837890625,112.12507629394533
-1634.0792236328125,-2824.63720703125,112.1002197265625
-1634.5570068359375,-2824.89111328125,112.07537078857422
-1635.0355224609375,-2825.146240234375,112.05020141601562
-1635.514892578125,-2825.40283203125,112.0233383178711
-1635.9945068359375,-2825.65966796875,111.9960708618164
-1636.4757080078125,-2825.916748046875,111.96896362304688
-1636.9586181640625,-2826.174560546875,111.94245910644533
-1637.4427490234375,-2826.433837890625,111.9161148071289
-1637.9281005859375,-2826.694580078125,111.88938903808594
-1638.4149169921875,-2826.957275390625,111.86133575439452
-1638.9034423828125,-2827.220703125,111.83282470703124
-1639.3934326171875,-2827.485107421875,111.8049774169922
-1639.884765625,-2827.750244140625,111.77727508544922
-1640.3775634765625,-2828.016845703125,111.74984741210938
-1640.871826171875,-2828.284423828125,111.72269439697266
-1641.3671875,-2828.552978515625,111.69544982910156
-1641.8642578125,-2828.822998046875,111.66791534423828
-1642.362548828125,-2829.093994140625,111.64019012451172
-1642.862060546875,-2829.36572265625,111.6126480102539
-1643.363037109375,-2829.638427734375,111.58499908447266
-1643.86572265625,-2829.911865234375,111.5571060180664
-1644.369873046875,-2830.18603515625,111.52920532226562
-1644.8753662109375,-2830.46142578125,111.5015106201172
-1645.38232421875,-2830.7373046875,111.47383880615234
-1645.890380859375,-2831.0146484375,111.44561004638672
-1646.3994140625,-2831.29248046875,111.41681671142578
-1646.90966796875,-2831.571044921875,111.3875961303711
-1647.421142578125,-2831.85009765625,111.35823822021484
-1647.9342041015625,-2832.130126953125,111.32862091064452
-1648.448974609375,-2832.41064453125,111.29857635498048
-1648.9654541015625,-2832.69189453125,111.26785278320312
-1649.483642578125,-2832.97412109375,111.2365264892578
-1650.00341796875,-2833.25634765625,111.20487213134766
-1650.524658203125,-2833.5390625,111.17304229736328
-1651.0478515625,-2833.822021484375,111.14125061035156
-1651.572998046875,-2834.104736328125,111.1098175048828
-1652.0999755859375,-2834.38818359375,111.07858276367188
-1652.6287841796875,-2834.672119140625,111.04763793945312
-1653.1593017578125,-2834.95654296875,111.01691436767578
-1653.6915283203125,-2835.2412109375,110.98648834228516
-1654.225341796875,-2835.5263671875,110.95662689208984
-1654.7606201171875,-2835.81201171875,110.9273681640625
-1655.297119140625,-2836.098876953125,110.89859771728516
-1655.8349609375,-2836.386474609375,110.86962127685548
-1656.374267578125,-2836.675048828125,110.8406219482422
-1656.9150390625,-2836.96435546875,110.81207275390624
-1657.4571533203125,-2837.255126953125,110.78325653076172
-1658.00048828125,-2837.547119140625,110.75381469726562
-1658.545654296875,-2837.840087890625,110.72434997558594
-1659.0924072265625,-2838.134033203125,110.69503784179688
-1659.6402587890625,-2838.4296875,110.66565704345705
-1660.189453125,-2838.7265625,110.63597869873048
-1660.739990234375,-2839.025146484375,110.60618591308594
-1661.291748046875,-2839.324951171875,110.57672882080078
-1661.8446044921875,-2839.626708984375,110.54693603515624
-1662.3988037109375,-2839.929443359375,110.51670837402344
-1662.9544677734375,-2840.233642578125,110.48664855957033
-1663.5115966796875,-2840.53955078125,110.45679473876952
-1664.0701904296875,-2840.846923828125,110.42684173583984
-1664.6304931640625,-2841.155029296875,110.39667510986328
-1665.192138671875,-2841.464599609375,110.3665542602539
-1665.755126953125,-2841.77490234375,110.33642578125
-1666.3192138671875,-2842.086181640625,110.30587005615234
-1666.884765625,-2842.398193359375,110.27495574951172
-1667.451904296875,-2842.71044921875,110.24388122558594
-1668.021240234375,-2843.0234375,110.21245574951172
-1668.592529296875,-2843.33642578125,110.1806411743164
-1669.1654052734375,-2843.650146484375,110.14811706542967
-1669.73974609375,-2843.9638671875,110.11470794677734
-1670.315673828125,-2844.277587890625,110.08090209960938
-1670.8934326171875,-2844.5908203125,110.0473175048828
-1671.4732666015625,-2844.904296875,110.0136947631836
-1672.0550537109375,-2845.21826171875,109.97998809814452
-1672.638427734375,-2845.532470703125,109.94639587402344
-1673.2237548828125,-2845.8466796875,109.9130859375
-1673.810546875,-2846.161376953125,109.88043975830078
-1674.3984375,-2846.476318359375,109.8485107421875
-1674.9871826171875,-2846.79248046875,109.81717681884766
-1675.5770263671875,-2847.109130859375,109.78620910644533
-1676.1678466796875,-2847.42626953125,109.75531768798828
-1676.7596435546875,-2847.744873046875,109.7239990234375
-1677.3525390625,-2848.064453125,109.69205474853516
-1677.9462890625,-2848.385009765625,109.65939331054688
-1678.541015625,-2848.7060546875,109.625732421875
-1679.136962890625,-2849.028564453125,109.59146881103516
-1679.734375,-2849.351318359375,109.55669403076172
-1680.333740234375,-2849.6748046875,109.5214614868164
-1680.9346923828125,-2849.999755859375,109.4858169555664
-1681.5372314453125,-2850.325439453125,109.44972229003906
-1682.141357421875,-2850.651611328125,109.41358184814452
-1682.7471923828125,-2850.978515625,109.37786865234376
-1683.3546142578125,-2851.30615234375,109.34278869628906
-1683.9637451171875,-2851.634765625,109.3078155517578
-1684.5743408203125,-2851.96435546875,109.27296447753906
-1685.1865234375,-2852.294677734375,109.23796844482422
-1685.7999267578125,-2852.625244140625,109.20310974121094
-1686.414794921875,-2852.957275390625,109.16831970214844
-1687.031005859375,-2853.289794921875,109.13301849365234
-1687.6488037109375,-2853.623046875,109.09690856933594
-1688.2684326171875,-2853.95654296875,109.06060791015624
-1688.8892822265625,-2854.291259765625,109.02375030517578
-1689.5115966796875,-2854.626953125,108.98582458496094
-1690.135009765625,-2854.963623046875,108.94694519042967
-1690.7606201171875,-2855.2998046875,108.90796661376952
-1691.38818359375,-2855.63671875,108.8688735961914
-1692.0177001953125,-2855.973876953125,108.82975769042967
-1692.649169921875,-2856.312255859375,108.79065704345705
-1693.2823486328125,-2856.650390625,108.75209045410156
-1693.916748046875,-2856.989501953125,108.71439361572266
-1694.5521240234375,-2857.330078125,108.67713928222656
-1695.1884765625,-2857.6708984375,108.64051055908205
-1695.8262939453125,-2858.012939453125,108.6042251586914
-1696.4649658203125,-2858.356201171875,108.56761932373048
-1697.1048583984375,-2858.701416015625,108.53022003173828
-1697.7454833984375,-2859.0478515625,108.49199676513672
-1698.38671875,-2859.3955078125,108.45311737060548
-1699.0289306640625,-2859.744384765625,108.41358947753906
-1699.6722412109375,-2860.094482421875,108.37356567382812
-1700.3167724609375,-2860.44580078125,108.33318328857422
-1700.962646484375,-2860.798095703125,108.29247283935548
-1701.6094970703125,-2861.152099609375,108.25165557861328
-1702.2572021484375,-2861.507080078125,108.21110534667967
-1702.9053955078125,-2861.86376953125,108.17082977294922
-1703.553955078125,-2862.2216796875,108.1307373046875
-1704.2030029296875,-2862.581298828125,108.09072875976562
-1704.8526611328125,-2862.9423828125,108.05060577392578
-1705.5030517578125,-2863.30517578125,108.01013946533205
-1706.1539306640625,-2863.66943359375,107.96922302246094
-1706.8052978515625,-2864.035888671875,107.9277801513672
-1707.45751953125,-2864.4033203125,107.88652801513672
-1708.110107421875,-2864.7724609375,107.84506225585938
-1708.762939453125,-2865.143798828125,107.80269622802734
-1709.4161376953125,-2865.516357421875,107.75961303710938
-1710.0701904296875,-2865.89013671875,107.71661376953124
-1710.725341796875,-2866.265380859375,107.6739501953125
-1711.3814697265625,-2866.642333984375,107.6313247680664
-1712.0380859375,-2867.02099609375,107.588623046875
-1712.6951904296875,-2867.4013671875,107.54652404785156
-1713.3524169921875,-2867.783203125,107.5053482055664
-1714.010009765625,-2868.166748046875,107.46480560302734
-1714.6678466796875,-2868.55224609375,107.42459869384766
-1715.326416015625,-2868.939453125,107.38441467285156
-1715.9854736328125,-2869.328369140625,107.34497833251952
-1716.644775390625,-2869.719970703125,107.30567932128906
-1717.3035888671875,-2870.113037109375,107.2659149169922
-1717.9620361328125,-2870.508544921875,107.2253875732422
-1718.6202392578125,-2870.905517578125,107.18405151367188
-1719.279296875,-2871.3037109375,107.14229583740234
-1719.939697265625,-2871.70361328125,107.09941864013672
-1720.6007080078125,-2872.10546875,107.05543518066406
-1721.2626953125,-2872.509033203125,107.0106430053711
-1721.9256591796875,-2872.913330078125,106.96671295166016
-1722.58984375,-2873.318603515625,106.92390441894533
-1723.2542724609375,-2873.7255859375,106.88156127929688
-1723.919189453125,-2874.134765625,106.83928680419922
-1724.583740234375,-2874.545166015625,106.79769897460938
-1725.248779296875,-2874.9580078125,106.75641632080078
-1725.9141845703125,-2875.373046875,106.71550750732422
-1726.579833984375,-2875.78955078125,106.67426300048828
-1727.246337890625,-2876.207763671875,106.63311004638672
-1727.913330078125,-2876.6279296875,106.59253692626952
-1728.5804443359375,-2877.050048828125,106.55220794677734
-1729.247802734375,-2877.47412109375,106.51173400878906
-1729.915283203125,-2877.899658203125,106.47144317626952
-1730.5830078125,-2878.326904296875,106.43114471435548
-1731.2513427734375,-2878.756103515625,106.39027404785156
-1731.919921875,-2879.1875,106.34857177734376
-1732.5885009765625,-2879.62060546875,106.30575561523438
-1733.257568359375,-2880.05517578125,106.26237487792967
-1733.92724609375,-2880.491943359375,106.21858215332033
-1734.5975341796875,-2880.9306640625,106.17382049560548
-1735.2685546875,-2881.370849609375,106.1283721923828
-1735.93994140625,-2881.812744140625,106.08279418945312
-1736.611572265625,-2882.256591796875,106.03691864013672
-1737.2838134765625,-2882.701904296875,105.9908676147461
-1737.95654296875,-2883.149169921875,105.94465637207033
-1738.6297607421875,-2883.597900390625,105.89824676513672
-1739.3038330078125,-2884.04833984375,105.85183715820312
-1739.978271484375,-2884.500244140625,105.80528259277344
-1740.6533203125,-2884.95361328125,105.75817108154295
-1741.329345703125,-2885.408203125,105.71112060546876
-1742.0059814453125,-2885.864013671875,105.66389465332033
-1742.6834716796875,-2886.321044921875,105.61611938476562
-1743.3623046875,-2886.778564453125,105.56837463378906
-1744.0421142578125,-2887.238037109375,105.52091217041016
-1744.7227783203125,-2887.6982421875,105.47289276123048
-1745.403564453125,-2888.15966796875,105.42389678955078
-1746.0853271484375,-2888.621337890625,105.3747100830078
-1746.769287109375,-2889.0830078125,105.32623291015624
-1747.455078125,-2889.54541015625,105.27747344970705
-1748.14208984375,-2890.00927734375,105.22838592529295
-1748.8299560546875,-2890.472900390625,105.1803741455078
-1749.5186767578125,-2890.9375,105.1336669921875
-1750.2076416015625,-2891.4033203125,105.0874481201172
-1750.8970947265625,-2891.870361328125,105.04129791259766
-1751.586669921875,-2892.3388671875,104.9944839477539
-1752.277099609375,-2892.80810546875,104.94774627685548
-1752.96875,-2893.2783203125,104.90135192871094
-1753.6605224609375,-2893.75,104.85440826416016
-1754.353271484375,-2894.22314453125,104.80672454833984
-1755.0472412109375,-2894.69677734375,104.7604751586914
-1755.7412109375,-2895.17236328125,104.71377563476562
-1756.4346923828125,-2895.6494140625,104.665771484375
-1757.1287841796875,-2896.127197265625,104.61922454833984
-1757.823974609375,-2896.606201171875,104.57340240478516
-1758.519287109375,-2897.087890625,104.52609252929688
-1759.21484375,-2897.57080078125,104.47926330566406
-1759.91015625,-2898.0556640625,104.4321060180664
-1760.6058349609375,-2898.5419921875,104.38504791259766
-1761.3023681640625,-2899.029541015625,104.33856201171876
-1761.99853515625,-2899.51904296875,104.2914047241211
-1762.6937255859375,-2900.010009765625,104.24284362792967
-1763.3892822265625,-2900.502197265625,104.19391632080078
-1764.08544921875,-2900.995361328125,104.14500427246094
-1764.7821044921875,-2901.490478515625,104.09468841552734
-1765.4796142578125,-2901.98681640625,104.04352569580078
-1766.1781005859375,-2902.484375,103.9925765991211
-1766.87744140625,-2902.982666015625,103.9423599243164
-1767.5775146484375,-2903.48193359375,103.89324951171876
-1768.2777099609375,-2903.982666015625,103.84514617919922
-1768.9775390625,-2904.48486328125,103.79800415039062
-1769.6773681640625,-2904.98876953125,103.75189971923828
-1770.377197265625,-2905.494873046875,103.70587158203124
-1771.07666015625,-2906.003173828125,103.65894317626952
-1771.7760009765625,-2906.512939453125,103.6113052368164
-1772.4754638671875,-2907.0244140625,103.56317901611328
-1773.1751708984375,-2907.536865234375,103.51455688476562
-1773.875244140625,-2908.051513671875,103.46505737304688
-1774.57568359375,-2908.5673828125,103.41498565673828
-1775.2764892578125,-2909.084716796875,103.3648681640625
-1775.9776611328125,-2909.603271484375,103.31475067138672
-1776.678955078125,-2910.123779296875,103.2649383544922
-1777.3804931640625,-2910.64599609375,103.2155303955078
-1778.08154296875,-2911.17041015625,103.1659164428711
-1778.78173828125,-2911.696044921875,103.11618041992188
-1779.4820556640625,-2912.2236328125,103.06664276123048
-1780.18212890625,-2912.75390625,103.01696014404295
-1780.882080078125,-2913.285888671875,102.96694946289062
-1781.5821533203125,-2913.8193359375,102.91742706298828
-1782.2818603515625,-2914.355224609375,102.86839294433594
-1782.9805908203125,-2914.89306640625,102.81912994384766
-1783.678955078125,-2915.4326171875,102.77031707763672
-1784.376708984375,-2915.973876953125,102.72161102294922
-1785.0740966796875,-2916.517578125,102.67218017578124
-1785.7716064453125,-2917.06298828125,102.6225128173828
-1786.46875,-2917.610595703125,102.57267761230467
-1787.1656494140625,-2918.159423828125,102.52306365966795
-1787.8623046875,-2918.710205078125,102.47367095947266
-1788.5584716796875,-2919.26220703125,102.42408752441406
-1789.2542724609375,-2919.81640625,102.37449645996094
-1789.94970703125,-2920.372314453125,102.32439422607422
-1790.6446533203125,-2920.929931640625,102.27354431152344
-1791.339599609375,-2921.489013671875,102.22293090820312
-1792.0347900390625,-2922.0498046875,102.17227935791016
-1792.7301025390625,-2922.612548828125,102.1217041015625
-1793.4251708984375,-2923.1767578125,102.0719985961914
-1794.11962890625,-2923.74267578125,102.02308654785156
-1794.8135986328125,-2924.31005859375,101.97528839111328
-1795.5072021484375,-2924.879150390625,101.9284439086914
-1796.1998291015625,-2925.450927734375,101.88082122802734
-1796.89111328125,-2926.024658203125,101.83200073242188
-1797.5814208984375,-2926.60009765625,101.78218841552734
-1798.271240234375,-2927.177734375,101.73102569580078
-1798.9613037109375,-2927.7568359375,101.6783218383789
-1799.650634765625,-2928.33837890625,101.62358856201172
-1800.340087890625,-2928.9208984375,101.56786346435548
-1801.0302734375,-2929.50439453125,101.51295471191406
-1801.7210693359375,-2930.089111328125,101.45838165283205
-1802.4127197265625,-2930.6748046875,101.4045181274414
-1803.104736328125,-2931.26123046875,101.35269165039062
-1803.7960205078125,-2931.849365234375,101.3025360107422
-1804.48681640625,-2932.439208984375,101.25446319580078
-1805.1773681640625,-2933.030029296875,101.20802307128906
-1805.867431640625,-2933.623291015625,101.16091918945312
-1806.556396484375,-2934.21826171875,101.11256408691406
-1807.244140625,-2934.814453125,101.06312561035156
-1807.932373046875,-2935.411865234375,101.01296997070312
-1808.62158203125,-2936.010009765625,100.96168518066406
-1809.310791015625,-2936.610107421875,100.9082260131836
-1810.00048828125,-2937.210693359375,100.85394287109376
-1810.691162109375,-2937.81103515625,100.8005599975586
-1811.383056640625,-2938.411376953125,100.74781036376952
-1812.076171875,-2939.0126953125,100.69523620605467
-1812.7701416015625,-2939.6142578125,100.64389038085938
-1813.464111328125,-2940.21630859375,100.5939712524414
-1814.15771484375,-2940.819580078125,100.5452880859375
-1814.8514404296875,-2941.423583984375,100.4974365234375
-1815.544677734375,-2942.0302734375,100.44882202148438
-1816.2373046875,-2942.637451171875,100.3990478515625
-1816.9295654296875,-2943.24609375,100.34817504882812
-1817.6219482421875,-2943.856201171875,100.29631042480467
-1818.3148193359375,-2944.467041015625,100.24365997314452
-1819.008056640625,-2945.07958984375,100.18984985351562
-1819.701416015625,-2945.692626953125,100.13578033447266
-1820.3948974609375,-2946.306884765625,100.08258056640624
-1821.088134765625,-2946.9228515625,100.02999114990234
-1821.7808837890625,-2947.54052734375,99.97801208496094
-1822.4730224609375,-2948.159912109375,99.92721557617188
-1823.1640625,-2948.78173828125,99.87754821777344
-1823.8531494140625,-2949.40576171875,99.8274154663086
-1824.5406494140625,-2950.032470703125,99.77660369873048
-1825.2269287109375,-2950.6611328125,99.72542572021484
-1825.91259765625,-2951.29248046875,99.67292785644533
-1826.5970458984375,-2951.92626953125,99.61898040771484
-1827.28076171875,-2952.561767578125,99.56485748291016
-1827.9639892578125,-2953.19873046875,99.51116943359376
-1828.6463623046875,-2953.837646484375,99.45734405517578
-1829.327880859375,-2954.478759765625,99.4036102294922
-1830.0086669921875,-2955.12158203125,99.35012817382812
-1830.688720703125,-2955.76611328125,99.29691314697266
-1831.3677978515625,-2956.412353515625,99.24374389648438
-1832.046142578125,-2957.060546875,99.19073486328124
-1832.72412109375,-2957.710693359375,99.13878631591795
-1833.4014892578125,-2958.362548828125,99.0868682861328
-1834.07763671875,-2959.015869140625,99.0344009399414
-1834.753173828125,-2959.670654296875,98.982421875
-1835.428955078125,-2960.326171875,98.93043518066406
-1836.1048583984375,-2960.983154296875,98.87759399414062
-1836.78076171875,-2961.640869140625,98.82433319091795
-1837.4569091796875,-2962.29931640625,98.771240234375
-1838.133056640625,-2962.958740234375,98.71817779541016
-1838.8092041015625,-2963.618896484375,98.66503143310548
-1839.485107421875,-2964.27978515625,98.61095428466795
-1840.1612548828125,-2964.94140625,98.5566177368164
-1840.8387451171875,-2965.603515625,98.50277709960938
-1841.5164794921875,-2966.266357421875,98.44847869873048
-1842.1939697265625,-2966.93017578125,98.39325714111328
-1842.8717041015625,-2967.594482421875,98.3387451171875
-1843.550048828125,-2968.259033203125,98.28540802001952
-1844.2286376953125,-2968.92529296875,98.23138427734376
-1844.90673828125,-2969.5927734375,98.17691802978516
-1845.58447265625,-2970.261474609375,98.1231918334961
-1846.261474609375,-2970.931640625,98.06967163085938
-1846.9376220703125,-2971.603515625,98.01578521728516
-1847.6136474609375,-2972.276611328125,97.96228790283205
-1848.2891845703125,-2972.951904296875,97.90904998779295
-1848.963623046875,-2973.62890625,97.8556137084961
-1849.6370849609375,-2974.3076171875,97.80278778076172
-1850.3094482421875,-2974.987548828125,97.75037384033205
-1850.98046875,-2975.67041015625,97.69747924804688
-1851.6497802734375,-2976.35546875,97.64430236816406
-1852.31787109375,-2977.042236328125,97.59090423583984
-1852.984130859375,-2977.73193359375,97.53726196289062
-1853.64892578125,-2978.423583984375,97.48314666748048
-1854.312255859375,-2979.11767578125,97.4287338256836
-1854.973876953125,-2979.81396484375,97.37428283691406
-1855.634033203125,-2980.5126953125,97.31971740722656
-1856.2923583984375,-2981.21337890625,97.26516723632812
-1856.9490966796875,-2981.916748046875,97.21089935302734
-1857.604248046875,-2982.6220703125,97.1570281982422
-1858.25830078125,-2983.329345703125,97.1039047241211
-1858.9110107421875,-2984.03857421875,97.05140686035156
-1859.5616455078125,-2984.75,96.99860382080078
-1860.2108154296875,-2985.462646484375,96.94647216796876
-1860.85888671875,-2986.1767578125,96.89445495605467
-1861.505859375,-2986.892578125,96.8411636352539
-1862.1522216796875,-2987.609619140625,96.7872543334961
-1862.7979736328125,-2988.32763671875,96.73282623291016
-1863.443359375,-2989.04638671875,96.67801666259766
-1864.08837890625,-2989.76611328125,96.62284088134766
-1864.7332763671875,-2990.486572265625,96.56742095947266
-1865.3779296875,-2991.207763671875,96.51181030273438
-1866.0218505859375,-2991.929931640625,96.45606994628906
-1866.666015625,-2992.65234375,96.40077209472656
-1867.3094482421875,-2993.3759765625,96.3452377319336
-1867.9521484375,-2994.1005859375,96.28986358642578
-1868.594482421875,-2994.826416015625,96.2343292236328
-1869.2364501953125,-2995.55322265625,96.1786651611328
-1869.8785400390625,-2996.28076171875,96.12322235107422
-1870.5201416015625,-2997.00927734375,96.06835174560548
-1871.1605224609375,-2997.7392578125,96.01335144042967
-1871.80029296875,-2998.469970703125,95.9592514038086
-1872.4398193359375,-2999.201416015625,95.90562438964844
-1873.0787353515625,-2999.93408203125,95.85149383544922
-1873.7174072265625,-3000.667724609375,95.79783630371094
-1874.35546875,-3001.40234375,95.74429321289062
-1874.992919921875,-3002.13818359375,95.69058990478516
-1875.629638671875,-3002.874267578125,95.6373062133789
-1876.265869140625,-3003.61181640625,95.58332824707033
-1876.9022216796875,-3004.349853515625,95.52908325195312
-1877.5389404296875,-3005.088623046875,95.4752960205078
-1878.175537109375,-3005.827880859375,95.42170715332033
-1878.811767578125,-3006.568115234375,95.36893463134766
-1879.447265625,-3007.309326171875,95.31671905517578
-1880.0819091796875,-3008.051513671875,95.26449584960938
-1880.716552734375,-3008.794189453125,95.21234893798828
-1881.3507080078125,-3009.5380859375,95.1604232788086
-1881.9849853515625,-3010.28271484375,95.10845947265624
-1882.619140625,-3011.028076171875,95.05706787109376
-1883.252685546875,-3011.774169921875,95.00605010986328
-1883.885009765625,-3012.52099609375,94.95436096191406
-1884.5177001953125,-3013.268798828125,94.90338134765624
-1885.1502685546875,-3014.01708984375,94.85281372070312
-1885.7822265625,-3014.766845703125,94.8011474609375
-1886.414306640625,-3015.5166015625,94.7510757446289
-1887.0450439453125,-3016.267333984375,94.70106506347656
-1887.6746826171875,-3017.019287109375,94.6509246826172
-1888.3040771484375,-3017.771728515625,94.60182189941406
-1888.932861328125,-3018.52587890625,94.55216217041016
-1889.560302734375,-3019.281005859375,94.50090789794922
-1890.1866455078125,-3020.036865234375,94.4491729736328
-1890.8131103515625,-3020.79345703125,94.39794158935548
-1891.4395751953125,-3021.55126953125,94.34624481201172
-1892.0654296875,-3022.310302734375,94.29503631591795
-1892.69091796875,-3023.06982421875,94.24569702148438
-1893.314453125,-3023.830810546875,94.19739532470705
-1893.936279296875,-3024.59326171875,94.14971160888672
-1894.5567626953125,-3025.35693359375,94.10262298583984
-1895.1756591796875,-3026.123046875,94.0548095703125
-1895.7926025390625,-3026.890869140625,94.0063934326172
-1896.4078369140625,-3027.66064453125,93.95880889892578
-1897.02197265625,-3028.431640625,93.91192626953124
-1897.6339111328125,-3029.204833984375,93.86540985107422
-1898.2442626953125,-3029.97998046875,93.8193588256836
-1898.852783203125,-3030.755859375,93.77435302734376
-1899.4595947265625,-3031.533935546875,93.72975158691406
-1900.0645751953125,-3032.3134765625,93.68494415283205
-1900.6676025390625,-3033.094482421875,93.63946533203124
-1901.26904296875,-3033.876953125,93.59365844726562
-1901.8692626953125,-3034.660888671875,93.54755401611328
-1902.46826171875,-3035.446533203125,93.50059509277344
-1903.06591796875,-3036.2333984375,93.45362854003906
-1903.662841796875,-3037.021240234375,93.40708923339844
-1904.2591552734375,-3037.81005859375,93.3612289428711
-1904.8538818359375,-3038.599853515625,93.31521606445312
-1905.447265625,-3039.390625,93.26891326904295
-1906.0401611328125,-3040.18212890625,93.2235336303711
-1906.6318359375,-3040.9755859375,93.17794036865234
-1907.2222900390625,-3041.769775390625,93.13168334960938
-1907.8115234375,-3042.5654296875,93.08599853515624
-1908.4000244140625,-3043.361328125,93.0411605834961
-1908.9874267578125,-3044.15869140625,92.99639129638672
-1909.573486328125,-3044.95703125,92.9514389038086
-1910.15869140625,-3045.755859375,92.9075164794922
-1910.7427978515625,-3046.5556640625,92.86448669433594
-1911.325927734375,-3047.35693359375,92.82219696044922
-1911.9071044921875,-3048.159423828125,92.78133392333984
-1912.4862060546875,-3048.963134765625,92.7421875
-1913.0638427734375,-3049.767578125,92.70468139648438
-1913.6385498046875,-3050.57421875,92.66730499267578
-1914.21044921875,-3051.382080078125,92.62945556640624
-1914.7799072265625,-3052.19091796875,92.59078216552734
-1915.3475341796875,-3053.000244140625,92.55038452148438
-1915.913818359375,-3053.810791015625,92.50846862792967
-1916.478759765625,-3054.621826171875,92.46448516845705
-1917.04248046875,-3055.43359375,92.41943359375
-1917.6055908203125,-3056.2451171875,92.375
-1918.16796875,-3057.056640625,92.33084106445312
-1918.7293701171875,-3057.86865234375,92.28782653808594
-1919.2894287109375,-3058.68115234375,92.24661254882812
-1919.84814453125,-3059.494140625,92.20758819580078
-1920.4052734375,-3060.306884765625,92.17035675048828
-1920.960693359375,-3061.12060546875,92.13380432128906
-1921.5147705078125,-3061.93408203125,92.09774780273438
-1922.067626953125,-3062.74755859375,92.06161499023438
-1922.61962890625,-3063.56103515625,92.0257568359375
-1923.1712646484375,-3064.37451171875,91.9901351928711
-1923.72216796875,-3065.1875,91.9542007446289
-1924.272216796875,-3066.0,91.9172134399414
-1924.821044921875,-3066.8125,91.88062286376952
-1925.36865234375,-3067.624755859375,91.84302520751952
-1925.915771484375,-3068.43701171875,91.8049087524414
-1926.462158203125,-3069.249267578125,91.767333984375
-1927.007568359375,-3070.0615234375,91.73005676269533
-1927.5516357421875,-3070.873779296875,91.69368743896484
-1928.09375,-3071.6865234375,91.65887451171876
-1928.63427734375,-3072.49951171875,91.624267578125
-1929.1729736328125,-3073.3134765625,91.58951568603516
-1929.7091064453125,-3074.12841796875,91.55557250976562
-1930.2432861328125,-3074.94287109375,91.52167510986328
-1930.7750244140625,-3075.75732421875,91.48725128173828
-1931.304443359375,-3076.5712890625,91.45262908935548
-1931.8309326171875,-3077.38427734375,91.4167709350586
-1932.3546142578125,-3078.195556640625,91.37969970703124
-1932.8751220703125,-3079.003662109375,91.34259033203124
-1933.3914794921875,-3079.808349609375,91.30476379394533
-1933.9036865234375,-3080.60888671875,91.2675552368164
-1934.4111328125,-3081.405517578125,91.23085021972656
-1934.91357421875,-3082.197509765625,91.19497680664062
-1935.4110107421875,-3082.984375,91.16022491455078
-1935.90283203125,-3083.765869140625,91.12682342529295
-1936.3890380859375,-3084.54150390625,91.09449005126952
-1936.8695068359375,-3085.3115234375,91.06295776367188
-1937.3443603515625,-3086.0751953125,91.03223419189452
-1937.81396484375,-3086.833984375,91.00187683105467
-1938.278076171875,-3087.587158203125,90.9717788696289
-1938.7369384765625,-3088.334716796875,90.9418487548828
-1939.19091796875,-3089.076904296875,90.91200256347656
-1939.64013671875,-3089.81396484375,90.8819808959961
-1940.0853271484375,-3090.546142578125,90.85189056396484
-1940.5264892578125,-3091.274658203125,90.82167053222656
-1940.964599609375,-3092.0,90.791015625
-1941.3997802734375,-3092.72265625,90.76016235351562
-1941.8321533203125,-3093.442138671875,90.72937774658205
-1942.2618408203125,-3094.15869140625,90.6988525390625
-1942.68798828125,-3094.8720703125,90.6690444946289
-1943.1114501953125,-3095.58203125,90.6395492553711
-1943.5318603515625,-3096.287353515625,90.61009216308594
-1943.9482421875,-3096.988037109375,90.58094787597656
-1944.3603515625,-3097.683349609375,90.55280303955078
-1944.7691650390625,-3098.37353515625,90.52481842041016
-1945.174560546875,-3099.05908203125,90.49658203125
-1945.575927734375,-3099.740234375,90.46846771240234
-1945.9737548828125,-3100.4169921875,90.440673828125
-1946.368408203125,-3101.09033203125,90.41307067871094
-1946.759521484375,-3101.760009765625,90.3846664428711
-1947.1484375,-3102.426025390625,90.35608673095705
-1947.534912109375,-3103.088623046875,90.32836151123048
-1947.9185791015625,-3103.747802734375,90.30127716064452
-1948.298583984375,-3104.404541015625,90.27318572998048
-1948.6751708984375,-3105.055908203125,90.24576568603516
-1949.0482177734375,-3105.699951171875,90.22090911865234
-1949.417236328125,-3106.337646484375,90.1980209350586
-1949.781494140625,-3106.968994140625,90.17586517333984
-1950.1409912109375,-3107.59326171875,90.1552963256836
-1950.49609375,-3108.2099609375,90.13634490966795
-1950.8463134765625,-3108.81982421875,90.11831665039062
-1951.191650390625,-3109.423095703125,90.1005401611328
-1951.532470703125,-3110.01953125,90.08295440673828
-1951.8687744140625,-3110.6083984375,90.06501007080078
-1952.20068359375,-3111.190185546875,90.04582977294922
-1952.5279541015625,-3111.764404296875,90.02535247802734
-1952.850341796875,-3112.330810546875,90.00460052490234
-1953.1673583984375,-3112.888671875,89.98368072509766
-1953.4788818359375,-3113.43896484375,89.9618148803711
-1953.78466796875,-3113.98095703125,89.93972778320312
-1954.085205078125,-3114.514892578125,89.91764831542969
-1954.38037109375,-3115.040283203125,89.8955307006836
-1954.6697998046875,-3115.557861328125,89.87374877929688
-1954.9530029296875,-3116.06689453125,89.85279846191406
-1955.23046875,-3116.56787109375,89.83255004882812
-1955.5020751953125,-3117.06005859375,89.8125991821289
-1955.767578125,-3117.544677734375,89.79298400878906
-1956.028564453125,-3118.023193359375,89.77320098876953
-1956.2855224609375,-3118.496826171875,89.75325775146484
-1956.5399169921875,-3118.967041015625,89.73307037353516
-1956.7930908203125,-3119.4365234375,89.71295166015625
-1957.04541015625,-3119.905517578125,89.6926040649414
-1957.297119140625,-3120.37451171875,89.6718978881836
-1957.549072265625,-3120.8427734375,89.65122985839844
-1957.8018798828125,-3121.310546875,89.63111877441406
-1958.0548095703125,-3121.77685546875,89.61157989501953
-1958.3082275390625,-3122.242431640625,89.5925521850586
-1958.5615234375,-3122.70751953125,89.573974609375
-1958.815185546875,-3123.171875,89.55584716796875
-1959.0694580078125,-3123.634765625,89.53797149658203
-1959.3250732421875,-3124.09619140625,89.5207290649414
-1959.5811767578125,-3124.556884765625,89.50369262695312
-1959.8375244140625,-3125.016357421875,89.48683166503906
-1960.0941162109375,-3125.475341796875,89.47022247314453
-1960.35107421875,-3125.933349609375,89.45330810546875
-1960.608642578125,-3126.39013671875,89.43628692626953
-1960.866943359375,-3126.846435546875,89.41883087158203
-1961.1259765625,-3127.301025390625,89.40103149414062
-1961.385498046875,-3127.7548828125,89.38345336914062
-1961.6456298828125,-3128.207763671875,89.36689758300781
-1961.906494140625,-3128.659912109375,89.35041809082031
-1962.16748046875,-3129.11181640625,89.33338165283203
-1962.42919921875,-3129.562744140625,89.31587219238281
-1962.69091796875,-3130.012451171875,89.29851531982422
-1962.95263671875,-3130.4619140625,89.28213500976562
-1963.2139892578125,-3130.910888671875,89.2664794921875
-1963.47509765625,-3131.359130859375,89.2508544921875
-1963.73583984375,-3131.80712890625,89.23493194580078
-1963.9962158203125,-3132.25439453125,89.2188949584961
-1964.25634765625,-3132.70166015625,89.20285034179688
-1964.5167236328125,-3133.14794921875,89.1872787475586
-1964.77734375,-3133.593505859375,89.17195892333984
-1965.037841796875,-3134.038330078125,89.15672302246094
-1965.298583984375,-3134.48291015625,89.14127349853516
-1965.5589599609375,-3134.926513671875,89.12519073486328
-1965.8194580078125,-3135.369140625,89.10859680175781
-1966.08056640625,-3135.810791015625,89.09185791015625
-1966.3421630859375,-3136.25146484375,89.07534790039062
-1966.6044921875,-3136.69140625,89.05968475341797
-1966.8671875,-3137.13037109375,89.04403686523438
-1967.1300048828125,-3137.569091796875,89.02786254882812
-1967.393310546875,-3138.00732421875,89.01129150390625
-1967.6571044921875,-3138.444091796875,88.99483489990234
-1967.922607421875,-3138.87890625,88.9798355102539
-1968.1881103515625,-3139.3125,88.9654312133789
-1968.453125,-3139.744384765625,88.95101928710938
-1968.7176513671875,-3140.1728515625,88.93592834472656
-1968.98095703125,-3140.59716796875,88.92037963867188
-1969.242919921875,-3141.015380859375,88.90532684326172
-1969.5029296875,-3141.427001953125,88.89038848876953
-1969.7606201171875,-3141.83251953125,88.87539672851562
-1970.01611328125,-3142.232177734375,88.85991668701172
-1970.269775390625,-3142.625,88.84439849853516
-1970.5213623046875,-3143.010986328125,88.82927703857422
-1970.770263671875,-3143.3916015625,88.81464385986328
-1971.0166015625,-3143.7666015625,88.79914093017578
-1971.26171875,-3144.135986328125,88.78302764892578
-1971.50634765625,-3144.49951171875,88.76736450195312
-1971.751220703125,-3144.859375,88.75251770019531
-1971.99755859375,-3145.2158203125,88.73896789550781
-1972.2457275390625,-3145.5693359375,88.72723388671875
-1972.49609375,-3145.92138671875,88.7156982421875
-1972.7489013671875,-3146.27197265625,88.70394897460938
-1973.0042724609375,-3146.62060546875,88.6924819946289
-1973.2618408203125,-3146.966796875,88.6808853149414
-1973.521484375,-3147.310546875,88.66891479492188
-1973.7835693359375,-3147.650634765625,88.65742492675781
-1974.049072265625,-3147.987548828125,88.64737701416016
-1974.31787109375,-3148.32080078125,88.6390151977539
-1974.5887451171875,-3148.6513671875,88.63156127929688
-1974.8619384765625,-3148.978759765625,88.62384796142578
-1975.138427734375,-3149.302978515625,88.61582946777344
-1975.4178466796875,-3149.623779296875,88.6075439453125
-1975.700439453125,-3149.94091796875,88.59908294677734
-1975.98583984375,-3150.25439453125,88.59085845947266
-1976.2740478515625,-3150.564208984375,88.582275390625
-1976.564208984375,-3150.871337890625,88.57230377197266
-1976.8572998046875,-3151.17529296875,88.56089782714844
-1977.1541748046875,-3151.474609375,88.54996490478516
-1977.4541015625,-3151.769775390625,88.53982543945312
-1977.7569580078125,-3152.06103515625,88.530029296875
-1978.0628662109375,-3152.3486328125,88.52024841308594
-1978.3717041015625,-3152.6328125,88.51041412353516
-1978.6834716796875,-3152.913330078125,88.50060272216797
-1978.997802734375,-3153.18994140625,88.49052429199219
-1979.314453125,-3153.462890625,88.4800796508789
-1979.6339111328125,-3153.731201171875,88.46936798095703
-1979.95654296875,-3153.99462890625,88.45933532714844
-1980.281494140625,-3154.25439453125,88.45011138916016
-1980.6087646484375,-3154.509765625,88.44178009033203
-1980.9383544921875,-3154.761474609375,88.43456268310547
-1981.2698974609375,-3155.009765625,88.42708587646484
-1981.603759765625,-3155.25439453125,88.41948699951172
-1981.940185546875,-3155.4951171875,88.412109375
-1982.2786865234375,-3155.73193359375,88.40545654296875
-1982.619140625,-3155.96435546875,88.39913177490234
-1982.9613037109375,-3156.19287109375,88.39315795898438
-1983.3055419921875,-3156.4169921875,88.38756561279297
-1983.6517333984375,-3156.63671875,88.38217163085938
-1983.9993896484375,-3156.85205078125,88.37724304199219
-1984.3492431640625,-3157.062255859375,88.37274932861328
-1984.70166015625,-3157.267578125,88.36949920654297
-1985.0556640625,-3157.468505859375,88.36686706542969
-1985.41064453125,-3157.665771484375,88.3634262084961
-1985.7672119140625,-3157.85888671875,88.35868072509766
-1986.1260986328125,-3158.04638671875,88.35325622558594
-1986.4866943359375,-3158.228759765625,88.3472671508789
-1986.8492431640625,-3158.4052734375,88.3415298461914
-1987.21337890625,-3158.576171875,88.33705139160156
-1987.5789794921875,-3158.7421875,88.33306884765625
-1987.9461669921875,-3158.903564453125,88.32868957519531
-1988.3153076171875,-3159.059814453125,88.32398223876953
-1988.6854248046875,-3159.211181640625,88.31885528564453
-1989.0570068359375,-3159.357421875,88.31316375732422
-1989.4300537109375,-3159.498046875,88.30715942382812
-1989.8040771484375,-3159.6337890625,88.30072784423828
-1990.1793212890625,-3159.763916015625,88.2939682006836
-1990.5560302734375,-3159.887451171875,88.28839111328125
-1990.9337158203125,-3160.00537109375,88.28456115722656
-1991.31201171875,-3160.120361328125,88.2811050415039
-1991.690673828125,-3160.231689453125,88.2763900756836
-1992.0701904296875,-3160.33837890625,88.2708511352539
-1992.451416015625,-3160.439453125,88.2657470703125
-1992.833740234375,-3160.535400390625,88.2614974975586
-1993.2164306640625,-3160.627197265625,88.25881958007812
-1993.5997314453125,-3160.715087890625,88.25750732421875
-1993.983642578125,-3160.799560546875,88.25617980957031
-1994.368408203125,-3160.880859375,88.25308990478516
-1994.7542724609375,-3160.957275390625,88.24884796142578
-1995.1407470703125,-3161.027099609375,88.24565124511719
-1995.5279541015625,-3161.092041015625,88.24339294433594
-1995.915771484375,-3161.153076171875,88.2409439086914
-1996.3045654296875,-3161.209228515625,88.23796081542969
-1996.694091796875,-3161.260009765625,88.2345962524414
-1997.0849609375,-3161.304443359375,88.23157501220703
-1997.4765625,-3161.34375,88.228759765625
-1997.868408203125,-3161.377197265625,88.22627258300781
-1998.2603759765625,-3161.4052734375,88.22390747070312
-1998.6522216796875,-3161.428466796875,88.22093200683594
-1999.043701171875,-3161.447021484375,88.2164306640625
-1999.4346923828125,-3161.459228515625,88.21109008789062
-1999.8250732421875,-3161.464599609375,88.20661926269531
-2000.214599609375,-3161.46435546875,88.20292663574219
-2000.603515625,-3161.459228515625,88.19982147216797
-2000.991943359375,-3161.44873046875,88.19776916503906
-2001.3797607421875,-3161.433837890625,88.19599914550781
-2001.7672119140625,-3161.415283203125,88.19356536865234
-2002.1541748046875,-3161.39208984375,88.19065856933594
-2002.540283203125,-3161.36474609375,88.18783569335938
-2002.926025390625,-3161.333984375,88.18444061279297
-2003.310791015625,-3161.299072265625,88.18097686767578
-2003.695068359375,-3161.260498046875,88.17852020263672
-2004.07861328125,-3161.21923828125,88.17652893066406
-2004.461669921875,-3161.175048828125,88.17478942871094
-2004.84423828125,-3161.1279296875,88.1731185913086
-2005.2261962890625,-3161.078369140625,88.17121124267578
-2005.608154296875,-3161.02490234375,88.16925048828125
-2005.989990234375,-3160.96826171875,88.16746520996094
-2006.3714599609375,-3160.909423828125,88.16583251953125
-2006.7529296875,-3160.84716796875,88.16382598876953
-2007.13427734375,-3160.78173828125,88.1617202758789
-2007.515380859375,-3160.71240234375,88.15953826904297
-2007.8966064453125,-3160.6396484375,88.1571044921875
-2008.2774658203125,-3160.5634765625,88.15499877929688
-2008.6578369140625,-3160.4833984375,88.15326690673828
-2009.0382080078125,-3160.400390625,88.15151977539062
-2009.418212890625,-3160.313232421875,88.14945220947266
-2009.797607421875,-3160.221923828125,88.14745330810547
-2010.1763916015625,-3160.1259765625,88.14624786376953
-2010.5548095703125,-3160.02587890625,88.14588928222656
-2010.9327392578125,-3159.92236328125,88.14573669433594
-2011.309814453125,-3159.81591796875,88.14508056640625
-2011.6861572265625,-3159.70458984375,88.1441650390625
-2012.061767578125,-3159.58935546875,88.14288330078125
-2012.436279296875,-3159.469970703125,88.14122009277344
-2012.8095703125,-3159.345703125,88.14031219482422
-2013.181396484375,-3159.216552734375,88.14079284667969
-2013.55224609375,-3159.083740234375,88.14169311523438
-2013.9217529296875,-3158.947509765625,88.1417007446289
-2014.2896728515625,-3158.804931640625,88.14176177978516
-2014.6558837890625,-3158.658203125,88.14179229736328
-2015.0201416015625,-3158.50634765625,88.14136505126953
-2015.382080078125,-3158.35009765625,88.14060974121094
-2015.7413330078125,-3158.189208984375,88.14020538330078
-2016.0982666015625,-3158.023193359375,88.13967895507812
-2016.4522705078125,-3157.851806640625,88.13943481445312
-2016.8037109375,-3157.676025390625,88.13912963867188
-2017.1524658203125,-3157.495361328125,88.13868713378906
-2017.4981689453125,-3157.310302734375,88.13821411132812
-2017.8408203125,-3157.120361328125,88.1374282836914
-2018.1806640625,-3156.926025390625,88.13623809814453
-2018.517333984375,-3156.7265625,88.13469696044922
-2018.850830078125,-3156.522705078125,88.13311004638672
-2019.18115234375,-3156.314697265625,88.1312255859375
-2019.5081787109375,-3156.1015625,88.1291732788086
-2019.83154296875,-3155.88427734375,88.1274185180664
-2020.152099609375,-3155.662841796875,88.12580108642578
-2020.4696044921875,-3155.436767578125,88.12491607666016
-2020.7845458984375,-3155.20703125,88.12481689453125
-2021.0970458984375,-3154.97412109375,88.12484741210938
-2021.4071044921875,-3154.737548828125,88.12467956542969
-2021.7142333984375,-3154.4970703125,88.1244888305664
-2022.0186767578125,-3154.253173828125,88.12481689453125
-2022.3206787109375,-3154.005615234375,88.12571716308594
-2022.6199951171875,-3153.755126953125,88.12703704833984
-2022.9166259765625,-3153.50146484375,88.12875366210938
-2023.2105712890625,-3153.244384765625,88.13046264648438
-2023.5020751953125,-3152.984375,88.13192749023438
-2023.7908935546875,-3152.720458984375,88.13304138183594
-2024.076416015625,-3152.452880859375,88.13442993164062
-2024.3592529296875,-3152.181640625,88.13636779785156
-2024.639892578125,-3151.908203125,88.13800811767578
-2024.91845703125,-3151.633056640625,88.13796997070312
-2025.1939697265625,-3151.354248046875,88.13638305664062
-2025.4656982421875,-3151.071044921875,88.13487243652344
-2025.7340087890625,-3150.783203125,88.13435363769531
-2025.9993896484375,-3150.491943359375,88.13492584228516
-2026.261962890625,-3150.197265625,88.13645935058594
-2026.5216064453125,-3149.900390625,88.13817596435547
-2026.7786865234375,-3149.600341796875,88.13906860351562
-2027.0322265625,-3149.297119140625,88.13899230957031
-2027.2818603515625,-3148.990478515625,88.13934326171875
-2027.52783203125,-3148.681640625,88.14059448242188
-2027.770263671875,-3148.369873046875,88.14237213134766
-2028.01025390625,-3148.056396484375,88.14391326904297
-2028.2467041015625,-3147.740234375,88.14494323730469
-2028.4796142578125,-3147.420654296875,88.14580535888672
-2028.70947265625,-3147.098876953125,88.14688873291016
-2028.9361572265625,-3146.774169921875,88.1478500366211
-2029.1593017578125,-3146.4462890625,88.1493148803711
-2029.3790283203125,-3146.11572265625,88.1515884399414
-2029.5958251953125,-3145.7822265625,88.15406799316406
-2029.808837890625,-3145.4462890625,88.1563949584961
-2030.0177001953125,-3145.10693359375,88.15856170654297
-2030.223388671875,-3144.765869140625,88.16009521484375
-2030.4241943359375,-3144.42236328125,88.1614990234375
-2030.6195068359375,-3144.07568359375,88.16432189941406
-2030.81103515625,-3143.7265625,88.16837310791016
-2030.9984130859375,-3143.375244140625,88.17274475097656
-2031.181640625,-3143.02197265625,88.17704010009766
-2031.36083984375,-3142.666259765625,88.18067932128906
-2031.536865234375,-3142.30908203125,88.18292236328125
-2031.7078857421875,-3141.948974609375,88.18437194824219
-2031.87353515625,-3141.58642578125,88.1870346069336
-2032.035400390625,-3141.22216796875,88.19047546386719
-2032.194091796875,-3140.856689453125,88.19404602050781
-2032.3485107421875,-3140.489013671875,88.19755554199219
-2032.4993896484375,-3140.11962890625,88.20061492919922
-2032.64697265625,-3139.748779296875,88.2027359008789
-2032.7901611328125,-3139.3759765625,88.20388793945312
-2032.9281005859375,-3139.000732421875,88.20547485351562
-2033.061279296875,-3138.62353515625,88.20817565917969
-2033.1904296875,-3138.2451171875,88.21119689941406
-2033.3157958984375,-3137.864990234375,88.21403503417969
-2033.43701171875,-3137.483642578125,88.21656036376953
-2033.5537109375,-3137.1005859375,88.2187271118164
-2033.666015625,-3136.716064453125,88.220703125
-2033.7734375,-3136.330078125,88.22331237792969
-2033.8760986328125,-3135.943115234375,88.22734069824219
-2033.9749755859375,-3135.5546875,88.23199462890625
-2034.0701904296875,-3135.164794921875,88.2370376586914
-2034.160888671875,-3134.77392578125,88.24214935302734
-2034.2470703125,-3134.3818359375,88.247314453125
-2034.3287353515625,-3133.988525390625,88.25282287597656
-2034.4056396484375,-3133.59423828125,88.25849151611328
-2034.477783203125,-3133.19921875,88.26480102539062
-2034.54541015625,-3132.802978515625,88.27124786376953
-2034.6087646484375,-3132.406494140625,88.27787017822266
-2034.6676025390625,-3132.00927734375,88.28449249267578
-2034.7218017578125,-3131.611083984375,88.29106140136719
-2034.7720947265625,-3131.213134765625,88.29730224609375
-2034.817626953125,-3130.814208984375,88.30292510986328
-2034.8582763671875,-3130.414306640625,88.30831146240234
-2034.8944091796875,-3130.013671875,88.31332397460938
-2034.9259033203125,-3129.61279296875,88.31778717041016
-2034.95263671875,-3129.21142578125,88.32178497314453
-2034.974365234375,-3128.80908203125,88.32528686523438
-2034.9918212890625,-3128.40673828125,88.32813262939453
-2035.0037841796875,-3128.003173828125,88.3307113647461
-2035.0096435546875,-3127.599365234375,88.3337631225586
-2035.010009765625,-3127.195068359375,88.33755493164062
-2035.0057373046875,-3126.790283203125,88.34187316894531
-2034.9971923828125,-3126.38525390625,88.34585571289062
-2034.983642578125,-3125.980224609375,88.34957885742188
-2034.9649658203125,-3125.57568359375,88.353515625
-2034.9410400390625,-3125.1708984375,88.35768127441406
-2034.9119873046875,-3124.7666015625,88.36284637451172
-2034.8787841796875,-3124.363037109375,88.36869812011719
-2034.84130859375,-3123.959716796875,88.37450408935547
-2034.7994384765625,-3123.55615234375,88.38018798828125
-2034.753173828125,-3123.1533203125,88.38569641113281
-2034.7017822265625,-3122.75048828125,88.39173126220703
-2034.6456298828125,-3122.348388671875,88.39836120605469
-2034.5853271484375,-3121.94677734375,88.40485382080078
-2034.5211181640625,-3121.5458984375,88.41023254394531
-2034.451904296875,-3121.1455078125,88.41522216796875
-2034.3778076171875,-3120.745849609375,88.4207763671875
-2034.299560546875,-3120.346435546875,88.42642974853516
-2034.2166748046875,-3119.947998046875,88.43268585205078
-2034.1295166015625,-3119.550537109375,88.43929290771484
-2034.0380859375,-3119.1533203125,88.44561767578125
-2033.9417724609375,-3118.756591796875,88.45203399658203
-2033.8409423828125,-3118.361083984375,88.45905303955078
-2033.7362060546875,-3117.96630859375,88.46649932861328
-2033.6270751953125,-3117.572509765625,88.47410583496094
-2033.513427734375,-3117.179931640625,88.48207092285156
-2033.3951416015625,-3116.787841796875,88.49010467529297
-2033.27294921875,-3116.3974609375,88.49835968017578
-2033.147216796875,-3116.0078125,88.50670623779297
-2033.016845703125,-3115.61962890625,88.514892578125
-2032.881591796875,-3115.232666015625,88.52360534667969
-2032.741943359375,-3114.8466796875,88.53267669677734
-2032.599365234375,-3114.462158203125,88.5411605834961
-2032.4532470703125,-3114.07958984375,88.54853820800781
-2032.3033447265625,-3113.69775390625,88.55415344238281
-2032.145263671875,-3113.318115234375,88.55962371826172
-2031.9820556640625,-3112.940185546875,88.56575775146484
-2031.8134765625,-3112.564208984375,88.5735092163086
-2031.640625,-3112.18994140625,88.58213806152344
-2031.4639892578125,-3111.817138671875,88.5897216796875
-2031.2825927734375,-3111.4462890625,88.59591674804688
-2031.094970703125,-3111.078369140625,88.6019058227539
-2030.902099609375,-3110.712890625,88.60816192626953
-2030.7042236328125,-3110.349609375,88.61449432373047
-2030.5013427734375,-3109.989501953125,88.62166595458984
-2030.293701171875,-3109.631591796875,88.62939453125
-2030.081298828125,-3109.2763671875,88.63690185546875
-2029.8641357421875,-3108.923583984375,88.64427947998047
-2029.64208984375,-3108.573486328125,88.65150451660156
-2029.4151611328125,-3108.22607421875,88.65897369384766
-2029.183837890625,-3107.881591796875,88.66630554199219
-2028.9483642578125,-3107.540283203125,88.67330932617188
-2028.7083740234375,-3107.201904296875,88.6798095703125
-2028.46337890625,-3106.866455078125,88.68657684326172
-2028.2142333984375,-3106.53369140625,88.69371795654297
-2027.9609375,-3106.20361328125,88.70132446289062
-2027.703857421875,-3105.876220703125,88.70977020263672
-2027.4432373046875,-3105.551025390625,88.71823120117188
-2027.178466796875,-3105.228271484375,88.72652435302734
-2026.9097900390625,-3104.90771484375,88.73567962646484
-2026.637939453125,-3104.58935546875,88.7458724975586
-2026.3638916015625,-3104.273193359375,88.7553482055664
-2026.087158203125,-3103.95849609375,88.76435089111328
-2025.8074951171875,-3103.646484375,88.77300262451172
-2025.525146484375,-3103.336181640625,88.78070831298828
-2025.24072265625,-3103.02783203125,88.78850555419922
-2024.953857421875,-3102.721435546875,88.79676818847656
-2024.664794921875,-3102.416259765625,88.80496215820312
-2024.373779296875,-3102.111572265625,88.81239318847656
-2024.080810546875,-3101.80810546875,88.81925201416016
-2023.7852783203125,-3101.505615234375,88.82547760009766
-2023.4874267578125,-3101.203857421875,88.83154296875
-2023.187255859375,-3100.902099609375,88.83808135986328
-2022.885009765625,-3100.601318359375,88.84529113769531
-2022.581298828125,-3100.301025390625,88.85253143310547
-2022.2767333984375,-3100.000244140625,88.8586196899414
-2021.9703369140625,-3099.69921875,88.86392974853516
-2021.662109375,-3099.3984375,88.86895751953125
-2021.3529052734375,-3099.096923828125,88.8736801147461
-2021.042236328125,-3098.7958984375,88.87898254394531
-2020.7296142578125,-3098.494384765625,88.8857421875
-2020.4161376953125,-3098.19140625,88.89261627197266
-2020.1015625,-3097.8876953125,88.89933776855469
-2019.7852783203125,-3097.583251953125,88.90613555908203
-2019.468017578125,-3097.278076171875,88.91263580322266
-2019.1494140625,-3096.97216796875,88.91889953613281
-2018.830078125,-3096.666015625,88.92611694335938
-2018.51025390625,-3096.359130859375,88.93404388427734
-2018.1895751953125,-3096.051513671875,88.94253540039062
-2017.8680419921875,-3095.742919921875,88.95149230957031
-2017.5457763671875,-3095.43359375,88.96092224121094
-2017.222900390625,-3095.122802734375,88.97055053710938
-2016.8994140625,-3094.81103515625,88.98011779785156
-2016.5750732421875,-3094.497802734375,88.98961639404297
-2016.249755859375,-3094.18359375,88.9992904663086
-2015.923583984375,-3093.86767578125,89.0090560913086
-2015.5966796875,-3093.55029296875,89.01896667480469
-2015.268798828125,-3093.23095703125,89.02909851074219
-2014.9400634765625,-3092.909912109375,89.03938293457031
-2014.6094970703125,-3092.586669921875,89.05033874511719
-2014.2784423828125,-3092.261962890625,89.06131744384766
-2013.9466552734375,-3091.934814453125,89.07266235351562
-2013.6142578125,-3091.605712890625,89.0842056274414
-2013.281494140625,-3091.274658203125,89.09620666503906
-2012.947998046875,-3090.94189453125,89.10899353027344
-2012.6141357421875,-3090.6064453125,89.12261199951172
-2012.279296875,-3090.2685546875,89.13658142089844
-2011.9439697265625,-3089.928466796875,89.15074157714844
-2011.607666015625,-3089.586181640625,89.16477966308594
-2011.2706298828125,-3089.24169921875,89.17872619628906
-2010.93212890625,-3088.8955078125,89.19274139404297
-2010.5924072265625,-3088.547607421875,89.20722961425781
-2010.251220703125,-3088.197509765625,89.221923828125
-2009.9088134765625,-3087.84521484375,89.23649597167969
-2009.564697265625,-3087.4912109375,89.25105285644531
-2009.2186279296875,-3087.13623046875,89.2656021118164
-2008.8704833984375,-3086.779052734375,89.2803726196289
-2008.5201416015625,-3086.420654296875,89.29541015625
-2008.1673583984375,-3086.059814453125,89.31070709228516
-2007.8116455078125,-3085.696044921875,89.32623291015625
-2007.452880859375,-3085.330078125,89.34194946289062
-2007.0909423828125,-3084.961669921875,89.35768127441406
-2006.7259521484375,-3084.58984375,89.37348937988281
-2006.3580322265625,-3084.215576171875,89.38946533203125
-2005.987060546875,-3083.838623046875,89.40563201904297
-2005.61279296875,-3083.45849609375,89.42191314697266
-2005.23583984375,-3083.07568359375,89.43803405761719
-2004.856201171875,-3082.689208984375,89.4539566040039
-2004.4735107421875,-3082.2998046875,89.46973419189453
-2004.087646484375,-3081.9072265625,89.48558044433594
-2003.6983642578125,-3081.51171875,89.5015869140625
-2003.3057861328125,-3081.11279296875,89.51770782470703
-2002.909912109375,-3080.711181640625,89.53380584716797
-2002.510498046875,-3080.305908203125,89.5500717163086
-2002.1080322265625,-3079.898193359375,89.56666564941406
-2001.7021484375,-3079.48779296875,89.5834732055664
-2001.2928466796875,-3079.07421875,89.6006088256836
-2000.88037109375,-3078.65771484375,89.61804962158203
-2000.4647216796875,-3078.239013671875,89.6355972290039
-2000.0458984375,-3077.817138671875,89.65321350097656
-1999.6240234375,-3077.392578125,89.67078399658203
-1999.198974609375,-3076.96484375,89.6884994506836
-1998.7708740234375,-3076.534423828125,89.70623016357422
-1998.33984375,-3076.100830078125,89.72391510009766
-1997.9058837890625,-3075.663818359375,89.74146270751953
-1997.469482421875,-3075.2236328125,89.7589340209961
-1997.030029296875,-3074.780029296875,89.77679443359375
-1996.5880126953125,-3074.33251953125,89.7948226928711
-1996.1436767578125,-3073.881591796875,89.81275939941406
-1995.696533203125,-3073.427001953125,89.83084106445312
-1995.24658203125,-3072.96875,89.84957122802734
-1994.79443359375,-3072.507080078125,89.86864471435547
-1994.3394775390625,-3072.042236328125,89.8878173828125
-1993.8817138671875,-3071.572998046875,89.9075698852539
-1993.421142578125,-3071.100830078125,89.92789459228516
-1992.957763671875,-3070.625,89.94864654541016
-1992.491455078125,-3070.14599609375,89.96963500976562
-1992.0223388671875,-3069.6640625,89.99107360839844
-1991.5498046875,-3069.178466796875,90.0130844116211
-1991.0743408203125,-3068.690185546875,90.03569030761719
-1990.5963134765625,-3068.198974609375,90.05810546875
-1990.114990234375,-3067.704833984375,90.0803680419922
-1989.6297607421875,-3067.2080078125,90.10345458984376
-1989.140869140625,-3066.707763671875,90.12744903564452
-1988.649169921875,-3066.204345703125,90.15145111083984
-1988.15380859375,-3065.69873046875,90.17568969726562
-1987.6546630859375,-3065.19091796875,90.2009048461914
-1987.1510009765625,-3064.679931640625,90.22832489013672
-1986.64453125,-3064.1669921875,90.25717163085938
-1986.1373291015625,-3063.651611328125,90.28568267822266
-1985.62890625,-3063.135498046875,90.31411743164062
-1985.118896484375,-3062.617919921875,90.34366607666016
-1984.6060791015625,-3062.09912109375,90.37379455566406
-1984.0908203125,-3061.577880859375,90.40245819091795
-1983.5726318359375,-3061.05419921875,90.42981719970705
-1983.0501708984375,-3060.529052734375,90.45706176757812
-1982.524169921875,-3060.00244140625,90.48484802246094
-1981.9959716796875,-3059.473876953125,90.5123291015625
-1981.4659423828125,-3058.943359375,90.5396499633789
-1980.93310546875,-3058.4111328125,90.56765747070312
-1980.39697265625,-3057.87841796875,90.5965576171875
-1979.857421875,-3057.343994140625,90.6250457763672
-1979.31494140625,-3056.807373046875,90.6528778076172
-1978.7694091796875,-3056.269775390625,90.68006896972656
-1978.220458984375,-3055.731689453125,90.70738220214844
-1977.66845703125,-3055.192138671875,90.73462677001952
-1977.11328125,-3054.650634765625,90.7615203857422
-1976.5550537109375,-3054.10791015625,90.78809356689452
-1975.993896484375,-3053.5634765625,90.81433868408205
-1975.4298095703125,-3053.017333984375,90.84058380126952
-1974.862060546875,-3052.469970703125,90.86742401123048
-1974.290771484375,-3051.92041015625,90.89507293701172
-1973.716796875,-3051.368408203125,90.92339324951172
-1973.140625,-3050.814453125,90.95260620117188
-1972.5621337890625,-3050.2578125,90.98353576660156
-1971.98193359375,-3049.699462890625,91.0156478881836
-1971.400390625,-3049.1376953125,91.04841613769533
-1970.8172607421875,-3048.57373046875,91.08172607421876
-1970.23388671875,-3048.006591796875,91.1143035888672
-1969.6490478515625,-3047.43701171875,91.14636993408205
-1969.0616455078125,-3046.864990234375,91.1791000366211
-1968.471435546875,-3046.28955078125,91.21180725097656
-1967.8792724609375,-3045.711181640625,91.2439193725586
-1967.2862548828125,-3045.130126953125,91.2758331298828
-1966.69140625,-3044.54736328125,91.30874633789062
-1966.09423828125,-3043.96142578125,91.3428955078125
-1965.4951171875,-3043.372314453125,91.3769073486328
-1964.8939208984375,-3042.7802734375,91.4108657836914
-1964.2916259765625,-3042.18603515625,91.4450454711914
-1963.6871337890625,-3041.589111328125,91.48027801513672
-1963.0799560546875,-3040.989501953125,91.51707458496094
-1962.4705810546875,-3040.38623046875,91.55426025390624
-1961.86083984375,-3039.77978515625,91.5909194946289
-1961.2503662109375,-3039.17138671875,91.6280746459961
-1960.6383056640625,-3038.56103515625,91.66619110107422
-1960.0244140625,-3037.947265625,91.70359802246094
-1959.4075927734375,-3037.330322265625,91.7405242919922
-1958.7879638671875,-3036.7109375,91.77825927734376
-1958.1656494140625,-3036.08935546875,91.8166275024414
-1957.54052734375,-3035.467041015625,91.85574340820312
-1956.913330078125,-3034.842529296875,91.89591979980467
-1956.2850341796875,-3034.215576171875,91.93640899658205
-1955.6549072265625,-3033.58642578125,91.97727966308594
-1955.0224609375,-3032.954833984375,92.01898956298828
-1954.38818359375,-3032.320068359375,92.06078338623048
-1953.7523193359375,-3031.682373046875,92.1028823852539
-1953.1153564453125,-3031.041748046875,92.14554595947266
-1952.476318359375,-3030.398681640625,92.18882751464844
-1951.8360595703125,-3029.753662109375,92.23233032226562
-1951.194091796875,-3029.105712890625,92.27568817138672
-1950.5501708984375,-3028.4560546875,92.3187255859375
-1949.904541015625,-3027.80419921875,92.36106872558594
-1949.257568359375,-3027.150390625,92.4028091430664
-1948.60791015625,-3026.49462890625,92.44400787353516
-1947.955322265625,-3025.83642578125,92.48550415039062
-1947.2996826171875,-3025.17626953125,92.52739715576172
-1946.64208984375,-3024.513427734375,92.56941986083984
-1945.982177734375,-3023.849609375,92.61280059814452
-1945.3199462890625,-3023.1845703125,92.65816497802734
-1944.6552734375,-3022.516357421875,92.70442199707033
-1943.9892578125,-3021.8466796875,92.75074768066406
-1943.321533203125,-3021.17529296875,92.79757690429688
-1942.65234375,-3020.502197265625,92.84507751464844
-1941.9805908203125,-3019.8271484375,92.89266204833984
-1941.3072509765625,-3019.150390625,92.93972778320312
-1940.6318359375,-3018.47216796875,92.98616027832033
-1939.9541015625,-3017.792724609375,93.03282928466795
-1939.2740478515625,-3017.11083984375,93.07960510253906
-1938.59130859375,-3016.426513671875,93.12654113769533
-1937.9072265625,-3015.73974609375,93.17357635498048
-1937.2215576171875,-3015.051025390625,93.22151184082033
-1936.5340576171875,-3014.35986328125,93.27037048339844
-1935.8448486328125,-3013.666748046875,93.31954956054688
-1935.154296875,-3012.971435546875,93.36856079101562
-1934.46240234375,-3012.274169921875,93.4177017211914
-1933.7685546875,-3011.5751953125,93.46682739257812
-1933.0726318359375,-3010.874267578125,93.51544952392578
-1932.3743896484375,-3010.171630859375,93.56398010253906
-1931.674072265625,-3009.46728515625,93.61244201660156
-1930.9713134765625,-3008.761474609375,93.66130828857422
-1930.2664794921875,-3008.0537109375,93.71063232421876
-1929.56005859375,-3007.343505859375,93.76019287109376
-1928.8516845703125,-3006.631591796875,93.8101043701172
-1928.1417236328125,-3005.917236328125,93.86056518554688
-1927.43017578125,-3005.20068359375,93.9114990234375
-1926.716552734375,-3004.48193359375,93.96326446533205
-1926.00146484375,-3003.760986328125,94.01560974121094
-1925.28515625,-3003.038818359375,94.06792449951172
-1924.5673828125,-3002.3154296875,94.12081909179688
-1923.8470458984375,-3001.58984375,94.17367553710938
-1923.1246337890625,-3000.86279296875,94.22612762451172
-1922.4002685546875,-3000.1337890625,94.27840423583984
-1921.6737060546875,-2999.403564453125,94.33140563964844
-1920.945556640625,-2998.6708984375,94.38463592529295
-1920.215087890625,-2997.9365234375,94.43820190429688
-1919.4827880859375,-2997.20068359375,94.49234008789062
-1918.748779296875,-2996.462890625,94.5470733642578
-1918.0130615234375,-2995.72314453125,94.60236358642578
-1917.275634765625,-2994.9814453125,94.65829467773438
-1916.53662109375,-2994.23779296875,94.7146453857422
-1915.79541015625,-2993.4921875,94.77178955078124
-1915.052001953125,-2992.7451171875,94.83016204833984
-1914.3072509765625,-2991.995361328125,94.88880920410156
-1913.561279296875,-2991.244140625,94.94881439208984
-1912.81396484375,-2990.49169921875,95.00922393798828
-1912.065185546875,-2989.737060546875,95.06974792480467
-1911.3148193359375,-2988.981201171875,95.12992095947266
-1910.5626220703125,-2988.223876953125,95.18975830078124
-1909.8079833984375,-2987.46484375,95.24976348876952
-1909.0509033203125,-2986.703857421875,95.30998992919922
-1908.291748046875,-2985.94140625,95.37091064453124
-1907.531005859375,-2985.17724609375,95.4323272705078
-1906.7691650390625,-2984.4111328125,95.49434661865234
-1906.006103515625,-2983.643310546875,95.55644989013672
-1905.2420654296875,-2982.87353515625,95.61793518066406
-1904.4764404296875,-2982.1015625,95.67913055419922
-1903.708740234375,-2981.327880859375,95.74016571044922
-1902.9384765625,-2980.552490234375,95.80155181884766
-1902.16552734375,-2979.775146484375,95.86345672607422
-1901.3912353515625,-2978.99609375,95.92644500732422
-1900.617919921875,-2978.216796875,95.9907684326172
-1899.8468017578125,-2977.4365234375,96.0555648803711
-1899.077880859375,-2976.656494140625,96.12129974365234
-1898.3111572265625,-2975.8759765625,96.1874542236328
-1897.546142578125,-2975.096435546875,96.25375366210938
-1896.7830810546875,-2974.317138671875,96.32090759277344
-1896.0225830078125,-2973.53759765625,96.38766479492188
-1895.2642822265625,-2972.75830078125,96.45416259765624
-1894.50732421875,-2971.980224609375,96.5213394165039
-1893.751708984375,-2971.201904296875,96.5879898071289
-1892.997802734375,-2970.424072265625,96.65508270263672
-1892.2457275390625,-2969.647705078125,96.72322082519533
-1891.49609375,-2968.87109375,96.79122924804688
-1890.7484130859375,-2968.096435546875,96.85954284667967
-1890.003173828125,-2967.32275390625,96.92679595947266
-1889.260498046875,-2966.5517578125,96.9935073852539
-1888.5211181640625,-2965.784423828125,97.05944061279295
-1887.7857666015625,-2965.02197265625,97.1251449584961
-1887.0550537109375,-2964.264892578125,97.1906509399414
-1886.3291015625,-2963.514404296875,97.25634002685548
-1885.60791015625,-2962.77001953125,97.32242584228516
-1884.8916015625,-2962.03173828125,97.3886489868164
-1884.18017578125,-2961.30029296875,97.45553588867188
-1883.4737548828125,-2960.5751953125,97.52234649658205
-1882.7725830078125,-2959.85693359375,97.5886001586914
-1882.077392578125,-2959.14599609375,97.6540985107422
-1881.3880615234375,-2958.443359375,97.71895599365234
-1880.70556640625,-2957.75,97.78387451171876
-1880.0299072265625,-2957.065185546875,97.84847259521484
-1879.3612060546875,-2956.389892578125,97.91291046142578
-1878.69970703125,-2955.724365234375,97.97783660888672
-1878.0450439453125,-2955.067626953125,98.0419921875
-1877.3970947265625,-2954.420654296875,98.1061553955078
-1876.7567138671875,-2953.783447265625,98.17066192626952
-1876.123291015625,-2953.15380859375,98.23387908935548
-1875.4954833984375,-2952.53125,98.29625701904295
-1874.871826171875,-2951.916015625,98.35944366455078
-1874.2515869140625,-2951.3046875,98.42170715332033
-1873.6336669921875,-2950.69775390625,98.48338317871094
-1873.0179443359375,-2950.09521484375,98.54537963867188
-1872.404296875,-2949.49658203125,98.60729217529295
-1871.7926025390625,-2948.902099609375,98.66963958740234
-1871.182861328125,-2948.3095703125,98.73162841796876
-1870.5753173828125,-2947.718994140625,98.79285430908205
-1869.9697265625,-2947.131591796875,98.85413360595705
-1869.366455078125,-2946.545654296875,98.91513061523438
-1868.7655029296875,-2945.961181640625,98.97555541992188
-1868.1663818359375,-2945.377685546875,99.03564453125
-1867.569091796875,-2944.794921875,99.09571838378906
-1866.9737548828125,-2944.212158203125,99.15569305419922
-1866.380126953125,-2943.629638671875,99.21532440185548
-1865.7884521484375,-2943.04736328125,99.27462768554688
-1865.19873046875,-2942.465087890625,99.3335952758789
-1864.611083984375,-2941.883056640625,99.39228057861328
-1864.0252685546875,-2941.301025390625,99.45054626464844
-1863.4412841796875,-2940.718994140625,99.50851440429688
-1862.8587646484375,-2940.13818359375,99.56671142578124
-1862.2781982421875,-2939.557861328125,99.6250991821289
-1861.7000732421875,-2938.97802734375,99.68341064453124
-1861.1248779296875,-2938.40087890625,99.74205017089844
-1860.552978515625,-2937.826171875,99.80104064941406
-1859.985107421875,-2937.25439453125,99.85977935791016
-1859.421142578125,-2936.685302734375,99.91828918457033
-1858.861083984375,-2936.119140625,99.97638702392578
-1858.304931640625,-2935.555908203125,100.03380584716795
-1857.7525634765625,-2934.996337890625,100.0904769897461
-1857.2044677734375,-2934.440185546875,100.14671325683594
-1856.6607666015625,-2933.887939453125,100.20240783691406
-1856.1220703125,-2933.340576171875,100.25770568847656
-1855.5888671875,-2932.7978515625,100.31275177001952
-1855.0614013671875,-2932.260498046875,100.3674545288086
-1854.539306640625,-2931.72802734375,100.42171478271484
-1854.0224609375,-2931.19970703125,100.4756317138672
-1853.5098876953125,-2930.67529296875,100.52906036376952
-1853.0003662109375,-2930.153076171875,100.58163452148438
-1852.4927978515625,-2929.632080078125,100.633544921875
-1851.986083984375,-2929.112548828125,100.68537139892578
-1851.4803466796875,-2928.593994140625,100.73745727539062
-1850.9754638671875,-2928.075927734375,100.78936767578124
-1850.4716796875,-2927.55908203125,100.84143829345705
-1849.9686279296875,-2927.043701171875,100.89407348632812
-1849.466552734375,-2926.529296875,100.94731903076172
-1848.9652099609375,-2926.016845703125,101.00074768066406
-1848.46484375,-2925.50537109375,101.05445861816406
-1847.96533203125,-2924.99560546875,101.1085205078125
-1847.466796875,-2924.48779296875,101.1626968383789
-1846.9698486328125,-2923.982177734375,101.21646881103516
-1846.475341796875,-2923.47998046875,101.26972198486328
-1845.98388671875,-2922.982177734375,101.32279205322266
-1845.496826171875,-2922.489013671875,101.37593841552734
-1845.0146484375,-2922.001220703125,101.4287567138672
-1844.537109375,-2921.5185546875,101.48080444335938
-1844.064208984375,-2921.040771484375,101.53231048583984
-1843.5960693359375,-2920.5673828125,101.5836181640625
-1843.1329345703125,-2920.098876953125,101.63438415527344
-1842.675048828125,-2919.635986328125,101.68445587158205
-1842.22314453125,-2919.178955078125,101.73416137695312
-1841.777099609375,-2918.72802734375,101.78352355957033
-1841.3369140625,-2918.282470703125,101.83229064941406
-1840.90283203125,-2917.84228515625,101.880126953125
-1840.4747314453125,-2917.408203125,101.92728424072266
-1840.053466796875,-2916.980224609375,101.97370147705078
-1839.638916015625,-2916.558837890625,102.01951599121094
-1839.231689453125,-2916.14404296875,102.06468200683594
-1838.8316650390625,-2915.736328125,102.10926055908205
-1838.43896484375,-2915.3349609375,102.1529541015625
-1838.052734375,-2914.939453125,102.19544219970705
-1837.671630859375,-2914.548828125,102.23684692382812
-1837.294189453125,-2914.1611328125,102.27741241455078
-1836.919189453125,-2913.775390625,102.31768035888672
-1836.54638671875,-2913.391357421875,102.35761260986328
-1836.175537109375,-2913.0087890625,102.3970718383789
-1835.80615234375,-2912.62744140625,102.43617248535156
-1835.43798828125,-2912.2470703125,102.47509002685548
-1835.0709228515625,-2911.86767578125,102.5139389038086
-1834.704833984375,-2911.489501953125,102.55292510986328
-1834.3397216796875,-2911.111328125,102.59217834472656
-1833.9757080078125,-2910.734375,102.6316375732422
-1833.6126708984375,-2910.358642578125,102.671142578125
-1833.250732421875,-2909.983154296875,102.71070861816406
-1832.889892578125,-2909.6083984375,102.75054931640624
-1832.530029296875,-2909.235107421875,102.79064178466795
-1832.1715087890625,-2908.86181640625,102.830810546875
-1831.8140869140625,-2908.48974609375,102.87107849121094
-1831.457763671875,-2908.118408203125,102.91122436523438
-1831.1031494140625,-2907.746826171875,102.9515380859375
-1830.75048828125,-2907.375,102.99211120605467
-1830.399169921875,-2907.004150390625,103.03262329101562
-1830.0498046875,-2906.633056640625,103.07316589355467
-1829.7025146484375,-2906.26171875,103.11382293701172
-1829.357421875,-2905.89013671875,103.15414428710938
-1829.014892578125,-2905.51806640625,103.19467163085938
-1828.675537109375,-2905.14501953125,103.23497009277344
-1828.3389892578125,-2904.771240234375,103.27459716796876
-1828.0057373046875,-2904.396484375,103.3140106201172
-1827.6763916015625,-2904.019775390625,103.35391235351562
-1827.3505859375,-2903.642333984375,103.39366149902344
-1827.028564453125,-2903.262939453125,103.43279266357422
-1826.7105712890625,-2902.881591796875,103.47144317626952
-1826.3961181640625,-2902.4990234375,103.50949096679688
-1826.0859375,-2902.11474609375,103.54734802246094
-1825.7799072265625,-2901.728515625,103.58509826660156
-1825.4781494140625,-2901.340576171875,103.62268829345705
-1825.1805419921875,-2900.951171875,103.6602554321289
-1824.8868408203125,-2900.56005859375,103.69818878173828
-1824.5966796875,-2900.16845703125,103.73625946044922
-1824.3104248046875,-2899.775390625,103.77433776855467
-1824.0272216796875,-2899.381103515625,103.81233978271484
-1823.7476806640625,-2898.986083984375,103.85047912597656
-1823.471435546875,-2898.590576171875,103.88898468017578
-1823.1981201171875,-2898.194091796875,103.92774200439452
-1822.9276123046875,-2897.79736328125,103.96670532226562
-1822.660400390625,-2897.39990234375,104.0058364868164
-1822.3958740234375,-2897.00146484375,104.04495239257812
-1822.1343994140625,-2896.602783203125,104.08406829833984
-1821.8758544921875,-2896.202880859375,104.12308502197266
-1821.620361328125,-2895.801513671875,104.16209411621094
-1821.367919921875,-2895.399169921875,104.2011260986328
-1821.1180419921875,-2894.995361328125,104.2401351928711
-1820.8704833984375,-2894.58984375,104.27888488769533
-1820.6248779296875,-2894.182861328125,104.31725311279295
-1820.3814697265625,-2893.7734375,104.35549926757812
-1820.1400146484375,-2893.361328125,104.39400482177734
-1819.900390625,-2892.947021484375,104.4329833984375
-1819.6624755859375,-2892.52978515625,104.4724578857422
-1819.42626953125,-2892.1103515625,104.5120620727539
-1819.1922607421875,-2891.687744140625,104.55168151855467
-1818.9603271484375,-2891.26220703125,104.59143829345705
-1818.7301025390625,-2890.83349609375,104.63172149658205
-1818.50146484375,-2890.40234375,104.67274475097656
-1818.274658203125,-2889.96875,104.71385192871094
-1818.0498046875,-2889.53271484375,104.75431823730467
-1817.825927734375,-2889.09423828125,104.79425811767578
-1817.601806640625,-2888.6533203125,104.83513641357422
-1817.3782958984375,-2888.2099609375,104.87725067138672
-1817.156005859375,-2887.764404296875,104.91995239257812
-1816.93505859375,-2887.31640625,104.96244049072266
-1816.7149658203125,-2886.86572265625,105.0038070678711
-1816.4957275390625,-2886.4130859375,105.0449676513672
-1816.2774658203125,-2885.9580078125,105.08723449707033
-1816.06005859375,-2885.5,105.13046264648438
-1815.8436279296875,-2885.039306640625,105.17420196533205
-1815.62744140625,-2884.5751953125,105.21795654296876
-1815.41162109375,-2884.108154296875,105.26190948486328
-1815.1962890625,-2883.6376953125,105.30602264404295
-1814.9815673828125,-2883.1640625,105.35050201416016
-1814.767333984375,-2882.687744140625,105.39505004882812
-1814.5537109375,-2882.20849609375,105.43965911865234
-1814.3408203125,-2881.725830078125,105.48469543457033
-1814.1290283203125,-2881.239990234375,105.5299301147461
-1813.9178466796875,-2880.751708984375,105.57502746582033
-1813.7078857421875,-2880.259765625,105.6199188232422
-1813.499267578125,-2879.7646484375,105.664794921875
-1813.2919921875,-2879.266845703125,105.70974731445312
-1813.0863037109375,-2878.766357421875,105.75463104248048
-1812.88232421875,-2878.263671875,105.79956817626952
-1812.68017578125,-2877.75927734375,105.84442138671876
-1812.4805908203125,-2877.253662109375,105.8893814086914
-1812.2833251953125,-2876.746826171875,105.93433380126952
-1812.088623046875,-2876.239501953125,105.97904205322266
-1811.896728515625,-2875.732421875,106.02398681640624
-1811.7071533203125,-2875.225341796875,106.06893920898438
-1811.5201416015625,-2874.7177734375,106.1138153076172
-1811.335205078125,-2874.210693359375,106.15875244140624
-1811.152099609375,-2873.703369140625,106.20369720458984
-1810.9710693359375,-2873.1962890625,106.24849700927734
-1810.7919921875,-2872.689208984375,106.2931900024414
-1810.614990234375,-2872.182373046875,106.33756256103516
-1810.4395751953125,-2871.67578125,106.38166046142578
-1810.26611328125,-2871.168701171875,106.4258804321289
-1810.0941162109375,-2870.662109375,106.47010803222656
-1809.923828125,-2870.155029296875,106.5141143798828
-1809.7552490234375,-2869.647705078125,106.55784606933594
-1809.5880126953125,-2869.139404296875,106.60124206542967
-1809.4222412109375,-2868.630859375,106.644287109375
-1809.2581787109375,-2868.12060546875,106.6875457763672
-1809.095703125,-2867.609619140625,106.73129272460938
-1808.93505859375,-2867.0966796875,106.77542877197266
-1808.777099609375,-2866.58251953125,106.81929779052734
-1808.621337890625,-2866.06640625,106.86270141601562
-1808.468505859375,-2865.5478515625,106.90572357177734
-1808.3177490234375,-2865.02685546875,106.94966888427734
-1808.1697998046875,-2864.5029296875,106.99491119384766
-1808.025390625,-2863.97607421875,107.04087829589844
-1807.884765625,-2863.44677734375,107.08668518066406
-1807.7479248046875,-2862.915283203125,107.13108825683594
-1807.61474609375,-2862.38232421875,107.17515563964844
-1807.4852294921875,-2861.84765625,107.22003173828124
-1807.3590087890625,-2861.311279296875,107.2658462524414
-1807.237548828125,-2860.773193359375,107.31180572509766
-1807.121337890625,-2860.234130859375,107.35704803466795
-1807.0101318359375,-2859.694580078125,107.40089416503906
-1806.90380859375,-2859.155029296875,107.44441986083984
-1806.8021240234375,-2858.615966796875,107.48846435546876
-1806.70556640625,-2858.0771484375,107.5325698852539
-1806.6143798828125,-2857.538818359375,107.57638549804688
-1806.5274658203125,-2857.000244140625,107.62004089355467
-1806.44580078125,-2856.462646484375,107.66285705566406
-1806.3690185546875,-2855.92529296875,107.7044906616211
-1806.295166015625,-2855.388427734375,107.74649047851562
-1806.2244873046875,-2854.852783203125,107.7889404296875
-1806.1572265625,-2854.3173828125,107.83238983154295
-1806.092529296875,-2853.78271484375,107.87603759765624
-1806.0311279296875,-2853.247802734375,107.91860961914062
-1805.97314453125,-2852.7138671875,107.96014404296876
-1805.9168701171875,-2852.1806640625,108.0012664794922
-1805.8619384765625,-2851.6474609375,108.04288482666016
-1805.8082275390625,-2851.11474609375,108.08553314208984
-1805.7564697265625,-2850.58154296875,108.12857055664062
-1805.706787109375,-2850.0478515625,108.17052459716795
-1805.658447265625,-2849.513427734375,108.2118682861328
-1805.611083984375,-2848.978515625,108.25390625
-1805.5654296875,-2848.443115234375,108.29634857177734
-1805.522216796875,-2847.906005859375,108.33928680419922
-1805.48095703125,-2847.36669921875,108.382568359375
-1805.44189453125,-2846.824951171875,108.42611694335938
-1805.4051513671875,-2846.28076171875,108.46986389160156
-1805.370361328125,-2845.733642578125,108.51351165771484
-1805.337890625,-2845.18408203125,108.5571517944336
-1805.3077392578125,-2844.631103515625,108.60126495361328
-1805.2801513671875,-2844.075439453125,108.64573669433594
-1805.2552490234375,-2843.516845703125,108.69026184082033
-1805.2335205078125,-2842.955322265625,108.73490142822266
-1805.21484375,-2842.390869140625,108.7794418334961
-1805.199951171875,-2841.82373046875,108.82429504394533
-1805.188720703125,-2841.25390625,108.86954498291016
-1805.181396484375,-2840.681640625,108.91500854492188
-1805.17822265625,-2840.10693359375,108.96072387695312
-1805.1787109375,-2839.529541015625,109.00652313232422
-1805.1832275390625,-2838.949951171875,109.05237579345705
-1805.191650390625,-2838.368408203125,109.09852600097656
-1805.20361328125,-2837.7841796875,109.14472198486328
-1805.2193603515625,-2837.19775390625,109.19094848632812
-1805.2392578125,-2836.609130859375,109.23746490478516
-1805.262939453125,-2836.017578125,109.28414916992188
-1805.2908935546875,-2835.42431640625,109.3309097290039
-1805.3233642578125,-2834.82861328125,109.3777313232422
-1805.359619140625,-2834.230712890625,109.4246597290039
-1805.400146484375,-2833.630859375,109.47193908691406
-1805.4442138671875,-2833.029296875,109.51953887939452
-1805.491455078125,-2832.425537109375,109.5673828125
-1805.5419921875,-2831.820556640625,109.6153335571289
-1805.594970703125,-2831.21337890625,109.6628875732422
-1805.6505126953125,-2830.6044921875,109.71056365966795
-1805.7091064453125,-2829.9931640625,109.75841522216795
-1805.7706298828125,-2829.38037109375,109.80609130859376
-1805.835205078125,-2828.76513671875,109.85319519042967
-1805.903076171875,-2828.14892578125,109.89971923828124
-1805.9736328125,-2827.5302734375,109.9459457397461
-1806.0474853515625,-2826.90966796875,109.992431640625
-1806.1243896484375,-2826.287109375,110.03892517089844
-1806.205322265625,-2825.663330078125,110.0851821899414
-1806.2904052734375,-2825.037841796875,110.13095092773438
-1806.37890625,-2824.4111328125,110.17684173583984
-1806.4716796875,-2823.783203125,110.22332763671876
-1806.5682373046875,-2823.154052734375,110.26995849609376
-1806.6690673828125,-2822.524169921875,110.31649780273438
-1806.7734375,-2821.894287109375,110.3629379272461
-1806.881103515625,-2821.263916015625,110.40956115722656
-1806.9921875,-2820.63427734375,110.45655822753906
-1807.1058349609375,-2820.005126953125,110.50371551513672
-1807.22216796875,-2819.37646484375,110.55086517333984
-1807.3404541015625,-2818.74853515625,110.59774017333984
-1807.4609375,-2818.12158203125,110.64445495605467
-1807.5836181640625,-2817.496337890625,110.69114685058594
-1807.7083740234375,-2816.871826171875,110.7375259399414
-1807.835693359375,-2816.2490234375,110.78340911865234
-1807.965087890625,-2815.627197265625,110.82872009277344
-1808.0970458984375,-2815.0068359375,110.8736572265625
-1808.2314453125,-2814.388427734375,110.91854095458984
-1808.3687744140625,-2813.771240234375,110.96330261230467
-1808.509033203125,-2813.15576171875,111.00794219970705
-1808.6522216796875,-2812.54248046875,111.05210876464844
-1808.7982177734375,-2811.930908203125,111.09609985351562
-1808.9476318359375,-2811.32080078125,111.14019775390624
-1809.099365234375,-2810.712646484375,111.18414306640624
-1809.25390625,-2810.106201171875,111.22783660888672
-1809.41064453125,-2809.50146484375,111.271240234375
-1809.5693359375,-2808.898193359375,111.31468200683594
-1809.730224609375,-2808.297119140625,111.35881805419922
-1809.8939208984375,-2807.697265625,111.40206146240234
-1810.059814453125,-2807.099609375,111.44468688964844
-1810.2279052734375,-2806.503662109375,111.48655700683594
-1810.39697265625,-2805.9091796875,111.52894592285156
-1810.5677490234375,-2805.316162109375,111.57228088378906
-1810.7413330078125,-2804.724853515625,111.6150131225586
-1810.9169921875,-2804.13525390625,111.65703582763672
-1811.0950927734375,-2803.5478515625,111.69808959960938
-1811.2745361328125,-2802.962158203125,111.73932647705078
-1811.454833984375,-2802.3779296875,111.78179168701172
-1811.63671875,-2801.79541015625,111.82444763183594
-1811.820556640625,-2801.214111328125,111.86685180664062
-1812.00634765625,-2800.634765625,111.90823364257812
-1812.1937255859375,-2800.056884765625,111.94891357421876
-1812.3818359375,-2799.480712890625,111.98990631103516
-1812.5706787109375,-2798.90576171875,112.03064727783205
-1812.7603759765625,-2798.332275390625,112.07215118408205
-1812.9522705078125,-2797.76025390625,112.11336517333984
-1813.145751953125,-2797.18994140625,112.15296173095705
-1813.3394775390625,-2796.620849609375,112.19129180908205
-1813.53369140625,-2796.052734375,112.22917175292967
-1813.72802734375,-2795.48583984375,112.2676010131836
-1813.922119140625,-2794.920166015625,112.30660247802734
-1814.1162109375,-2794.354736328125,112.34429168701172
-1814.3099365234375,-2793.789794921875,112.38142395019533
-1814.5030517578125,-2793.2255859375,112.41765594482422
-1814.6947021484375,-2792.662109375,112.45449829101562
-1814.8851318359375,-2792.09912109375,112.49211883544922
-1815.0740966796875,-2791.53662109375,112.5300750732422
-1815.2615966796875,-2790.97412109375,112.5678253173828
-1815.44775390625,-2790.41162109375,112.60569763183594
-1815.6317138671875,-2789.849609375,112.64405822753906
-1815.8135986328125,-2789.28759765625,112.68275451660156
-1815.9932861328125,-2788.72607421875,112.72156524658205
-1816.1708984375,-2788.164794921875,112.760498046875
-1816.34619140625,-2787.603515625,112.79986572265624
-1816.5189208984375,-2787.042236328125,112.8394546508789
-1816.68896484375,-2786.48046875,112.87891387939452
-1816.8564453125,-2785.918701171875,112.9179916381836
-1817.021240234375,-2785.35693359375,112.9568099975586
-1817.1834716796875,-2784.795166015625,112.9957046508789
-1817.3428955078125,-2784.232666015625,113.034912109375
-1817.4993896484375,-2783.669921875,113.07395935058594
-1817.6533203125,-2783.10693359375,113.1126937866211
-1817.8046875,-2782.543212890625,113.15127563476562
-1817.953369140625,-2781.9794921875,113.19007110595705
-1818.0994873046875,-2781.414794921875,113.22887420654295
-1818.24365234375,-2780.849853515625,113.26758575439452
-1818.3857421875,-2780.283935546875,113.30615234375
-1818.52587890625,-2779.7177734375,113.34463500976562
-1818.6644287109375,-2779.150390625,113.3830337524414
-1818.801513671875,-2778.582275390625,113.42131805419922
-1818.937255859375,-2778.012939453125,113.45943450927734
-1819.0716552734375,-2777.4423828125,113.49745178222656
-1819.204833984375,-2776.8701171875,113.5354995727539
-1819.3369140625,-2776.29638671875,113.57364654541016
-1819.4676513671875,-2775.72119140625,113.61165618896484
-1819.59716796875,-2775.143798828125,113.64960479736328
-1819.7255859375,-2774.564208984375,113.68768310546876
-1819.8529052734375,-2773.982666015625,113.72575378417967
-1819.97900390625,-2773.39892578125,113.7637710571289
-1820.1031494140625,-2772.812255859375,113.80198669433594
-1820.225830078125,-2772.22314453125,113.84058380126952
-1820.3472900390625,-2771.63134765625,113.87934112548828
-1820.46728515625,-2771.037353515625,113.91815185546876
-1820.5855712890625,-2770.440673828125,113.95712280273438
-1820.7017822265625,-2769.841796875,113.9967803955078
-1820.816162109375,-2769.240234375,114.03688049316406
-1820.928955078125,-2768.63671875,114.0772476196289
-1821.03955078125,-2768.030517578125,114.1175765991211
-1821.148193359375,-2767.422607421875,114.15797424316406
-1821.254638671875,-2766.81201171875,114.19856262207033
-1821.359130859375,-2766.19970703125,114.23934173583984
-1821.4613037109375,-2765.585205078125,114.27985382080078
-1821.561279296875,-2764.968505859375,114.32003784179688
-1821.658935546875,-2764.349853515625,114.36007690429688
-1821.7537841796875,-2763.72900390625,114.40037536621094
-1821.8458251953125,-2763.107177734375,114.44071197509766
-1821.9349365234375,-2762.48291015625,114.48099517822266
-1822.0211181640625,-2761.857177734375,114.5212631225586
-1822.104248046875,-2761.229736328125,114.56178283691406
-1822.18408203125,-2760.600830078125,114.602783203125
-1822.2607421875,-2759.970703125,114.64410400390624
-1822.3345947265625,-2759.33935546875,114.68563079833984
-1822.4052734375,-2758.70703125,114.72731018066406
-1822.4720458984375,-2758.073486328125,114.76993560791016
-1822.53515625,-2757.43798828125,114.81381225585938
-1822.5955810546875,-2756.80224609375,114.85845184326172
-1822.6529541015625,-2756.165283203125,114.9036102294922
-1822.706787109375,-2755.527587890625,114.94940185546876
-1822.757080078125,-2754.8896484375,114.99628448486328
-1822.803955078125,-2754.250732421875,115.04381561279295
-1822.84765625,-2753.611328125,115.09149169921876
-1822.8878173828125,-2752.971435546875,115.13883972167967
-1822.924560546875,-2752.33056640625,115.1857452392578
-1822.9576416015625,-2751.68896484375,115.23193359375
-1822.987060546875,-2751.046630859375,115.27753448486328
-1823.0128173828125,-2750.40283203125,115.32220458984376
-1823.03466796875,-2749.75830078125,115.36624908447266
-1823.052734375,-2749.11279296875,115.40941619873048
-1823.06689453125,-2748.46630859375,115.45183563232422
-1823.0770263671875,-2747.819091796875,115.4937973022461
-1823.0833740234375,-2747.170166015625,115.53575134277344
-1823.0855712890625,-2746.52001953125,115.57777404785156
-1823.084228515625,-2745.86865234375,115.6199951171875
-1823.078857421875,-2745.216064453125,115.66256713867188
-1823.0697021484375,-2744.5625,115.70557403564452
-1823.0570068359375,-2743.90771484375,115.7487564086914
-1823.040283203125,-2743.251953125,115.79247283935548
-1823.018798828125,-2742.5947265625,115.83738708496094
-1822.99365234375,-2741.935791015625,115.88298034667967
-1822.965087890625,-2741.276123046875,115.92847442626952
-1822.9329833984375,-2740.6162109375,115.9739227294922
-1822.897216796875,-2739.954833984375,116.02025604248048
-1822.8587646484375,-2739.29296875,116.06688690185548
-1822.816650390625,-2738.629638671875,116.11347198486328
-1822.7708740234375,-2737.964599609375,116.15978240966795
-1822.722412109375,-2737.298828125,116.20612335205078
-1822.6708984375,-2736.63232421875,116.25152587890624
-1822.6151123046875,-2735.96484375,116.2964859008789
-1822.5537109375,-2735.29638671875,116.3423309326172
-1822.488525390625,-2734.6259765625,116.38790130615234
-1822.4193115234375,-2733.954833984375,116.4326400756836
-1822.345703125,-2733.28271484375,116.476806640625
-1822.267578125,-2732.610107421875,116.52066040039062
-1822.183349609375,-2731.937255859375,116.56543731689452
-1822.093994140625,-2731.26318359375,116.61100006103516
-1822.0008544921875,-2730.587646484375,116.6561279296875
-1821.9033203125,-2729.9111328125,116.70022583007812
-1821.802001953125,-2729.234619140625,116.74368286132812
-1821.6943359375,-2728.5576171875,116.78822326660156
-1821.5811767578125,-2727.87939453125,116.83393096923828
-1821.4644775390625,-2727.199951171875,116.87975311279295
-1821.3448486328125,-2726.51953125,116.92403411865234
-1821.220947265625,-2725.839599609375,116.96778106689452
-1821.0916748046875,-2725.15869140625,117.01248168945312
-1820.9578857421875,-2724.4775390625,117.05786895751952
-1820.820068359375,-2723.794921875,117.1029281616211
-1820.6790771484375,-2723.111328125,117.1467514038086
-1820.5341796875,-2722.42724609375,117.1898956298828
-1820.3839111328125,-2721.742919921875,117.23441314697266
-1820.2293701171875,-2721.057861328125,117.28001403808594
-1820.06982421875,-2720.372314453125,117.32635498046876
-1819.90771484375,-2719.686279296875,117.37190246582033
-1819.74267578125,-2719.000732421875,117.4173812866211
-1819.572509765625,-2718.315185546875,117.46365356445312
-1819.3975830078125,-2717.629638671875,117.51087188720705
-1819.2197265625,-2716.943359375,117.55768585205078
-1819.039306640625,-2716.256103515625,117.60332489013672
-1818.8558349609375,-2715.569091796875,117.6487045288086
-1818.6700439453125,-2714.882568359375,117.6928482055664
-1818.4803466796875,-2714.19580078125,117.73743438720705
-1818.287353515625,-2713.508544921875,117.7825164794922
-1818.093017578125,-2712.820556640625,117.82720184326172
-1817.8975830078125,-2712.132568359375,117.8703842163086
-1817.6995849609375,-2711.4453125,117.91338348388672
-1817.4990234375,-2710.7587890625,117.95752716064452
-1817.296875,-2710.072021484375,118.0018539428711
-1817.0936279296875,-2709.384765625,118.04571533203124
-1816.8902587890625,-2708.697998046875,118.0878677368164
-1816.6849365234375,-2708.011474609375,118.13035583496094
-1816.4783935546875,-2707.325439453125,118.1733856201172
-1816.2706298828125,-2706.639404296875,118.21697998046876
-1816.0633544921875,-2705.952880859375,118.25949096679688
-1815.856689453125,-2705.266357421875,118.30069732666016
-1815.649169921875,-2704.580322265625,118.34209442138672
-1815.441162109375,-2703.894287109375,118.38442993164062
-1815.2327880859375,-2703.207763671875,118.42719268798828
-1815.02490234375,-2702.520751953125,118.4689712524414
-1814.8177490234375,-2701.833740234375,118.51044464111328
-1814.611328125,-2701.1474609375,118.55140686035156
-1814.404052734375,-2700.461181640625,118.59278106689452
-1814.196533203125,-2699.774169921875,118.63462829589844
-1813.990478515625,-2699.08642578125,118.67603302001952
-1813.78515625,-2698.3974609375,118.7162094116211
-1813.579345703125,-2697.709228515625,118.7566375732422
-1813.3736572265625,-2697.02099609375,118.7975616455078
-1813.1689453125,-2696.33203125,118.83814239501952
-1812.96435546875,-2695.642822265625,118.87828826904295
-1812.7593994140625,-2694.95361328125,118.91780853271484
-1812.5538330078125,-2694.263916015625,118.95670318603516
-1812.3485107421875,-2693.574462890625,118.9947509765625
-1812.141845703125,-2692.884765625,119.0333480834961
-1811.934326171875,-2692.1953125,119.0721206665039
-1811.7264404296875,-2691.505615234375,119.11042785644533
-1811.519287109375,-2690.816162109375,119.14656066894533
-1811.310546875,-2690.127197265625,119.18295288085938
-1811.0989990234375,-2689.43896484375,119.22085571289062
-1810.88623046875,-2688.75048828125,119.25928497314452
-1810.6732177734375,-2688.061279296875,119.29689025878906
-1810.4598388671875,-2687.372802734375,119.3336181640625
-1810.2447509765625,-2686.68505859375,119.3711929321289
-1810.0286865234375,-2685.998046875,119.40974426269533
-1809.8111572265625,-2685.310546875,119.44882202148438
-1809.59375,-2684.623046875,119.48651123046876
-1809.3770751953125,-2683.93505859375,119.5228042602539
-1809.15869140625,-2683.248046875,119.55948638916016
-1808.9383544921875,-2682.561279296875,119.59717559814452
-1808.7181396484375,-2681.87353515625,119.63440704345705
-1808.498046875,-2681.185302734375,119.67078399658205
-1808.2769775390625,-2680.496826171875,119.70740509033205
-1808.055908203125,-2679.80859375,119.7438507080078
-1807.833251953125,-2679.11962890625,119.78132629394533
-1807.609619140625,-2678.430419921875,119.8193130493164
-1807.386474609375,-2677.739990234375,119.85658264160156
-1807.1632080078125,-2677.048583984375,119.89280700683594
-1806.938720703125,-2676.35595703125,119.92974853515624
-1806.71240234375,-2675.66259765625,119.9677505493164
-1806.484619140625,-2674.967041015625,120.00627136230467
-1806.255615234375,-2674.26953125,120.0440902709961
-1806.0255126953125,-2673.570556640625,120.08148956298828
-1805.7933349609375,-2672.86962890625,120.11974334716795
-1805.559326171875,-2672.1669921875,120.1588134765625
-1805.3236083984375,-2671.461669921875,120.19727325439452
-1805.08642578125,-2670.75439453125,120.2365951538086
-1804.8486328125,-2670.045166015625,120.27643585205078
-1804.61083984375,-2669.333740234375,120.31657409667967
-1804.37255859375,-2668.619873046875,120.35780334472656
-1804.135009765625,-2667.904052734375,120.3995132446289
-1803.89794921875,-2667.185546875,120.44104766845705
-1803.6611328125,-2666.464599609375,120.48281860351562
-1803.4249267578125,-2665.740966796875,120.52490997314452
-1803.189453125,-2665.01513671875,120.56649780273438
-1802.9547119140625,-2664.2861328125,120.60791015625
-1802.7205810546875,-2663.554443359375,120.64933013916016
-1802.4876708984375,-2662.8203125,120.69000244140624
-1802.25537109375,-2662.08349609375,120.73031616210938
-1802.023681640625,-2661.34375,120.7707061767578
-1801.79248046875,-2660.60107421875,120.81072998046876
-1801.5623779296875,-2659.85595703125,120.85002899169922
-1801.33203125,-2659.1083984375,120.88944244384766
-1801.1014404296875,-2658.358154296875,120.92902374267578
-1800.870361328125,-2657.605712890625,120.96833038330078
-1800.638427734375,-2656.850830078125,121.0075912475586
-1800.4052734375,-2656.09423828125,121.0471420288086
-1800.1708984375,-2655.334716796875,121.0870361328125
-1799.9349365234375,-2654.572998046875,121.12747192382812
-1799.697509765625,-2653.81005859375,121.16837310791016
-1799.4588623046875,-2653.045166015625,121.2099609375
-1799.218505859375,-2652.2783203125,121.25216674804688
-1798.976806640625,-2651.510498046875,121.29379272460938
-1798.733642578125,-2650.740966796875,121.33529663085938
-1798.4888916015625,-2649.96923828125,121.37689971923828
-1798.243896484375,-2649.19580078125,121.41699981689452
-1797.9969482421875,-2648.420166015625,121.45637512207033
-1797.7476806640625,-2647.642822265625,121.49688720703124
-1797.4974365234375,-2646.86279296875,121.53783416748048
-1797.246826171875,-2646.0810546875,121.57778930664062
-1796.9951171875,-2645.298583984375,121.6180648803711
-1796.742431640625,-2644.5146484375,121.65931701660156
-1796.488525390625,-2643.728515625,121.7008056640625
-1796.2342529296875,-2642.939697265625,121.74111938476562
-1795.979248046875,-2642.148681640625,121.78101348876952
-1795.7227783203125,-2641.355712890625,121.82147979736328
-1795.46533203125,-2640.560302734375,121.86263275146484
-1795.2073974609375,-2639.7626953125,121.90469360351562
-1794.9490966796875,-2638.962890625,121.9477081298828
-1794.6907958984375,-2638.162109375,121.99139404296876
-1794.4337158203125,-2637.359130859375,122.03530883789062
-1794.1773681640625,-2636.55419921875,122.07959747314452
-1793.9212646484375,-2635.74658203125,122.12370300292967
-1793.6661376953125,-2634.93603515625,122.16622161865234
-1793.4114990234375,-2634.12353515625,122.20758056640624
-1793.1573486328125,-2633.308349609375,122.2489013671875
-1792.9024658203125,-2632.490234375,122.2908172607422
-1792.647705078125,-2631.669677734375,122.33272552490234
-1792.393310546875,-2630.846923828125,122.37447357177734
-1792.1390380859375,-2630.0224609375,122.41716003417967
-1791.8841552734375,-2629.19677734375,122.46142578125
-1791.629638671875,-2628.369140625,122.50562286376952
-1791.3759765625,-2627.5400390625,122.54859924316406
-1791.121826171875,-2626.70947265625,122.5911102294922
-1790.8670654296875,-2625.87744140625,122.63291931152344
-1790.610107421875,-2625.04248046875,122.6743621826172
-1790.3521728515625,-2624.205078125,122.71488189697266
-1790.0928955078125,-2623.366455078125,122.75471496582033
-1789.83203125,-2622.52685546875,122.79511260986328
-1789.5703125,-2621.685546875,122.83503723144533
-1789.3067626953125,-2620.8427734375,122.87467193603516
-1789.041259765625,-2619.998291015625,122.91421508789062
-1788.7744140625,-2619.15234375,122.95304107666016
-1788.5054931640625,-2618.304931640625,122.9918212890625
-1788.23486328125,-2617.456298828125,123.03081512451172
-1787.963134765625,-2616.60595703125,123.0698013305664
-1787.6898193359375,-2615.75439453125,123.10852813720705
-1787.415283203125,-2614.9013671875,123.1471176147461
-1787.139892578125,-2614.046875,123.18566131591795
-1786.8634033203125,-2613.1904296875,123.2237319946289
-1786.5858154296875,-2612.33251953125,123.26156616210938
-1786.3076171875,-2611.47314453125,123.29945373535156
-1786.028564453125,-2610.612060546875,123.33706665039062
-1785.7491455078125,-2609.749267578125,123.37467193603516
-1785.46923828125,-2608.884521484375,123.41254425048828
-1785.1895751953125,-2608.018310546875,123.45049285888672
-1784.9100341796875,-2607.150146484375,123.48859405517578
-1784.6304931640625,-2606.2802734375,123.52681732177734
-1784.351318359375,-2605.40869140625,123.56502532958984
-1784.0726318359375,-2604.53564453125,123.60295867919922
-1783.79443359375,-2603.66064453125,123.6404266357422
-1783.51513671875,-2602.7841796875,123.67849731445312
-1783.2371826171875,-2601.90576171875,123.71549224853516
-1782.958251953125,-2601.026123046875,123.7527084350586
-1782.6793212890625,-2600.14501953125,123.79021453857422
-1782.4005126953125,-2599.26318359375,123.82737731933594
-1782.12109375,-2598.3798828125,123.86505889892578
-1781.841796875,-2597.495849609375,123.90242004394533
-1781.5621337890625,-2596.611083984375,123.93914794921876
-1781.2825927734375,-2595.726318359375,123.97484588623048
-1781.0028076171875,-2594.84228515625,124.00957489013672
-1780.7213134765625,-2593.959716796875,124.04489135742188
-1780.439697265625,-2593.077392578125,124.07930755615234
-1780.1575927734375,-2592.19677734375,124.11349487304688
-1779.8753662109375,-2591.31787109375,124.14851379394533
-1779.5926513671875,-2590.43994140625,124.18376922607422
-1779.3095703125,-2589.563720703125,124.2195816040039
-1779.0267333984375,-2588.688232421875,124.25487518310548
-1778.744140625,-2587.81396484375,124.29087829589844
-1778.462158203125,-2586.941162109375,124.32693481445312
-1778.1810302734375,-2586.0693359375,124.3625259399414
-1777.9007568359375,-2585.198486328125,124.3973159790039
-1777.6214599609375,-2584.328369140625,124.4311981201172
-1777.3433837890625,-2583.459716796875,124.46466827392578
-1777.0662841796875,-2582.591552734375,124.4974365234375
-1776.7901611328125,-2581.724365234375,124.52984619140624
-1776.5150146484375,-2580.85791015625,124.56184387207033
-1776.240966796875,-2579.992431640625,124.59400177001952
-1775.967529296875,-2579.1279296875,124.62662506103516
-1775.6951904296875,-2578.264404296875,124.65928649902344
-1775.423583984375,-2577.401611328125,124.69226837158205
-1775.15234375,-2576.540771484375,124.72582244873048
-1774.881591796875,-2575.680419921875,124.75972747802734
-1774.6112060546875,-2574.821533203125,124.7939682006836
-1774.3408203125,-2573.9638671875,124.82852935791016
-1774.07080078125,-2573.107421875,124.8634796142578
-1773.80078125,-2572.252197265625,124.89849853515624
-1773.5308837890625,-2571.398681640625,124.9335708618164
-1773.260986328125,-2570.546142578125,124.96825408935548
-1772.9912109375,-2569.69482421875,125.0020980834961
-1772.7215576171875,-2568.844970703125,125.0353775024414
-1772.451904296875,-2567.99658203125,125.06712341308594
-1772.182373046875,-2567.149169921875,125.09725189208984
-1771.9127197265625,-2566.302734375,125.12564849853516
-1771.643310546875,-2565.457763671875,125.15228271484376
-1771.3731689453125,-2564.61328125,125.17833709716795
-1771.102783203125,-2563.770263671875,125.20355987548828
-1770.8326416015625,-2562.927978515625,125.22777557373048
-1770.561767578125,-2562.0869140625,125.25318145751952
-1770.2908935546875,-2561.2470703125,125.2793197631836
-1770.0201416015625,-2560.408447265625,125.30514526367188
-1769.7498779296875,-2559.571044921875,125.33200073242188
-1769.4803466796875,-2558.734130859375,125.35955810546876
-1769.211181640625,-2557.897705078125,125.38729095458984
-1768.942138671875,-2557.06201171875,125.41517639160156
-1768.6734619140625,-2556.2275390625,125.44415283203124
-1768.4052734375,-2555.393798828125,125.47322845458984
-1768.1373291015625,-2554.561767578125,125.502197265625
-1767.8692626953125,-2553.730224609375,125.53135681152344
-1767.6014404296875,-2552.8994140625,125.5602035522461
-1767.3336181640625,-2552.0693359375,125.58871459960938
-1767.0662841796875,-2551.23974609375,125.61735534667967
-1766.7989501953125,-2550.4111328125,125.64611053466795
-1766.53173828125,-2549.5830078125,125.67498779296876
-1766.2652587890625,-2548.755615234375,125.70394134521484
-1765.999267578125,-2547.9287109375,125.73273468017578
-1765.7333984375,-2547.1025390625,125.76170349121094
-1765.4681396484375,-2546.27685546875,125.79044342041016
-1765.203369140625,-2545.451416015625,125.81878662109376
-1764.938720703125,-2544.626708984375,125.84717559814452
-1764.674560546875,-2543.802490234375,125.87580108642578
-1764.4110107421875,-2542.97900390625,125.90420532226562
-1764.1478271484375,-2542.15576171875,125.93279266357422
-1763.8851318359375,-2541.3330078125,125.96160888671876
-1763.6234130859375,-2540.5107421875,125.98968505859376
-1763.3619384765625,-2539.68896484375,126.0178451538086
-1763.10009765625,-2538.867919921875,126.0464859008789
-1762.83935546875,-2538.047607421875,126.07371520996094
-1762.5787353515625,-2537.2275390625,126.10099792480467
-1762.3187255859375,-2536.408203125,126.12908172607422
-1762.0594482421875,-2535.5888671875,126.15660858154295
-1761.800048828125,-2534.77001953125,126.18541717529295
-1761.5423583984375,-2533.951171875,126.215576171875
-1761.286376953125,-2533.1328125,126.24490356445312
-1761.0302734375,-2532.31494140625,126.2746810913086
-1760.77490234375,-2531.49755859375,126.30557250976562
-1760.521240234375,-2530.68017578125,126.33455657958984
-1760.268310546875,-2529.86376953125,126.36386108398438
-1760.0157470703125,-2529.04833984375,126.39427947998048
-1759.76513671875,-2528.232666015625,126.42339324951172
-1759.51611328125,-2527.4169921875,126.4493408203125
-1759.267578125,-2526.602294921875,126.4740982055664
-1759.0196533203125,-2525.78759765625,126.49754333496094
-1758.77099609375,-2524.973388671875,126.51969146728516
-1758.521484375,-2524.159423828125,126.54132080078124
-1758.271240234375,-2523.345947265625,126.56315612792967
-1758.0201416015625,-2522.533203125,126.58670806884766
-1757.768798828125,-2521.7216796875,126.61238861083984
-1757.5177001953125,-2520.910888671875,126.64004516601562
-1757.266845703125,-2520.100830078125,126.66903686523438
-1757.016845703125,-2519.291259765625,126.69776153564452
-1756.767333984375,-2518.482421875,126.72607421875
-1756.5174560546875,-2517.673583984375,126.754150390625
-1756.2679443359375,-2516.865478515625,126.78143310546876
-1756.017333984375,-2516.0576171875,126.80868530273438
-1755.7659912109375,-2515.249755859375,126.8360824584961
-1755.5142822265625,-2514.4423828125,126.8635025024414
-1755.2618408203125,-2513.635986328125,126.8912353515625
-1755.008056640625,-2512.82958984375,126.91991424560548
-1754.75341796875,-2512.02392578125,126.94960021972656
-1754.4989013671875,-2511.218017578125,126.97895050048828
-1754.2442626953125,-2510.41259765625,127.00784301757812
-1753.989501953125,-2509.607421875,127.0364990234375
-1753.7344970703125,-2508.802001953125,127.06433868408205
-1753.4788818359375,-2507.996337890625,127.09090423583984
-1753.2225341796875,-2507.189453125,127.11666107177734
-1752.9649658203125,-2506.3818359375,127.14260864257812
-1752.70654296875,-2505.5732421875,127.16890716552734
-1752.4473876953125,-2504.764404296875,127.1957015991211
-1752.18798828125,-2503.955078125,127.22366333007812
-1751.9281005859375,-2503.144287109375,127.2524185180664
-1751.6685791015625,-2502.332275390625,127.28064727783205
-1751.4093017578125,-2501.518310546875,127.30841827392578
-1751.148681640625,-2500.70263671875,127.33621215820312
-1750.8878173828125,-2499.88427734375,127.36328887939452
-1750.6265869140625,-2499.063720703125,127.38916015625
-1750.3641357421875,-2498.2412109375,127.41515350341795
-1750.0994873046875,-2497.415771484375,127.44207763671876
-1749.833251953125,-2496.588134765625,127.4690399169922
-1749.565673828125,-2495.75830078125,127.49679565429688
-1749.29736328125,-2494.9267578125,127.52552032470705
-1749.0286865234375,-2494.093505859375,127.5547103881836
-1748.7591552734375,-2493.25830078125,127.58458709716795
-1748.4893798828125,-2492.4208984375,127.61460876464844
-1748.219482421875,-2491.580810546875,127.64363861083984
-1747.9495849609375,-2490.73876953125,127.6716079711914
-1747.678955078125,-2489.894287109375,127.69962310791016
-1747.4072265625,-2489.047119140625,127.72782135009766
-1747.135009765625,-2488.197021484375,127.75631713867188
-1746.8621826171875,-2487.345458984375,127.78516387939452
-1746.5894775390625,-2486.492431640625,127.814453125
-1746.316650390625,-2485.63818359375,127.84510803222656
-1746.044189453125,-2484.7822265625,127.87686157226562
-1745.7730712890625,-2483.924072265625,127.90763092041016
-1745.502685546875,-2483.065185546875,127.9373550415039
-1745.2330322265625,-2482.204833984375,127.96681213378906
-1744.9635009765625,-2481.34375,127.9952163696289
-1744.693603515625,-2480.481201171875,128.02220153808594
-1744.4234619140625,-2479.6171875,128.04786682128906
-1744.1527099609375,-2478.752197265625,128.072998046875
-1743.8812255859375,-2477.88671875,128.09852600097656
-1743.609375,-2477.020263671875,128.1245880126953
-1743.33642578125,-2476.153564453125,128.1514129638672
-1743.0626220703125,-2475.28662109375,128.17959594726562
-1742.7891845703125,-2474.41943359375,128.20838928222656
-1742.5169677734375,-2473.552490234375,128.23655700683594
-1742.244384765625,-2472.68505859375,128.26467895507812
-1741.9718017578125,-2471.817626953125,128.29136657714844
-1741.6988525390625,-2470.949462890625,128.31591796875
-1741.4256591796875,-2470.080810546875,128.33900451660156
-1741.1512451171875,-2469.2119140625,128.36111450195312
-1740.8751220703125,-2468.343017578125,128.38352966308594
-1740.598388671875,-2467.47314453125,128.40599060058594
-1740.320556640625,-2466.603271484375,128.42918395996094
-1740.041748046875,-2465.733642578125,128.4545135498047
-1739.7625732421875,-2464.864013671875,128.48095703125
-1739.4847412109375,-2463.99462890625,128.50660705566406
-1739.2066650390625,-2463.12548828125,128.5325927734375
-1738.927734375,-2462.25537109375,128.55812072753906
-1738.6494140625,-2461.384521484375,128.58206176757812
-1738.3712158203125,-2460.5126953125,128.60462951660156
-1738.093017578125,-2459.640625,128.62681579589844
-1737.8154296875,-2458.767578125,128.6486053466797
-1737.5382080078125,-2457.893798828125,128.66990661621094
-1737.2613525390625,-2457.01953125,128.69117736816406
-1736.985107421875,-2456.144287109375,128.71226501464844
-1736.7091064453125,-2455.268310546875,128.73345947265625
-1736.4334716796875,-2454.39208984375,128.75502014160156
-1736.1580810546875,-2453.514892578125,128.7765655517578
-1735.8828125,-2452.637451171875,128.7980499267578
-1735.607666015625,-2451.75927734375,128.81961059570312
-1735.332275390625,-2450.88037109375,128.8416748046875
-1735.0570068359375,-2450.001220703125,128.86376953125
-1734.7818603515625,-2449.121337890625,128.88543701171875
-1734.5067138671875,-2448.241455078125,128.90753173828125
-1734.2313232421875,-2447.361083984375,128.9296417236328
-1733.955810546875,-2446.479736328125,128.9514923095703
-1733.68017578125,-2445.59814453125,128.97264099121094
-1733.4046630859375,-2444.716064453125,128.99313354492188
-1733.12890625,-2443.833740234375,129.01358032226562
-1732.852783203125,-2442.950439453125,129.03329467773438
-1732.57666015625,-2442.066650390625,129.05213928222656
-1732.3004150390625,-2441.1826171875,129.0703125
-1732.0234375,-2440.298095703125,129.0882110595703
-1731.745849609375,-2439.4130859375,129.10557556152344
-1731.4678955078125,-2438.52734375,129.12265014648438
-1731.189453125,-2437.640869140625,129.13975524902344
-1730.9100341796875,-2436.754638671875,129.15696716308594
-1730.6304931640625,-2435.8681640625,129.17462158203125
-1730.35009765625,-2434.981201171875,129.1925048828125
-1730.0692138671875,-2434.0947265625,129.21080017089844
-1729.7880859375,-2433.20849609375,129.22947692871094
-1729.5064697265625,-2432.322509765625,129.2483673095703
-1729.2242431640625,-2431.4365234375,129.26773071289062
-1728.94189453125,-2430.55078125,129.28701782226562
-1728.6591796875,-2429.665771484375,129.30606079101562
-1728.3759765625,-2428.781005859375,129.3250274658203
-1728.0928955078125,-2427.895751953125,129.3435516357422
-1727.809326171875,-2427.010498046875,129.3614044189453
-1727.525634765625,-2426.125244140625,129.3788299560547
-1727.2421875,-2425.24072265625,129.3961639404297
-1726.9586181640625,-2424.35595703125,129.41348266601562
-1726.67529296875,-2423.47119140625,129.4304656982422
-1726.39208984375,-2422.586669921875,129.447509765625
-1726.1090087890625,-2421.70263671875,129.46482849121094
-1725.8262939453125,-2420.8193359375,129.48199462890625
-1725.5443115234375,-2419.93701171875,129.49888610839844
-1725.2628173828125,-2419.0556640625,129.51626586914062
-1724.9813232421875,-2418.17529296875,129.5344696044922
-1724.7005615234375,-2417.29541015625,129.55313110351562
-1724.420654296875,-2416.416015625,129.5726776123047
-1724.14111328125,-2415.5380859375,129.59310913085938
-1723.86279296875,-2414.6611328125,129.6142578125
-1723.5855712890625,-2413.785400390625,129.6351776123047
-1723.3089599609375,-2412.91015625,129.65524291992188
-1723.032958984375,-2412.035888671875,129.67523193359375
-1722.7578125,-2411.162109375,129.69497680664062
-1722.4833984375,-2410.28955078125,129.71389770507812
-1722.2091064453125,-2409.41796875,129.7333984375
-1721.9351806640625,-2408.54736328125,129.7534637451172
-1721.6617431640625,-2407.67822265625,129.7735137939453
-1721.3890380859375,-2406.8115234375,129.7941436767578
-1721.1175537109375,-2405.947509765625,129.8145294189453
-1720.847412109375,-2405.087890625,129.8346710205078
-1720.5794677734375,-2404.235107421875,129.8548126220703
-1720.313720703125,-2403.389892578125,129.87472534179688
-1720.0506591796875,-2402.55322265625,129.8941192626953
-1719.79052734375,-2401.7255859375,129.9130859375
-1719.5333251953125,-2400.90673828125,129.93199157714844
-1719.2789306640625,-2400.096923828125,129.95028686523438
-1719.0274658203125,-2399.29541015625,129.96804809570312
-1718.7784423828125,-2398.503173828125,129.98583984375
-1718.5322265625,-2397.719482421875,130.0030517578125
-1718.2886962890625,-2396.945068359375,130.01983642578125
-1718.0479736328125,-2396.180419921875,130.0365753173828
-1717.8101806640625,-2395.426025390625,130.05323791503906
-1717.5755615234375,-2394.682373046875,130.06991577148438
-1717.343994140625,-2393.94921875,130.08631896972656
-1717.115478515625,-2393.22607421875,130.10206604003906
-1716.8895263671875,-2392.511474609375,130.11749267578125
-1716.6658935546875,-2391.803466796875,130.13253784179688
-1716.331787109375,-2390.74853515625,130.1538543701172
-1716.1092529296875,-2390.04833984375,130.16763305664062
-1715.88671875,-2389.35009765625,130.18084716796875
-1715.6644287109375,-2388.654052734375,130.19386291503906
-1715.442626953125,-2387.9609375,130.20718383789062
-1715.2215576171875,-2387.272216796875,130.2211456298828
-1715.0020751953125,-2386.590087890625,130.2352752685547
-1714.7852783203125,-2385.915283203125,130.24989318847656
-1714.571044921875,-2385.248779296875,130.2650146484375
-1714.3597412109375,-2384.59130859375,130.28012084960938
-1714.1512451171875,-2383.942626953125,130.29443359375
-1713.9462890625,-2383.302978515625,130.308349609375
-1713.7445068359375,-2382.67236328125,130.3223419189453
-1713.5457763671875,-2382.05126953125,130.33587646484375
-1713.35009765625,-2381.43896484375,130.34860229492188
-1713.1575927734375,-2380.8349609375,130.3609619140625
-1712.9677734375,-2380.239501953125,130.37295532226562
-1712.7811279296875,-2379.652587890625,130.38442993164062
-1712.5975341796875,-2379.075439453125,130.39535522460938
-1712.4168701171875,-2378.508544921875,130.40640258789062
-1712.2398681640625,-2377.95166015625,130.41705322265625
-1712.06640625,-2377.40478515625,130.42713928222656
-1711.8963623046875,-2376.868408203125,130.43624877929688
-1711.7291259765625,-2376.34228515625,130.44488525390625
-1711.5653076171875,-2375.826171875,130.45327758789062
-1711.4052734375,-2375.32080078125,130.46139526367188
-1711.248779296875,-2374.825439453125,130.4688720703125
-1711.0955810546875,-2374.33984375,130.47518920898438
-1710.945068359375,-2373.86328125,130.48118591308594
-1710.79736328125,-2373.3935546875,130.48695373535156
-1710.650634765625,-2372.92822265625,130.4925537109375
-1710.504638671875,-2372.465087890625,130.49795532226562
-1710.358642578125,-2372.002685546875,130.50254821777344
-1710.212890625,-2371.541015625,130.5066680908203
-1710.066650390625,-2371.080078125,130.510986328125
-1709.92138671875,-2370.620361328125,130.51504516601562
-1709.7764892578125,-2370.16162109375,130.51870727539062
-1709.63134765625,-2369.7041015625,130.52249145507812
-1709.4857177734375,-2369.247802734375,130.52699279785156
-1709.3397216796875,-2368.792724609375,130.5331268310547
-1709.1942138671875,-2368.337890625,130.54116821289062
-1709.0494384765625,-2367.883544921875,130.54962158203125
-1708.9053955078125,-2367.4296875,130.5575408935547
-1708.762451171875,-2366.976318359375,130.5639190673828
-1708.61962890625,-2366.524658203125,130.57022094726562
-1708.477294921875,-2366.07421875,130.57728576660156
-1708.3355712890625,-2365.624755859375,130.58535766601562
-1708.1944580078125,-2365.1767578125,130.59490966796875
-1708.054931640625,-2364.728759765625,130.6044921875
-1707.9163818359375,-2364.281005859375,130.61279296875
-1707.778564453125,-2363.833251953125,130.62014770507812
-1707.641357421875,-2363.38671875,130.6265869140625
-1707.5048828125,-2362.940185546875,130.63302612304688
-1707.3692626953125,-2362.4951171875,130.64012145996094
-1707.2347412109375,-2362.05078125,130.6475372314453
-1707.1014404296875,-2361.606689453125,130.6552276611328
-1706.969482421875,-2361.1630859375,130.6627197265625
-1706.8387451171875,-2360.720458984375,130.669921875
-1706.7093505859375,-2360.278076171875,130.67713928222656
-1706.5819091796875,-2359.836181640625,130.6834259033203
-1706.4554443359375,-2359.39501953125,130.68902587890625
-1706.3304443359375,-2358.954345703125,130.69436645507812
-1706.2069091796875,-2358.513916015625,130.69967651367188
-1706.0849609375,-2358.07421875,130.70510864257812
-1705.96484375,-2357.634521484375,130.710693359375
-1705.8468017578125,-2357.1953125,130.7153778076172
-1705.730712890625,-2356.756103515625,130.71975708007812
-1705.616455078125,-2356.3173828125,130.7242889404297
-1705.5042724609375,-2355.87890625,130.72894287109375
-1705.3946533203125,-2355.440673828125,130.7340087890625
-1705.28759765625,-2355.0029296875,130.73910522460938
-1705.182861328125,-2354.565185546875,130.7439727783203
-1705.080322265625,-2354.128173828125,130.7490692138672
-1704.98046875,-2353.691162109375,130.75436401367188
-1704.8826904296875,-2353.2548828125,130.7595672607422
-1704.7869873046875,-2352.81884765625,130.76473999023438
-1704.693603515625,-2352.383056640625,130.77024841308594
-1704.60205078125,-2351.947998046875,130.77577209472656
-1704.5126953125,-2351.51318359375,130.7811279296875
-1704.4254150390625,-2351.07861328125,130.78662109375
-1704.3404541015625,-2350.644775390625,130.7921905517578
-1704.2584228515625,-2350.210693359375,130.79766845703125
-1704.17919921875,-2349.777587890625,130.80372619628906
-1704.1031494140625,-2349.344482421875,130.80978393554688
-1704.0301513671875,-2348.911865234375,130.81607055664062
-1703.96044921875,-2348.479248046875,130.8224639892578
-1703.8948974609375,-2348.04736328125,130.82870483398438
-1703.8333740234375,-2347.615478515625,130.8348388671875
-1703.7762451171875,-2347.184326171875,130.84095764160156
-1703.7236328125,-2346.75341796875,130.84707641601562
-1703.67578125,-2346.3232421875,130.85325622558594
-1703.63330078125,-2345.893310546875,130.8594512939453
-1703.595703125,-2345.4638671875,130.86512756347656
-1703.5633544921875,-2345.034912109375,130.87037658691406
-1703.536376953125,-2344.6064453125,130.87562561035156
-1703.5146484375,-2344.178466796875,130.8805389404297
-1703.4989013671875,-2343.75146484375,130.88522338867188
-1703.4891357421875,-2343.324951171875,130.89027404785156
-1703.48486328125,-2342.89892578125,130.89529418945312
-1703.4859619140625,-2342.473876953125,130.90005493164062
-1703.4923095703125,-2342.049560546875,130.90513610839844
-1703.5040283203125,-2341.62646484375,130.91026306152344
-1703.5205078125,-2341.204345703125,130.9150848388672
-1703.5419921875,-2340.78369140625,130.91990661621094
-1703.567626953125,-2340.36376953125,130.92453002929688
-1703.59765625,-2339.94482421875,130.92893981933594
-1703.631591796875,-2339.527099609375,130.93353271484375
-1703.6700439453125,-2339.110107421875,130.9380645751953
-1703.712646484375,-2338.694091796875,130.94268798828125
-1703.7596435546875,-2338.279541015625,130.94737243652344
-1703.8106689453125,-2337.865478515625,130.95193481445312
-1703.8660888671875,-2337.452880859375,130.9561309814453
-1703.92626953125,-2337.040771484375,130.96005249023438
-1703.990234375,-2336.6298828125,130.96365356445312
-1704.0582275390625,-2336.220458984375,130.96707153320312
-1704.1304931640625,-2335.8115234375,130.9708709716797
-1704.207275390625,-2335.404052734375,130.97474670410156
-1704.288818359375,-2334.9970703125,130.9784698486328
-1704.3746337890625,-2334.591064453125,130.98211669921875
-1704.4647216796875,-2334.18603515625,130.98561096191406
-1704.5589599609375,-2333.781982421875,130.98898315429688
-1704.6571044921875,-2333.378662109375,130.99256896972656
-1704.7591552734375,-2332.976806640625,130.99609375
-1704.8648681640625,-2332.5751953125,130.9993438720703
-1704.9744873046875,-2332.174072265625,131.0025177001953
-1705.088134765625,-2331.77392578125,131.00546264648438
-1705.20556640625,-2331.374267578125,131.00848388671875
-1705.32666015625,-2330.97509765625,131.01174926757812
-1705.45166015625,-2330.576904296875,131.01512145996094
-1705.58056640625,-2330.17919921875,131.01841735839844
-1705.713134765625,-2329.78173828125,131.02157592773438
-1705.8492431640625,-2329.38427734375,131.0245819091797
-1705.9888916015625,-2328.987060546875,131.0274658203125
-1706.131591796875,-2328.589599609375,131.03062438964844
-1706.2774658203125,-2328.192138671875,131.0339813232422
-1706.42626953125,-2327.794189453125,131.0374755859375
-1706.578125,-2327.396484375,131.04110717773438
-1706.732666015625,-2326.997802734375,131.0447235107422
-1706.8897705078125,-2326.598388671875,131.04856872558594
-1707.049560546875,-2326.197509765625,131.0532989501953
-1707.212646484375,-2325.795654296875,131.05795288085938
-1707.3790283203125,-2325.39306640625,131.06240844726562
-1707.5484619140625,-2324.989013671875,131.0670623779297
-1707.7210693359375,-2324.584228515625,131.07180786132812
-1707.8970947265625,-2324.178466796875,131.07672119140625
-1708.0767822265625,-2323.772216796875,131.0824432373047
-1708.2603759765625,-2323.3662109375,131.0887451171875
-1708.4482421875,-2322.96044921875,131.09507751464844
-1708.6402587890625,-2322.55615234375,131.1013641357422
-1708.8365478515625,-2322.152587890625,131.10794067382812
-1709.036865234375,-2321.75048828125,131.11407470703125
-1709.2413330078125,-2321.350341796875,131.11973571777344
-1709.4500732421875,-2320.951171875,131.1255645751953
-1709.663330078125,-2320.5537109375,131.13198852539062
-1709.8812255859375,-2320.157958984375,131.13851928710938
-1710.1041259765625,-2319.7646484375,131.1448516845703
-1710.3316650390625,-2319.373046875,131.15025329589844
-1710.5635986328125,-2318.9833984375,131.1546173095703
-1710.800048828125,-2318.595458984375,131.15866088867188
-1711.041259765625,-2318.2099609375,131.1634979248047
-1711.287109375,-2317.82666015625,131.1684112548828
-1711.537841796875,-2317.4453125,131.17266845703125
-1711.793212890625,-2317.06591796875,131.1765594482422
-1712.052734375,-2316.688232421875,131.17994689941406
-1712.3162841796875,-2316.312255859375,131.18321228027344
-1712.583984375,-2315.938232421875,131.18638610839844
-1712.85595703125,-2315.56591796875,131.1893768310547
-1713.1328125,-2315.19580078125,131.1926727294922
-1713.4139404296875,-2314.82763671875,131.1960906982422
-1713.699462890625,-2314.46142578125,131.1991424560547
-1713.989501953125,-2314.09765625,131.20164489746094
-1714.2838134765625,-2313.735595703125,131.2035675048828
-1714.5826416015625,-2313.375244140625,131.20558166503906
-1714.88623046875,-2313.017578125,131.20843505859375
-1715.1949462890625,-2312.66162109375,131.21160888671875
-1715.5086669921875,-2312.30810546875,131.21456909179688
-1715.827392578125,-2311.957275390625,131.21714782714844
-1716.15087890625,-2311.60888671875,131.2196502685547
-1716.4796142578125,-2311.26318359375,131.2222137451172
-1716.8131103515625,-2310.920654296875,131.22483825683594
-1717.1514892578125,-2310.580810546875,131.2273712158203
-1717.49462890625,-2310.243896484375,131.22972106933594
-1717.8426513671875,-2309.909423828125,131.23191833496094
-1718.195556640625,-2309.578369140625,131.23426818847656
-1718.5533447265625,-2309.25,131.23672485351562
-1718.916015625,-2308.924560546875,131.23892211914062
-1719.2833251953125,-2308.602294921875,131.24118041992188
-1719.6552734375,-2308.28369140625,131.2431640625
-1720.03173828125,-2307.968505859375,131.2448272705078
-1720.4127197265625,-2307.656982421875,131.24656677246094
-1720.7979736328125,-2307.34912109375,131.24819946289062
-1721.1875,-2307.044921875,131.2501983642578
-1721.5814208984375,-2306.744873046875,131.25262451171875
-1721.9796142578125,-2306.4482421875,131.25479125976562
-1722.382080078125,-2306.155517578125,131.2566375732422
-1722.7884521484375,-2305.865966796875,131.25808715820312
-1723.1983642578125,-2305.579833984375,131.25962829589844
-1723.6119384765625,-2305.29736328125,131.2615966796875
-1724.0289306640625,-2305.018310546875,131.26356506347656
-1724.44921875,-2304.741943359375,131.2655029296875
-1724.87255859375,-2304.46875,131.2671356201172
-1725.2989501953125,-2304.197998046875,131.26876831054688
-1725.7279052734375,-2303.9296875,131.2711181640625
-1726.159912109375,-2303.663818359375,131.2737274169922
-1726.5947265625,-2303.400146484375,131.2764892578125
-1727.0323486328125,-2303.138427734375,131.27883911132812
-1727.472412109375,-2302.87890625,131.28077697753906
-1727.914794921875,-2302.620849609375,131.2830810546875
-1728.359619140625,-2302.364501953125,131.28565979003906
-1728.8070068359375,-2302.1103515625,131.28839111328125
-1729.2567138671875,-2301.858154296875,131.29090881347656
-1729.708740234375,-2301.607666015625,131.29319763183594
-1730.163330078125,-2301.359130859375,131.29542541503906
-1730.6204833984375,-2301.112060546875,131.29757690429688
-1731.080322265625,-2300.867431640625,131.2995147705078
-1731.542724609375,-2300.62451171875,131.30125427246094
-1732.0076904296875,-2300.3837890625,131.3025665283203
-1732.4752197265625,-2300.145263671875,131.3035125732422
-1732.9454345703125,-2299.9091796875,131.3042449951172
-1733.4183349609375,-2299.675537109375,131.30458068847656
-1733.893798828125,-2299.443603515625,131.30458068847656
-1734.3720703125,-2299.214599609375,131.3043212890625
-1734.85302734375,-2298.987548828125,131.30392456054688
-1735.336669921875,-2298.76318359375,131.3033447265625
-1735.822998046875,-2298.541015625,131.30238342285156
-1736.3116455078125,-2298.321044921875,131.30113220214844
-1736.802490234375,-2298.103271484375,131.29978942871094
-1737.295654296875,-2297.886962890625,131.29852294921875
-1737.7904052734375,-2297.671630859375,131.29725646972656
-1738.287109375,-2297.45751953125,131.29592895507812
-1738.78564453125,-2297.244384765625,131.29461669921875
-1739.2855224609375,-2297.03173828125,131.2932891845703
-1739.787109375,-2296.81982421875,131.29180908203125
-1740.289794921875,-2296.608154296875,131.2901153564453
-1740.7939453125,-2296.396240234375,131.2882843017578
-1741.29931640625,-2296.1845703125,131.28643798828125
-1741.805908203125,-2295.971923828125,131.284423828125
-1742.3135986328125,-2295.7587890625,131.28216552734375
-1742.822509765625,-2295.544677734375,131.27963256835938
-1743.3326416015625,-2295.329345703125,131.27700805664062
-1743.843505859375,-2295.112548828125,131.2742156982422
-1744.35546875,-2294.89453125,131.27120971679688
-1744.8685302734375,-2294.674560546875,131.26809692382812
-1745.382568359375,-2294.453125,131.26513671875
-1745.8978271484375,-2294.230224609375,131.26226806640625
-1746.4141845703125,-2294.0048828125,131.2593231201172
-1746.931640625,-2293.77880859375,131.25611877441406
-1747.4503173828125,-2293.55126953125,131.25270080566406
-1747.970458984375,-2293.322509765625,131.24923706054688
-1748.491943359375,-2293.093017578125,131.24569702148438
-1749.0152587890625,-2292.86279296875,131.24208068847656
-1749.540283203125,-2292.6318359375,131.2381134033203
-1750.0670166015625,-2292.400390625,131.2338409423828
-1750.595703125,-2292.16845703125,131.22909545898438
-1751.1258544921875,-2291.935791015625,131.2237548828125
-1751.657958984375,-2291.70263671875,131.2179718017578
-1752.1923828125,-2291.46875,131.2119903564453
-1752.729248046875,-2291.234619140625,131.20591735839844
-1753.2681884765625,-2290.9990234375,131.19927978515625
-1753.8095703125,-2290.762451171875,131.1920928955078
-1754.35302734375,-2290.525146484375,131.1845245361328
-1754.8985595703125,-2290.2861328125,131.17684936523438
-1755.446044921875,-2290.045166015625,131.16905212402344
-1755.995849609375,-2289.802734375,131.16152954101562
-1756.5474853515625,-2289.557861328125,131.15406799316406
-1757.101318359375,-2289.31201171875,131.14634704589844
-1757.657470703125,-2289.06494140625,131.1384735107422
-1758.215576171875,-2288.81640625,131.13075256347656
-1758.7755126953125,-2288.566162109375,131.12327575683594
-1759.337890625,-2288.314453125,131.1156463623047
-1759.9024658203125,-2288.061279296875,131.10784912109375
-1760.468994140625,-2287.80712890625,131.099853515625
-1761.0377197265625,-2287.55078125,131.09161376953125
-1761.609130859375,-2287.29345703125,131.0831298828125
-1762.1826171875,-2287.03466796875,131.07435607910156
-1762.758544921875,-2286.774169921875,131.06504821777344
-1763.337158203125,-2286.512451171875,131.05560302734375
-1763.9185791015625,-2286.248779296875,131.0460205078125
-1764.502685546875,-2285.98388671875,131.0362091064453
-1765.08984375,-2285.7177734375,131.02601623535156
-1765.679931640625,-2285.4501953125,131.015625
-1766.2733154296875,-2285.1806640625,131.0051727294922
-1766.8695068359375,-2284.909912109375,130.99449157714844
-1767.46875,-2284.63720703125,130.98345947265625
-1768.0712890625,-2284.363037109375,130.97216796875
-1768.67724609375,-2284.08642578125,130.96099853515625
-1769.286376953125,-2283.80810546875,130.9497833251953
-1769.8988037109375,-2283.527587890625,130.9383087158203
-1770.5146484375,-2283.245849609375,130.9265594482422
-1771.1334228515625,-2282.962158203125,130.91470336914062
-1771.75537109375,-2282.6767578125,130.90260314941406
-1772.380615234375,-2282.3896484375,130.8903045654297
-1773.0098876953125,-2282.101318359375,130.8777313232422
-1773.64306640625,-2281.811767578125,130.86477661132812
-1774.2796630859375,-2281.520751953125,130.8511962890625
-1774.919921875,-2281.228515625,130.8370819091797
-1775.5643310546875,-2280.935546875,130.8229217529297
-1776.2125244140625,-2280.64111328125,130.8086700439453
-1776.8641357421875,-2280.345947265625,130.79376220703125
-1777.5198974609375,-2280.048583984375,130.77859497070312
-1778.178955078125,-2279.750244140625,130.763671875
-1778.841552734375,-2279.450439453125,130.7484893798828
-1779.5076904296875,-2279.149658203125,130.73306274414062
-1780.1767578125,-2278.84765625,130.7175750732422
-1780.8489990234375,-2278.54443359375,130.70187377929688
-1781.5244140625,-2278.239990234375,130.68597412109375
-1782.2027587890625,-2277.934326171875,130.66966247558594
-1782.884033203125,-2277.627197265625,130.65283203125
-1783.568359375,-2277.318603515625,130.6357421875
-1784.2554931640625,-2277.008544921875,130.61842346191406
-1784.945556640625,-2276.6962890625,130.6009521484375
-1785.638427734375,-2276.38232421875,130.5833740234375
-1786.33447265625,-2276.06689453125,130.5659637451172
-1787.033203125,-2275.75048828125,130.54859924316406
-1787.7344970703125,-2275.432373046875,130.5309295654297
-1788.4385986328125,-2275.113525390625,130.5130157470703
-1789.1458740234375,-2274.79345703125,130.4949188232422
-1789.855712890625,-2274.471923828125,130.47621154785156
-1790.5693359375,-2274.147705078125,130.45767211914062
-1791.2857666015625,-2273.822265625,130.4391326904297
-1792.0050048828125,-2273.495361328125,130.42031860351562
-1792.7266845703125,-2273.166748046875,130.40138244628906
-1793.4515380859375,-2272.8369140625,130.38284301757812
-1794.1787109375,-2272.507080078125,130.3633575439453
-1794.9085693359375,-2272.176025390625,130.3420867919922
-1795.6417236328125,-2271.843505859375,130.31985473632812
-1796.3780517578125,-2271.509033203125,130.29637145996094
-1797.1177978515625,-2271.1728515625,130.2709197998047
-1797.86083984375,-2270.834228515625,130.24513244628906
-1798.6068115234375,-2270.492919921875,130.21888732910156
-1799.3560791015625,-2270.14990234375,130.19227600097656
-1800.1082763671875,-2269.805419921875,130.16603088378906
-1800.86376953125,-2269.459228515625,130.14015197753906
-1801.62255859375,-2269.111083984375,130.11509704589844
-1802.384765625,-2268.76318359375,130.09033203125
-1803.1497802734375,-2268.414794921875,130.06570434570312
-1803.91748046875,-2268.065185546875,130.0423126220703
-1804.6876220703125,-2267.71484375,130.0198211669922
-1805.459228515625,-2267.36474609375,129.99745178222656
-1806.2313232421875,-2267.01611328125,129.9748992919922
-1807.00244140625,-2266.667724609375,129.95306396484375
-1807.77294921875,-2266.3212890625,129.93099975585938
-1808.5430908203125,-2265.97607421875,129.90809631347656
-1809.312744140625,-2265.6318359375,129.8843536376953
-1810.08203125,-2265.289306640625,129.85983276367188
-1810.8511962890625,-2264.947998046875,129.8350372314453
-1811.6197509765625,-2264.60791015625,129.80992126464844
-1812.3878173828125,-2264.26904296875,129.78492736816406
-1813.1552734375,-2263.931396484375,129.76043701171875
-1813.922119140625,-2263.594970703125,129.73599243164062
-1814.6881103515625,-2263.25927734375,129.71197509765625
-1815.45361328125,-2262.9248046875,129.68804931640625
-1816.2181396484375,-2262.5908203125,129.66445922851562
-1816.9814453125,-2262.258056640625,129.6410369873047
-1817.7430419921875,-2261.92578125,129.61767578125
-1818.501708984375,-2261.59521484375,129.59446716308594
-1819.2554931640625,-2261.2666015625,129.5718231201172
-1820.0025634765625,-2260.9404296875,129.54983520507812
-1820.741455078125,-2260.617431640625,129.5279541015625
-1821.4708251953125,-2260.29736328125,129.50686645507812
-1822.19091796875,-2259.981689453125,129.4863739013672
-1822.9014892578125,-2259.669677734375,129.46585083007812
-1823.6021728515625,-2259.36181640625,129.44583129882812
-1824.2930908203125,-2259.057861328125,129.4259796142578
-1824.974365234375,-2258.75830078125,129.40611267089844
-1825.645751953125,-2258.463134765625,129.38636779785156
-1826.3076171875,-2258.172119140625,129.3661651611328
-1826.9603271484375,-2257.88525390625,129.3457794189453
-1827.60302734375,-2257.603515625,129.32569885253906
-1828.2362060546875,-2257.326171875,129.30575561523438
-1828.8603515625,-2257.052978515625,129.28553771972656
-1829.4757080078125,-2256.7841796875,129.26551818847656
-1830.084228515625,-2256.519287109375,129.2460174560547
-1830.6883544921875,-2256.257080078125,129.22650146484375
-1831.289306640625,-2255.99609375,129.20648193359375
-1831.8880615234375,-2255.736572265625,129.1864776611328
-1832.48388671875,-2255.47900390625,129.1668701171875
-1833.0758056640625,-2255.22314453125,129.14755249023438
-1833.6630859375,-2254.96923828125,129.12893676757812
-1834.24462890625,-2254.716796875,129.111083984375
-1834.8197021484375,-2254.46630859375,129.09388732910156
-1835.3875732421875,-2254.218017578125,129.0768585205078
-1835.9476318359375,-2253.9716796875,129.0599365234375
-1836.4990234375,-2253.72705078125,129.04380798339844
-1837.0419921875,-2253.483642578125,129.0287322998047
-1837.5770263671875,-2253.241455078125,129.0148468017578
-1838.1048583984375,-2253.00048828125,129.001708984375
-1838.6263427734375,-2252.761962890625,128.98777770996094
-1839.139892578125,-2252.5244140625,128.97454833984375
-1839.645751953125,-2252.287109375,128.96266174316406
-1840.1451416015625,-2252.05029296875,128.95193481445312
-1840.6390380859375,-2251.814453125,128.94158935546875
-1841.1290283203125,-2251.578857421875,128.9302978515625
-1841.6156005859375,-2251.341064453125,128.91921997070312
-1842.099853515625,-2251.102783203125,128.90768432617188
-1842.58203125,-2250.8642578125,128.89466857910156
-1843.0614013671875,-2250.625,128.88018798828125
-1843.5379638671875,-2250.385009765625,128.86465454101562
-1844.01123046875,-2250.144287109375,128.8485107421875
-1844.4813232421875,-2249.902099609375,128.8319091796875
-1844.9483642578125,-2249.659423828125,128.8149871826172
-1845.412353515625,-2249.415283203125,128.79808044433594
-1845.8736572265625,-2249.17041015625,128.78103637695312
-1846.3331298828125,-2248.924560546875,128.76318359375
-1846.791015625,-2248.677978515625,128.74427795410156
-1847.246826171875,-2248.428955078125,128.7252197265625
-1847.700439453125,-2248.177734375,128.70703125
-1848.1522216796875,-2247.923828125,128.68991088867188
-1848.6026611328125,-2247.668701171875,128.67288208007812
-1849.0518798828125,-2247.41259765625,128.65447998046875
-1849.4991455078125,-2247.154052734375,128.6352996826172
-1849.9442138671875,-2246.892822265625,128.61630249023438
-1850.38720703125,-2246.629638671875,128.597900390625
-1850.8282470703125,-2246.364501953125,128.57994079589844
-1851.2677001953125,-2246.097412109375,128.56207275390625
-1851.70556640625,-2245.828857421875,128.54368591308594
-1852.1414794921875,-2245.55810546875,128.52503967285156
-1852.5753173828125,-2245.28515625,128.5065460205078
-1853.0068359375,-2245.009765625,128.48826599121094
-1853.435791015625,-2244.73193359375,128.47055053710938
-1853.863037109375,-2244.4521484375,128.4529571533203
-1854.2880859375,-2244.169677734375,128.43487548828125
-1854.71044921875,-2243.88427734375,128.41664123535156
-1855.1300048828125,-2243.59619140625,128.3983917236328
-1855.5467529296875,-2243.3046875,128.38043212890625
-1855.96044921875,-2243.01025390625,128.36326599121094
-1856.371337890625,-2242.712646484375,128.34622192382812
-1856.779052734375,-2242.411865234375,128.32919311523438
-1857.1832275390625,-2242.107177734375,128.31185913085938
-1857.5836181640625,-2241.798583984375,128.29449462890625
-1857.97998046875,-2241.486572265625,128.27781677246094
-1858.372314453125,-2241.169921875,128.26158142089844
-1858.7606201171875,-2240.849853515625,128.24533081054688
-1859.14501953125,-2240.526123046875,128.22879028320312
-1859.525390625,-2240.1982421875,128.2118377685547
-1859.9017333984375,-2239.86669921875,128.1945037841797
-1860.2740478515625,-2239.531494140625,128.17665100097656
-1860.6422119140625,-2239.1923828125,128.15838623046875
-1861.0062255859375,-2238.849609375,128.14013671875
-1861.3663330078125,-2238.5029296875,128.12176513671875
-1861.72265625,-2238.15234375,128.10305786132812
-1862.0750732421875,-2237.798095703125,128.0837860107422
-1862.423828125,-2237.440185546875,128.06381225585938
-1862.7685546875,-2237.078125,128.0435791015625
-1863.109130859375,-2236.7119140625,128.0236358642578
-1863.4459228515625,-2236.342529296875,128.00375366210938
-1863.7791748046875,-2235.969482421875,127.9836196899414
-1864.108642578125,-2235.5927734375,127.96344757080078
-1864.434326171875,-2235.21240234375,127.94342041015624
-1864.7568359375,-2234.82861328125,127.9235382080078
-1865.076416015625,-2234.442138671875,127.90331268310548
-1865.392822265625,-2234.052978515625,127.8825225830078
-1865.7059326171875,-2233.66015625,127.86176300048828
-1866.0157470703125,-2233.26416015625,127.84132385253906
-1866.3223876953125,-2232.865234375,127.82122039794922
-1866.6260986328125,-2232.463134765625,127.80106353759766
-1866.9267578125,-2232.05810546875,127.78040313720705
-1867.223876953125,-2231.64990234375,127.7597885131836
-1867.517578125,-2231.238525390625,127.7393798828125
-1867.8076171875,-2230.82421875,127.71882629394533
-1868.0938720703125,-2230.40673828125,127.69831085205078
-1868.3763427734375,-2229.98583984375,127.6776885986328
-1868.6549072265625,-2229.562255859375,127.65717315673828
-1868.929443359375,-2229.135498046875,127.63670349121094
-1869.2003173828125,-2228.705322265625,127.61619567871094
-1869.467041015625,-2228.27197265625,127.59585571289062
-1869.729736328125,-2227.83544921875,127.57563018798828
-1869.988525390625,-2227.396240234375,127.55533599853516
-1870.24365234375,-2226.953857421875,127.5347137451172
-1870.4945068359375,-2226.508544921875,127.5141143798828
-1870.74169921875,-2226.060302734375,127.49394989013672
-1870.9849853515625,-2225.609375,127.47413635253906
-1871.2247314453125,-2225.156005859375,127.45408630371094
-1871.4610595703125,-2224.700439453125,127.43364715576172
-1871.6943359375,-2224.24267578125,127.41278076171876
-1871.92431640625,-2223.782958984375,127.3914566040039
-1872.151123046875,-2223.320556640625,127.36959838867188
-1872.373779296875,-2222.8564453125,127.34790802001952
-1872.5926513671875,-2222.389892578125,127.32587432861328
-1872.8079833984375,-2221.921142578125,127.30345153808594
-1873.019775390625,-2221.449951171875,127.28036499023438
-1873.227783203125,-2220.97705078125,127.25624084472656
-1873.4315185546875,-2220.501708984375,127.23150634765624
-1873.630615234375,-2220.02392578125,127.2068099975586
-1873.8250732421875,-2219.543701171875,127.1824188232422
-1874.015380859375,-2219.06103515625,127.15808868408205
-1874.201171875,-2218.575927734375,127.13400268554688
-1874.382568359375,-2218.0888671875,127.1100616455078
-1874.5595703125,-2217.599609375,127.08642578125
-1874.7320556640625,-2217.1083984375,127.0633773803711
-1874.8997802734375,-2216.615478515625,127.04084014892578
-1875.0638427734375,-2216.12109375,127.01874542236328
-1875.2236328125,-2215.625732421875,126.99684143066406
-1875.3795166015625,-2215.128662109375,126.9748992919922
-1875.5313720703125,-2214.630126953125,126.95263671875
-1875.6787109375,-2214.13037109375,126.93023681640624
-1875.8218994140625,-2213.62939453125,126.90741729736328
-1875.9609375,-2213.126708984375,126.88411712646484
-1876.0958251953125,-2212.622802734375,126.86034393310548
-1876.2261962890625,-2212.11767578125,126.8359832763672
-1876.3519287109375,-2211.61083984375,126.81155395507812
-1876.47265625,-2211.10302734375,126.78736877441406
-1876.58837890625,-2210.593505859375,126.76333618164062
-1876.69921875,-2210.082763671875,126.73918914794922
-1876.805419921875,-2209.57080078125,126.71509552001952
-1876.9071044921875,-2209.057861328125,126.69125366210938
-1877.0042724609375,-2208.544189453125,126.66757202148438
-1877.0968017578125,-2208.029296875,126.6440887451172
-1877.1842041015625,-2207.513671875,126.62077331542967
-1877.2672119140625,-2206.997314453125,126.59786224365234
-1877.345947265625,-2206.47998046875,126.57503509521484
-1877.42041015625,-2205.96240234375,126.55187225341795
-1877.490478515625,-2205.44384765625,126.52853393554688
-1877.55615234375,-2204.925048828125,126.50467681884766
-1877.6170654296875,-2204.40576171875,126.48043823242188
-1877.6732177734375,-2203.8857421875,126.45590209960938
-1877.724853515625,-2203.365234375,126.4312744140625
-1877.7718505859375,-2202.84423828125,126.4065399169922
-1877.81396484375,-2202.322509765625,126.3814468383789
-1877.8515625,-2201.80029296875,126.35567474365234
-1877.884033203125,-2201.27734375,126.32957458496094
-1877.9112548828125,-2200.75390625,126.3037109375
-1877.9334716796875,-2200.230224609375,126.2778091430664
-1877.950439453125,-2199.706298828125,126.251953125
-1877.9613037109375,-2199.181640625,126.2264633178711
-1877.966552734375,-2198.6572265625,126.2005386352539
-1877.9661865234375,-2198.133056640625,126.17461395263672
-1877.959716796875,-2197.608642578125,126.14867401123048
-1877.94677734375,-2197.08447265625,126.12266540527344
-1877.9283447265625,-2196.56005859375,126.0966796875
-1877.9039306640625,-2196.0361328125,126.0701904296875
-1877.873291015625,-2195.512451171875,126.0435562133789
-1877.8360595703125,-2194.989013671875,126.01676177978516
-1877.791748046875,-2194.465576171875,125.98957061767578
-1877.74072265625,-2193.94287109375,125.96238708496094
-1877.6829833984375,-2193.42041015625,125.93496704101562
-1877.619140625,-2192.898681640625,125.90740966796876
-1877.5487060546875,-2192.37744140625,125.87944793701172
-1877.4722900390625,-2191.85693359375,125.85161590576172
-1877.3887939453125,-2191.337158203125,125.8245620727539
-1877.3001708984375,-2190.818359375,125.79777526855467
-1877.2064208984375,-2190.30029296875,125.770751953125
-1877.1070556640625,-2189.78271484375,125.74344635009766
-1877.0025634765625,-2189.266357421875,125.71623229980467
-1876.8924560546875,-2188.7509765625,125.6895523071289
-1876.777099609375,-2188.236328125,125.66366577148438
-1876.6575927734375,-2187.721923828125,125.63805389404295
-1876.5345458984375,-2187.208251953125,125.61200714111328
-1876.4071044921875,-2186.69580078125,125.58538818359376
-1876.2757568359375,-2186.18408203125,125.55807495117188
-1876.1400146484375,-2185.673828125,125.5305633544922
-1875.99853515625,-2185.164794921875,125.50396728515624
-1875.85302734375,-2184.65673828125,125.47772979736328
-1875.7034912109375,-2184.149658203125,125.45114135742188
-1875.551025390625,-2183.643310546875,125.42293548583984
-1875.3936767578125,-2183.138427734375,125.39303588867188
-1875.22900390625,-2182.635498046875,125.36387634277344
-1875.0587158203125,-2182.1337890625,125.3358917236328
-1874.88427734375,-2181.63330078125,125.30868530273438
-1874.705810546875,-2181.1337890625,125.28053283691406
-1874.5220947265625,-2180.6357421875,125.25167083740234
-1874.332763671875,-2180.139892578125,125.2236099243164
-1874.1385498046875,-2179.645751953125,125.1959991455078
-1873.939697265625,-2179.153076171875,125.1689453125
-1873.736572265625,-2178.662353515625,125.14187622070312
-1873.5294189453125,-2178.1728515625,125.11433410644533
-1873.3175048828125,-2177.68505859375,125.08634185791016
-1873.10107421875,-2177.19921875,125.05791473388672
-1872.8798828125,-2176.715087890625,125.02909088134766
-1872.654052734375,-2176.232421875,125.00012969970705
-1872.423828125,-2175.751708984375,124.970703125
-1872.18896484375,-2175.2724609375,124.9410629272461
-1871.9493408203125,-2174.79541015625,124.91114807128906
-1871.7049560546875,-2174.319580078125,124.88057708740234
-1871.45556640625,-2173.845947265625,124.85015106201172
-1871.201416015625,-2173.37451171875,124.81988525390624
-1870.942626953125,-2172.90478515625,124.79007720947266
-1870.6790771484375,-2172.4375,124.7601089477539
-1870.4111328125,-2171.97216796875,124.7299575805664
-1870.1383056640625,-2171.509765625,124.699951171875
-1869.8607177734375,-2171.049072265625,124.6698989868164
-1869.5787353515625,-2170.59130859375,124.63980102539062
-1869.2918701171875,-2170.1357421875,124.60942840576172
-1869.000732421875,-2169.6826171875,124.57897186279295
-1868.7047119140625,-2169.232421875,124.5481185913086
-1868.4039306640625,-2168.78466796875,124.51734161376952
-1868.098876953125,-2168.33935546875,124.48621368408205
-1867.7896728515625,-2167.896240234375,124.45458221435548
-1867.4755859375,-2167.4560546875,124.42285919189452
-1867.1566162109375,-2167.0185546875,124.39109802246094
-1866.83349609375,-2166.583740234375,124.35948181152344
-1866.5057373046875,-2166.151611328125,124.3278579711914
-1866.1741943359375,-2165.7216796875,124.29598236083984
-1865.8385009765625,-2165.29443359375,124.2639617919922
-1865.4981689453125,-2164.86962890625,124.23236083984376
-1865.154296875,-2164.44677734375,124.20056915283205
-1864.8062744140625,-2164.02587890625,124.16868591308594
-1864.45458984375,-2163.607177734375,124.13685607910156
-1864.0992431640625,-2163.18994140625,124.10511779785156
-1863.7408447265625,-2162.7734375,124.07352447509766
-1863.3797607421875,-2162.358642578125,124.04197692871094
-1863.01611328125,-2161.94384765625,124.010498046875
-1862.6502685546875,-2161.52880859375,123.97917938232422
-1862.282958984375,-2161.113525390625,123.9480438232422
-1861.9144287109375,-2160.697021484375,123.91680145263672
-1861.544921875,-2160.279541015625,123.88571166992188
-1861.174560546875,-2159.8603515625,123.8549575805664
-1860.8037109375,-2159.440185546875,123.82416534423828
-1860.4327392578125,-2159.01806640625,123.79247283935548
-1860.062255859375,-2158.5947265625,123.7589111328125
-1859.691650390625,-2158.169921875,123.7241668701172
-1859.3201904296875,-2157.74365234375,123.68889617919922
-1858.9471435546875,-2157.31591796875,123.65443420410156
-1858.57421875,-2156.885498046875,123.61935424804688
-1858.20068359375,-2156.453369140625,123.5830307006836
-1857.826171875,-2156.020263671875,123.54676055908205
-1857.45068359375,-2155.58544921875,123.51139831542967
-1857.074951171875,-2155.1494140625,123.47879791259766
-1856.6986083984375,-2154.7109375,123.44670867919922
-1856.3226318359375,-2154.271240234375,123.415771484375
-1855.94775390625,-2153.828857421875,123.3846435546875
-1855.5732421875,-2153.38525390625,123.35299682617188
-1855.1982421875,-2152.940185546875,123.3209991455078
-1854.8214111328125,-2152.494140625,123.28933715820312
-1854.4434814453125,-2152.04541015625,123.257080078125
-1854.065185546875,-2151.594482421875,123.22305297851562
-1853.6866455078125,-2151.141357421875,123.18698120117188
-1853.3074951171875,-2150.6875,123.15001678466795
-1852.92822265625,-2150.232177734375,123.11267852783205
-1852.5487060546875,-2149.774658203125,123.0754623413086
-1852.168212890625,-2149.31591796875,123.03848266601562
-1851.786865234375,-2148.85546875,123.00152587890624
-1851.404541015625,-2148.392333984375,122.9641342163086
-1851.0218505859375,-2147.927490234375,122.92635345458984
-1850.638671875,-2147.460693359375,122.888671875
-1850.2550048828125,-2146.99267578125,122.85128021240234
-1849.870361328125,-2146.52294921875,122.81421661376952
-1849.484619140625,-2146.051513671875,122.7777328491211
-1849.0975341796875,-2145.578369140625,122.74178314208984
-1848.7091064453125,-2145.103515625,122.70612335205078
-1848.319580078125,-2144.626708984375,122.67047119140624
-1847.9288330078125,-2144.148193359375,122.6349639892578
-1847.53662109375,-2143.668212890625,122.59980010986328
-1847.1429443359375,-2143.18701171875,122.56497192382812
-1846.747314453125,-2142.704833984375,122.530517578125
-1846.349853515625,-2142.2216796875,122.49607849121094
-1845.95068359375,-2141.7373046875,122.46131896972656
-1845.5494384765625,-2141.251708984375,122.4258804321289
-1845.1466064453125,-2140.76513671875,122.3896942138672
-1844.741943359375,-2140.27685546875,122.35271453857422
-1844.335693359375,-2139.787353515625,122.31490325927734
-1843.9281005859375,-2139.296142578125,122.2762451171875
-1843.518798828125,-2138.802734375,122.2366714477539
-1843.1075439453125,-2138.3076171875,122.19637298583984
-1842.69482421875,-2137.810791015625,122.15534210205078
-1842.2808837890625,-2137.311767578125,122.11331939697266
-1841.865478515625,-2136.810546875,122.07073974609376
-1841.4488525390625,-2136.307373046875,122.02824401855467
-1841.0313720703125,-2135.8017578125,121.98563385009766
-1840.6124267578125,-2135.29345703125,121.94271087646484
-1840.1922607421875,-2134.782958984375,121.89981842041016
-1839.771484375,-2134.27001953125,121.85709381103516
-1839.349853515625,-2133.7548828125,121.8143310546875
-1838.9271240234375,-2133.237060546875,121.771728515625
-1838.5035400390625,-2132.716796875,121.72932434082033
-1838.078857421875,-2132.193603515625,121.6866226196289
-1837.65283203125,-2131.66796875,121.64385223388672
-1837.22509765625,-2131.14013671875,121.6010284423828
-1836.795654296875,-2130.609619140625,121.55784606933594
-1836.3642578125,-2130.07666015625,121.51453399658205
-1835.9305419921875,-2129.54150390625,121.47144317626952
-1835.4945068359375,-2129.004150390625,121.4283218383789
-1835.055908203125,-2128.464599609375,121.38493347167967
-1834.614990234375,-2127.92333984375,121.3415756225586
-1834.171630859375,-2127.3798828125,121.29842376708984
-1833.7257080078125,-2126.833984375,121.25534057617188
-1833.2769775390625,-2126.285888671875,121.21218872070312
-1832.82568359375,-2125.736083984375,121.16891479492188
-1832.370849609375,-2125.18408203125,121.12576293945312
-1831.9132080078125,-2124.629150390625,121.08304595947266
-1831.4530029296875,-2124.07177734375,121.04027557373048
-1830.9906005859375,-2123.511962890625,120.99752807617188
-1830.525634765625,-2122.949462890625,120.9554443359375
-1830.058837890625,-2122.38427734375,120.91362762451172
-1829.59033203125,-2121.816162109375,120.87145233154295
-1829.119873046875,-2121.245361328125,120.8290786743164
-1828.6470947265625,-2120.67138671875,120.78677368164062
-1828.1724853515625,-2120.094482421875,120.74432373046876
-1827.696044921875,-2119.51513671875,120.70125579833984
-1827.2171630859375,-2118.932861328125,120.65775299072266
-1826.736328125,-2118.348388671875,120.61396026611328
-1826.2532958984375,-2117.760498046875,120.56970977783205
-1825.7674560546875,-2117.169677734375,120.52505493164062
-1825.280029296875,-2116.576416015625,120.47987365722656
-1824.79052734375,-2115.9794921875,120.43394470214844
-1824.298828125,-2115.380615234375,120.38821411132812
-1823.8046875,-2114.779052734375,120.3423843383789
-1823.3082275390625,-2114.174072265625,120.29608917236328
-1822.8096923828125,-2113.566650390625,120.2498016357422
-1822.3087158203125,-2112.956298828125,120.20346069335938
-1821.8055419921875,-2112.343505859375,120.1572494506836
-1821.3001708984375,-2111.72802734375,120.11132049560548
-1820.792724609375,-2111.109130859375,120.0659408569336
-1820.282958984375,-2110.48779296875,120.02092742919922
-1819.7711181640625,-2109.86376953125,119.97588348388672
-1819.257568359375,-2109.237548828125,119.9311065673828
-1818.741943359375,-2108.6083984375,119.88688659667967
-1818.2244873046875,-2107.976318359375,119.8429183959961
-1817.7049560546875,-2107.341552734375,119.79837799072266
-1817.183837890625,-2106.704345703125,119.75292205810548
-1816.6607666015625,-2106.064453125,119.7074966430664
-1816.1353759765625,-2105.421630859375,119.66238403320312
-1815.6077880859375,-2104.775390625,119.6166763305664
-1815.078125,-2104.126220703125,119.57068634033205
-1814.5469970703125,-2103.474853515625,119.5248565673828
-1814.013916015625,-2102.820556640625,119.4796371459961
-1813.4794921875,-2102.163818359375,119.43412017822266
-1812.943359375,-2101.50439453125,119.38780975341795
-1812.4051513671875,-2100.841796875,119.34171295166016
-1811.864990234375,-2100.176025390625,119.2953109741211
-1811.3233642578125,-2099.507568359375,119.24823760986328
-1810.7802734375,-2098.83740234375,119.20098114013672
-1810.234375,-2098.165283203125,119.15508270263672
-1809.6859130859375,-2097.490966796875,119.10995483398438
-1809.1351318359375,-2096.814453125,119.064697265625
-1808.58251953125,-2096.135986328125,119.02124786376952
-1808.02880859375,-2095.455810546875,118.97903442382812
-1807.47412109375,-2094.773681640625,118.9360580444336
-1806.9193115234375,-2094.091064453125,118.89281463623048
-1806.36376953125,-2093.408935546875,118.84967041015624
-1805.80810546875,-2092.7275390625,118.80593872070312
-1805.2530517578125,-2092.046142578125,118.7612533569336
-1804.6976318359375,-2091.3662109375,118.71664428710938
-1804.142333984375,-2090.68701171875,118.67261505126952
-1803.588134765625,-2090.00830078125,118.62820434570312
-1803.03466796875,-2089.330322265625,118.583740234375
-1802.4820556640625,-2088.653076171875,118.5399169921875
-1801.9306640625,-2087.975341796875,118.49577331542967
-1801.3800048828125,-2087.298095703125,118.45140075683594
-1800.83056640625,-2086.62109375,118.40744018554688
-1800.282470703125,-2085.944580078125,118.3636245727539
-1799.735595703125,-2085.26806640625,118.319580078125
-1799.1898193359375,-2084.59228515625,118.2756118774414
-1798.6451416015625,-2083.916259765625,118.23157501220705
-1798.1016845703125,-2083.240966796875,118.18695068359376
-1797.5589599609375,-2082.56591796875,118.14205932617188
-1797.017333984375,-2081.89111328125,118.09669494628906
-1796.476806640625,-2081.217041015625,118.05144500732422
-1795.93701171875,-2080.543212890625,118.00675964355467
-1795.3980712890625,-2079.86962890625,117.9620590209961
-1794.859130859375,-2079.195556640625,117.91767120361328
-1794.3199462890625,-2078.521240234375,117.8738021850586
-1793.780029296875,-2077.845703125,117.83045959472656
-1793.239501953125,-2077.170166015625,117.78738403320312
-1792.6976318359375,-2076.494140625,117.74497985839844
-1792.1546630859375,-2075.818359375,117.7034912109375
-1791.6104736328125,-2075.1416015625,117.66219329833984
-1791.0653076171875,-2074.465576171875,117.62100982666016
-1790.518798828125,-2073.78955078125,117.58020782470705
-1789.97021484375,-2073.113525390625,117.54043579101562
-1789.4200439453125,-2072.4375,117.50105285644533
-1788.8682861328125,-2071.760986328125,117.46131134033205
-1788.3150634765625,-2071.0849609375,117.42208862304688
-1787.7611083984375,-2070.4091796875,117.38314819335938
-1787.2064208984375,-2069.732421875,117.34352111816406
-1786.64990234375,-2069.055908203125,117.30306243896484
-1786.0919189453125,-2068.37890625,117.26141357421876
-1785.5325927734375,-2067.701416015625,117.21818542480467
-1784.971435546875,-2067.02392578125,117.17420196533205
-1784.407470703125,-2066.346435546875,117.13009643554688
-1783.84033203125,-2065.667236328125,117.08580017089844
-1783.2705078125,-2064.9873046875,117.04185485839844
-1782.6983642578125,-2064.3076171875,116.9989242553711
-1782.1251220703125,-2063.627685546875,116.9569854736328
-1781.5504150390625,-2062.9482421875,116.9170150756836
-1780.9744873046875,-2062.26904296875,116.87850952148438
-1780.3985595703125,-2061.58837890625,116.83951568603516
-1779.82275390625,-2060.90673828125,116.7997817993164
-1779.246826171875,-2060.224609375,116.75930786132812
-1778.6705322265625,-2059.54150390625,116.71794891357422
-1778.093017578125,-2058.856689453125,116.6757354736328
-1777.5150146484375,-2058.170654296875,116.63233947753906
-1776.9359130859375,-2057.48388671875,116.58861541748048
-1776.3560791015625,-2056.79638671875,116.54573822021484
-1775.7752685546875,-2056.1083984375,116.5036163330078
-1775.19384765625,-2055.41943359375,116.46233367919922
-1774.6123046875,-2054.728759765625,116.42204284667967
-1774.03076171875,-2054.03759765625,116.38307189941406
-1773.4495849609375,-2053.3447265625,116.34557342529295
-1772.8690185546875,-2052.650146484375,116.30913543701172
-1772.2891845703125,-2051.95361328125,116.27235412597656
-1771.710693359375,-2051.25537109375,116.23522186279295
-1771.1331787109375,-2050.5556640625,116.19776153564452
-1770.556396484375,-2049.85400390625,116.1595458984375
-1769.9791259765625,-2049.151123046875,116.12067413330078
-1769.40185546875,-2048.44677734375,116.08059692382812
-1768.8243408203125,-2047.7412109375,116.04042053222656
-1768.245849609375,-2047.035400390625,116.00150299072266
-1767.66650390625,-2046.3287353515625,115.96332550048828
-1767.0867919921875,-2045.6212158203125,115.92587280273438
-1766.506591796875,-2044.913330078125,115.8892593383789
-1765.926513671875,-2044.2047119140625,115.853271484375
-1765.345947265625,-2043.4954833984375,115.81765747070312
-1764.764892578125,-2042.7855224609375,115.78228759765624
-1764.183837890625,-2042.0743408203125,115.74620056152344
-1763.602783203125,-2041.3624267578125,115.70948028564452
-1763.02099609375,-2040.6500244140625,115.67283630371094
-1762.4385986328125,-2039.9365234375,115.63597106933594
-1761.8553466796875,-2039.22216796875,115.59902954101562
-1761.2713623046875,-2038.5072021484375,115.5621566772461
-1760.6868896484375,-2037.7913818359375,115.52530670166016
-1760.1016845703125,-2037.0751953125,115.48894500732422
-1759.5157470703125,-2036.35791015625,115.45281219482422
-1758.9293212890625,-2035.6397705078125,115.41650390625
-1758.3421630859375,-2034.9202880859375,115.3804931640625
-1757.7545166015625,-2034.19970703125,115.34471130371094
-1757.1666259765625,-2033.4779052734375,115.30890655517578
-1756.5784912109375,-2032.755126953125,115.27346801757812
-1755.9901123046875,-2032.031005859375,115.23771667480467
-1755.4007568359375,-2031.3057861328125,115.2018585205078
-1754.810302734375,-2030.579345703125,115.16632843017578
-1754.219482421875,-2029.8511962890625,115.1305923461914
-1753.62841796875,-2029.1220703125,115.09442138671876
-1753.0361328125,-2028.3924560546875,115.05842590332033
-1752.443115234375,-2027.661376953125,115.02301025390624
-1751.8489990234375,-2026.9283447265625,114.98809814453124
-1751.253662109375,-2026.194091796875,114.95389556884766
-1750.65771484375,-2025.4586181640625,114.9208984375
-1750.0611572265625,-2024.7225341796875,114.8900146484375
-1749.4642333984375,-2023.9857177734375,114.85989379882812
-1748.866943359375,-2023.2476806640625,114.83007049560548
-1748.2694091796875,-2022.5089111328125,114.80001831054688
-1747.671630859375,-2021.7685546875,114.7689971923828
-1747.0731201171875,-2021.0269775390625,114.73793029785156
-1746.4739990234375,-2020.28369140625,114.70622253417967
-1745.8740234375,-2019.539306640625,114.67411041259766
-1745.2734375,-2018.7935791015625,114.64193725585938
-1744.6727294921875,-2018.0465087890625,114.60948181152344
-1744.07080078125,-2017.299072265625,114.57736206054688
-1743.46875,-2016.5499267578125,114.54451751708984
-1742.86669921875,-2015.799560546875,114.51023864746094
-1742.263916015625,-2015.048095703125,114.4758758544922
-1741.65966796875,-2014.295654296875,114.4416275024414
-1741.0540771484375,-2013.541748046875,114.40644073486328
-1740.4481201171875,-2012.787353515625,114.37065887451172
-1739.84033203125,-2012.03271484375,114.33618927001952
-1739.2301025390625,-2011.2779541015625,114.30292510986328
-1738.6180419921875,-2010.52197265625,114.27035522460938
-1738.0040283203125,-2009.7659912109375,114.2399673461914
-1737.388916015625,-2009.0098876953125,114.21221923828124
-1736.772705078125,-2008.2532958984375,114.18724060058594
-1736.156005859375,-2007.49609375,114.1632843017578
-1735.5391845703125,-2006.738037109375,114.13912200927734
-1734.922607421875,-2005.979248046875,114.1142120361328
-1734.3055419921875,-2005.2193603515625,114.0878448486328
-1733.6878662109375,-2004.4583740234375,114.05960083007812
-1733.0679931640625,-2003.696044921875,114.02979278564452
-1732.447021484375,-2002.9329833984375,113.998291015625
-1731.8236083984375,-2002.170166015625,113.96749877929688
-1731.1976318359375,-2001.4071044921875,113.93783569335938
-1730.5694580078125,-2000.6435546875,113.90947723388672
-1729.939208984375,-1999.88037109375,113.88302612304688
-1729.3077392578125,-1999.1170654296875,113.8584213256836
-1728.67529296875,-1998.3531494140625,113.83619689941406
-1728.042724609375,-1997.5885009765625,113.8140106201172
-1727.4097900390625,-1996.8226318359375,113.79097747802734
-1726.7772216796875,-1996.0552978515625,113.76689910888672
-1726.14404296875,-1995.286865234375,113.74158477783205
-1725.509765625,-1994.51708984375,113.71546173095705
-1724.8746337890625,-1993.7459716796875,113.68832397460938
-1724.2381591796875,-1992.9739990234375,113.6614990234375
-1723.600341796875,-1992.201416015625,113.6355438232422
-1722.9609375,-1991.428466796875,113.61076354980467
-1722.3204345703125,-1990.6546630859375,113.58688354492188
-1721.6790771484375,-1989.8804931640625,113.56370544433594
-1721.037109375,-1989.1058349609375,113.54158020019533
-1720.394287109375,-1988.330322265625,113.5198211669922
-1719.7510986328125,-1987.5535888671875,113.49726104736328
-1719.1077880859375,-1986.7760009765625,113.47417449951172
-1718.4637451171875,-1985.9976806640625,113.4510498046875
-1717.819091796875,-1985.21826171875,113.42710876464844
-1717.1734619140625,-1984.4378662109375,113.40280151367188
-1716.52734375,-1983.6566162109375,113.3787612915039
-1715.8807373046875,-1982.8746337890625,113.3547592163086
-1715.2333984375,-1982.092041015625,113.33118438720705
-1714.585205078125,-1981.3087158203125,113.30818176269533
-1713.936279296875,-1980.524658203125,113.28571319580078
-1713.2879638671875,-1979.739501953125,113.26258850097656
-1712.6392822265625,-1978.95361328125,113.2399444580078
-1711.990234375,-1978.1669921875,113.21737670898438
-1711.3406982421875,-1977.379150390625,113.1940460205078
-1710.6904296875,-1976.590576171875,113.171142578125
-1710.039306640625,-1975.801513671875,113.1487045288086
-1709.3880615234375,-1975.01171875,113.1266632080078
-1708.7369384765625,-1974.22119140625,113.10498046875
-1708.0849609375,-1973.429931640625,113.0842514038086
-1707.4326171875,-1972.637939453125,113.0637435913086
-1706.780029296875,-1971.8448486328125,113.04366302490234
-1706.1279296875,-1971.0511474609375,113.02396392822266
-1705.4757080078125,-1970.2569580078125,113.00455474853516
-1704.8236083984375,-1969.4617919921875,112.9849624633789
-1704.1715087890625,-1968.665283203125,112.96463012695312
-1703.51904296875,-1967.8680419921875,112.94406127929688
-1702.865966796875,-1967.0703125,112.92373657226562
-1702.2120361328125,-1966.2718505859375,112.9041519165039
-1701.5574951171875,-1965.4727783203125,112.8855438232422
-1700.9033203125,-1964.6732177734375,112.86750030517578
-1700.2490234375,-1963.873291015625,112.85057830810548
-1699.5946044921875,-1963.072998046875,112.83426666259766
-1698.9405517578125,-1962.271484375,112.81704711914062
-1698.2869873046875,-1961.468994140625,112.79916381835938
-1697.63330078125,-1960.665771484375,112.78072357177734
-1696.978759765625,-1959.8624267578125,112.7626495361328
-1696.3240966796875,-1959.057861328125,112.74372100830078
-1695.669189453125,-1958.2532958984375,112.7247085571289
-1695.0133056640625,-1957.448974609375,112.70679473876952
-1694.3560791015625,-1956.6446533203125,112.68933868408205
-1693.69775390625,-1955.84033203125,112.67241668701172
-1693.0390625,-1955.035888671875,112.65619659423828
-1692.3798828125,-1954.231689453125,112.6412124633789
-1691.7200927734375,-1953.4273681640625,112.6273956298828
-1691.0606689453125,-1952.6217041015625,112.61276245117188
-1690.4022216796875,-1951.8157958984375,112.59750366210938
-1689.744140625,-1951.0091552734375,112.58116149902344
-1689.0853271484375,-1950.201904296875,112.56441497802734
-1688.42578125,-1949.3939208984375,112.54659271240234
-1687.765869140625,-1948.5855712890625,112.52783966064452
-1687.104736328125,-1947.7781982421875,112.51000213623048
-1686.4412841796875,-1946.9718017578125,112.49419403076172
-1685.7774658203125,-1946.1650390625,112.47833251953124
-1685.1141357421875,-1945.359375,112.46426391601562
-1684.451416015625,-1944.5545654296875,112.45214080810548
-1683.78955078125,-1943.749755859375,112.44000244140624
-1683.1285400390625,-1942.9449462890625,112.42887115478516
-1682.468017578125,-1942.140380859375,112.4185562133789
-1681.80859375,-1941.3365478515625,112.40914154052734
-1681.150390625,-1940.533447265625,112.4007568359375
-1680.4930419921875,-1939.73095703125,112.39189910888672
-1679.836181640625,-1938.9290771484375,112.38224792480467
-1679.18017578125,-1938.12744140625,112.3717269897461
-1678.5242919921875,-1937.32666015625,112.36097717285156
-1677.8695068359375,-1936.5257568359375,112.35037994384766
-1677.2156982421875,-1935.7257080078125,112.34027099609376
-1676.5633544921875,-1934.9266357421875,112.33209228515624
-1675.9129638671875,-1934.128662109375,112.32378387451172
-1675.2655029296875,-1933.332763671875,112.31550598144533
-1674.6201171875,-1932.539306640625,112.3073959350586
-1673.9775390625,-1931.7489013671875,112.29912567138672
-1673.33837890625,-1930.9615478515625,112.2902603149414
-1672.702880859375,-1930.1783447265625,112.28137969970705
-1672.071533203125,-1929.3997802734375,112.2733383178711
-1671.44482421875,-1928.6258544921875,112.26594543457033
-1670.82275390625,-1927.85693359375,112.2591781616211
-1670.2060546875,-1927.0936279296875,112.25293731689452
-1669.5946044921875,-1926.335693359375,112.24724578857422
-1668.98876953125,-1925.5833740234375,112.24209594726562
-1668.388671875,-1924.83642578125,112.23722076416016
-1667.7943115234375,-1924.094970703125,112.23255920410156
-1667.2059326171875,-1923.3583984375,112.22760772705078
-1666.6229248046875,-1922.626953125,112.22272491455078
-1666.0458984375,-1921.9007568359375,112.21834564208984
-1665.474609375,-1921.179443359375,112.21408081054688
-1664.9088134765625,-1920.462646484375,112.2101058959961
-1664.348388671875,-1919.75048828125,112.20680236816406
-1663.7923583984375,-1919.042724609375,112.20437622070312
-1663.2410888671875,-1918.3397216796875,112.20233917236328
-1662.694091796875,-1917.641845703125,112.20000457763672
-1662.1512451171875,-1916.9495849609375,112.197509765625
-1661.6119384765625,-1916.263671875,112.19474792480467
-1661.07568359375,-1915.584228515625,112.19147491455078
-1660.5428466796875,-1914.914306640625,112.1887435913086
-1660.013916015625,-1914.253662109375,112.1862564086914
-1659.4886474609375,-1913.6031494140625,112.1845703125
-1658.966552734375,-1912.9630126953125,112.1839828491211
-1658.447265625,-1912.3321533203125,112.18367767333984
-1657.9298095703125,-1911.710693359375,112.18373107910156
-1657.4134521484375,-1911.0989990234375,112.18473815917967
-1656.8980712890625,-1910.49609375,112.18650817871094
-1656.38232421875,-1909.9010009765625,112.18865966796876
-1655.865234375,-1909.31396484375,112.19125366210938
-1655.345947265625,-1908.73486328125,112.19480895996094
-1654.8253173828125,-1908.163330078125,112.19905853271484
-1654.303466796875,-1907.5989990234375,112.20365142822266
-1653.78125,-1907.041015625,112.20794677734376
-1653.258056640625,-1906.4886474609375,112.21146392822266
-1652.7330322265625,-1905.9404296875,112.21393585205078
-1652.2061767578125,-1905.3955078125,112.2154769897461
-1651.6776123046875,-1904.853271484375,112.21630096435548
-1651.1475830078125,-1904.3131103515625,112.21622467041016
-1650.6168212890625,-1903.774658203125,112.21539306640624
-1650.0853271484375,-1903.2376708984375,112.2142333984375
-1649.552978515625,-1902.7025146484375,112.2135238647461
-1649.0203857421875,-1902.1688232421875,112.21257781982422
-1648.4884033203125,-1901.6356201171875,112.21114349365234
-1647.9564208984375,-1901.103759765625,112.21018981933594
-1647.4248046875,-1900.5726318359375,112.20950317382812
-1646.892578125,-1900.0428466796875,112.20841979980467
-1646.3599853515625,-1899.51416015625,112.20757293701172
-1645.8267822265625,-1898.9871826171875,112.20735168457033
-1645.29345703125,-1898.46142578125,112.20675659179688
-1644.759521484375,-1897.9373779296875,112.20669555664062
-1644.2244873046875,-1897.4156494140625,112.20740509033205
-1643.6884765625,-1896.8958740234375,112.20844268798828
-1643.15185546875,-1896.3780517578125,112.20930480957033
-1642.614013671875,-1895.8624267578125,112.2102279663086
-1642.0751953125,-1895.3494873046875,112.2116241455078
-1641.53466796875,-1894.8389892578125,112.21341705322266
-1640.992919921875,-1894.3310546875,112.21544647216795
-1640.4495849609375,-1893.82568359375,112.21768188476562
-1639.9049072265625,-1893.3231201171875,112.22024536132812
-1639.3587646484375,-1892.8233642578125,112.22329711914062
-1638.8114013671875,-1892.326171875,112.2264404296875
-1638.2625732421875,-1891.8319091796875,112.2292022705078
-1637.7119140625,-1891.3408203125,112.23220825195312
-1637.1593017578125,-1890.8525390625,112.23541259765624
-1636.6048583984375,-1890.3673095703125,112.23851013183594
-1636.048095703125,-1889.88525390625,112.24172973632812
-1635.489501953125,-1889.40625,112.24517822265624
-1634.9296875,-1888.93017578125,112.24794006347656
-1634.3673095703125,-1888.458251953125,112.25083923339844
-1633.802001953125,-1887.990234375,112.25471496582033
-1633.23486328125,-1887.5255126953125,112.25858306884766
-1632.6656494140625,-1887.063720703125,112.26153564453124
-1632.09375,-1886.6063232421875,112.26447296142578
-1631.5191650390625,-1886.1533203125,112.26787567138672
-1630.942138671875,-1885.70458984375,112.2715072631836
-1630.3621826171875,-1885.2598876953125,112.27523040771484
-1629.7796630859375,-1884.8189697265625,112.27913665771484
-1629.1949462890625,-1884.381591796875,112.2830047607422
-1628.6082763671875,-1883.9478759765625,112.28658294677734
-1628.0189208984375,-1883.5184326171875,112.29080963134766
-1627.4271240234375,-1883.0924072265625,112.29615783691406
-1626.8341064453125,-1882.668701171875,112.30152130126952
-1626.239501953125,-1882.247314453125,112.30644989013672
-1625.6431884765625,-1881.8294677734375,112.31206512451172
-1625.0458984375,-1881.4140625,112.31852722167967
-1624.447265625,-1881.0006103515625,112.32489776611328
-1623.84716796875,-1880.5897216796875,112.33161163330078
-1623.2459716796875,-1880.180908203125,112.3387680053711
-1622.644287109375,-1879.7733154296875,112.34564971923828
-1622.042236328125,-1879.3675537109375,112.35231018066406
-1621.4388427734375,-1878.9639892578125,112.35934448242188
-1620.834716796875,-1878.562255859375,112.366455078125
-1620.229736328125,-1878.1619873046875,112.37322235107422
-1619.62353515625,-1877.7637939453125,112.38016510009766
-1619.0162353515625,-1877.367431640625,112.38720703125
-1618.408447265625,-1876.97265625,112.39359283447266
-1617.799560546875,-1876.580322265625,112.40001678466795
-1617.1888427734375,-1876.1912841796875,112.40745544433594
-1616.576904296875,-1875.80419921875,112.41510009765624
-1615.964599609375,-1875.4188232421875,112.42152404785156
-1615.3504638671875,-1875.0367431640625,112.42767333984376
-1614.734375,-1874.65869140625,112.43489074707033
-1614.1165771484375,-1874.283447265625,112.44239044189452
-1613.4971923828125,-1873.910888671875,112.44949340820312
-1612.8763427734375,-1873.5418701171875,112.45660400390624
-1612.2535400390625,-1873.1768798828125,112.4642562866211
-1611.62890625,-1872.8154296875,112.47264099121094
-1611.0028076171875,-1872.4571533203125,112.48153686523438
-1610.375244140625,-1872.1019287109375,112.4904556274414
-1609.745849609375,-1871.7506103515625,112.49998474121094
-1609.1151123046875,-1871.4024658203125,112.50969696044922
-1608.4833984375,-1871.0572509765625,112.51887512207033
-1607.849365234375,-1870.716552734375,112.52874755859376
-1607.2139892578125,-1870.3795166015625,112.53895568847656
-1606.5777587890625,-1870.044677734375,112.54811096191406
-1605.939697265625,-1869.7138671875,112.5564956665039
-1605.29931640625,-1869.3883056640625,112.56583404541016
-1604.6573486328125,-1869.066650390625,112.57547760009766
-1604.0135498046875,-1868.74853515625,112.58484649658205
-1603.3681640625,-1868.4345703125,112.59413146972656
-1602.7215576171875,-1868.1251220703125,112.60319519042967
-1602.0728759765625,-1867.820556640625,112.61260986328124
-1601.42236328125,-1867.5211181640625,112.62272644042967
-1600.7703857421875,-1867.2254638671875,112.63279724121094
-1600.11669921875,-1866.9339599609375,112.64241790771484
-1599.461669921875,-1866.64697265625,112.65206146240234
-1598.8048095703125,-1866.3646240234375,112.66189575195312
-1598.14697265625,-1866.0863037109375,112.67178344726562
-1597.4874267578125,-1865.8123779296875,112.68196868896484
-1596.826171875,-1865.54248046875,112.69236755371094
-1596.163818359375,-1865.276123046875,112.70265197753906
-1595.5001220703125,-1865.013427734375,112.71260833740234
-1594.834716796875,-1864.7550048828125,112.7228775024414
-1594.16796875,-1864.5,112.7332000732422
-1593.4990234375,-1864.248779296875,112.743896484375
-1592.828125,-1864.0009765625,112.75471496582033
-1592.1553955078125,-1863.756103515625,112.76581573486328
-1591.4808349609375,-1863.5137939453125,112.7765121459961
-1590.8040771484375,-1863.2742919921875,112.78765106201172
-1590.1251220703125,-1863.0374755859375,112.7994155883789
-1589.444091796875,-1862.8031005859375,112.81139373779295
-1588.760986328125,-1862.5704345703125,112.82289123535156
-1588.0750732421875,-1862.3408203125,112.83487701416016
-1587.386962890625,-1862.1134033203125,112.8473129272461
-1586.6962890625,-1861.8883056640625,112.86018371582033
-1586.00341796875,-1861.66552734375,112.8727035522461
-1585.3087158203125,-1861.4451904296875,112.88524627685548
-1584.61181640625,-1861.2269287109375,112.89751434326172
-1583.91259765625,-1861.0113525390625,112.90990447998048
-1583.210693359375,-1860.798095703125,112.92182159423828
-1582.506103515625,-1860.5867919921875,112.93336486816406
-1581.799072265625,-1860.377685546875,112.94422912597656
-1581.089599609375,-1860.1710205078125,112.954833984375
-1580.3773193359375,-1859.966796875,112.96562957763672
-1579.6632080078125,-1859.7640380859375,112.97594451904295
-1578.947021484375,-1859.5626220703125,112.98516845703124
-1578.228271484375,-1859.363525390625,112.99430847167967
-1577.5068359375,-1859.166259765625,113.00389862060548
-1576.7835693359375,-1858.9697265625,113.01223754882812
-1576.0574951171875,-1858.7752685546875,113.0204086303711
-1575.32958984375,-1858.5826416015625,113.02910614013672
-1574.5994873046875,-1858.3909912109375,113.03765106201172
-1573.8671875,-1858.2008056640625,113.04631805419922
-1573.13330078125,-1858.0111083984375,113.05519104003906
-1572.3988037109375,-1857.821533203125,113.06255340576172
-1571.6624755859375,-1857.6326904296875,113.06922149658205
-1570.9241943359375,-1857.44482421875,113.07583618164062
-1570.183349609375,-1857.2574462890625,113.08232879638672
-1569.4398193359375,-1857.0703125,113.08879852294922
-1568.6943359375,-1856.8834228515625,113.09597778320312
-1567.9473876953125,-1856.69677734375,113.10440063476562
-1567.199462890625,-1856.51025390625,113.11497497558594
-1566.451416015625,-1856.322509765625,113.12674713134766
-1565.7025146484375,-1856.1339111328125,113.13885498046876
-1564.9530029296875,-1855.944091796875,113.15193176269533
-1564.2025146484375,-1855.752685546875,113.1648406982422
-1563.451416015625,-1855.559326171875,113.17623901367188
-1562.699462890625,-1855.365478515625,113.18751525878906
-1561.9468994140625,-1855.1707763671875,113.1989517211914
-1561.1932373046875,-1854.974609375,113.20983123779295
-1560.438232421875,-1854.7779541015625,113.2202606201172
-1559.6822509765625,-1854.58056640625,113.23086547851562
-1558.92529296875,-1854.3829345703125,113.24143981933594
-1558.1669921875,-1854.184814453125,113.25240325927734
-1557.40771484375,-1853.9859619140625,113.2642593383789
-1556.6470947265625,-1853.785888671875,113.27758026123048
-1555.885498046875,-1853.584716796875,113.29191589355467
-1555.123779296875,-1853.382568359375,113.3056182861328
-1554.3623046875,-1853.17919921875,113.3189697265625
-1553.6002197265625,-1852.9747314453125,113.33264923095705
-1552.8365478515625,-1852.769287109375,113.34646606445312
-1552.0711669921875,-1852.5621337890625,113.35881805419922
-1551.3043212890625,-1852.3544921875,113.36983489990234
-1550.53662109375,-1852.1463623046875,113.3809585571289
-1549.7681884765625,-1851.93701171875,113.39292907714844
-1548.998779296875,-1851.7266845703125,113.4052505493164
-1548.2281494140625,-1851.51513671875,113.41765594482422
-1547.4561767578125,-1851.302490234375,113.43038177490234
-1546.68359375,-1851.0885009765625,113.44337463378906
-1545.9102783203125,-1850.8739013671875,113.4563446044922
-1545.13623046875,-1850.6591796875,113.46922302246094
-1544.3612060546875,-1850.443603515625,113.48217010498048
-1543.58544921875,-1850.226806640625,113.49459838867188
-1542.8082275390625,-1850.009521484375,113.50615692138672
-1542.0296630859375,-1849.7926025390625,113.51775360107422
-1541.24951171875,-1849.5758056640625,113.5296859741211
-1540.468017578125,-1849.3594970703125,113.54202270507812
-1539.6851806640625,-1849.1435546875,113.55514526367188
-1538.9014892578125,-1848.9281005859375,113.5692138671875
-1538.1170654296875,-1848.7127685546875,113.58414459228516
-1537.33251953125,-1848.49755859375,113.59973907470705
-1536.547119140625,-1848.2825927734375,113.61555480957033
-1535.7606201171875,-1848.0673828125,113.63087463378906
-1534.9735107421875,-1847.8521728515625,113.64519500732422
-1534.1851806640625,-1847.63720703125,113.65933227539062
-1533.395263671875,-1847.4232177734375,113.67391204833984
-1532.603759765625,-1847.2095947265625,113.6886215209961
-1531.81103515625,-1846.9964599609375,113.70349884033205
-1531.017578125,-1846.78369140625,113.71920776367188
-1530.2235107421875,-1846.5711669921875,113.73591613769533
-1529.428466796875,-1846.3590087890625,113.75373840332033
-1528.6328125,-1846.1466064453125,113.77180480957033
-1527.836669921875,-1845.9337158203125,113.78914642333984
-1527.0404052734375,-1845.72021484375,113.80609893798828
-1526.2432861328125,-1845.506591796875,113.82355499267578
-1525.4453125,-1845.29248046875,113.8407974243164
-1524.646240234375,-1845.077392578125,113.85726928710938
-1523.8468017578125,-1844.8616943359375,113.8744125366211
-1523.0467529296875,-1844.645751953125,113.89247131347656
-1522.2467041015625,-1844.4295654296875,113.91072082519533
-1521.4461669921875,-1844.212890625,113.92967224121094
-1520.6455078125,-1843.995361328125,113.9494400024414
-1519.8446044921875,-1843.776611328125,113.9689712524414
-1519.0435791015625,-1843.556884765625,113.98806762695312
-1518.24267578125,-1843.3359375,114.00724029541016
-1517.44140625,-1843.1146240234375,114.02623748779295
-1516.6392822265625,-1842.8935546875,114.0450668334961
-1515.836669921875,-1842.672607421875,114.06369018554688
-1515.033447265625,-1842.451904296875,114.08186340332033
-1514.2293701171875,-1842.2320556640625,114.1001968383789
-1513.4249267578125,-1842.0126953125,114.1191177368164
-1512.6199951171875,-1841.7935791015625,114.1380615234375
-1511.8143310546875,-1841.5748291015625,114.15692901611328
-1511.00830078125,-1841.3564453125,114.17634582519533
-1510.20166015625,-1841.13818359375,114.19612884521484
-1509.3946533203125,-1840.9202880859375,114.21598052978516
-1508.587158203125,-1840.7027587890625,114.23601531982422
-1507.7794189453125,-1840.4852294921875,114.2558822631836
-1506.9710693359375,-1840.2679443359375,114.27591705322266
-1506.1622314453125,-1840.0516357421875,114.29634857177734
-1505.3519287109375,-1839.835693359375,114.31715393066406
-1504.5408935546875,-1839.62060546875,114.3390121459961
-1503.729248046875,-1839.4061279296875,114.36166381835938
-1502.917724609375,-1839.19189453125,114.38508605957033
-1502.1064453125,-1838.9776611328125,114.40967559814452
-1501.294921875,-1838.7633056640625,114.43467712402344
-1500.48291015625,-1838.5482177734375,114.45909118652344
-1499.670654296875,-1838.332275390625,114.48274230957033
-1498.8577880859375,-1838.1163330078125,114.5060577392578
-1498.0443115234375,-1837.900390625,114.5290756225586
-1497.2301025390625,-1837.684326171875,114.55225372314452
-1496.41552734375,-1837.46826171875,114.57559967041016
-1495.600341796875,-1837.2523193359375,114.5993194580078
-1494.7850341796875,-1837.0364990234375,114.62364196777344
-1493.9691162109375,-1836.8211669921875,114.6486358642578
-1493.153076171875,-1836.606201171875,114.6739501953125
-1492.3370361328125,-1836.3905029296875,114.6991958618164
-1491.5211181640625,-1836.1744384765625,114.7240982055664
-1490.705322265625,-1835.958251953125,114.74828338623048
-1489.8887939453125,-1835.7421875,114.7719268798828
-1489.0714111328125,-1835.5263671875,114.79521942138672
-1488.253173828125,-1835.3111572265625,114.81815338134766
-1487.4339599609375,-1835.096435546875,114.84102630615234
-1486.614501953125,-1834.8826904296875,114.86463928222656
-1485.7943115234375,-1834.669677734375,114.88954162597656
-1484.9735107421875,-1834.45703125,114.9156265258789
-1484.15234375,-1834.2447509765625,114.94251251220705
-1483.331298828125,-1834.031982421875,114.97008514404295
-1482.510498046875,-1833.81884765625,114.99803161621094
-1481.689453125,-1833.6060791015625,115.0263671875
-1480.8677978515625,-1833.3935546875,115.05506896972656
-1480.0455322265625,-1833.1805419921875,115.08401489257812
-1479.2227783203125,-1832.9677734375,115.11292266845705
-1478.399658203125,-1832.755859375,115.14215087890624
-1477.5762939453125,-1832.5440673828125,115.17286682128906
-1476.7528076171875,-1832.332275390625,115.2040023803711
-1475.9290771484375,-1832.1199951171875,115.23479461669922
-1475.10546875,-1831.907470703125,115.26600646972656
-1474.2818603515625,-1831.6943359375,115.29678344726562
-1473.4580078125,-1831.4805908203125,115.32706451416016
-1472.6337890625,-1831.2657470703125,115.35781860351562
-1471.80908203125,-1831.0494384765625,115.38805389404295
-1470.984130859375,-1830.833251953125,115.41753387451172
-1470.1590576171875,-1830.6165771484375,115.4476547241211
-1469.3338623046875,-1830.3995361328125,115.47842407226562
-1468.5076904296875,-1830.1824951171875,115.50935363769533
-1467.680908203125,-1829.965087890625,115.54053497314452
-1466.854248046875,-1829.7470703125,115.57184600830078
-1466.02783203125,-1829.5283203125,115.60375213623048
-1465.201171875,-1829.3089599609375,115.63612365722656
-1464.37451171875,-1829.0885009765625,115.66795349121094
-1463.5472412109375,-1828.8671875,115.69940948486328
-1462.719482421875,-1828.6456298828125,115.73141479492188
-1461.8912353515625,-1828.423583984375,115.76329803466795
-1461.0625,-1828.20166015625,115.79528045654295
-1460.2335205078125,-1827.9794921875,115.82844543457033
-1459.404296875,-1827.7574462890625,115.86192321777344
-1458.5745849609375,-1827.5355224609375,115.89598083496094
-1457.74462890625,-1827.313720703125,115.93114471435548
-1456.9144287109375,-1827.0914306640625,115.966552734375
-1456.084228515625,-1826.86865234375,116.00200653076172
-1455.2545166015625,-1826.645263671875,116.03694915771484
-1454.4248046875,-1826.4219970703125,116.07147216796876
-1453.594482421875,-1826.1983642578125,116.10589599609376
-1452.7630615234375,-1825.9744873046875,116.13970184326172
-1451.9310302734375,-1825.750732421875,116.17301177978516
-1451.0986328125,-1825.5274658203125,116.20696258544922
-1450.266357421875,-1825.304443359375,116.24175262451172
-1449.433837890625,-1825.0814208984375,116.27720642089844
-1448.60107421875,-1824.8582763671875,116.31307220458984
-1447.7681884765625,-1824.634521484375,116.34881591796876
-1446.935546875,-1824.4102783203125,116.38407135009766
-1446.102783203125,-1824.185546875,116.4188995361328
-1445.2696533203125,-1823.9610595703125,116.4535675048828
-1444.4359130859375,-1823.73583984375,116.48767852783205
-1443.6016845703125,-1823.510498046875,116.52120208740234
-1442.766845703125,-1823.285888671875,116.5552749633789
-1441.9315185546875,-1823.0616455078125,116.59038543701172
-1441.0955810546875,-1822.83740234375,116.62660217285156
-1440.2593994140625,-1822.6136474609375,116.66349029541016
-1439.4237060546875,-1822.3892822265625,116.70167541503906
-1438.588134765625,-1822.1646728515625,116.740966796875
-1437.752685546875,-1821.9395751953125,116.78002166748048
-1436.917236328125,-1821.7137451171875,116.81855010986328
-1436.081787109375,-1821.4873046875,116.8567123413086
-1435.2459716796875,-1821.2603759765625,116.89427947998048
-1434.40966796875,-1821.0338134765625,116.93119049072266
-1433.5726318359375,-1820.8076171875,116.96834564208984
-1432.7349853515625,-1820.5816650390625,117.0060043334961
-1431.89697265625,-1820.35595703125,117.04380798339844
-1431.05908203125,-1820.130615234375,117.08200073242188
-1430.22119140625,-1819.9053955078125,117.12115478515624
-1429.383056640625,-1819.6798095703125,117.16079711914062
-1428.544921875,-1819.453857421875,117.19937133789062
-1427.7066650390625,-1819.2275390625,117.23761749267578
-1426.8680419921875,-1819.0015869140625,117.2759246826172
-1426.0291748046875,-1818.77587890625,117.31348419189452
-1425.189697265625,-1818.5501708984375,117.3504409790039
-1424.3497314453125,-1818.324951171875,117.38727569580078
-1423.5093994140625,-1818.100341796875,117.4241714477539
-1422.66845703125,-1817.8760986328125,117.46163177490234
-1421.826904296875,-1817.652587890625,117.49984741210938
-1420.985107421875,-1817.4293212890625,117.53838348388672
-1420.1439208984375,-1817.2056884765625,117.57696533203124
-1419.302978515625,-1816.9818115234375,117.61504364013672
-1418.4625244140625,-1816.7578125,117.65203857421876
-1417.62109375,-1816.534423828125,117.68816375732422
-1416.778564453125,-1816.3111572265625,117.72340393066406
-1415.93505859375,-1816.088134765625,117.75792694091795
-1415.0909423828125,-1815.865966796875,117.7931137084961
-1414.24658203125,-1815.64453125,117.8297882080078
-1413.402099609375,-1815.4237060546875,117.86743927001952
-1412.5577392578125,-1815.202880859375,117.90637969970705
-1411.71337890625,-1814.9820556640625,117.94585418701172
-1410.8692626953125,-1814.760986328125,117.98462677001952
-1410.0250244140625,-1814.5400390625,118.0233383178711
-1409.1807861328125,-1814.3187255859375,118.06166076660156
-1408.3360595703125,-1814.096923828125,118.09833526611328
-1407.4906005859375,-1813.8756103515625,118.1349105834961
-1406.64453125,-1813.6549072265625,118.1724090576172
-1405.7977294921875,-1813.4345703125,118.21011352539062
-1404.950439453125,-1813.2152099609375,118.2487564086914
-1404.103271484375,-1812.9962158203125,118.28894805908205
-1403.256103515625,-1812.7774658203125,118.33023071289062
-1402.4091796875,-1812.558837890625,118.37194061279295
-1401.5623779296875,-1812.3399658203125,118.41316223144533
-1400.7154541015625,-1812.120849609375,118.45355987548828
-1399.8681640625,-1811.901611328125,118.49299621582033
-1399.020263671875,-1811.6826171875,118.53126525878906
-1398.171142578125,-1811.46435546875,118.5696258544922
-1397.321044921875,-1811.24658203125,118.60870361328124
-1396.4703369140625,-1811.0294189453125,118.64849853515624
-1395.61962890625,-1810.812744140625,118.68939208984376
-1394.76904296875,-1810.5966796875,118.73175811767578
-1393.9188232421875,-1810.380859375,118.77483367919922
-1393.06884765625,-1810.1641845703125,118.81742095947266
-1392.2186279296875,-1809.946533203125,118.85962677001952
-1391.3682861328125,-1809.7286376953125,118.90109252929688
-1390.51708984375,-1809.5106201171875,118.9420928955078
-1389.6658935546875,-1809.292236328125,118.98356628417967
-1388.814453125,-1809.07373046875,119.02499389648438
-1387.9630126953125,-1808.855224609375,119.06624603271484
-1387.1114501953125,-1808.636962890625,119.10852813720705
-1386.25927734375,-1808.418701171875,119.1518783569336
-1385.406982421875,-1808.1998291015625,119.19572448730467
-1384.5548095703125,-1807.9805908203125,119.24004364013672
-1383.703369140625,-1807.7601318359375,119.2847671508789
-1382.8525390625,-1807.538818359375,119.32894134521484
-1382.0018310546875,-1807.317138671875,119.37223815917967
-1381.1505126953125,-1807.0948486328125,119.4150848388672
-1380.29833984375,-1806.8721923828125,119.45670318603516
-1379.4454345703125,-1806.6494140625,119.497802734375
-1378.59228515625,-1806.4267578125,119.54014587402344
-1377.7391357421875,-1806.2037353515625,119.58284759521484
-1376.8857421875,-1805.980712890625,119.62645721435548
-1376.032470703125,-1805.75732421875,119.6712875366211
-1375.1790771484375,-1805.5330810546875,119.71564483642578
-1374.32568359375,-1805.308837890625,119.76004791259766
-1373.472412109375,-1805.0843505859375,119.80419158935548
-1372.618896484375,-1804.859130859375,119.84669494628906
-1371.764892578125,-1804.634033203125,119.88876342773438
-1370.9100341796875,-1804.408935546875,119.9306640625
-1370.0543212890625,-1804.183837890625,119.9722137451172
-1369.1982421875,-1803.958984375,120.01468658447266
-1368.3416748046875,-1803.734130859375,120.05865478515624
-1367.4849853515625,-1803.5087890625,120.10447692871094
-1366.6287841796875,-1803.2828369140625,120.1520767211914
-1365.7723388671875,-1803.0565185546875,120.20124816894533
-1364.91650390625,-1802.82861328125,120.25079345703124
-1364.0606689453125,-1802.6005859375,120.30033111572266
-1363.204345703125,-1802.372802734375,120.35025787353516
-1362.3485107421875,-1802.1434326171875,120.3982391357422
-1361.4925537109375,-1801.9130859375,120.44524383544922
-1360.6357421875,-1801.6834716796875,120.4924774169922
-1359.7784423828125,-1801.4532470703125,120.5387954711914
-1358.9210205078125,-1801.2225341796875,120.58454895019533
-1358.0635986328125,-1800.99169921875,120.63034057617188
-1357.2061767578125,-1800.7608642578125,120.67658233642578
-1356.3485107421875,-1800.529296875,120.72257232666016
-1355.490478515625,-1800.29736328125,120.76808166503906
-1354.6319580078125,-1800.065185546875,120.81417083740234
-1353.77294921875,-1799.832763671875,120.8608627319336
-1352.9139404296875,-1799.6005859375,120.90804290771484
-1352.0548095703125,-1799.3682861328125,120.95598602294922
-1351.196044921875,-1799.135498046875,121.004150390625
-1350.3375244140625,-1798.9022216796875,121.0518035888672
-1349.478759765625,-1798.669677734375,121.09945678710938
-1348.6195068359375,-1798.43603515625,121.14643096923828
-1347.759521484375,-1798.2030029296875,121.19293975830078
-1346.89892578125,-1797.9703369140625,121.23958587646484
-1346.0377197265625,-1797.7384033203125,121.28689575195312
-1345.176025390625,-1797.5072021484375,121.33550262451172
-1344.3140869140625,-1797.276123046875,121.3852767944336
-1343.4522705078125,-1797.04541015625,121.43649291992188
-1342.590576171875,-1796.8143310546875,121.48863983154295
-1341.7291259765625,-1796.5831298828125,121.54141998291016
-1340.8680419921875,-1796.3514404296875,121.59345245361328
-1340.0069580078125,-1796.1195068359375,121.64491271972656
-1339.145263671875,-1795.8880615234375,121.69599151611328
-1338.282958984375,-1795.6563720703125,121.745849609375
-1337.419921875,-1795.42529296875,121.7953109741211
-1336.5562744140625,-1795.1951904296875,121.84561157226562
-1335.692138671875,-1794.96484375,121.8963394165039
-1334.8284912109375,-1794.734375,121.9471435546875
-1333.9647216796875,-1794.5045166015625,121.99871063232422
-1333.1005859375,-1794.275146484375,122.05135345458984
-1332.236083984375,-1794.0452880859375,122.10417938232422
-1331.3717041015625,-1793.8153076171875,122.15633392333984
-1330.507568359375,-1793.5858154296875,122.20838928222656
-1329.6431884765625,-1793.3560791015625,122.2610855102539
-1328.7784423828125,-1793.1258544921875,122.3134307861328
-1327.9130859375,-1792.8958740234375,122.36521911621094
-1327.0474853515625,-1792.6661376953125,122.4174346923828
-1326.1820068359375,-1792.4366455078125,122.47013092041016
-1325.31640625,-1792.207275390625,122.5226058959961
-1324.4505615234375,-1791.9781494140625,122.574951171875
-1323.584228515625,-1791.75,122.62769317626952
-1322.7176513671875,-1791.5218505859375,122.68030548095705
-1321.8505859375,-1791.2940673828125,122.73287963867188
-1320.9832763671875,-1791.06689453125,122.78585815429688
-1320.11572265625,-1790.840087890625,122.83920288085938
-1319.248046875,-1790.613525390625,122.89295959472656
-1318.3802490234375,-1790.3868408203125,122.94695281982422
-1317.512451171875,-1790.1602783203125,123.00094604492188
-1316.64453125,-1789.934326171875,123.05496215820312
-1315.7762451171875,-1789.708251953125,123.10911560058594
-1314.90771484375,-1789.4825439453125,123.16323852539062
-1314.038818359375,-1789.25732421875,123.21768188476562
-1313.16943359375,-1789.032470703125,123.27247619628906
-1312.299560546875,-1788.808837890625,123.32827758789062
-1311.4293212890625,-1788.5858154296875,123.38562774658205
-1310.5596923828125,-1788.3623046875,123.44287109375
-1309.69091796875,-1788.1390380859375,123.5
-1308.822021484375,-1787.9163818359375,123.5577621459961
-1307.953369140625,-1787.693603515625,123.61449432373048
-1307.0838623046875,-1787.471435546875,123.67058563232422
-1306.213623046875,-1787.25048828125,123.72696685791016
-1305.3431396484375,-1787.0299072265625,123.78382873535156
-1304.4725341796875,-1786.81005859375,123.84159088134766
-1303.6021728515625,-1786.5904541015625,123.9008331298828
-1302.7327880859375,-1786.3702392578125,123.95970916748048
-1301.864013671875,-1786.1495361328125,124.01793670654295
-1300.9949951171875,-1785.9298095703125,124.07642364501952
-1300.1258544921875,-1785.7098388671875,124.1338348388672
-1299.25634765625,-1785.4901123046875,124.1904067993164
-1298.38720703125,-1785.2713623046875,124.2471694946289
-1297.518798828125,-1785.0535888671875,124.30451202392578
-1296.651611328125,-1784.83642578125,124.36267852783205
-1295.785888671875,-1784.6199951171875,124.42131805419922
-1294.9217529296875,-1784.4033203125,124.47914123535156
-1294.0594482421875,-1784.18701171875,124.53633880615234
-1293.1981201171875,-1783.9715576171875,124.5936508178711
-1292.3382568359375,-1783.7564697265625,124.65031433105467
-1291.4791259765625,-1783.5418701171875,124.70603942871094
-1290.621337890625,-1783.3280029296875,124.76187133789062
-1289.76513671875,-1783.1148681640625,124.81805419921876
-1288.9102783203125,-1782.9022216796875,124.87437438964844
-1288.056640625,-1782.68994140625,124.9307861328125
-1287.204345703125,-1782.478271484375,124.9875030517578
-1286.353515625,-1782.266845703125,125.04447174072266
-1285.50390625,-1782.0560302734375,125.10211181640624
-1284.6558837890625,-1781.8453369140625,125.16027069091795
-1283.81005859375,-1781.6341552734375,125.2178192138672
-1282.966064453125,-1781.4239501953125,125.27605438232422
-1282.124755859375,-1781.2139892578125,125.33473205566406
-1281.285888671875,-1781.004150390625,125.39248657226562
-1280.4501953125,-1780.7957763671875,125.45117950439452
-1279.6177978515625,-1780.58837890625,125.51056671142578
-1278.7890625,-1780.381591796875,125.57006072998048
-1277.9637451171875,-1780.17578125,125.6306381225586
-1277.14208984375,-1779.9708251953125,125.69208526611328
-1276.3240966796875,-1779.7657470703125,125.75350952148438
-1275.510009765625,-1779.5606689453125,125.81475830078124
-1274.7001953125,-1779.356201171875,125.87580871582033
-1273.894287109375,-1779.152587890625,125.9361801147461
-1273.0931396484375,-1778.94873046875,125.9950942993164
-1272.296875,-1778.7457275390625,126.0531997680664
-1271.506103515625,-1778.544189453125,126.11129760742188
-1270.720947265625,-1778.3433837890625,126.16917419433594
-1269.94140625,-1778.1431884765625,126.22664642333984
-1269.16796875,-1777.9437255859375,126.28398895263672
-1268.400390625,-1777.74462890625,126.34149169921876
-1267.6387939453125,-1777.5460205078125,126.39842224121094
-1266.883056640625,-1777.3480224609375,126.4549789428711
-1266.1334228515625,-1777.150390625,126.51103973388672
-1265.39013671875,-1776.952880859375,126.5663833618164
-1264.6534423828125,-1776.7567138671875,126.62181091308594
-1263.9232177734375,-1776.5611572265625,126.67716979980467
-1263.1990966796875,-1776.3662109375,126.73184204101562
-1262.480712890625,-1776.1712646484375,126.78556060791016
-1261.767822265625,-1775.9774169921875,126.83908081054688
-1261.060302734375,-1775.7845458984375,126.89328002929688
-1260.3568115234375,-1775.5911865234375,126.94671630859376
-1259.6566162109375,-1775.3978271484375,126.9993133544922
-1258.959716796875,-1775.205078125,127.05227661132812
-1258.2655029296875,-1775.01220703125,127.10541534423828
-1257.5736083984375,-1774.8194580078125,127.15828704833984
-1256.884521484375,-1774.6268310546875,127.21099090576172
-1256.19775390625,-1774.4342041015625,127.26354217529295
-1255.5133056640625,-1774.2421875,127.31609344482422
-1254.8309326171875,-1774.0504150390625,127.36833953857422
-1254.150146484375,-1773.8587646484375,127.42028045654295
-1253.4713134765625,-1773.66845703125,127.47284698486328
-1252.79443359375,-1773.47802734375,127.5250015258789
-1252.119384765625,-1773.287841796875,127.57707977294922
-1251.4461669921875,-1773.09814453125,127.629150390625
-1250.7747802734375,-1772.9090576171875,127.6816177368164
-1250.1053466796875,-1772.7191162109375,127.7328643798828
-1249.4378662109375,-1772.52978515625,127.78435516357422
-1248.7724609375,-1772.3402099609375,127.83536529541016
-1248.109130859375,-1772.1505126953125,127.88545989990234
-1247.447509765625,-1771.9608154296875,127.93450164794922
-1246.7874755859375,-1771.7718505859375,127.9831771850586
-1246.1290283203125,-1771.5833740234375,128.03176879882812
-1245.47216796875,-1771.39501953125,128.0796661376953
-1244.816650390625,-1771.20703125,128.1271514892578
-1244.1629638671875,-1771.0196533203125,128.17462158203125
-1243.51123046875,-1770.8328857421875,128.222412109375
-1242.861083984375,-1770.646484375,128.27035522460938
-1242.2127685546875,-1770.4610595703125,128.3187713623047
-1241.5662841796875,-1770.2763671875,128.36770629882812
-1240.92138671875,-1770.0919189453125,128.41661071777344
-1240.278564453125,-1769.9085693359375,128.4651641845703
-1239.6383056640625,-1769.7269287109375,128.51388549804688
-1239.001708984375,-1769.5469970703125,128.56253051757812
-1238.37060546875,-1769.369384765625,128.6112823486328
-1237.745849609375,-1769.194580078125,128.65994262695312
-1237.12890625,-1769.0223388671875,128.70803833007812
-1236.5201416015625,-1768.852783203125,128.75521850585938
-1235.919189453125,-1768.6861572265625,128.80113220214844
-1235.3262939453125,-1768.522705078125,128.84645080566406
-1234.7410888671875,-1768.362060546875,128.8912811279297
-1234.1622314453125,-1768.203857421875,128.93548583984375
-1233.5885009765625,-1768.0478515625,128.978515625
-1233.019287109375,-1767.8935546875,129.02061462402344
-1232.4544677734375,-1767.740966796875,129.06207275390625
-1231.8936767578125,-1767.59033203125,129.10308837890625
-1231.3369140625,-1767.44140625,129.1436767578125
-1230.7843017578125,-1767.2939453125,129.18394470214844
-1230.2359619140625,-1767.14794921875,129.2240753173828
-1229.6912841796875,-1767.0032958984375,129.26388549804688
-1229.1495361328125,-1766.85986328125,129.3033905029297
-1228.609375,-1766.717529296875,129.34291076660156
-1228.0706787109375,-1766.575927734375,129.38230895996094
-1227.5335693359375,-1766.43505859375,129.42156982421875
-1226.9976806640625,-1766.294677734375,129.4606475830078
-1226.4635009765625,-1766.15478515625,129.49977111816406
-1225.9306640625,-1766.015625,129.5390625
-1225.3994140625,-1765.877197265625,129.57821655273438
-1224.8697509765625,-1765.7388916015625,129.61703491210938
-1224.3414306640625,-1765.6014404296875,129.6552734375
-1223.814697265625,-1765.4647216796875,129.693359375
-1223.2894287109375,-1765.328369140625,129.7315216064453
-1222.765380859375,-1765.192626953125,129.76995849609375
-1222.24267578125,-1765.0572509765625,129.80825805664062
-1221.7213134765625,-1764.9224853515625,129.8461151123047
-1221.201416015625,-1764.788330078125,129.8839874267578
-1220.682861328125,-1764.6549072265625,129.9222869873047
-1220.1658935546875,-1764.5218505859375,129.96102905273438
-1219.6505126953125,-1764.3895263671875,129.9999237060547
-1219.136474609375,-1764.257568359375,130.03855895996094
-1218.6239013671875,-1764.126220703125,130.0770721435547
-1218.11279296875,-1763.995361328125,130.1157684326172
-1217.603271484375,-1763.8648681640625,130.15443420410156
-1217.0953369140625,-1763.7347412109375,130.19281005859375
-1216.5889892578125,-1763.604736328125,130.23052978515625
-1216.0841064453125,-1763.4749755859375,130.26766967773438
-1215.58056640625,-1763.3453369140625,130.30467224121094
-1215.0784912109375,-1763.216064453125,130.3417205810547
-1214.57763671875,-1763.0867919921875,130.37855529785156
-1214.078369140625,-1762.9576416015625,130.4149627685547
-1213.5804443359375,-1762.8287353515625,130.4510040283203
-1213.0841064453125,-1762.6998291015625,130.4868621826172
-1212.589111328125,-1762.571533203125,130.522705078125
-1212.095458984375,-1762.443359375,130.5584259033203
-1211.6033935546875,-1762.3154296875,130.59423828125
-1211.1129150390625,-1762.1876220703125,130.63006591796875
-1210.6241455078125,-1762.0601806640625,130.66583251953125
-1210.1373291015625,-1761.933349609375,130.7013702392578
-1209.6529541015625,-1761.8067626953125,130.7366485595703
-1209.170654296875,-1761.6810302734375,130.7716522216797
-1208.6905517578125,-1761.5560302734375,130.80650329589844
-1208.212158203125,-1761.431640625,130.84117126464844
-1207.7352294921875,-1761.3077392578125,130.87564086914062
-1207.260009765625,-1761.1842041015625,130.90985107421875
-1206.7869873046875,-1761.0611572265625,130.9438018798828
-1206.3160400390625,-1760.93896484375,130.97738647460938
-1205.847900390625,-1760.8173828125,131.01046752929688
-1205.3829345703125,-1760.696533203125,131.04306030273438
-1204.921875,-1760.5771484375,131.07521057128906
-1204.4649658203125,-1760.458740234375,131.10691833496094
-1204.012939453125,-1760.3419189453125,131.1385040283203
-1203.5660400390625,-1760.2264404296875,131.16993713378906
-1203.12451171875,-1760.11181640625,131.2008514404297
-1202.6884765625,-1759.998779296875,131.23109436035156
-1202.2578125,-1759.8870849609375,131.2605743408203
-1201.8328857421875,-1759.7767333984375,131.28933715820312
-1201.4139404296875,-1759.6676025390625,131.31781005859375
-1201.0013427734375,-1759.5599365234375,131.34616088867188
-1200.5966796875,-1759.4537353515625,131.3743133544922
-1200.201416015625,-1759.3494873046875,131.40199279785156
-1199.8165283203125,-1759.246826171875,131.428955078125
-1199.441162109375,-1759.1455078125,131.45494079589844
-1199.0740966796875,-1759.044921875,131.47994995117188
-1198.7139892578125,-1758.9443359375,131.504150390625
-1198.3604736328125,-1758.8433837890625,131.52749633789062
-1198.0135498046875,-1758.7418212890625,131.5501708984375
-1197.6728515625,-1758.6396484375,131.57217407226562
-1197.3389892578125,-1758.5364990234375,131.59359741210938
-1197.011474609375,-1758.4324951171875,131.61444091796875
-1196.6895751953125,-1758.327392578125,131.63482666015625
-1196.372802734375,-1758.2208251953125,131.65478515625
-1196.0611572265625,-1758.1124267578125,131.67454528808594
-1195.7545166015625,-1758.0023193359375,131.6941680908203
-1195.452880859375,-1757.8902587890625,131.71327209472656
-1195.1558837890625,-1757.7769775390625,131.73220825195312
-1194.863525390625,-1757.661865234375,131.75086975097656
-1194.5745849609375,-1757.5450439453125,131.76927185058594
-1194.2890625,-1757.42626953125,131.78770446777344
-1194.0064697265625,-1757.30517578125,131.80612182617188
-1193.7264404296875,-1757.181640625,131.8245391845703
-1193.44873046875,-1757.0555419921875,131.84304809570312
-1193.1734619140625,-1756.927001953125,131.86146545410156
-1192.9010009765625,-1756.7962646484375,131.87957763671875
-1192.6309814453125,-1756.6629638671875,131.89743041992188
-1192.363037109375,-1756.527587890625,131.91494750976562
-1192.09765625,-1756.389892578125,131.93211364746094
-1191.8345947265625,-1756.25,131.94908142089844
-1191.573974609375,-1756.108154296875,131.96603393554688
-1191.315673828125,-1755.9639892578125,131.98251342773438
-1191.0596923828125,-1755.8177490234375,131.9986114501953
-1190.8060302734375,-1755.66943359375,132.01441955566406
-1190.5546875,-1755.5191650390625,132.0299530029297
-1190.3057861328125,-1755.366943359375,132.04519653320312
-1190.059326171875,-1755.212646484375,132.06016540527344
-1189.815185546875,-1755.0565185546875,132.07485961914062
-1189.573974609375,-1754.8984375,132.08929443359375
-1189.3349609375,-1754.7384033203125,132.1034393310547
-1189.0985107421875,-1754.5762939453125,132.11737060546875
-1188.86474609375,-1754.4122314453125,132.13108825683594
-1188.6337890625,-1754.2459716796875,132.14456176757812
-1188.405517578125,-1754.077392578125,132.15774536132812
-1188.1805419921875,-1753.90673828125,132.170654296875
-1187.95849609375,-1753.7337646484375,132.18333435058594
-1187.7396240234375,-1753.55810546875,132.1957244873047
-1187.52392578125,-1753.3802490234375,132.2078094482422
-1187.3118896484375,-1753.199951171875,132.2196044921875
-1187.1029052734375,-1753.01708984375,132.2311553955078
-1186.8974609375,-1752.83203125,132.24237060546875
-1186.6953125,-1752.6446533203125,132.2533721923828
-1186.4967041015625,-1752.4552001953125,132.26402282714844
-1186.30126953125,-1752.263427734375,132.27452087402344
-1186.1092529296875,-1752.0694580078125,132.28500366210938
-1185.920654296875,-1751.87353515625,132.29556274414062
-1185.7357177734375,-1751.6754150390625,132.30606079101562
-1185.554443359375,-1751.4752197265625,132.3163604736328
-1185.376953125,-1751.27294921875,132.32643127441406
-1185.2030029296875,-1751.06884765625,132.33628845214844
-1185.032958984375,-1750.8626708984375,132.34584045410156
-1184.86669921875,-1750.654541015625,132.3553009033203
-1184.704345703125,-1750.4444580078125,132.36476135253906
-1184.5458984375,-1750.2325439453125,132.37417602539062
-1184.3916015625,-1750.0189208984375,132.38369750976562
-1184.2412109375,-1749.803466796875,132.39320373535156
-1184.0948486328125,-1749.5865478515625,132.40252685546875
-1183.9525146484375,-1749.3680419921875,132.41152954101562
-1183.814208984375,-1749.1478271484375,132.420166015625
-1183.6800537109375,-1748.92626953125,132.42868041992188
-1183.550048828125,-1748.7032470703125,132.43724060058594
-1183.4239501953125,-1748.4791259765625,132.4458770751953
-1183.30224609375,-1748.25341796875,132.45445251464844
-1183.184814453125,-1748.026611328125,132.46290588378906
-1183.0716552734375,-1747.7987060546875,132.47117614746094
-1182.9627685546875,-1747.5697021484375,132.4791717529297
-1182.8582763671875,-1747.339599609375,132.48696899414062
-1182.7581787109375,-1747.1085205078125,132.49453735351562
-1182.6624755859375,-1746.8763427734375,132.5017547607422
-1182.5712890625,-1746.6434326171875,132.5087127685547
-1182.48486328125,-1746.4095458984375,132.51585388183594
-1182.40283203125,-1746.1751708984375,132.52316284179688
-1182.3251953125,-1745.9400634765625,132.53042602539062
-1182.251953125,-1745.7044677734375,132.53773498535156
-1182.1829833984375,-1745.4683837890625,132.54502868652344
-1182.11865234375,-1745.2318115234375,132.55218505859375
-1182.0589599609375,-1744.994873046875,132.55914306640625
-1182.0037841796875,-1744.7578125,132.5658721923828
-1181.953125,-1744.5206298828125,132.57237243652344
-1181.906982421875,-1744.2833251953125,132.57858276367188
-1181.8653564453125,-1744.0460205078125,132.5845947265625
-1181.828369140625,-1743.8087158203125,132.59051513671875
-1181.7958984375,-1743.571533203125,132.59609985351562
-1181.76806640625,-1743.3348388671875,132.60104370117188
-1181.7445068359375,-1743.0985107421875,132.60580444335938
-1181.7257080078125,-1742.8626708984375,132.6103057861328
-1181.711181640625,-1742.6273193359375,132.6146240234375
-1181.7012939453125,-1742.392578125,132.61871337890625
-1181.695556640625,-1742.1583251953125,132.6226806640625
-1181.6942138671875,-1741.9248046875,132.6265869140625
-1181.697265625,-1741.6917724609375,132.63046264648438
-1181.7044677734375,-1741.459716796875,132.6343994140625
-1181.716064453125,-1741.2283935546875,132.63839721679688
-1181.731689453125,-1740.997802734375,132.6422576904297
-1181.7513427734375,-1740.7679443359375,132.6454315185547
-1181.774658203125,-1740.5389404296875,132.64781188964844
-1181.8009033203125,-1740.3109130859375,132.65011596679688
-1181.830078125,-1740.0838623046875,132.65255737304688
-1181.8614501953125,-1739.857177734375,132.65516662597656
-1181.89501953125,-1739.63134765625,132.65814208984375
-1181.9310302734375,-1739.4061279296875,132.66148376464844
-1181.9688720703125,-1739.18115234375,132.6649627685547
-1182.00830078125,-1738.956787109375,132.66848754882812
-1182.0491943359375,-1738.732666015625,132.67202758789062
-1182.091552734375,-1738.5087890625,132.67572021484375
-1182.13525390625,-1738.2847900390625,132.67965698242188
-1182.18017578125,-1738.060791015625,132.68368530273438
-1182.2264404296875,-1737.83642578125,132.6876983642578
-1182.2738037109375,-1737.61181640625,132.69155883789062
-1182.322509765625,-1737.3865966796875,132.6954803466797
-1182.37255859375,-1737.16064453125,132.69932556152344
-1182.4237060546875,-1736.93408203125,132.70321655273438
-1182.476806640625,-1736.70703125,132.70765686035156
-1182.531494140625,-1736.4791259765625,132.71243286132812
-1182.5880126953125,-1736.2503662109375,132.7174530029297
-1182.646484375,-1736.0206298828125,132.72256469726562
-1182.7071533203125,-1735.7900390625,132.7279510498047
-1182.7698974609375,-1735.558349609375,132.73348999023438
-1182.8345947265625,-1735.32568359375,132.73934936523438
-1182.9017333984375,-1735.0921630859375,132.7452392578125
-1182.970703125,-1734.857421875,132.75106811523438
-1183.0411376953125,-1734.62109375,132.75721740722656
-1183.1129150390625,-1734.383544921875,132.763916015625
-1183.1861572265625,-1734.144775390625,132.77088928222656
-1183.2608642578125,-1733.905517578125,132.7770233154297
-1183.3343505859375,-1733.663818359375,132.7837677001953
-1183.408447265625,-1733.42041015625,132.7915802001953
-1183.4849853515625,-1733.177001953125,132.79864501953125
-1183.5606689453125,-1732.931640625,132.805908203125
-1183.6363525390625,-1732.6851806640625,132.81411743164062
-1183.7135009765625,-1732.4388427734375,132.82135009765625
-1183.7891845703125,-1732.1912841796875,132.82891845703125
-1183.8638916015625,-1731.94287109375,132.83773803710938
-1183.93994140625,-1731.6949462890625,132.84642028808594
-1184.01513671875,-1731.4464111328125,132.8546142578125
-1184.089111328125,-1731.197265625,132.86268615722656
-1184.1629638671875,-1730.94921875,132.87203979492188
-1184.237548828125,-1730.7017822265625,132.8811492919922
-1184.3114013671875,-1730.4541015625,132.88992309570312
-1184.3848876953125,-1730.20703125,132.8996124267578
-1184.4586181640625,-1729.96044921875,132.90855407714844
-1184.530517578125,-1729.7132568359375,132.9171600341797
-1184.6016845703125,-1729.466796875,132.92691040039062
-1184.6732177734375,-1729.2213134765625,132.93617248535156
-1184.7431640625,-1728.975341796875,132.94522094726562
-1184.8118896484375,-1728.7303466796875,132.95558166503906
-1184.8804931640625,-1728.4864501953125,132.96615600585938
-1184.94775390625,-1728.24267578125,132.97633361816406
-1185.013427734375,-1727.999267578125,132.98728942871094
-1185.0794677734375,-1727.7572021484375,132.9976043701172
-1185.14404296875,-1727.5152587890625,133.0067138671875
-1185.20556640625,-1727.2734375,133.0168914794922
-1185.2674560546875,-1727.032958984375,133.0272216796875
-1185.3272705078125,-1726.79296875,133.03773498535156
-1185.38525390625,-1726.552978515625,133.048095703125
-1185.441650390625,-1726.31396484375,133.05955505371094
-1185.497802734375,-1726.076171875,133.0703125
-1185.5506591796875,-1725.8380126953125,133.08096313476562
-1185.6016845703125,-1725.6007080078125,133.09286499023438
-1185.6529541015625,-1725.36474609375,133.1042022705078
-1185.7012939453125,-1725.1285400390625,133.11460876464844
-1185.746826171875,-1724.892822265625,133.1259765625
-1185.7923583984375,-1724.658447265625,133.13735961914062
-1185.8358154296875,-1724.424560546875,133.1489715576172
-1185.8770751953125,-1724.190673828125,133.1607208251953
-1185.916259765625,-1723.9576416015625,133.17445373535156
-1185.9554443359375,-1723.7259521484375,133.1880340576172
-1185.992431640625,-1723.494140625,133.20068359375
-1186.0267333984375,-1723.2630615234375,133.21409606933594
-1186.0604248046875,-1723.033447265625,133.22796630859375
-1186.0927734375,-1722.8045654296875,133.24087524414062
-1186.12255859375,-1722.5760498046875,133.25279235839844
-1186.1497802734375,-1722.3485107421875,133.2655792236328
-1186.1759033203125,-1722.122314453125,133.27883911132812
-1186.2010498046875,-1721.896728515625,133.29159545898438
-1186.2237548828125,-1721.671875,133.3044891357422
-1186.2447509765625,-1721.4482421875,133.31871032714844
-1186.263916015625,-1721.2252197265625,133.3341522216797
-1186.28125,-1721.0029296875,133.35057067871094
-1186.2972412109375,-1720.7816162109375,133.36825561523438
-1186.31298828125,-1720.561279296875,133.3860626220703
-1186.3282470703125,-1720.342041015625,133.40252685546875
-1186.341064453125,-1720.1241455078125,133.41810607910156
-1186.3514404296875,-1719.9071044921875,133.4329833984375
-1186.359130859375,-1719.6915283203125,133.4473876953125
-1186.36474609375,-1719.476806640625,133.46128845214844
-1186.3681640625,-1719.2633056640625,133.47463989257812
-1186.3690185546875,-1719.051025390625,133.48764038085938
-1186.367431640625,-1718.83984375,133.5006103515625
-1186.36376953125,-1718.6302490234375,133.51397705078125
-1186.357421875,-1718.422119140625,133.5281219482422
-1186.3486328125,-1718.2156982421875,133.54310607910156
-1186.3370361328125,-1718.010498046875,133.5596923828125
-1186.3243408203125,-1717.806396484375,133.5761260986328
-1186.3095703125,-1717.603515625,133.5915985107422
-1186.2916259765625,-1717.40185546875,133.60609436035156
-1186.2698974609375,-1717.2017822265625,133.61968994140625
-1186.2452392578125,-1717.0030517578125,133.63272094726562
-1186.21728515625,-1716.8062744140625,133.64605712890625
-1186.1866455078125,-1716.611083984375,133.65933227539062
-1186.153076171875,-1716.4176025390625,133.6721954345703
-1186.1162109375,-1716.22607421875,133.68467712402344
-1186.0762939453125,-1716.0364990234375,133.69688415527344
-1186.033203125,-1715.8487548828125,133.708984375
-1185.98681640625,-1715.663330078125,133.72108459472656
-1185.937255859375,-1715.4798583984375,133.7328643798828
-1185.8843994140625,-1715.298583984375,133.74472045898438
-1185.8284912109375,-1715.1197509765625,133.75682067871094
-1185.7694091796875,-1714.943115234375,133.7694854736328
-1185.7071533203125,-1714.768798828125,133.7821502685547
-1185.6417236328125,-1714.596923828125,133.79446411132812
-1185.573486328125,-1714.427490234375,133.806884765625
-1185.502197265625,-1714.260498046875,133.81935119628906
-1185.427978515625,-1714.0963134765625,133.83192443847656
-1185.3507080078125,-1713.9346923828125,133.84373474121094
-1185.270751953125,-1713.775634765625,133.85536193847656
-1185.188232421875,-1713.6192626953125,133.8666229248047
-1185.1031494140625,-1713.465576171875,133.87741088867188
-1185.0150146484375,-1713.314453125,133.88790893554688
-1184.9251708984375,-1713.166015625,133.8983612060547
-1184.8330078125,-1713.0198974609375,133.9085235595703
-1184.7386474609375,-1712.876220703125,133.91819763183594
-1184.6419677734375,-1712.7352294921875,133.92738342285156
-1184.54296875,-1712.596923828125,133.93666076660156
-1184.442138671875,-1712.4613037109375,133.94610595703125
-1184.33935546875,-1712.328125,133.95556640625
-1184.234619140625,-1712.1976318359375,133.96484375
-1184.1280517578125,-1712.06982421875,133.97418212890625
-1184.0194091796875,-1711.9444580078125,133.98402404785156
-1183.9093017578125,-1711.821533203125,133.99368286132812
-1183.7977294921875,-1711.700439453125,134.0029296875
-1183.6849365234375,-1711.5811767578125,134.0113525390625
-1183.569091796875,-1711.4644775390625,134.02008056640625
-1183.45166015625,-1711.3489990234375,134.02894592285156
-1183.3321533203125,-1711.235107421875,134.03785705566406
-1183.2110595703125,-1711.122314453125,134.0463409423828
-1183.0875244140625,-1711.0108642578125,134.05421447753906
-1182.9613037109375,-1710.9005126953125,134.0615234375
-1182.8309326171875,-1710.7913818359375,134.0699462890625
-1182.698486328125,-1710.6820068359375,134.07949829101562
-1182.56396484375,-1710.5726318359375,134.08900451660156
-1182.4278564453125,-1710.463623046875,134.09706115722656
-1182.2864990234375,-1710.3560791015625,134.10508728027344
-1182.1417236328125,-1710.248046875,134.11346435546875
-1181.993408203125,-1710.1397705078125,134.12208557128906
-1181.8426513671875,-1710.0311279296875,134.13006591796875
-1181.6885986328125,-1709.9229736328125,134.1374053955078
-1181.5289306640625,-1709.8154296875,134.14517211914062
-1181.3648681640625,-1709.70703125,134.15304565429688
-1181.1971435546875,-1709.598388671875,134.16091918945312
-1181.0272216796875,-1709.4893798828125,134.1678924560547
-1180.8521728515625,-1709.3819580078125,134.1754150390625
-1180.6727294921875,-1709.2747802734375,134.1845703125
-1180.49072265625,-1709.166748046875,134.19482421875
-1180.3060302734375,-1709.0587158203125,134.204833984375
-1180.1165771484375,-1708.951416015625,134.2153778076172
-1179.92333984375,-1708.8433837890625,134.22633361816406
-1179.7274169921875,-1708.73486328125,134.23670959472656
-1179.52880859375,-1708.626220703125,134.24566650390625
-1179.324951171875,-1708.518798828125,134.25515747070312
-1179.1171875,-1708.410400390625,134.2659912109375
-1178.9075927734375,-1708.3004150390625,134.27757263183594
-1178.694091796875,-1708.190673828125,134.28933715820312
-1178.4774169921875,-1708.0802001953125,134.30123901367188
-1178.2584228515625,-1707.9686279296875,134.31373596191406
-1178.0372314453125,-1707.8560791015625,134.32579040527344
-1177.8123779296875,-1707.7430419921875,134.3378448486328
-1177.5853271484375,-1707.629150390625,134.35092163085938
-1177.35693359375,-1707.513916015625,134.36351013183594
-1177.125732421875,-1707.3978271484375,134.3745574951172
-1176.89208984375,-1707.2821044921875,134.3862762451172
-1176.65771484375,-1707.1646728515625,134.39866638183594
-1176.42138671875,-1707.046142578125,134.40980529785156
-1176.1817626953125,-1706.928466796875,134.42218017578125
-1175.941162109375,-1706.8089599609375,134.43605041503906
-1175.69921875,-1706.687744140625,134.44908142089844
-1175.45458984375,-1706.567138671875,134.4632568359375
-1175.2091064453125,-1706.4451904296875,134.47872924804688
-1174.9625244140625,-1706.321533203125,134.49281311035156
-1174.7135009765625,-1706.198486328125,134.5063934326172
-1174.4625244140625,-1706.0751953125,134.52027893066406
-1174.2100830078125,-1705.9508056640625,134.53359985351562
-1173.955078125,-1705.8262939453125,134.5459442138672
-1173.6986083984375,-1705.701904296875,134.5595245361328
-1173.4405517578125,-1705.576416015625,134.5738067626953
-1173.1802978515625,-1705.450439453125,134.58837890625
-1172.91796875,-1705.3243408203125,134.60430908203125
-1172.654296875,-1705.1961669921875,134.61996459960938
-1172.39013671875,-1705.06689453125,134.63351440429688
-1172.1231689453125,-1704.93896484375,134.64678955078125
-1171.853515625,-1704.810791015625,134.66075134277344
-1171.5819091796875,-1704.6817626953125,134.67530822753906
-1171.3082275390625,-1704.5523681640625,134.69027709960938
-1171.032470703125,-1704.4224853515625,134.7058563232422
-1170.755126953125,-1704.2918701171875,134.7220458984375
-1170.47607421875,-1704.1602783203125,134.73878479003906
-1170.1951904296875,-1704.0277099609375,134.75538635253906
-1169.9122314453125,-1703.89306640625,134.7696533203125
-1169.6263427734375,-1703.7589111328125,134.78379821777344
-1169.338134765625,-1703.6241455078125,134.7986602783203
-1169.047607421875,-1703.488525390625,134.81471252441406
-1168.755126953125,-1703.3511962890625,134.83163452148438
-1168.4608154296875,-1703.2127685546875,134.8492431640625
-1168.1646728515625,-1703.0731201171875,134.86721801757812
-1167.8668212890625,-1702.9320068359375,134.88490295410156
-1167.566162109375,-1702.790283203125,134.90199279785156
-1167.2625732421875,-1702.647705078125,134.919189453125
-1166.956787109375,-1702.5042724609375,134.93653869628906
-1166.6490478515625,-1702.359619140625,134.95419311523438
-1166.339111328125,-1702.2139892578125,134.9721221923828
-1166.0272216796875,-1702.0673828125,134.99024963378906
-1165.7130126953125,-1701.9195556640625,135.00852966308594
-1165.396240234375,-1701.7706298828125,135.0269012451172
-1165.0771484375,-1701.62060546875,135.04541015625
-1164.755859375,-1701.4700927734375,135.06455993652344
-1164.43212890625,-1701.3184814453125,135.0841522216797
-1164.106201171875,-1701.165771484375,135.1040802001953
-1163.779052734375,-1701.011474609375,135.12380981445312
-1163.4498291015625,-1700.8564453125,135.14344787597656
-1163.1185302734375,-1700.7003173828125,135.1633758544922
-1162.784912109375,-1700.54345703125,135.18365478515625
-1162.44921875,-1700.3856201171875,135.20431518554688
-1162.1116943359375,-1700.2266845703125,135.22496032714844
-1161.7723388671875,-1700.0672607421875,135.245849609375
-1161.430908203125,-1699.9066162109375,135.26712036132812
-1161.0872802734375,-1699.7447509765625,135.2883758544922
-1160.7415771484375,-1699.581787109375,135.30979919433594
-1160.3939208984375,-1699.4180908203125,135.3312225341797
-1160.0445556640625,-1699.25341796875,135.35247802734375
-1159.693115234375,-1699.0880126953125,135.3734893798828
-1159.33935546875,-1698.9217529296875,135.39398193359375
-1158.9832763671875,-1698.7548828125,135.4148712158203
-1158.6251220703125,-1698.58740234375,135.43609619140625
-1158.2647705078125,-1698.4189453125,135.45742797851562
-1157.90234375,-1698.2493896484375,135.4788818359375
-1157.5379638671875,-1698.0787353515625,135.49998474121094
-1157.171630859375,-1697.9073486328125,135.52047729492188
-1156.802978515625,-1697.7353515625,135.54071044921875
-1156.43212890625,-1697.563232421875,135.5613555908203
-1156.05908203125,-1697.390380859375,135.5823211669922
-1155.683837890625,-1697.2169189453125,135.60374450683594
-1155.3067626953125,-1697.042724609375,135.625732421875
-1154.9278564453125,-1696.8670654296875,135.6478271484375
-1154.5469970703125,-1696.690185546875,135.66917419433594
-1154.1641845703125,-1696.51318359375,135.69039916992188
-1153.779052734375,-1696.335693359375,135.71188354492188
-1153.3963623046875,-1696.1588134765625,135.73455810546875
-1153.0186767578125,-1695.982421875,135.7592010498047
-1152.64208984375,-1695.806640625,135.78533935546875
-1152.2647705078125,-1695.630615234375,135.81011962890625
-1151.8828125,-1695.4539794921875,135.8336181640625
-1151.498291015625,-1695.276123046875,135.85595703125
-1151.111328125,-1695.096923828125,135.87777709960938
-1150.7222900390625,-1694.9169921875,135.8994598388672
-1150.3314208984375,-1694.7362060546875,135.92147827148438
-1149.9384765625,-1694.5546875,135.94384765625
-1149.543212890625,-1694.3717041015625,135.96702575683594
-1149.1461181640625,-1694.1876220703125,135.99099731445312
-1148.7470703125,-1694.0018310546875,136.01502990722656
-1148.3458251953125,-1693.814453125,136.03878784179688
-1147.9422607421875,-1693.62646484375,136.0626220703125
-1147.536376953125,-1693.4376220703125,136.0864715576172
-1147.1287841796875,-1693.24755859375,136.1106719970703
-1146.71923828125,-1693.0565185546875,136.13507080078125
-1146.3084716796875,-1692.86474609375,136.15972900390625
-1145.9013671875,-1692.673583984375,136.18528747558594
-1145.4974365234375,-1692.485107421875,136.213134765625
-1145.0946044921875,-1692.297119140625,136.24020385742188
-1144.6893310546875,-1692.1085205078125,136.26528930664062
-1144.2813720703125,-1691.9193115234375,136.28941345214844
-1143.8707275390625,-1691.7296142578125,136.3133544921875
-1143.4580078125,-1691.5391845703125,136.33743286132812
-1143.0433349609375,-1691.3482666015625,136.36151123046875
-1142.626708984375,-1691.1568603515625,136.3854217529297
-1142.208251953125,-1690.9644775390625,136.4092254638672
-1141.7874755859375,-1690.7716064453125,136.4330291748047
-1141.3643798828125,-1690.5777587890625,136.4569549560547
-1140.939208984375,-1690.3834228515625,136.4810333251953
-1140.51171875,-1690.1883544921875,136.5052032470703
-1140.0819091796875,-1689.9923095703125,136.5292510986328
-1139.6497802734375,-1689.7952880859375,136.5532989501953
-1139.215576171875,-1689.5975341796875,136.57754516601562
-1138.77880859375,-1689.3990478515625,136.601806640625
-1138.3409423828125,-1689.2000732421875,136.62648010253906
-1137.9066162109375,-1689.001953125,136.65248107910156
-1137.4759521484375,-1688.806640625,136.6800994873047
-1137.0484619140625,-1688.612548828125,136.70870971679688
-1136.6214599609375,-1688.4193115234375,136.73655700683594
-1136.19384765625,-1688.2265625,136.76219177246094
-1135.76416015625,-1688.033447265625,136.78585815429688
-1135.3310546875,-1687.8397216796875,136.8082275390625
-1134.89453125,-1687.64501953125,136.83004760742188
-1134.45556640625,-1687.449951171875,136.85203552246094
-1134.01513671875,-1687.2545166015625,136.87435913085938
-1133.57275390625,-1687.058349609375,136.8971405029297
-1133.1280517578125,-1686.8614501953125,136.920166015625
-1132.681396484375,-1686.6641845703125,136.94375610351562
-1132.2337646484375,-1686.466796875,136.96731567382812
-1131.7847900390625,-1686.2691650390625,136.99134826660156
-1131.33349609375,-1686.0709228515625,137.0152587890625
-1130.8858642578125,-1685.873291015625,137.04086303710938
-1130.4449462890625,-1685.6766357421875,137.06883239746094
-1130.005615234375,-1685.4798583984375,137.0979461669922
-1129.566162109375,-1685.2828369140625,137.12599182128906
-1129.1246337890625,-1685.085205078125,137.15196228027344
-1128.6805419921875,-1684.887451171875,137.1769561767578
-1128.2342529296875,-1684.6888427734375,137.20179748535156
-1127.786376953125,-1684.4898681640625,137.22711181640625
-1127.3370361328125,-1684.2906494140625,137.25296020507812
-1126.8863525390625,-1684.0911865234375,137.27935791015625
-1126.4344482421875,-1683.8916015625,137.3063201904297
-1125.9815673828125,-1683.69189453125,137.33338928222656
-1125.527587890625,-1683.4923095703125,137.36080932617188
-1125.07275390625,-1683.292724609375,137.38851928710938
-1124.6170654296875,-1683.0938720703125,137.41641235351562
-1124.16015625,-1682.895263671875,137.4448699951172
-1123.70703125,-1682.6982421875,137.4745635986328
-1123.261474609375,-1682.5047607421875,137.50833129882812
-1122.81640625,-1682.313232421875,137.5403289794922
-1122.369873046875,-1682.1220703125,137.5690155029297
-1121.9219970703125,-1681.9327392578125,137.5965576171875
-1121.4730224609375,-1681.7445068359375,137.62408447265625
-1121.023193359375,-1681.5576171875,137.6515350341797
-1120.5723876953125,-1681.37158203125,137.67913818359375
-1120.1207275390625,-1681.1866455078125,137.7069549560547
-1119.668212890625,-1681.0025634765625,137.73507690429688
-1119.215087890625,-1680.8189697265625,137.76292419433594
-1118.760986328125,-1680.636474609375,137.79071044921875
-1118.3052978515625,-1680.454833984375,137.81918334960938
-1117.84814453125,-1680.27392578125,137.84829711914062
-1117.3895263671875,-1680.093505859375,137.87808227539062
-1116.92919921875,-1679.912841796875,137.90853881835938
-1116.4671630859375,-1679.73193359375,137.93814086914062
-1116.0030517578125,-1679.5513916015625,137.96841430664062
-1115.5379638671875,-1679.3709716796875,137.99937438964844
-1115.0716552734375,-1679.1903076171875,138.0299835205078
-1114.603515625,-1679.0096435546875,138.06076049804688
-1114.1326904296875,-1678.8291015625,138.09130859375
-1113.659423828125,-1678.6485595703125,138.1214599609375
-1113.1827392578125,-1678.468505859375,138.15151977539062
-1112.702392578125,-1678.2882080078125,138.18064880371094
-1112.218505859375,-1678.1080322265625,138.20892333984375
-1111.7313232421875,-1677.927978515625,138.23648071289062
-1111.2413330078125,-1677.7481689453125,138.26260375976562
-1110.7474365234375,-1677.5694580078125,138.28805541992188
-1110.2474365234375,-1677.3927001953125,138.31398010253906
-1109.740966796875,-1677.216552734375,138.34115600585938
-1109.230224609375,-1677.0394287109375,138.3682861328125
-1108.71484375,-1676.8619384765625,138.39450073242188
-1108.1953125,-1676.684326171875,138.42031860351562
-1107.6715087890625,-1676.507080078125,138.44654846191406
-1107.1444091796875,-1676.329345703125,138.47398376464844
-1106.61376953125,-1676.1505126953125,138.50135803222656
-1106.0797119140625,-1675.970703125,138.5283966064453
-1105.5423583984375,-1675.789306640625,138.5547637939453
-1105.001220703125,-1675.6064453125,138.580810546875
-1104.4561767578125,-1675.4217529296875,138.60650634765625
-1103.906982421875,-1675.2357177734375,138.63169860839844
-1103.35400390625,-1675.0477294921875,138.6561279296875
-1102.7978515625,-1674.8582763671875,138.67953491210938
-1102.2384033203125,-1674.666748046875,138.70260620117188
-1101.6751708984375,-1674.4732666015625,138.72573852539062
-1101.107177734375,-1674.2779541015625,138.74974060058594
-1100.5347900390625,-1674.080078125,138.7740936279297
-1099.9576416015625,-1673.8797607421875,138.7987823486328
-1099.3765869140625,-1673.6773681640625,138.82400512695312
-1098.7939453125,-1673.4730224609375,138.8505096435547
-1098.2105712890625,-1673.2669677734375,138.878173828125
-1097.626953125,-1673.0595703125,138.90695190429688
-1097.0428466796875,-1672.8505859375,138.9367218017578
-1096.458251953125,-1672.640380859375,138.96652221679688
-1095.8726806640625,-1672.4285888671875,138.9962921142578
-1095.2862548828125,-1672.2156982421875,139.02618408203125
-1094.698486328125,-1672.0015869140625,139.05609130859375
-1094.1094970703125,-1671.78662109375,139.0860595703125
-1093.5189208984375,-1671.571044921875,139.11622619628906
-1092.92724609375,-1671.35498046875,139.14651489257812
-1092.3343505859375,-1671.138916015625,139.1769256591797
-1091.7406005859375,-1670.92333984375,139.2074737548828
-1091.1456298828125,-1670.707763671875,139.2381591796875
-1090.5494384765625,-1670.4927978515625,139.2686767578125
-1089.9520263671875,-1670.278076171875,139.29901123046875
-1089.3531494140625,-1670.0640869140625,139.3292236328125
-1088.75244140625,-1669.8505859375,139.35935974121094
-1088.1500244140625,-1669.6378173828125,139.38919067382812
-1087.5455322265625,-1669.4256591796875,139.41864013671875
-1086.9390869140625,-1669.2142333984375,139.44790649414062
-1086.330322265625,-1669.0035400390625,139.47703552246094
-1085.718994140625,-1668.793701171875,139.50592041015625
-1085.104736328125,-1668.5845947265625,139.5347442626953
-1084.4873046875,-1668.3759765625,139.56341552734375
-1083.866455078125,-1668.1683349609375,139.59194946289062
-1083.2423095703125,-1667.96142578125,139.6204376220703
-1082.614501953125,-1667.7552490234375,139.64915466308594
-1081.9833984375,-1667.550048828125,139.67788696289062
-1081.3486328125,-1667.345703125,139.7067413330078
-1080.7100830078125,-1667.142578125,139.73611450195312
-1080.0679931640625,-1666.9404296875,139.76596069335938
-1079.4227294921875,-1666.7393798828125,139.79612731933594
-1078.7742919921875,-1666.539306640625,139.8264617919922
-1078.122802734375,-1666.3404541015625,139.85723876953125
-1077.4681396484375,-1666.142578125,139.88829040527344
-1076.809814453125,-1665.9461669921875,139.91969299316406
-1076.148193359375,-1665.7508544921875,139.9513397216797
-1075.4832763671875,-1665.556640625,139.98289489746094
-1074.8155517578125,-1665.36328125,140.0142364501953
-1074.14453125,-1665.17138671875,140.0456085205078
-1073.470703125,-1664.9805908203125,140.07704162597656
-1072.7933349609375,-1664.791015625,140.1083221435547
-1072.1126708984375,-1664.6025390625,140.13943481445312
-1071.4290771484375,-1664.4154052734375,140.1703338623047
-1070.742431640625,-1664.2296142578125,140.2010040283203
-1070.05322265625,-1664.0452880859375,140.2316131591797
-1069.361328125,-1663.862548828125,140.2623291015625
-1068.667236328125,-1663.6812744140625,140.2929229736328
-1067.971435546875,-1663.501953125,140.32350158691406
-1067.2742919921875,-1663.324462890625,140.35426330566406
-1066.5765380859375,-1663.1492919921875,140.385009765625
-1065.87890625,-1662.9761962890625,140.41551208496094
-1065.181396484375,-1662.8056640625,140.4458465576172
-1064.4844970703125,-1662.63720703125,140.47621154785156
-1063.7884521484375,-1662.471435546875,140.50648498535156
-1063.0928955078125,-1662.3077392578125,140.5364990234375
-1062.398193359375,-1662.146484375,140.56622314453125
-1061.704345703125,-1661.987548828125,140.59542846679688
-1061.0113525390625,-1661.8310546875,140.62437438964844
-1060.3192138671875,-1661.6766357421875,140.65310668945312
-1059.6280517578125,-1661.5245361328125,140.6813507080078
-1058.937744140625,-1661.3743896484375,140.70912170410156
-1058.2479248046875,-1661.22607421875,140.7364044189453
-1057.559326171875,-1661.07958984375,140.7633056640625
-1056.8717041015625,-1660.9345703125,140.7899169921875
-1056.1851806640625,-1660.7906494140625,140.81626892089844
-1055.4993896484375,-1660.648193359375,140.84225463867188
-1054.8145751953125,-1660.506591796875,140.86810302734375
-1054.1307373046875,-1660.36572265625,140.8936767578125
-1053.44775390625,-1660.2254638671875,140.9191131591797
-1052.7655029296875,-1660.0855712890625,140.94447326660156
-1052.0841064453125,-1659.9462890625,140.96949768066406
-1051.4034423828125,-1659.80712890625,140.9943084716797
-1050.723388671875,-1659.668212890625,141.01914978027344
-1050.0439453125,-1659.529296875,141.04391479492188
-1049.3648681640625,-1659.3902587890625,141.06842041015625
-1048.6861572265625,-1659.251220703125,141.0927734375
-1048.007568359375,-1659.112060546875,141.11700439453125
-1047.3287353515625,-1658.97265625,141.14108276367188
-1046.6494140625,-1658.8328857421875,141.1652374267578
-1045.9696044921875,-1658.6932373046875,141.1892852783203
-1045.2886962890625,-1658.55322265625,141.21324157714844
-1044.6065673828125,-1658.4127197265625,141.23724365234375
-1043.9227294921875,-1658.27197265625,141.26148986816406
-1043.237060546875,-1658.130859375,141.2858428955078
-1042.5489501953125,-1657.9892578125,141.3101043701172
-1041.858154296875,-1657.8470458984375,141.33448791503906
-1041.1640625,-1657.704345703125,141.35906982421875
-1040.466796875,-1657.561279296875,141.38381958007812
-1039.76611328125,-1657.41748046875,141.40872192382812
-1039.062744140625,-1657.2733154296875,141.43353271484375
-1038.35595703125,-1657.1285400390625,141.45843505859375
-1037.6461181640625,-1656.9832763671875,141.48367309570312
-1036.93359375,-1656.837158203125,141.5090789794922
-1036.218505859375,-1656.6898193359375,141.53402709960938
-1035.5009765625,-1656.542236328125,141.5589599609375
-1034.780517578125,-1656.3948974609375,141.5843963623047
-1034.0576171875,-1656.246826171875,141.61000061035156
-1033.332275390625,-1656.0985107421875,141.63571166992188
-1032.604736328125,-1655.9501953125,141.66233825683594
-1031.8759765625,-1655.8018798828125,141.69007873535156
-1031.1468505859375,-1655.6539306640625,141.71803283691406
-1030.4185791015625,-1655.5068359375,141.74569702148438
-1029.69091796875,-1655.3604736328125,141.77401733398438
-1028.9647216796875,-1655.2139892578125,141.8018341064453
-1028.2393798828125,-1655.0679931640625,141.8284454345703
-1027.5150146484375,-1654.922607421875,141.85414123535156
-1026.7921142578125,-1654.7772216796875,141.879150390625
-1026.070068359375,-1654.6314697265625,141.90292358398438
-1025.349365234375,-1654.486328125,141.92642211914062
-1024.6297607421875,-1654.34130859375,141.9496612548828
-1023.9114990234376,-1654.1962890625,141.97250366210938
-1023.1945190429688,-1654.0516357421875,141.9947052001953
-1022.4786987304688,-1653.9075927734375,142.0164337158203
-1021.7640991210938,-1653.7637939453125,142.037841796875
-1021.0507202148438,-1653.6202392578125,142.0585174560547
-1020.3382568359376,-1653.477294921875,142.0784149169922
-1019.6268920898438,-1653.334716796875,142.09812927246094
-1018.91650390625,-1653.192138671875,142.11819458007812
-1018.2071533203124,-1653.0494384765625,142.1378936767578
-1017.498779296875,-1652.907470703125,142.156982421875
-1016.791748046875,-1652.76611328125,142.17587280273438
-1016.0859985351562,-1652.6248779296875,142.19515991210938
-1015.3812866210938,-1652.4837646484375,142.21426391601562
-1014.6774291992188,-1652.3431396484375,142.2325897216797
-1013.9744873046876,-1652.2030029296875,142.25071716308594
-1013.2726440429688,-1652.0631103515625,142.26953125
-1012.5717163085938,-1651.9227294921875,142.28860473632812
-1011.871826171875,-1651.782958984375,142.307861328125
-1011.1731567382812,-1651.6435546875,142.32742309570312
-1010.4759521484376,-1651.5040283203125,142.34756469726562
-1009.780029296875,-1651.3646240234375,142.3675079345703
-1009.085205078125,-1651.2259521484375,142.38665771484375
-1008.3915405273438,-1651.087158203125,142.4051513671875
-1007.698974609375,-1650.94873046875,142.4233856201172
-1007.007080078125,-1650.8104248046875,142.44110107421875
-1006.3162231445312,-1650.6722412109375,142.45773315429688
-1005.6263427734376,-1650.5343017578125,142.47328186035156
-1004.9376831054688,-1650.396484375,142.4886016845703
-1004.250244140625,-1650.2584228515625,142.50393676757812
-1003.563720703125,-1650.12060546875,142.5196990966797
-1002.8779296875,-1649.9827880859375,142.5351104736328
-1002.1932373046876,-1649.8447265625,142.550048828125
-1001.5093994140624,-1649.70703125,142.56529235839844
-1000.8269653320312,-1649.5694580078125,142.5814971923828
-1000.1456298828124,-1649.4317626953125,142.59796142578125
-999.4652099609376,-1649.294189453125,142.61477661132812
-998.7859497070312,-1649.156494140625,142.63233947753906
-998.1077880859376,-1649.0185546875,142.65023803710938
-997.4308471679688,-1648.8802490234375,142.6686248779297
-996.7551879882812,-1648.7415771484375,142.68751525878906
-996.0807495117188,-1648.6026611328125,142.7065887451172
-995.4075927734376,-1648.46337890625,142.7257537841797
-994.7357788085938,-1648.3236083984375,142.74508666992188
-994.0652465820312,-1648.183349609375,142.76437377929688
-993.3958740234376,-1648.042724609375,142.78334045410156
-992.7276000976562,-1647.9019775390625,142.80203247070312
-992.060546875,-1647.76123046875,142.8206329345703
-991.3945922851562,-1647.62060546875,142.83912658691406
-990.729736328125,-1647.4801025390625,142.85745239257812
-990.0660400390624,-1647.340087890625,142.87562561035156
-989.4034423828124,-1647.2001953125,142.89378356933594
-988.7420043945312,-1647.0609130859375,142.912109375
-988.0816040039062,-1646.9219970703125,142.93077087402344
-987.4224243164062,-1646.783447265625,142.94960021972656
-986.7642822265624,-1646.6455078125,142.96844482421875
-986.1072998046876,-1646.50830078125,142.98764038085938
-985.451416015625,-1646.37158203125,143.00723266601562
-984.7969360351562,-1646.235595703125,143.02682495117188
-984.1434936523438,-1646.1004638671875,143.0465545654297
-983.4911499023438,-1645.96630859375,143.06643676757812
-982.8400268554688,-1645.832763671875,143.08633422851562
-982.1898803710938,-1645.7001953125,143.1063690185547
-981.5404663085938,-1645.56982421875,143.12786865234375
-980.8914184570312,-1645.44189453125,143.1519317626953
-980.2433471679688,-1645.3135986328125,143.175537109375
-979.5969848632812,-1645.18505859375,143.19796752929688
-978.9526977539062,-1645.057373046875,143.22055053710938
-978.3104248046876,-1644.931884765625,143.2438201904297
-977.6692504882812,-1644.8072509765625,143.26535034179688
-977.0287475585938,-1644.6842041015625,143.28463745117188
-976.3889770507812,-1644.5625,143.3016815185547
-975.749755859375,-1644.4429931640625,143.316162109375
-975.111083984375,-1644.3267822265625,143.32960510253906
-974.4730224609376,-1644.2142333984375,143.3436279296875
-973.83544921875,-1644.1046142578125,143.3579559326172
-973.1985473632812,-1643.9974365234375,143.37173461914062
-972.5625,-1643.8935546875,143.38548278808594
-971.9273071289062,-1643.7940673828125,143.40037536621094
-971.2931518554688,-1643.6983642578125,143.41551208496094
-970.6600341796876,-1643.60595703125,143.43016052246094
-970.0277099609376,-1643.5167236328125,143.44418334960938
-969.3961791992188,-1643.4312744140625,143.45797729492188
-968.7651977539062,-1643.3497314453125,143.47113037109375
-968.1349487304688,-1643.271484375,143.4834442138672
-967.50537109375,-1643.19677734375,143.49493408203125
-966.8766479492188,-1643.1263427734375,143.5063934326172
-966.2485961914062,-1643.060302734375,143.51805114746094
-965.6213989257812,-1642.9989013671875,143.53073120117188
-964.9947509765624,-1642.942138671875,143.54415893554688
-964.368896484375,-1642.8902587890625,143.55859375
-963.7439575195312,-1642.84326171875,143.57357788085938
-963.1202392578124,-1642.8006591796875,143.58860778808594
-962.4979858398438,-1642.7626953125,143.60409545898438
-961.877197265625,-1642.7298583984375,143.6204376220703
-961.257568359375,-1642.7025146484375,143.63771057128906
-960.6389770507812,-1642.6798095703125,143.65457153320312
-960.0213623046876,-1642.660888671875,143.67018127441406
-959.4048461914062,-1642.646728515625,143.68482971191406
-958.7896728515624,-1642.638427734375,143.69908142089844
-958.1759033203124,-1642.636474609375,143.71347045898438
-957.5634765625,-1642.64013671875,143.727783203125
-956.9521484375,-1642.64990234375,143.7423095703125
-956.3423461914062,-1642.666748046875,143.7577362060547
-955.7340698242188,-1642.69140625,143.7742919921875
-955.1273803710938,-1642.72216796875,143.79061889648438
-954.522705078125,-1642.7598876953125,143.80712890625
-953.920654296875,-1642.8074951171875,143.82498168945312
-953.3213500976562,-1642.86279296875,143.84410095214844
-952.724365234375,-1642.9241943359375,143.8628692626953
-952.1292724609376,-1642.991943359375,143.88035583496094
-951.5367431640624,-1643.0684814453125,143.89808654785156
-950.9468994140624,-1643.154296875,143.91619873046875
-950.359375,-1643.2479248046875,143.9334716796875
-949.7748413085938,-1643.3504638671875,143.9493865966797
-949.1934814453124,-1643.461669921875,143.9643096923828
-948.6157836914062,-1643.58203125,143.97854614257812
-948.0421752929688,-1643.7120361328125,143.9930877685547
-947.472412109375,-1643.852294921875,144.0081024169922
-946.906005859375,-1644.0006103515625,144.02203369140625
-946.3431396484376,-1644.156982421875,144.03390502929688
-945.7843017578124,-1644.3223876953125,144.04452514648438
-945.2302856445312,-1644.4979248046875,144.05526733398438
-944.6815185546876,-1644.6837158203125,144.0667266845703
-944.1372680664062,-1644.87841796875,144.07778930664062
-943.5975952148438,-1645.08203125,144.08770751953125
-943.0631713867188,-1645.29541015625,144.09735107421875
-942.5341796875,-1645.517822265625,144.10708618164062
-942.0106201171876,-1645.749755859375,144.116943359375
-941.4929809570312,-1645.9908447265625,144.12698364257812
-940.9810180664062,-1646.240966796875,144.13693237304688
-940.4749145507812,-1646.4996337890625,144.14674377441406
-939.974609375,-1646.7666015625,144.15625
-939.4802856445312,-1647.0416259765625,144.16546630859375
-938.9918212890624,-1647.32421875,144.17417907714844
-938.5094604492188,-1647.614501953125,144.18258666992188
-938.032958984375,-1647.912109375,144.19064331054688
-937.5625,-1648.2171630859375,144.19862365722656
-937.0968017578124,-1648.527587890625,144.20584106445312
-936.6359252929688,-1648.843017578125,144.2117462158203
-936.1807861328124,-1649.1649169921875,144.21759033203125
-935.731201171875,-1649.4927978515625,144.22413635253906
-935.2862548828124,-1649.8255615234375,144.2315673828125
-934.8450317382812,-1650.1619873046875,144.23956298828125
-934.4071655273438,-1650.50146484375,144.24659729003906
-933.9740600585938,-1650.84521484375,144.25399780273438
-933.5453491210938,-1651.1925048828125,144.26239013671875
-933.120361328125,-1651.54248046875,144.27151489257812
-932.6990966796876,-1651.89501953125,144.2811279296875
-932.28125,-1652.2498779296875,144.29039001464844
-931.8670043945312,-1652.6072998046875,144.2989959716797
-931.4572143554688,-1652.9678955078125,144.30770874023438
-931.0513916015624,-1653.3314208984375,144.3168182373047
-930.64990234375,-1653.6981201171875,144.32632446289062
-930.252685546875,-1654.0682373046875,144.3365478515625
-929.8595581054688,-1654.4412841796875,144.3467559814453
-929.4707641601562,-1654.8172607421875,144.3568572998047
-929.0868530273438,-1655.1966552734375,144.36709594726562
-928.707763671875,-1655.5791015625,144.37734985351562
-928.3336181640624,-1655.9644775390625,144.3881378173828
-927.9637451171876,-1656.35205078125,144.39898681640625
-927.5982666015624,-1656.7423095703125,144.40969848632812
-927.2371826171876,-1657.135498046875,144.4202117919922
-926.88037109375,-1657.5308837890625,144.4302520751953
-926.5277709960938,-1657.9288330078125,144.43988037109375
-926.1793823242188,-1658.3292236328125,144.44908142089844
-925.8355712890624,-1658.732421875,144.45816040039062
-925.4965209960938,-1659.1380615234375,144.46766662597656
-925.1617431640624,-1659.5457763671875,144.4775390625
-924.8313598632812,-1659.9560546875,144.4871063232422
-924.5059814453124,-1660.36865234375,144.49685668945312
-924.1845092773438,-1660.7828369140625,144.5054168701172
-923.8680419921876,-1661.1993408203125,144.51287841796875
-923.5572509765624,-1661.618408203125,144.52035522460938
-923.252685546875,-1662.040771484375,144.52857971191406
-922.951904296875,-1662.464599609375,144.5364532470703
-922.6558837890624,-1662.890380859375,144.54263305664062
-922.3648681640624,-1663.318603515625,144.5467529296875
-922.0794067382812,-1663.74951171875,144.54981994628906
-921.8010864257812,-1664.1837158203125,144.55357360839844
-921.5287475585938,-1664.620361328125,144.5575714111328
-921.2614135742188,-1665.0594482421875,144.5609893798828
-921.0001220703124,-1665.501220703125,144.56393432617188
-920.7450561523438,-1665.945556640625,144.56689453125
-920.4966430664062,-1666.3927001953125,144.57009887695312
-920.2553100585938,-1666.8424072265625,144.57391357421875
-920.0205688476562,-1667.29443359375,144.5780792236328
-919.7926635742188,-1667.7486572265625,144.58274841308594
-919.571044921875,-1668.204833984375,144.587646484375
-919.3558959960938,-1668.662841796875,144.59259033203125
-919.1478271484376,-1669.1229248046875,144.5980224609375
-918.9459838867188,-1669.5848388671875,144.603515625
-918.750732421875,-1670.0487060546875,144.60943603515625
-918.5625,-1670.5145263671875,144.61605834960938
-918.3802490234376,-1670.9815673828125,144.6222381591797
-918.20458984375,-1671.449951171875,144.6282196044922
-918.036376953125,-1671.9200439453125,144.6345672607422
-917.8754272460938,-1672.391357421875,144.6417694091797
-917.720947265625,-1672.8636474609375,144.6503143310547
-917.572021484375,-1673.3365478515625,144.65830993652344
-917.4287719726562,-1673.8099365234375,144.66513061523438
-917.2919921875,-1674.284423828125,144.6708984375
-917.1633911132812,-1674.760009765625,144.67713928222656
-917.0404663085938,-1675.2357177734375,144.68357849121094
-916.9227905273438,-1675.7117919921875,144.6888427734375
-916.8108520507812,-1676.188720703125,144.6927032470703
-916.7068481445312,-1676.666259765625,144.6969757080078
-916.6092529296876,-1677.144287109375,144.70156860351562
-916.5176391601562,-1677.62255859375,144.70591735839844
-916.4320678710938,-1678.1014404296875,144.70970153808594
-916.3532104492188,-1678.58056640625,144.71353149414062
-916.2802734375,-1679.0594482421875,144.71742248535156
-916.2150268554688,-1679.53857421875,144.72218322753906
-916.1558227539062,-1680.0177001953125,144.7272491455078
-916.1029663085938,-1680.49658203125,144.73240661621094
-916.0559692382812,-1680.975341796875,144.7377166748047
-916.0155029296876,-1681.45361328125,144.7431182861328
-915.9815673828124,-1681.931396484375,144.74880981445312
-915.9537353515624,-1682.40869140625,144.75477600097656
-915.9319458007812,-1682.8853759765625,144.76104736328125
-915.9165649414062,-1683.3612060546875,144.76779174804688
-915.9061279296876,-1683.8365478515625,144.7743682861328
-915.9017944335938,-1684.3109130859375,144.78079223632812
-915.9036865234376,-1684.784912109375,144.78758239746094
-915.9111938476562,-1685.2579345703125,144.79473876953125
-915.92431640625,-1685.7301025390625,144.80209350585938
-915.9428100585938,-1686.201171875,144.8094024658203
-915.9667358398438,-1686.6715087890625,144.81666564941406
-915.9954833984376,-1687.14111328125,144.82371520996094
-916.0299682617188,-1687.6094970703125,144.83084106445312
-916.0692138671876,-1688.0770263671875,144.8380584716797
-916.1131591796876,-1688.5435791015625,144.84503173828125
-916.1621704101562,-1689.009033203125,144.8518524169922
-916.2161254882812,-1689.4736328125,144.85874938964844
-916.2744750976562,-1689.9373779296875,144.86508178710938
-916.3372192382812,-1690.4000244140625,144.87110900878906
-916.4048461914062,-1690.86181640625,144.87686157226562
-916.4774169921876,-1691.322509765625,144.8827667236328
-916.554443359375,-1691.7823486328125,144.8891143798828
-916.635986328125,-1692.240966796875,144.8959503173828
-916.721923828125,-1692.6986083984375,144.90280151367188
-916.8116455078124,-1693.1551513671875,144.90953063964844
-916.9031372070312,-1693.6103515625,144.91363525390625
-916.9990844726562,-1694.0640869140625,144.9154510498047
-917.1025390625,-1694.5157470703125,144.91790771484375
-917.2109375,-1694.96630859375,144.92172241210938
-917.3232421875,-1695.415283203125,144.9268798828125
-917.4392700195312,-1695.863037109375,144.93264770507812
-917.5577392578124,-1696.3106689453125,144.93609619140625
-917.680419921875,-1696.75732421875,144.9375
-917.8093872070312,-1697.2017822265625,144.9391632080078
-917.9429321289062,-1697.6441650390625,144.94163513183594
-918.0802001953124,-1698.085205078125,144.94493103027344
-918.2210083007812,-1698.5244140625,144.94857788085938
-918.365234375,-1698.962158203125,144.95216369628906
-918.512939453125,-1699.3980712890625,144.95542907714844
-918.6641235351562,-1699.83251953125,144.9581298828125
-918.8190307617188,-1700.26513671875,144.9606475830078
-918.9775390625,-1700.696044921875,144.96351623535156
-919.1395874023438,-1701.1253662109375,144.96620178222656
-919.3052368164062,-1701.5531005859375,144.96841430664062
-919.4744262695312,-1701.97900390625,144.97019958496094
-919.6470336914062,-1702.4031982421875,144.9712677001953
-919.8236083984376,-1702.8255615234375,144.97203063964844
-920.0039672851562,-1703.2457275390625,144.97296142578125
-920.1881713867188,-1703.663818359375,144.97406005859375
-920.36279296875,-1704.075439453125,144.97409057617188
-920.5305786132812,-1704.4791259765625,144.97308349609375
-920.7098388671876,-1704.8778076171875,144.9722137451172
-920.897216796875,-1705.2720947265625,144.97154235839844
-921.0907592773438,-1705.662841796875,144.9716796875
-921.2893676757812,-1706.05029296875,144.97225952148438
-921.492919921875,-1706.4345703125,144.9729766845703
-921.7005615234376,-1706.8162841796875,144.97354125976562
-921.9124755859376,-1707.1956787109375,144.97372436523438
-922.1285400390624,-1707.5723876953125,144.97377014160156
-922.3485107421876,-1707.9464111328125,144.97384643554688
-922.5721435546876,-1708.31787109375,144.9738006591797
-922.7993774414062,-1708.68701171875,144.97366333007812
-923.0303955078124,-1709.0533447265625,144.97373962402344
-923.2650146484376,-1709.417236328125,144.9739532470703
-923.5033569335938,-1709.778564453125,144.97422790527344
-923.7452392578124,-1710.1370849609375,144.97439575195312
-923.99072265625,-1710.492919921875,144.97445678710938
-924.2396850585938,-1710.845947265625,144.9743194580078
-924.4921875,-1711.196044921875,144.9743194580078
-924.7482299804688,-1711.5433349609375,144.9744415283203
-925.0074462890624,-1711.887939453125,144.97445678710938
-925.2700805664062,-1712.22998046875,144.97450256347656
-925.536376953125,-1712.569091796875,144.97543334960938
-925.8060302734376,-1712.905517578125,144.9774627685547
-926.0786743164062,-1713.2396240234375,144.97970581054688
-926.354248046875,-1713.5711669921875,144.9818572998047
-926.6329345703124,-1713.9002685546875,144.984130859375
-926.9144897460938,-1714.226806640625,144.986328125
-927.1986694335938,-1714.55078125,144.98878479003906
-927.4844360351562,-1714.8724365234375,144.99142456054688
-927.7721557617188,-1715.1917724609375,144.9935760498047
-928.0623168945312,-1715.5087890625,144.99513244628906
-928.354736328125,-1715.8236083984375,144.9966278076172
-928.64892578125,-1716.1368408203125,144.99786376953125
-928.9449462890624,-1716.448486328125,144.9984588623047
-929.2422485351562,-1716.759521484375,144.99815368652344
-929.5409545898438,-1717.06982421875,144.99630737304688
-929.8414916992188,-1717.37890625,144.9939422607422
-930.1436157226562,-1717.68701171875,144.99160766601562
-930.4468383789062,-1717.994384765625,144.98939514160156
-930.7511596679688,-1718.30126953125,144.98728942871094
-931.0562133789062,-1718.607666015625,144.98504638671875
-931.36181640625,-1718.91357421875,144.9822540283203
-931.6682739257812,-1719.218994140625,144.97918701171875
-931.9757690429688,-1719.52392578125,144.97637939453125
-932.2847900390624,-1719.828125,144.9739227294922
-932.5953369140624,-1720.1317138671875,144.97213745117188
-932.9067993164062,-1720.435546875,144.97085571289062
-933.21875,-1720.740234375,144.96922302246094
-933.53173828125,-1721.0450439453125,144.96719360351562
-933.845703125,-1721.3502197265625,144.96519470214844
-934.1607055664062,-1721.6552734375,144.96353149414062
-934.4771118164062,-1721.9600830078125,144.96266174316406
-934.7944946289062,-1722.2652587890625,144.96214294433594
-935.1128540039062,-1722.57080078125,144.9618682861328
-935.432373046875,-1722.876953125,144.96192932128906
-935.7527465820312,-1723.18359375,144.96231079101562
-936.0740356445312,-1723.4910888671875,144.9630126953125
-936.3963623046876,-1723.7994384765625,144.9638214111328
-936.7194213867188,-1724.10888671875,144.96444702148438
-937.04345703125,-1724.4195556640625,144.96487426757812
-937.3683471679688,-1724.7310791015625,144.96534729003906
-937.6942749023438,-1725.0439453125,144.9658660888672
-938.0211181640624,-1725.3582763671875,144.96652221679688
-938.3488159179688,-1725.673828125,144.9671630859375
-938.6774291992188,-1725.9912109375,144.9676971435547
-939.0071411132812,-1726.3099365234375,144.9679412841797
-939.3380126953124,-1726.6304931640625,144.96812438964844
-939.6701049804688,-1726.952880859375,144.96853637695312
-940.00341796875,-1727.2769775390625,144.9691162109375
-940.337890625,-1727.60302734375,144.9696044921875
-940.6737060546876,-1727.9305419921875,144.9699249267578
-941.0108032226562,-1728.259765625,144.96990966796875
-941.3494873046876,-1728.59033203125,144.9697265625
-941.6897583007812,-1728.92236328125,144.96958923339844
-942.0316772460938,-1729.2557373046875,144.969482421875
-942.3753662109376,-1729.5906982421875,144.96946716308594
-942.7207641601562,-1729.927490234375,144.96957397460938
-943.0676879882812,-1730.2664794921875,144.96957397460938
-943.4164428710938,-1730.6077880859375,144.96951293945312
-943.7671508789062,-1730.9515380859375,144.96908569335938
-944.1201171875,-1731.298095703125,144.96810913085938
-944.4761352539062,-1731.647705078125,144.96710205078125
-944.8349609375,-1732.000732421875,144.96627807617188
-945.19677734375,-1732.3568115234375,144.96563720703125
-945.5615234375,-1732.716064453125,144.9650421142578
-945.9296264648438,-1733.0784912109375,144.96409606933594
-946.3009643554688,-1733.444091796875,144.96287536621094
-946.6756591796876,-1733.812744140625,144.961669921875
-947.0537719726562,-1734.1844482421875,144.96046447753906
-947.4351806640624,-1734.5592041015625,144.9593505859375
-947.8199462890624,-1734.9373779296875,144.95822143554688
-948.207763671875,-1735.3182373046875,144.9569549560547
-948.5989379882812,-1735.701904296875,144.95550537109375
-948.9932250976562,-1736.0889892578125,144.95401000976562
-949.3908081054688,-1736.47900390625,144.95252990722656
-949.791748046875,-1736.8721923828125,144.95108032226562
-950.196044921875,-1737.2686767578125,144.94949340820312
-950.603759765625,-1737.668212890625,144.94773864746094
-951.0145874023438,-1738.071044921875,144.94573974609375
-951.4287109375,-1738.4769287109375,144.9436798095703
-951.8462524414062,-1738.885986328125,144.94161987304688
-952.2672729492188,-1739.2982177734375,144.93968200683594
-952.69189453125,-1739.713623046875,144.93792724609375
-953.119873046875,-1740.132568359375,144.9362335205078
-953.5510864257812,-1740.554443359375,144.93446350097656
-953.9849853515624,-1740.9793701171875,144.93234252929688
-954.4219360351562,-1741.4071044921875,144.93014526367188
-954.8621215820312,-1741.837890625,144.927978515625
-955.3057250976562,-1742.2718505859375,144.92591857910156
-955.752685546875,-1742.7093505859375,144.9236602783203
-956.2027587890624,-1743.1500244140625,144.92092895507812
-956.6557006835938,-1743.5938720703125,144.91778564453125
-957.1115112304688,-1744.0406494140625,144.91448974609375
-957.5702514648438,-1744.490478515625,144.9111785888672
-958.0319213867188,-1744.943603515625,144.907958984375
-958.4964599609376,-1745.399658203125,144.90476989746094
-958.9562377929688,-1745.8587646484375,144.90093994140625
-959.4118041992188,-1746.319580078125,144.89732360839844
-959.8696899414062,-1746.7822265625,144.894287109375
-960.3294067382812,-1747.24755859375,144.89163208007812
-960.7916870117188,-1747.71533203125,144.88880920410156
-961.25634765625,-1748.185791015625,144.8861846923828
-961.7233276367188,-1748.6590576171875,144.88392639160156
-962.1927490234376,-1749.1348876953125,144.8816680908203
-962.6646728515624,-1749.6136474609375,144.87918090820312
-963.1365966796876,-1750.09521484375,144.8765869140625
-963.6106567382812,-1750.579345703125,144.8740997314453
-964.087646484375,-1751.06640625,144.8716583251953
-964.5673828125,-1751.5562744140625,144.86915588378906
-965.0499267578124,-1752.0487060546875,144.86647033691406
-965.5349731445312,-1752.5439453125,144.863525390625
-966.0226440429688,-1753.04150390625,144.8603515625
-966.512939453125,-1753.541259765625,144.85704040527344
-967.003662109375,-1754.0430908203125,144.85411071777344
-967.4972534179688,-1754.5467529296875,144.8511962890625
-967.9935913085938,-1755.0523681640625,144.84814453125
-968.4923095703124,-1755.5601806640625,144.8451385498047
-968.993408203125,-1756.06982421875,144.84228515625
-969.4971313476562,-1756.581298828125,144.839599609375
-970.0030517578124,-1757.0950927734375,144.83697509765625
-970.5115356445312,-1757.610595703125,144.8341522216797
-971.0223388671876,-1758.12841796875,144.83123779296875
-971.5357055664062,-1758.6488037109375,144.828369140625
-972.0517578125,-1759.171630859375,144.8251953125
-972.5701904296876,-1759.6971435546875,144.8214569091797
-973.0899047851562,-1760.224853515625,144.8175506591797
-973.6132202148438,-1760.7548828125,144.81398010253906
-974.1392211914062,-1761.2877197265625,144.8104248046875
-974.6675415039062,-1761.8231201171875,144.80679321289062
-975.1986083984376,-1762.3609619140625,144.80345153808594
-975.7321166992188,-1762.901611328125,144.8006591796875
-976.2679443359376,-1763.4447021484375,144.7979278564453
-976.806396484375,-1763.9906005859375,144.79519653320312
-977.3473510742188,-1764.539306640625,144.79261779785156
-977.8911743164062,-1765.0906982421875,144.79005432128906
-978.4379272460938,-1765.6448974609375,144.7872772216797
-978.986083984375,-1766.2021484375,144.78443908691406
-979.53564453125,-1766.7618408203125,144.78138732910156
-980.088134765625,-1767.3243408203125,144.77828979492188
-980.642822265625,-1767.890380859375,144.77525329589844
-981.2005004882812,-1768.45947265625,144.77197265625
-981.7603149414062,-1769.0316162109375,144.76852416992188
-982.322265625,-1769.6070556640625,144.76498413085938
-982.8873291015624,-1770.1851806640625,144.7615203857422
-983.455322265625,-1770.7664794921875,144.7579803466797
-984.0263671875,-1771.35107421875,144.7543487548828
-984.5096435546876,-1771.9312744140625,144.75827026367188
-985.000732421875,-1772.50634765625,144.7587127685547
-985.4993286132812,-1773.078857421875,144.75694274902344
-986.0029907226562,-1773.6519775390625,144.7535858154297
-986.510498046875,-1774.227783203125,144.74900817871094
-987.021728515625,-1774.806884765625,144.7437744140625
-987.5362548828124,-1775.388671875,144.73793029785156
-988.0540771484376,-1775.973388671875,144.73196411132812
-988.5753784179688,-1776.560791015625,144.72618103027344
-989.0997924804688,-1777.1514892578125,144.7209014892578
-989.6266479492188,-1777.7447509765625,144.71592712402344
-990.1560668945312,-1778.3406982421875,144.71087646484375
-990.688232421875,-1778.9388427734375,144.70602416992188
-991.2229614257812,-1779.5391845703125,144.7010040283203
-991.7611694335938,-1780.1416015625,144.6953887939453
-992.3036499023438,-1780.745849609375,144.68919372558594
-992.8505249023438,-1781.3515625,144.68235778808594
-993.4017333984376,-1781.9588623046875,144.6751251220703
-993.957275390625,-1782.5673828125,144.66766357421875
-994.517578125,-1783.176513671875,144.66014099121094
-995.0829467773438,-1783.7864990234375,144.65252685546875
-995.6532592773438,-1784.397705078125,144.6450958251953
-996.2285766601562,-1785.010009765625,144.63784790039062
-996.808349609375,-1785.623046875,144.63055419921875
-997.3930053710938,-1786.2369384765625,144.62364196777344
-997.9807739257812,-1786.851806640625,144.616455078125
-998.5720825195312,-1787.46728515625,144.6082000732422
-999.1702880859376,-1788.083740234375,144.60043334960938
-999.77392578125,-1788.70263671875,144.5937042236328
-1000.3822631835938,-1789.3233642578125,144.5869903564453
-1000.9940795898438,-1789.9449462890625,144.58175659179688
-1001.6083984375,-1790.56787109375,144.5783233642578
-1002.2256469726562,-1791.1927490234375,144.57583618164062
-1002.8461303710938,-1791.820556640625,144.5731201171875
-1003.4696655273438,-1792.45068359375,144.57000732421875
-1004.096435546875,-1793.0828857421875,144.56658935546875
-1004.7261352539062,-1793.717529296875,144.5631866455078
-1005.3583984375,-1794.354248046875,144.5594482421875
-1005.9937133789062,-1794.9931640625,144.55519104003906
-1006.6321411132812,-1795.634765625,144.5507049560547
-1007.2738647460938,-1796.27880859375,144.545654296875
-1007.9188842773438,-1796.9254150390625,144.5404052734375
-1008.5670776367188,-1797.5743408203125,144.53521728515625
-1009.2183837890624,-1798.2257080078125,144.5301971435547
-1009.8727416992188,-1798.87939453125,144.525634765625
-1010.5298461914062,-1799.53515625,144.5209197998047
-1011.189453125,-1800.1932373046875,144.51608276367188
-1011.8519287109376,-1800.853515625,144.5111541748047
-1012.51708984375,-1801.5159912109375,144.5054931640625
-1013.185302734375,-1802.1810302734375,144.4991912841797
-1013.857177734375,-1802.8492431640625,144.49334716796875
-1014.5320434570312,-1803.52001953125,144.48744201660156
-1015.20947265625,-1804.193603515625,144.48179626464844
-1015.8895874023438,-1804.8692626953125,144.47743225097656
-1016.5723266601562,-1805.547607421875,144.47372436523438
-1017.2571411132812,-1806.228271484375,144.47018432617188
-1017.943603515625,-1806.9107666015625,144.4657440185547
-1018.6318359375,-1807.5960693359375,144.4610595703125
-1019.3224487304688,-1808.2843017578125,144.455322265625
-1020.0155029296876,-1808.9752197265625,144.44735717773438
-1020.711181640625,-1809.669921875,144.4392547607422
-1021.409423828125,-1810.3681640625,144.43128967285156
-1022.110107421875,-1811.069580078125,144.4230194091797
-1022.8123779296876,-1811.774169921875,144.41578674316406
-1023.515869140625,-1812.4815673828125,144.40887451171875
-1024.2210693359375,-1813.19140625,144.40171813964844
-1024.927978515625,-1813.904296875,144.3944091796875
-1025.6368408203125,-1814.6212158203125,144.38645935058594
-1026.3477783203125,-1815.341552734375,144.37815856933594
-1027.060791015625,-1816.0650634765625,144.37013244628906
-1027.775390625,-1816.791748046875,144.3625030517578
-1028.4920654296875,-1817.521484375,144.3555145263672
-1029.210205078125,-1818.2537841796875,144.34861755371094
-1029.93017578125,-1818.9886474609375,144.3418731689453
-1030.65234375,-1819.7261962890625,144.3350372314453
-1031.3770751953125,-1820.4661865234375,144.32765197753906
-1032.1044921875,-1821.2086181640625,144.3203887939453
-1032.8348388671875,-1821.953125,144.31288146972656
-1033.5677490234375,-1822.6993408203125,144.30506896972656
-1034.3037109375,-1823.4468994140625,144.29730224609375
-1035.0428466796875,-1824.1962890625,144.28924560546875
-1035.78564453125,-1824.9471435546875,144.28076171875
-1036.5322265625,-1825.6993408203125,144.2722930908203
-1037.281982421875,-1826.4530029296875,144.26385498046875
-1038.035400390625,-1827.20751953125,144.25564575195312
-1038.7918701171875,-1827.9635009765625,144.24758911132812
-1039.551513671875,-1828.720947265625,144.23959350585938
-1040.314208984375,-1829.479736328125,144.23170471191406
-1041.0799560546875,-1830.2403564453125,144.223876953125
-1041.8487548828125,-1831.002685546875,144.21632385253906
-1042.6201171875,-1831.7669677734375,144.20884704589844
-1043.393798828125,-1832.533447265625,144.20156860351562
-1044.169677734375,-1833.30224609375,144.19461059570312
-1044.9476318359375,-1834.0738525390625,144.18798828125
-1045.727294921875,-1834.847900390625,144.181396484375
-1046.508056640625,-1835.6246337890625,144.17481994628906
-1047.29052734375,-1836.4041748046875,144.1685791015625
-1048.074462890625,-1837.18701171875,144.1620635986328
-1048.8599853515625,-1837.9727783203125,144.15536499023438
-1049.6466064453125,-1838.76123046875,144.1485137939453
-1050.434814453125,-1839.552490234375,144.14163208007812
-1051.2247314453125,-1840.3466796875,144.13449096679688
-1052.0162353515625,-1841.1434326171875,144.1265869140625
-1052.8092041015625,-1841.9427490234375,144.11895751953125
-1053.604248046875,-1842.744873046875,144.11087036132812
-1054.401123046875,-1843.5498046875,144.10264587402344
-1055.2001953125,-1844.3570556640625,144.09481811523438
-1056.0008544921875,-1845.1668701171875,144.08712768554688
-1056.803466796875,-1845.9786376953125,144.0798797607422
-1057.60791015625,-1846.79296875,144.07286071777344
-1058.414306640625,-1847.6094970703125,144.06582641601562
-1059.2227783203125,-1848.4281005859375,144.0590057373047
-1060.0328369140625,-1849.2490234375,144.0522003173828
-1060.844970703125,-1850.0723876953125,144.04554748535156
-1061.6588134765625,-1850.89794921875,144.03892517089844
-1062.474609375,-1851.7257080078125,144.03250122070312
-1063.292236328125,-1852.5560302734375,144.02638244628906
-1064.1114501953125,-1853.388427734375,144.02044677734375
-1064.932373046875,-1854.2232666015625,144.01466369628906
-1065.7548828125,-1855.06005859375,144.00881958007812
-1066.57861328125,-1855.899658203125,144.00289916992188
-1067.404052734375,-1856.74169921875,143.99685668945312
-1068.23095703125,-1857.5863037109375,143.9906463623047
-1069.0589599609375,-1858.433837890625,143.98463439941406
-1069.8880615234375,-1859.2840576171875,143.9786376953125
-1070.7181396484375,-1860.1370849609375,143.9727325439453
-1071.5491943359375,-1860.9930419921875,143.96693420410156
-1072.381103515625,-1861.8519287109375,143.96127319335938
-1073.2139892578125,-1862.7137451171875,143.9555206298828
-1074.0478515625,-1863.5784912109375,143.94993591308594
-1074.8824462890625,-1864.4464111328125,143.94461059570312
-1075.7176513671875,-1865.3175048828125,143.93955993652344
-1076.5533447265625,-1866.1915283203125,143.9347686767578
-1077.3897705078125,-1867.0682373046875,143.92994689941406
-1078.2269287109375,-1867.9476318359375,143.92483520507812
-1079.064453125,-1868.829833984375,143.91897583007812
-1079.9031982421875,-1869.71484375,143.91259765625
-1080.7430419921875,-1870.6025390625,143.9053955078125
-1081.583740234375,-1871.4931640625,143.8975830078125
-1082.42578125,-1872.3865966796875,143.88995361328125
-1083.2689208984375,-1873.282958984375,143.88218688964844
